ISO-10303-21;
HEADER;
/*Generated by software containing ST-Developer
 * from STEP Tools, Inc. (www.steptools.com) 
 */
/*OPTION: using custom renumber hook */
/*description */
/*implementation_level */
FILE_DESCRIPTION(('STEP AP242 Edition 2','STEP AP242 Edition 2''CAx-IF Rec.Pracs.---Representation and Presentation of Product Manufa
cturing Information (PMI)---4.0---2014-10-13','STEP AP242 Edition 2''CAx-IF Rec.Pracs.---Representation and Presentation of Product Manufa
cturing Information (PMI)---4.0---2014-10-13''CAx-IF Rec.Pracs.---3D Tessellated Geometry---0.4---2014-09-14','STEP AP242 Edition 2''CAx-IF Rec.Pracs.---Representation and Presentation of Product Manufa
cturing Information (PMI)---4.0---2014-10-13''CAx-IF Rec.Pracs.---3D Tessellated Geometry---0.4---2014-09-14''2;1','STEP AP242 Edition 2''CAx-IF Rec.Pracs.---Representation and Presentation of Product Manufa
cturing Information (PMI)---4.0---2014-10-13''CAx-IF Rec.Pracs.---3D Tessellated Geometry---0.4---2014-09-14''2;1''CAx-IF Rec.Pracs.---User Defined Attributes---1.5---2016-08-15'),'2;1');
/*name */
/*time_stamp */
/*author */
/*organization */
/*preprocessor_version */
/*originating_system */
/*authorisation */
FILE_NAME('/vol/tmp/translate-13281161480645572886/Case - Cover.step','2026-03-01T13:35:06',(''),(''),'ST-DEVELOPER v20','ONSHAPE BY PTC INC, 1.211','  ');
FILE_SCHEMA(('AP242_MANAGED_MODEL_BASED_3D_ENGINEERING_MIM_LF { 1 0 10303 442 3 1 4 }'));
ENDSEC;
DATA;
#10=SHAPE_REPRESENTATION_RELATIONSHIP('','',#3756,#11);
#11=ADVANCED_BREP_SHAPE_REPRESENTATION('',(#3754),#7986);
#12=(
B_SPLINE_SURFACE(3,2,((#6647,#6648,#6649),(#6650,#6651,#6652),(#6653,#6654,
#6655),(#6656,#6657,#6658)),.UNSPECIFIED.,.F.,.F.,.F.)
B_SPLINE_SURFACE_WITH_KNOTS((4,4),(3,3),(0.0216541792365694,0.0235416215748374),(0.,1.),.PIECEWISE_BEZIER_KNOTS.)
BOUNDED_SURFACE()
GEOMETRIC_REPRESENTATION_ITEM()
RATIONAL_B_SPLINE_SURFACE(((1.,0.707106781186548,1.),(1.,0.707106781186548,
1.),(1.,0.707106781186551,1.),(1.,0.707106781186551,1.)))
REPRESENTATION_ITEM('')
SURFACE()
);
#13=(
B_SPLINE_SURFACE(3,2,((#6663,#6664,#6665),(#6666,#6667,#6668),(#6669,#6670,
#6671),(#6672,#6673,#6674),(#6675,#6676,#6677),(#6678,#6679,#6680),(#6681,
#6682,#6683),(#6684,#6685,#6686)),.UNSPECIFIED.,.F.,.F.,.F.)
B_SPLINE_SURFACE_WITH_KNOTS((4,1,1,1,1,4),(3,3),(0.019884919118778,0.0206115244162441,0.0213381297137101,0.0227913403086423,0.0242445509035744,0.0256977614985065),(0.,1.),.UNSPECIFIED.)
BOUNDED_SURFACE()
GEOMETRIC_REPRESENTATION_ITEM()
RATIONAL_B_SPLINE_SURFACE(((1.,0.707106781186547,1.),(1.,0.707106781186547,
1.),(1.,0.707106781186556,1.),(1.,0.707106781186542,1.),(1.,0.70710678118655,
1.),(1.,0.707106781186547,1.),(1.,0.707106781186548,1.),(1.,0.707106781186548,
1.)))
REPRESENTATION_ITEM('')
SURFACE()
);
#14=(
B_SPLINE_SURFACE(3,2,((#6691,#6692,#6693),(#6694,#6695,#6696),(#6697,#6698,
#6699),(#6700,#6701,#6702),(#6703,#6704,#6705),(#6706,#6707,#6708),(#6709,
#6710,#6711),(#6712,#6713,#6714),(#6715,#6716,#6717),(#6718,#6719,#6720),(#6721,#6722,#6723),(#6724,#6725,#6726),(#6727,#6728,#6729)),.UNSPECIFIED.,.F.,.F.,.F.)
B_SPLINE_SURFACE_WITH_KNOTS((4,1,1,1,1,1,1,1,1,1,4),(3,3),(0.0169130241760672,0.0181832532388098,0.0194534823015524,0.020723711364295,0.0213588258956663,0.0219939404270376,0.0226290549584088,0.0232641694897801,0.0245343985525227,0.0258046276152653,0.0270748566780079),(0.,1.),.UNSPECIFIED.)
BOUNDED_SURFACE()
GEOMETRIC_REPRESENTATION_ITEM()
RATIONAL_B_SPLINE_SURFACE(((1.,0.707106781186548,1.),(1.,0.707106781186548,
1.),(1.,0.707106781186548,1.),(1.,0.707106781186548,1.),(1.,0.707106781186547,
1.),(1.,0.707106781186549,1.),(1.,0.707106781186542,1.),(1.,0.707106781186549,
1.),(1.,0.707106781186547,1.),(1.,0.707106781186541,1.),(1.,0.707106781186549,
1.),(1.,0.707106781186548,1.),(1.,0.707106781186548,1.)))
REPRESENTATION_ITEM('')
SURFACE()
);
#15=(
B_SPLINE_SURFACE(3,2,((#6734,#6735,#6736),(#6737,#6738,#6739),(#6740,#6741,
#6742),(#6743,#6744,#6745)),.UNSPECIFIED.,.F.,.F.,.F.)
B_SPLINE_SURFACE_WITH_KNOTS((4,4),(3,3),(0.0235832403158922,0.0252615804440586),(0.,1.),.PIECEWISE_BEZIER_KNOTS.)
BOUNDED_SURFACE()
GEOMETRIC_REPRESENTATION_ITEM()
RATIONAL_B_SPLINE_SURFACE(((1.,0.707106781186548,1.),(1.,0.707106781186548,
1.),(1.,0.707106781186548,1.),(1.,0.707106781186548,1.)))
REPRESENTATION_ITEM('')
SURFACE()
);
#16=(
B_SPLINE_SURFACE(3,2,((#6750,#6751,#6752),(#6753,#6754,#6755),(#6756,#6757,
#6758),(#6759,#6760,#6761),(#6762,#6763,#6764),(#6765,#6766,#6767),(#6768,
#6769,#6770),(#6771,#6772,#6773),(#6774,#6775,#6776),(#6777,#6778,#6779),(#6780,#6781,#6782),(#6783,#6784,#6785),(#6786,#6787,#6788)),.UNSPECIFIED.,.F.,.F.,.F.)
B_SPLINE_SURFACE_WITH_KNOTS((4,1,1,1,1,1,1,1,1,1,4),(3,3),(0.0169130241760671,0.0181832532388097,0.0194534823015523,0.0207237113642948,0.0213588258956661,0.0219939404270374,0.0226290549584087,0.02326416948978,0.0245343985525225,0.0258046276152651,0.0270748566780077),(0.,1.),.UNSPECIFIED.)
BOUNDED_SURFACE()
GEOMETRIC_REPRESENTATION_ITEM()
RATIONAL_B_SPLINE_SURFACE(((1.,0.707106781186548,1.),(1.,0.707106781186548,
1.),(1.,0.707106781186548,1.),(1.,0.707106781186548,1.),(1.,0.707106781186547,
1.),(1.,0.707106781186548,1.),(1.,0.707106781186546,1.),(1.,0.70710678118655,
1.),(1.,0.707106781186546,1.),(1.,0.707106781186548,1.),(1.,0.707106781186548,
1.),(1.,0.707106781186548,1.),(1.,0.707106781186548,1.)))
REPRESENTATION_ITEM('')
SURFACE()
);
#17=(
B_SPLINE_SURFACE(3,2,((#6798,#6799,#6800),(#6801,#6802,#6803),(#6804,#6805,
#6806),(#6807,#6808,#6809),(#6810,#6811,#6812),(#6813,#6814,#6815),(#6816,
#6817,#6818),(#6819,#6820,#6821),(#6822,#6823,#6824),(#6825,#6826,#6827),(#6828,#6829,#6830),(#6831,#6832,#6833),(#6834,#6835,#6836)),.UNSPECIFIED.,.F.,.F.,.F.)
B_SPLINE_SURFACE_WITH_KNOTS((4,1,1,1,1,1,1,1,1,1,4),(3,3),(0.0169130241760674,0.0181832532388099,0.0194534823015524,0.020723711364295,0.0213588258956662,0.0219939404270375,0.0226290549584088,0.02326416948978,0.0245343985525226,0.0258046276152651,0.0270748566780076),(0.,1.),.UNSPECIFIED.)
BOUNDED_SURFACE()
GEOMETRIC_REPRESENTATION_ITEM()
RATIONAL_B_SPLINE_SURFACE(((1.,0.707106781186549,1.),(1.,0.707106781186549,
1.),(1.,0.707106781186547,1.),(1.,0.707106781186549,1.),(1.,0.707106781186544,
1.),(1.,0.707106781186548,1.),(1.,0.707106781186547,1.),(1.,0.707106781186548,
1.),(1.,0.707106781186546,1.),(1.,0.707106781186549,1.),(1.,0.707106781186547,
1.),(1.,0.707106781186548,1.),(1.,0.707106781186548,1.)))
REPRESENTATION_ITEM('')
SURFACE()
);
#18=(
B_SPLINE_SURFACE(3,2,((#6841,#6842,#6843),(#6844,#6845,#6846),(#6847,#6848,
#6849),(#6850,#6851,#6852),(#6853,#6854,#6855),(#6856,#6857,#6858),(#6859,
#6860,#6861),(#6862,#6863,#6864),(#6865,#6866,#6867)),.UNSPECIFIED.,.F.,.F.,.F.)
B_SPLINE_SURFACE_WITH_KNOTS((4,1,1,1,1,1,4),(3,3),(0.0194062818825426,0.020156218363163,0.0209061548437834,0.0216560913244038,0.0224060278050242,0.0239059007662649,0.0254057737275057),(0.,1.),.UNSPECIFIED.)
BOUNDED_SURFACE()
GEOMETRIC_REPRESENTATION_ITEM()
RATIONAL_B_SPLINE_SURFACE(((1.,0.707106781186549,1.),(1.,0.707106781186549,
1.),(1.,0.707106781186547,1.),(1.,0.707106781186548,1.),(1.,0.707106781186547,
1.),(1.,0.707106781186548,1.),(1.,0.707106781186548,1.),(1.,0.707106781186548,
1.),(1.,0.707106781186548,1.)))
REPRESENTATION_ITEM('')
SURFACE()
);
#19=(
B_SPLINE_SURFACE(3,2,((#6872,#6873,#6874),(#6875,#6876,#6877),(#6878,#6879,
#6880),(#6881,#6882,#6883)),.UNSPECIFIED.,.F.,.F.,.F.)
B_SPLINE_SURFACE_WITH_KNOTS((4,4),(3,3),(0.0219921176727051,0.0230990143243163),(0.,1.),.PIECEWISE_BEZIER_KNOTS.)
BOUNDED_SURFACE()
GEOMETRIC_REPRESENTATION_ITEM()
RATIONAL_B_SPLINE_SURFACE(((1.,0.707106781186547,1.),(1.,0.707106781186547,
1.),(1.,0.707106781186548,1.),(1.,0.707106781186548,1.)))
REPRESENTATION_ITEM('')
SURFACE()
);
#20=(
B_SPLINE_SURFACE(3,2,((#6888,#6889,#6890),(#6891,#6892,#6893),(#6894,#6895,
#6896),(#6897,#6898,#6899),(#6900,#6901,#6902),(#6903,#6904,#6905),(#6906,
#6907,#6908),(#6909,#6910,#6911),(#6912,#6913,#6914)),.UNSPECIFIED.,.F.,.F.,.F.)
B_SPLINE_SURFACE_WITH_KNOTS((4,1,1,1,1,1,4),(3,3),(0.0181616552066624,0.0197982147524606,0.0214347742982588,0.0222530540711578,0.0230713338440569,0.023889613616956,0.0247078933898551),(0.,1.),.UNSPECIFIED.)
BOUNDED_SURFACE()
GEOMETRIC_REPRESENTATION_ITEM()
RATIONAL_B_SPLINE_SURFACE(((1.,0.707106781186548,1.),(1.,0.707106781186548,
1.),(1.,0.707106781186548,1.),(1.,0.707106781186546,1.),(1.,0.707106781186548,
1.),(1.,0.707106781186549,1.),(1.,0.707106781186544,1.),(1.,0.707106781186546,
1.),(1.,0.707106781186546,1.)))
REPRESENTATION_ITEM('')
SURFACE()
);
#21=(
B_SPLINE_SURFACE(3,2,((#6920,#6921,#6922),(#6923,#6924,#6925),(#6926,#6927,
#6928),(#6929,#6930,#6931)),.UNSPECIFIED.,.F.,.F.,.F.)
B_SPLINE_SURFACE_WITH_KNOTS((4,4),(3,3),(0.0217866588208341,0.0248290058626059),(0.,1.),.PIECEWISE_BEZIER_KNOTS.)
BOUNDED_SURFACE()
GEOMETRIC_REPRESENTATION_ITEM()
RATIONAL_B_SPLINE_SURFACE(((1.,0.707106781186548,1.),(1.,0.707106781186548,
1.),(1.,0.707106781186548,1.),(1.,0.707106781186548,1.)))
REPRESENTATION_ITEM('')
SURFACE()
);
#22=(
B_SPLINE_SURFACE(3,2,((#6941,#6942,#6943),(#6944,#6945,#6946),(#6947,#6948,
#6949),(#6950,#6951,#6952),(#6953,#6954,#6955),(#6956,#6957,#6958)),.UNSPECIFIED.,.F.,.F.,.F.)
B_SPLINE_SURFACE_WITH_KNOTS((4,1,1,4),(3,3),(-9.75781955236954E-18,0.00112813241630976,0.00225626483261954,0.00451252966523909),(0.,1.),.UNSPECIFIED.)
BOUNDED_SURFACE()
GEOMETRIC_REPRESENTATION_ITEM()
RATIONAL_B_SPLINE_SURFACE(((1.,0.707106781186548,1.),(1.,0.707106781186548,
1.),(1.,0.707106781186546,1.),(1.,0.707106781186549,1.),(1.,0.707106781186548,
1.),(1.,0.707106781186548,1.)))
REPRESENTATION_ITEM('')
SURFACE()
);
#23=(
B_SPLINE_SURFACE(3,2,((#6960,#6961,#6962),(#6963,#6964,#6965),(#6966,#6967,
#6968),(#6969,#6970,#6971)),.UNSPECIFIED.,.F.,.F.,.F.)
B_SPLINE_SURFACE_WITH_KNOTS((4,4),(3,3),(0.0248037982333189,0.0278445100547012),(0.,1.),.PIECEWISE_BEZIER_KNOTS.)
BOUNDED_SURFACE()
GEOMETRIC_REPRESENTATION_ITEM()
RATIONAL_B_SPLINE_SURFACE(((1.,0.707106781186549,1.),(1.,0.707106781186549,
1.),(1.,0.707106781186548,1.),(1.,0.707106781186548,1.)))
REPRESENTATION_ITEM('')
SURFACE()
);
#24=(
B_SPLINE_SURFACE(3,2,((#6977,#6978,#6979),(#6980,#6981,#6982),(#6983,#6984,
#6985),(#6986,#6987,#6988),(#6989,#6990,#6991)),.UNSPECIFIED.,.F.,.F.,.F.)
B_SPLINE_SURFACE_WITH_KNOTS((4,1,4),(3,3),(-1.52330405234213E-17,0.000593718239732294,0.0011874364794646),(0.,1.),.UNSPECIFIED.)
BOUNDED_SURFACE()
GEOMETRIC_REPRESENTATION_ITEM()
RATIONAL_B_SPLINE_SURFACE(((1.,0.707106781186548,1.),(1.,0.707106781186548,
1.),(1.,0.707106781186547,1.),(1.,0.707106781186548,1.),(1.,0.707106781186548,
1.)))
REPRESENTATION_ITEM('')
SURFACE()
);
#25=(
B_SPLINE_SURFACE(3,2,((#6997,#6998,#6999),(#7000,#7001,#7002),(#7003,#7004,
#7005),(#7006,#7007,#7008)),.UNSPECIFIED.,.F.,.F.,.F.)
B_SPLINE_SURFACE_WITH_KNOTS((4,4),(3,3),(0.0010029490725649,0.00197739384401535),(0.,1.),.PIECEWISE_BEZIER_KNOTS.)
BOUNDED_SURFACE()
GEOMETRIC_REPRESENTATION_ITEM()
RATIONAL_B_SPLINE_SURFACE(((1.,0.707106781186548,1.),(1.,0.707106781186548,
1.),(1.,0.707106781186548,1.),(1.,0.707106781186548,1.)))
REPRESENTATION_ITEM('')
SURFACE()
);
#26=(
B_SPLINE_SURFACE(3,2,((#7014,#7015,#7016),(#7017,#7018,#7019),(#7020,#7021,
#7022),(#7023,#7024,#7025)),.UNSPECIFIED.,.F.,.F.,.F.)
B_SPLINE_SURFACE_WITH_KNOTS((4,4),(3,3),(0.0248037982324156,0.0278445100533835),(0.,1.),.PIECEWISE_BEZIER_KNOTS.)
BOUNDED_SURFACE()
GEOMETRIC_REPRESENTATION_ITEM()
RATIONAL_B_SPLINE_SURFACE(((1.,0.707106781186548,1.),(1.,0.707106781186548,
1.),(1.,0.707106781186548,1.),(1.,0.707106781186548,1.)))
REPRESENTATION_ITEM('')
SURFACE()
);
#27=(
B_SPLINE_SURFACE(3,2,((#7035,#7036,#7037),(#7038,#7039,#7040),(#7041,#7042,
#7043),(#7044,#7045,#7046)),.UNSPECIFIED.,.F.,.F.,.F.)
B_SPLINE_SURFACE_WITH_KNOTS((4,4),(3,3),(0.0217866588212452,0.0248290058626005),(0.,1.),.PIECEWISE_BEZIER_KNOTS.)
BOUNDED_SURFACE()
GEOMETRIC_REPRESENTATION_ITEM()
RATIONAL_B_SPLINE_SURFACE(((1.,0.707106781186548,1.),(1.,0.707106781186548,
1.),(1.,0.707106781186546,1.),(1.,0.707106781186546,1.)))
REPRESENTATION_ITEM('')
SURFACE()
);
#28=(
B_SPLINE_SURFACE(3,2,((#7052,#7053,#7054),(#7055,#7056,#7057),(#7058,#7059,
#7060),(#7061,#7062,#7063),(#7064,#7065,#7066),(#7067,#7068,#7069)),.UNSPECIFIED.,.F.,.F.,.F.)
B_SPLINE_SURFACE_WITH_KNOTS((4,1,1,4),(3,3),(-1.78459677591114E-16,0.00112813241622843,0.00225626483245703,0.00451252966491424),(0.,1.),.UNSPECIFIED.)
BOUNDED_SURFACE()
GEOMETRIC_REPRESENTATION_ITEM()
RATIONAL_B_SPLINE_SURFACE(((1.,0.707106781186548,1.),(1.,0.707106781186548,
1.),(1.,0.707106781186548,1.),(1.,0.707106781186547,1.),(1.,0.707106781186548,
1.),(1.,0.707106781186548,1.)))
REPRESENTATION_ITEM('')
SURFACE()
);
#29=(
B_SPLINE_SURFACE(3,2,((#7071,#7072,#7073),(#7074,#7075,#7076),(#7077,#7078,
#7079),(#7080,#7081,#7082)),.UNSPECIFIED.,.F.,.F.,.F.)
B_SPLINE_SURFACE_WITH_KNOTS((4,4),(3,3),(0.00288366698264922,0.00438708907019231),(0.,1.),.PIECEWISE_BEZIER_KNOTS.)
BOUNDED_SURFACE()
GEOMETRIC_REPRESENTATION_ITEM()
RATIONAL_B_SPLINE_SURFACE(((1.,0.707106781186548,1.),(1.,0.707106781186548,
1.),(1.,0.707106781186547,1.),(1.,0.707106781186547,1.)))
REPRESENTATION_ITEM('')
SURFACE()
);
#30=(
B_SPLINE_SURFACE(3,2,((#7087,#7088,#7089),(#7090,#7091,#7092),(#7093,#7094,
#7095),(#7096,#7097,#7098),(#7099,#7100,#7101)),.UNSPECIFIED.,.F.,.F.,.F.)
B_SPLINE_SURFACE_WITH_KNOTS((4,1,4),(3,3),(1.97650056044107E-16,0.000338867758702493,0.000677735517404788),(0.,1.),.UNSPECIFIED.)
BOUNDED_SURFACE()
GEOMETRIC_REPRESENTATION_ITEM()
RATIONAL_B_SPLINE_SURFACE(((1.,0.707106781186548,1.),(1.,0.707106781186548,
1.),(1.,0.707106781186548,1.),(1.,0.707106781186548,1.),(1.,0.707106781186548,
1.)))
REPRESENTATION_ITEM('')
SURFACE()
);
#31=(
B_SPLINE_SURFACE(3,2,((#7108,#7109,#7110),(#7111,#7112,#7113),(#7114,#7115,
#7116),(#7117,#7118,#7119)),.UNSPECIFIED.,.F.,.F.,.F.)
B_SPLINE_SURFACE_WITH_KNOTS((4,4),(3,3),(0.0248037982324157,0.0278445100533832),(0.,1.),.PIECEWISE_BEZIER_KNOTS.)
BOUNDED_SURFACE()
GEOMETRIC_REPRESENTATION_ITEM()
RATIONAL_B_SPLINE_SURFACE(((1.,0.707106781186543,1.),(1.,0.707106781186543,
1.),(1.,0.707106781186548,1.),(1.,0.707106781186548,1.)))
REPRESENTATION_ITEM('')
SURFACE()
);
#32=(
B_SPLINE_SURFACE(3,2,((#7129,#7130,#7131),(#7132,#7133,#7134),(#7135,#7136,
#7137),(#7138,#7139,#7140)),.UNSPECIFIED.,.F.,.F.,.F.)
B_SPLINE_SURFACE_WITH_KNOTS((4,4),(3,3),(0.0217866588212443,0.0248290058626002),(0.,1.),.PIECEWISE_BEZIER_KNOTS.)
BOUNDED_SURFACE()
GEOMETRIC_REPRESENTATION_ITEM()
RATIONAL_B_SPLINE_SURFACE(((1.,0.707106781186548,1.),(1.,0.707106781186548,
1.),(1.,0.707106781186548,1.),(1.,0.707106781186548,1.)))
REPRESENTATION_ITEM('')
SURFACE()
);
#33=(
B_SPLINE_SURFACE(3,2,((#7146,#7147,#7148),(#7149,#7150,#7151),(#7152,#7153,
#7154),(#7155,#7156,#7157),(#7158,#7159,#7160),(#7161,#7162,#7163)),.UNSPECIFIED.,.F.,.F.,.F.)
B_SPLINE_SURFACE_WITH_KNOTS((4,1,1,4),(3,3),(1.2793585635329E-17,0.00112813241622863,0.00225626483245724,0.00451252966491447),(0.,1.),.UNSPECIFIED.)
BOUNDED_SURFACE()
GEOMETRIC_REPRESENTATION_ITEM()
RATIONAL_B_SPLINE_SURFACE(((1.,0.707106781186548,1.),(1.,0.707106781186548,
1.),(1.,0.707106781186547,1.),(1.,0.707106781186548,1.),(1.,0.707106781186545,
1.),(1.,0.707106781186545,1.)))
REPRESENTATION_ITEM('')
SURFACE()
);
#34=(
B_SPLINE_SURFACE(3,2,((#7165,#7166,#7167),(#7168,#7169,#7170),(#7171,#7172,
#7173),(#7174,#7175,#7176)),.UNSPECIFIED.,.F.,.F.,.F.)
B_SPLINE_SURFACE_WITH_KNOTS((4,4),(3,3),(0.00392751142618384,0.00561761304427589),(0.,1.),.PIECEWISE_BEZIER_KNOTS.)
BOUNDED_SURFACE()
GEOMETRIC_REPRESENTATION_ITEM()
RATIONAL_B_SPLINE_SURFACE(((1.,0.707106781186548,1.),(1.,0.707106781186548,
1.),(1.,0.707106781186547,1.),(1.,0.707106781186547,1.)))
REPRESENTATION_ITEM('')
SURFACE()
);
#35=(
B_SPLINE_SURFACE(3,2,((#7182,#7183,#7184),(#7185,#7186,#7187),(#7188,#7189,
#7190),(#7191,#7192,#7193)),.UNSPECIFIED.,.F.,.F.,.F.)
B_SPLINE_SURFACE_WITH_KNOTS((4,4),(3,3),(1.1424780392566E-17,0.000500588636770827),(0.,1.),.PIECEWISE_BEZIER_KNOTS.)
BOUNDED_SURFACE()
GEOMETRIC_REPRESENTATION_ITEM()
RATIONAL_B_SPLINE_SURFACE(((1.,0.707106781186548,1.),(1.,0.707106781186548,
1.),(1.,0.707106781186548,1.),(1.,0.707106781186548,1.)))
REPRESENTATION_ITEM('')
SURFACE()
);
#36=(
B_SPLINE_SURFACE(3,2,((#7200,#7201,#7202),(#7203,#7204,#7205),(#7206,#7207,
#7208),(#7209,#7210,#7211)),.UNSPECIFIED.,.F.,.F.,.F.)
B_SPLINE_SURFACE_WITH_KNOTS((4,4),(3,3),(0.022976980868573,0.0266301320830738),(0.,1.),.PIECEWISE_BEZIER_KNOTS.)
BOUNDED_SURFACE()
GEOMETRIC_REPRESENTATION_ITEM()
RATIONAL_B_SPLINE_SURFACE(((1.,0.707106781186548,1.),(1.,0.707106781186548,
1.),(1.,0.707106781186548,1.),(1.,0.707106781186548,1.)))
REPRESENTATION_ITEM('')
SURFACE()
);
#37=(
B_SPLINE_SURFACE(3,2,((#7224,#7225,#7226),(#7227,#7228,#7229),(#7230,#7231,
#7232),(#7233,#7234,#7235),(#7236,#7237,#7238)),.UNSPECIFIED.,.F.,.F.,.F.)
B_SPLINE_SURFACE_WITH_KNOTS((4,1,4),(3,3),(0.00578169340982748,0.00711447929568403,0.00844726518154059),(0.,1.),.UNSPECIFIED.)
BOUNDED_SURFACE()
GEOMETRIC_REPRESENTATION_ITEM()
RATIONAL_B_SPLINE_SURFACE(((1.,0.707106781186548,1.),(1.,0.707106781186548,
1.),(1.,0.707106781186547,1.),(1.,0.707106781186548,1.),(1.,0.707106781186548,
1.)))
REPRESENTATION_ITEM('')
SURFACE()
);
#38=(
B_SPLINE_SURFACE(3,2,((#7244,#7245,#7246),(#7247,#7248,#7249),(#7250,#7251,
#7252),(#7253,#7254,#7255),(#7256,#7257,#7258)),.UNSPECIFIED.,.F.,.F.,.F.)
B_SPLINE_SURFACE_WITH_KNOTS((4,1,4),(3,3),(0.00578169350773265,0.00711447939381685,0.00844726527990104),(0.,1.),.UNSPECIFIED.)
BOUNDED_SURFACE()
GEOMETRIC_REPRESENTATION_ITEM()
RATIONAL_B_SPLINE_SURFACE(((1.,0.707106781186548,1.),(1.,0.707106781186548,
1.),(1.,0.707106781186547,1.),(1.,0.707106781186548,1.),(1.,0.707106781186548,
1.)))
REPRESENTATION_ITEM('')
SURFACE()
);
#39=(
B_SPLINE_SURFACE(3,2,((#7259,#7260,#7261),(#7262,#7263,#7264),(#7265,#7266,
#7267),(#7268,#7269,#7270)),.UNSPECIFIED.,.F.,.F.,.F.)
B_SPLINE_SURFACE_WITH_KNOTS((4,4),(3,3),(-4.15249432061948E-17,0.00214179773260067),(0.,1.),.PIECEWISE_BEZIER_KNOTS.)
BOUNDED_SURFACE()
GEOMETRIC_REPRESENTATION_ITEM()
RATIONAL_B_SPLINE_SURFACE(((1.,0.707106781186548,1.),(1.,0.707106781186548,
1.),(1.,0.707106781186548,1.),(1.,0.707106781186548,1.)))
REPRESENTATION_ITEM('')
SURFACE()
);
#40=(
B_SPLINE_SURFACE(3,2,((#7276,#7277,#7278),(#7279,#7280,#7281),(#7282,#7283,
#7284),(#7285,#7286,#7287)),.UNSPECIFIED.,.F.,.F.,.F.)
B_SPLINE_SURFACE_WITH_KNOTS((4,4),(3,3),(-1.37693675905659E-17,0.00214179773205208),(0.,1.),.PIECEWISE_BEZIER_KNOTS.)
BOUNDED_SURFACE()
GEOMETRIC_REPRESENTATION_ITEM()
RATIONAL_B_SPLINE_SURFACE(((1.,0.707106781186548,1.),(1.,0.707106781186548,
1.),(1.,0.707106781186548,1.),(1.,0.707106781186548,1.)))
REPRESENTATION_ITEM('')
SURFACE()
);
#41=(
B_SPLINE_SURFACE(3,2,((#7289,#7290,#7291),(#7292,#7293,#7294),(#7295,#7296,
#7297),(#7298,#7299,#7300)),.UNSPECIFIED.,.F.,.F.,.F.)
B_SPLINE_SURFACE_WITH_KNOTS((4,4),(3,3),(4.40186082029115E-17,0.00214179773238089),(0.,1.),.PIECEWISE_BEZIER_KNOTS.)
BOUNDED_SURFACE()
GEOMETRIC_REPRESENTATION_ITEM()
RATIONAL_B_SPLINE_SURFACE(((1.,0.707106781186548,1.),(1.,0.707106781186548,
1.),(1.,0.707106781186547,1.),(1.,0.707106781186547,1.)))
REPRESENTATION_ITEM('')
SURFACE()
);
#42=(
B_SPLINE_SURFACE(3,2,((#7305,#7306,#7307),(#7308,#7309,#7310),(#7311,#7312,
#7313),(#7314,#7315,#7316)),.UNSPECIFIED.,.F.,.F.,.F.)
B_SPLINE_SURFACE_WITH_KNOTS((4,4),(3,3),(2.52619106189123E-17,0.00214179773260058),(0.,1.),.PIECEWISE_BEZIER_KNOTS.)
BOUNDED_SURFACE()
GEOMETRIC_REPRESENTATION_ITEM()
RATIONAL_B_SPLINE_SURFACE(((1.,0.707106781186548,1.),(1.,0.707106781186548,
1.),(1.,0.707106781186548,1.),(1.,0.707106781186548,1.)))
REPRESENTATION_ITEM('')
SURFACE()
);
#43=(
B_SPLINE_SURFACE(3,2,((#7321,#7322,#7323),(#7324,#7325,#7326),(#7327,#7328,
#7329),(#7330,#7331,#7332)),.UNSPECIFIED.,.F.,.F.,.F.)
B_SPLINE_SURFACE_WITH_KNOTS((4,4),(3,3),(-6.45100292628875E-17,0.00214179773237954),(0.,1.),.PIECEWISE_BEZIER_KNOTS.)
BOUNDED_SURFACE()
GEOMETRIC_REPRESENTATION_ITEM()
RATIONAL_B_SPLINE_SURFACE(((1.,0.707106781186548,1.),(1.,0.707106781186548,
1.),(1.,0.707106781186548,1.),(1.,0.707106781186548,1.)))
REPRESENTATION_ITEM('')
SURFACE()
);
#44=(
B_SPLINE_SURFACE(3,2,((#7334,#7335,#7336),(#7337,#7338,#7339),(#7340,#7341,
#7342),(#7343,#7344,#7345)),.UNSPECIFIED.,.F.,.F.,.F.)
B_SPLINE_SURFACE_WITH_KNOTS((4,4),(3,3),(-1.11672823766007E-17,0.00214179773205232),(0.,1.),.PIECEWISE_BEZIER_KNOTS.)
BOUNDED_SURFACE()
GEOMETRIC_REPRESENTATION_ITEM()
RATIONAL_B_SPLINE_SURFACE(((1.,0.707106781186548,1.),(1.,0.707106781186548,
1.),(1.,0.707106781186547,1.),(1.,0.707106781186547,1.)))
REPRESENTATION_ITEM('')
SURFACE()
);
#45=(
B_SPLINE_SURFACE(3,2,((#7347,#7348,#7349),(#7350,#7351,#7352),(#7353,#7354,
#7355),(#7356,#7357,#7358)),.UNSPECIFIED.,.F.,.F.,.F.)
B_SPLINE_SURFACE_WITH_KNOTS((4,4),(3,3),(4.01154803819637E-17,0.00214179773259299),(0.,1.),.PIECEWISE_BEZIER_KNOTS.)
BOUNDED_SURFACE()
GEOMETRIC_REPRESENTATION_ITEM()
RATIONAL_B_SPLINE_SURFACE(((1.,0.707106781186548,1.),(1.,0.707106781186548,
1.),(1.,0.707106781186549,1.),(1.,0.707106781186549,1.)))
REPRESENTATION_ITEM('')
SURFACE()
);
#46=(
B_SPLINE_SURFACE(3,2,((#7363,#7364,#7365),(#7366,#7367,#7368),(#7369,#7370,
#7371),(#7372,#7373,#7374)),.UNSPECIFIED.,.F.,.F.,.F.)
B_SPLINE_SURFACE_WITH_KNOTS((4,4),(3,3),(4.13081027716977E-17,0.00214179773225317),(0.,1.),.PIECEWISE_BEZIER_KNOTS.)
BOUNDED_SURFACE()
GEOMETRIC_REPRESENTATION_ITEM()
RATIONAL_B_SPLINE_SURFACE(((1.,0.707106781186548,1.),(1.,0.707106781186548,
1.),(1.,0.707106781186548,1.),(1.,0.707106781186548,1.)))
REPRESENTATION_ITEM('')
SURFACE()
);
#47=(
B_SPLINE_SURFACE(3,2,((#7379,#7380,#7381),(#7382,#7383,#7384),(#7385,#7386,
#7387),(#7388,#7389,#7390)),.UNSPECIFIED.,.F.,.F.,.F.)
B_SPLINE_SURFACE_WITH_KNOTS((4,4),(3,3),(-4.44522890719057E-18,0.00214179773206323),(0.,1.),.PIECEWISE_BEZIER_KNOTS.)
BOUNDED_SURFACE()
GEOMETRIC_REPRESENTATION_ITEM()
RATIONAL_B_SPLINE_SURFACE(((1.,0.707106781186548,1.),(1.,0.707106781186548,
1.),(1.,0.707106781186548,1.),(1.,0.707106781186548,1.)))
REPRESENTATION_ITEM('')
SURFACE()
);
#48=(
B_SPLINE_SURFACE(3,2,((#7392,#7393,#7394),(#7395,#7396,#7397),(#7398,#7399,
#7400),(#7401,#7402,#7403)),.UNSPECIFIED.,.F.,.F.,.F.)
B_SPLINE_SURFACE_WITH_KNOTS((4,4),(3,3),(-1.64798730217797E-17,0.00214179773229137),(0.,1.),.PIECEWISE_BEZIER_KNOTS.)
BOUNDED_SURFACE()
GEOMETRIC_REPRESENTATION_ITEM()
RATIONAL_B_SPLINE_SURFACE(((1.,0.707106781186548,1.),(1.,0.707106781186548,
1.),(1.,0.707106781186548,1.),(1.,0.707106781186548,1.)))
REPRESENTATION_ITEM('')
SURFACE()
);
#49=(
B_SPLINE_SURFACE(3,2,((#7405,#7406,#7407),(#7408,#7409,#7410),(#7411,#7412,
#7413),(#7414,#7415,#7416)),.UNSPECIFIED.,.F.,.F.,.F.)
B_SPLINE_SURFACE_WITH_KNOTS((4,4),(3,3),(2.02745806254789E-17,0.00214179773259324),(0.,1.),.PIECEWISE_BEZIER_KNOTS.)
BOUNDED_SURFACE()
GEOMETRIC_REPRESENTATION_ITEM()
RATIONAL_B_SPLINE_SURFACE(((1.,0.707106781186548,1.),(1.,0.707106781186548,
1.),(1.,0.707106781186548,1.),(1.,0.707106781186548,1.)))
REPRESENTATION_ITEM('')
SURFACE()
);
#50=(
B_SPLINE_SURFACE(3,2,((#7421,#7422,#7423),(#7424,#7425,#7426),(#7427,#7428,
#7429),(#7430,#7431,#7432)),.UNSPECIFIED.,.F.,.F.,.F.)
B_SPLINE_SURFACE_WITH_KNOTS((4,4),(3,3),(1.59377719355369E-17,0.00214179773206304),(0.,1.),.PIECEWISE_BEZIER_KNOTS.)
BOUNDED_SURFACE()
GEOMETRIC_REPRESENTATION_ITEM()
RATIONAL_B_SPLINE_SURFACE(((1.,0.707106781186548,1.),(1.,0.707106781186548,
1.),(1.,0.707106781186548,1.),(1.,0.707106781186548,1.)))
REPRESENTATION_ITEM('')
SURFACE()
);
#51=(
B_SPLINE_SURFACE(3,2,((#7433,#7434,#7435),(#7436,#7437,#7438),(#7439,#7440,
#7441),(#7442,#7443,#7444),(#7445,#7446,#7447)),.UNSPECIFIED.,.F.,.F.,.F.)
B_SPLINE_SURFACE_WITH_KNOTS((4,1,4),(3,3),(0.00578169340979822,0.00711447929581527,0.00844726518183231),(0.,1.),.UNSPECIFIED.)
BOUNDED_SURFACE()
GEOMETRIC_REPRESENTATION_ITEM()
RATIONAL_B_SPLINE_SURFACE(((1.,0.707106781186548,1.),(1.,0.707106781186548,
1.),(1.,0.707106781186548,1.),(1.,0.707106781186548,1.),(1.,0.707106781186548,
1.)))
REPRESENTATION_ITEM('')
SURFACE()
);
#52=(
B_SPLINE_SURFACE(3,2,((#7459,#7460,#7461),(#7462,#7463,#7464),(#7465,#7466,
#7467),(#7468,#7469,#7470)),.UNSPECIFIED.,.F.,.F.,.F.)
B_SPLINE_SURFACE_WITH_KNOTS((4,4),(3,3),(0.0229769808697483,0.026630132084308),(0.,1.),.PIECEWISE_BEZIER_KNOTS.)
BOUNDED_SURFACE()
GEOMETRIC_REPRESENTATION_ITEM()
RATIONAL_B_SPLINE_SURFACE(((1.,0.707106781186547,1.),(1.,0.707106781186547,
1.),(1.,0.707106781186548,1.),(1.,0.707106781186548,1.)))
REPRESENTATION_ITEM('')
SURFACE()
);
#53=(
B_SPLINE_SURFACE(3,2,((#7477,#7478,#7479),(#7480,#7481,#7482),(#7483,#7484,
#7485),(#7486,#7487,#7488),(#7489,#7490,#7491)),.UNSPECIFIED.,.F.,.F.,.F.)
B_SPLINE_SURFACE_WITH_KNOTS((4,1,4),(3,3),(0.00578169343981581,0.00711447932591563,0.00844726521201544),(0.,1.),.UNSPECIFIED.)
BOUNDED_SURFACE()
GEOMETRIC_REPRESENTATION_ITEM()
RATIONAL_B_SPLINE_SURFACE(((1.,0.707106781186548,1.),(1.,0.707106781186548,
1.),(1.,0.707106781186548,1.),(1.,0.707106781186548,1.),(1.,0.707106781186548,
1.)))
REPRESENTATION_ITEM('')
SURFACE()
);
#54=(
B_SPLINE_SURFACE(3,2,((#7492,#7493,#7494),(#7495,#7496,#7497),(#7498,#7499,
#7500),(#7501,#7502,#7503)),.UNSPECIFIED.,.F.,.F.,.F.)
B_SPLINE_SURFACE_WITH_KNOTS((4,4),(3,3),(0.0248037982333188,0.0278445100547012),(0.,1.),.PIECEWISE_BEZIER_KNOTS.)
BOUNDED_SURFACE()
GEOMETRIC_REPRESENTATION_ITEM()
RATIONAL_B_SPLINE_SURFACE(((1.,0.707106781186548,1.),(1.,0.707106781186548,
1.),(1.,0.707106781186548,1.),(1.,0.707106781186548,1.)))
REPRESENTATION_ITEM('')
SURFACE()
);
#55=(
B_SPLINE_SURFACE(3,2,((#7513,#7514,#7515),(#7516,#7517,#7518),(#7519,#7520,
#7521),(#7522,#7523,#7524),(#7525,#7526,#7527),(#7528,#7529,#7530)),.UNSPECIFIED.,.F.,.F.,.F.)
B_SPLINE_SURFACE_WITH_KNOTS((4,1,1,4),(3,3),(9.62771529167128E-17,0.0011281324163099,0.0022562648326197,0.0045125296652393),(0.,1.),.UNSPECIFIED.)
BOUNDED_SURFACE()
GEOMETRIC_REPRESENTATION_ITEM()
RATIONAL_B_SPLINE_SURFACE(((1.,0.707106781186548,1.),(1.,0.707106781186548,
1.),(1.,0.707106781186548,1.),(1.,0.707106781186547,1.),(1.,0.707106781186548,
1.),(1.,0.707106781186548,1.)))
REPRESENTATION_ITEM('')
SURFACE()
);
#56=(
B_SPLINE_SURFACE(3,2,((#7532,#7533,#7534),(#7535,#7536,#7537),(#7538,#7539,
#7540),(#7541,#7542,#7543)),.UNSPECIFIED.,.F.,.F.,.F.)
B_SPLINE_SURFACE_WITH_KNOTS((4,4),(3,3),(0.0217866588208339,0.0248290058626057),(0.,1.),.PIECEWISE_BEZIER_KNOTS.)
BOUNDED_SURFACE()
GEOMETRIC_REPRESENTATION_ITEM()
RATIONAL_B_SPLINE_SURFACE(((1.,0.707106781186548,1.),(1.,0.707106781186548,
1.),(1.,0.707106781186548,1.),(1.,0.707106781186548,1.)))
REPRESENTATION_ITEM('')
SURFACE()
);
#57=(
B_SPLINE_SURFACE(3,2,((#7549,#7550,#7551),(#7552,#7553,#7554),(#7555,#7556,
#7557),(#7558,#7559,#7560),(#7561,#7562,#7563),(#7564,#7565,#7566)),.UNSPECIFIED.,.F.,.F.,.F.)
B_SPLINE_SURFACE_WITH_KNOTS((4,1,1,4),(3,3),(-1.13407547241984E-16,0.00112813241630973,0.00225626483261957,0.00451252966523926),(0.,1.),.UNSPECIFIED.)
BOUNDED_SURFACE()
GEOMETRIC_REPRESENTATION_ITEM()
RATIONAL_B_SPLINE_SURFACE(((1.,0.707106781186548,1.),(1.,0.707106781186548,
1.),(1.,0.707106781186547,1.),(1.,0.707106781186547,1.),(1.,0.707106781186548,
1.),(1.,0.707106781186548,1.)))
REPRESENTATION_ITEM('')
SURFACE()
);
#58=(
B_SPLINE_SURFACE(3,2,((#7567,#7568,#7569),(#7570,#7571,#7572),(#7573,#7574,
#7575),(#7576,#7577,#7578)),.UNSPECIFIED.,.F.,.F.,.F.)
B_SPLINE_SURFACE_WITH_KNOTS((4,4),(3,3),(0.0229769808698315,0.0266301320843076),(0.,1.),.PIECEWISE_BEZIER_KNOTS.)
BOUNDED_SURFACE()
GEOMETRIC_REPRESENTATION_ITEM()
RATIONAL_B_SPLINE_SURFACE(((1.,0.707106781186548,1.),(1.,0.707106781186548,
1.),(1.,0.707106781186547,1.),(1.,0.707106781186547,1.)))
REPRESENTATION_ITEM('')
SURFACE()
);
#59=(
B_SPLINE_SURFACE(3,2,((#7591,#7592,#7593),(#7594,#7595,#7596),(#7597,#7598,
#7599),(#7600,#7601,#7602),(#7603,#7604,#7605)),.UNSPECIFIED.,.F.,.F.,.F.)
B_SPLINE_SURFACE_WITH_KNOTS((4,1,4),(3,3),(0.00578169349948382,0.00711447938556202,0.00844726527164022),(0.,1.),.UNSPECIFIED.)
BOUNDED_SURFACE()
GEOMETRIC_REPRESENTATION_ITEM()
RATIONAL_B_SPLINE_SURFACE(((1.,0.707106781186548,1.),(1.,0.707106781186548,
1.),(1.,0.707106781186547,1.),(1.,0.707106781186547,1.),(1.,0.707106781186547,
1.)))
REPRESENTATION_ITEM('')
SURFACE()
);
#60=(
B_SPLINE_SURFACE(3,2,((#7611,#7612,#7613),(#7614,#7615,#7616),(#7617,#7618,
#7619),(#7620,#7621,#7622),(#7623,#7624,#7625)),.UNSPECIFIED.,.F.,.F.,.F.)
B_SPLINE_SURFACE_WITH_KNOTS((4,1,4),(3,3),(0.00578169341138627,0.00711447929726386,0.00844726518314145),(0.,1.),.UNSPECIFIED.)
BOUNDED_SURFACE()
GEOMETRIC_REPRESENTATION_ITEM()
RATIONAL_B_SPLINE_SURFACE(((1.,0.707106781186548,1.),(1.,0.707106781186548,
1.),(1.,0.707106781186548,1.),(1.,0.707106781186548,1.),(1.,0.707106781186548,
1.)))
REPRESENTATION_ITEM('')
SURFACE()
);
#61=(
B_SPLINE_SURFACE(3,2,((#7626,#7627,#7628),(#7629,#7630,#7631),(#7632,#7633,
#7634),(#7635,#7636,#7637),(#7638,#7639,#7640)),.UNSPECIFIED.,.F.,.F.,.F.)
B_SPLINE_SURFACE_WITH_KNOTS((4,1,4),(3,3),(0.00578169350042034,0.00711447938631522,0.00844726527221009),(0.,1.),.UNSPECIFIED.)
BOUNDED_SURFACE()
GEOMETRIC_REPRESENTATION_ITEM()
RATIONAL_B_SPLINE_SURFACE(((1.,0.707106781186545,1.),(1.,0.707106781186545,
1.),(1.,0.707106781186549,1.),(1.,0.707106781186548,1.),(1.,0.707106781186548,
1.)))
REPRESENTATION_ITEM('')
SURFACE()
);
#62=(
B_SPLINE_SURFACE(3,2,((#7652,#7653,#7654),(#7655,#7656,#7657),(#7658,#7659,
#7660),(#7661,#7662,#7663)),.UNSPECIFIED.,.F.,.F.,.F.)
B_SPLINE_SURFACE_WITH_KNOTS((4,4),(3,3),(0.0229769808692449,0.0266301320836497),(0.,1.),.PIECEWISE_BEZIER_KNOTS.)
BOUNDED_SURFACE()
GEOMETRIC_REPRESENTATION_ITEM()
RATIONAL_B_SPLINE_SURFACE(((1.,0.707106781186548,1.),(1.,0.707106781186548,
1.),(1.,0.707106781186548,1.),(1.,0.707106781186548,1.)))
REPRESENTATION_ITEM('')
SURFACE()
);
#63=(
B_SPLINE_SURFACE(3,2,((#7670,#7671,#7672),(#7673,#7674,#7675),(#7676,#7677,
#7678),(#7679,#7680,#7681),(#7682,#7683,#7684)),.UNSPECIFIED.,.F.,.F.,.F.)
B_SPLINE_SURFACE_WITH_KNOTS((4,1,4),(3,3),(0.00578169348838929,0.00711447937425095,0.00844726526011262),(0.,1.),.UNSPECIFIED.)
BOUNDED_SURFACE()
GEOMETRIC_REPRESENTATION_ITEM()
RATIONAL_B_SPLINE_SURFACE(((1.,0.707106781186548,1.),(1.,0.707106781186548,
1.),(1.,0.70710678118654,1.),(1.,0.707106781186548,1.),(1.,0.707106781186548,
1.)))
REPRESENTATION_ITEM('')
SURFACE()
);
#64=(
B_SPLINE_SURFACE(3,2,((#7685,#7686,#7687),(#7688,#7689,#7690),(#7691,#7692,
#7693),(#7694,#7695,#7696),(#7697,#7698,#7699)),.UNSPECIFIED.,.F.,.F.,.F.)
B_SPLINE_SURFACE_WITH_KNOTS((4,1,4),(3,3),(0.00578169340979681,0.00711447929581363,0.00844726518183045),(0.,1.),.UNSPECIFIED.)
BOUNDED_SURFACE()
GEOMETRIC_REPRESENTATION_ITEM()
RATIONAL_B_SPLINE_SURFACE(((1.,0.707106781186546,1.),(1.,0.707106781186546,
1.),(1.,0.707106781186548,1.),(1.,0.707106781186548,1.),(1.,0.707106781186548,
1.)))
REPRESENTATION_ITEM('')
SURFACE()
);
#65=(
B_SPLINE_SURFACE(3,2,((#7711,#7712,#7713),(#7714,#7715,#7716),(#7717,#7718,
#7719),(#7720,#7721,#7722)),.UNSPECIFIED.,.F.,.F.,.F.)
B_SPLINE_SURFACE_WITH_KNOTS((4,4),(3,3),(0.0229769808697488,0.026630132084308),(0.,1.),.PIECEWISE_BEZIER_KNOTS.)
BOUNDED_SURFACE()
GEOMETRIC_REPRESENTATION_ITEM()
RATIONAL_B_SPLINE_SURFACE(((1.,0.707106781186548,1.),(1.,0.707106781186548,
1.),(1.,0.707106781186548,1.),(1.,0.707106781186548,1.)))
REPRESENTATION_ITEM('')
SURFACE()
);
#66=(
B_SPLINE_SURFACE(3,2,((#7729,#7730,#7731),(#7732,#7733,#7734),(#7735,#7736,
#7737),(#7738,#7739,#7740),(#7741,#7742,#7743)),.UNSPECIFIED.,.F.,.F.,.F.)
B_SPLINE_SURFACE_WITH_KNOTS((4,1,4),(3,3),(0.00578169343981427,0.00711447932591393,0.00844726521201359),(0.,1.),.UNSPECIFIED.)
BOUNDED_SURFACE()
GEOMETRIC_REPRESENTATION_ITEM()
RATIONAL_B_SPLINE_SURFACE(((1.,0.707106781186549,1.),(1.,0.707106781186549,
1.),(1.,0.707106781186547,1.),(1.,0.707106781186548,1.),(1.,0.707106781186548,
1.)))
REPRESENTATION_ITEM('')
SURFACE()
);
#67=(
B_SPLINE_SURFACE(3,2,((#7744,#7745,#7746),(#7747,#7748,#7749),(#7750,#7751,
#7752),(#7753,#7754,#7755)),.UNSPECIFIED.,.F.,.F.,.F.)
B_SPLINE_SURFACE_WITH_KNOTS((4,4),(3,3),(0.0248037982333185,0.0278445100547013),(0.,1.),.PIECEWISE_BEZIER_KNOTS.)
BOUNDED_SURFACE()
GEOMETRIC_REPRESENTATION_ITEM()
RATIONAL_B_SPLINE_SURFACE(((1.,0.707106781186548,1.),(1.,0.707106781186548,
1.),(1.,0.707106781186548,1.),(1.,0.707106781186548,1.)))
REPRESENTATION_ITEM('')
SURFACE()
);
#68=(
B_SPLINE_SURFACE(3,2,((#7765,#7766,#7767),(#7768,#7769,#7770),(#7771,#7772,
#7773),(#7774,#7775,#7776),(#7777,#7778,#7779),(#7780,#7781,#7782)),.UNSPECIFIED.,.F.,.F.,.F.)
B_SPLINE_SURFACE_WITH_KNOTS((4,1,1,4),(3,3),(4.33680868994202E-19,0.00112813241630976,0.00225626483261953,0.00451252966523906),(0.,1.),.UNSPECIFIED.)
BOUNDED_SURFACE()
GEOMETRIC_REPRESENTATION_ITEM()
RATIONAL_B_SPLINE_SURFACE(((1.,0.707106781186548,1.),(1.,0.707106781186548,
1.),(1.,0.707106781186548,1.),(1.,0.707106781186547,1.),(1.,0.707106781186548,
1.),(1.,0.707106781186548,1.)))
REPRESENTATION_ITEM('')
SURFACE()
);
#69=(
B_SPLINE_SURFACE(3,2,((#7784,#7785,#7786),(#7787,#7788,#7789),(#7790,#7791,
#7792),(#7793,#7794,#7795)),.UNSPECIFIED.,.F.,.F.,.F.)
B_SPLINE_SURFACE_WITH_KNOTS((4,4),(3,3),(0.0217866588208329,0.0248290058626043),(0.,1.),.PIECEWISE_BEZIER_KNOTS.)
BOUNDED_SURFACE()
GEOMETRIC_REPRESENTATION_ITEM()
RATIONAL_B_SPLINE_SURFACE(((1.,0.707106781186548,1.),(1.,0.707106781186548,
1.),(1.,0.707106781186548,1.),(1.,0.707106781186548,1.)))
REPRESENTATION_ITEM('')
SURFACE()
);
#70=(
B_SPLINE_SURFACE(3,2,((#7801,#7802,#7803),(#7804,#7805,#7806),(#7807,#7808,
#7809),(#7810,#7811,#7812),(#7813,#7814,#7815),(#7816,#7817,#7818)),.UNSPECIFIED.,.F.,.F.,.F.)
B_SPLINE_SURFACE_WITH_KNOTS((4,1,1,4),(3,3),(0.,0.0011281324163098,0.00225626483261961,0.00451252966523921),(0.,1.),.UNSPECIFIED.)
BOUNDED_SURFACE()
GEOMETRIC_REPRESENTATION_ITEM()
RATIONAL_B_SPLINE_SURFACE(((1.,0.707106781186548,1.),(1.,0.707106781186548,
1.),(1.,0.707106781186548,1.),(1.,0.707106781186547,1.),(1.,0.707106781186548,
1.),(1.,0.707106781186548,1.)))
REPRESENTATION_ITEM('')
SURFACE()
);
#71=(
B_SPLINE_SURFACE(3,2,((#7819,#7820,#7821),(#7822,#7823,#7824),(#7825,#7826,
#7827),(#7828,#7829,#7830),(#7831,#7832,#7833)),.UNSPECIFIED.,.F.,.F.,.F.)
B_SPLINE_SURFACE_WITH_KNOTS((4,1,4),(3,3),(0.00578169350042218,0.00711447938631729,0.00844726527221241),(0.,1.),.UNSPECIFIED.)
BOUNDED_SURFACE()
GEOMETRIC_REPRESENTATION_ITEM()
RATIONAL_B_SPLINE_SURFACE(((1.,0.707106781186544,1.),(1.,0.707106781186544,
1.),(1.,0.707106781186551,1.),(1.,0.707106781186549,1.),(1.,0.707106781186549,
1.)))
REPRESENTATION_ITEM('')
SURFACE()
);
#72=(
B_SPLINE_SURFACE(3,2,((#7845,#7846,#7847),(#7848,#7849,#7850),(#7851,#7852,
#7853),(#7854,#7855,#7856)),.UNSPECIFIED.,.F.,.F.,.F.)
B_SPLINE_SURFACE_WITH_KNOTS((4,4),(3,3),(0.0229769808692439,0.0266301320836493),(0.,1.),.PIECEWISE_BEZIER_KNOTS.)
BOUNDED_SURFACE()
GEOMETRIC_REPRESENTATION_ITEM()
RATIONAL_B_SPLINE_SURFACE(((1.,0.707106781186548,1.),(1.,0.707106781186548,
1.),(1.,0.707106781186548,1.),(1.,0.707106781186548,1.)))
REPRESENTATION_ITEM('')
SURFACE()
);
#73=(
B_SPLINE_SURFACE(3,2,((#7863,#7864,#7865),(#7866,#7867,#7868),(#7869,#7870,
#7871),(#7872,#7873,#7874),(#7875,#7876,#7877)),.UNSPECIFIED.,.F.,.F.,.F.)
B_SPLINE_SURFACE_WITH_KNOTS((4,1,4),(3,3),(0.00578169348839116,0.00711447937425309,0.00844726526011501),(0.,1.),.UNSPECIFIED.)
BOUNDED_SURFACE()
GEOMETRIC_REPRESENTATION_ITEM()
RATIONAL_B_SPLINE_SURFACE(((1.,0.707106781186551,1.),(1.,0.707106781186551,
1.),(1.,0.707106781186546,1.),(1.,0.707106781186548,1.),(1.,0.707106781186548,
1.)))
REPRESENTATION_ITEM('')
SURFACE()
);
#74=(
B_SPLINE_SURFACE(3,2,((#7878,#7879,#7880),(#7881,#7882,#7883),(#7884,#7885,
#7886),(#7887,#7888,#7889)),.UNSPECIFIED.,.F.,.F.,.F.)
B_SPLINE_SURFACE_WITH_KNOTS((4,4),(3,3),(0.0217866588212468,0.0248290058626022),(0.,1.),.PIECEWISE_BEZIER_KNOTS.)
BOUNDED_SURFACE()
GEOMETRIC_REPRESENTATION_ITEM()
RATIONAL_B_SPLINE_SURFACE(((1.,0.707106781186548,1.),(1.,0.707106781186548,
1.),(1.,0.707106781186547,1.),(1.,0.707106781186547,1.)))
REPRESENTATION_ITEM('')
SURFACE()
);
#75=(
B_SPLINE_SURFACE(3,2,((#7899,#7900,#7901),(#7902,#7903,#7904),(#7905,#7906,
#7907),(#7908,#7909,#7910)),.UNSPECIFIED.,.F.,.F.,.F.)
B_SPLINE_SURFACE_WITH_KNOTS((4,4),(3,3),(0.0248037982324154,0.0278445100533835),(0.,1.),.PIECEWISE_BEZIER_KNOTS.)
BOUNDED_SURFACE()
GEOMETRIC_REPRESENTATION_ITEM()
RATIONAL_B_SPLINE_SURFACE(((1.,0.707106781186548,1.),(1.,0.707106781186548,
1.),(1.,0.707106781186548,1.),(1.,0.707106781186548,1.)))
REPRESENTATION_ITEM('')
SURFACE()
);
#76=(
B_SPLINE_SURFACE(3,2,((#7916,#7917,#7918),(#7919,#7920,#7921),(#7922,#7923,
#7924),(#7925,#7926,#7927),(#7928,#7929,#7930),(#7931,#7932,#7933)),.UNSPECIFIED.,.F.,.F.,.F.)
B_SPLINE_SURFACE_WITH_KNOTS((4,1,1,4),(3,3),(0.,0.00112813241622865,0.00225626483245729,0.00451252966491459),(0.,1.),.UNSPECIFIED.)
BOUNDED_SURFACE()
GEOMETRIC_REPRESENTATION_ITEM()
RATIONAL_B_SPLINE_SURFACE(((1.,0.707106781186548,1.),(1.,0.707106781186548,
1.),(1.,0.707106781186547,1.),(1.,0.707106781186548,1.),(1.,0.707106781186548,
1.),(1.,0.707106781186548,1.)))
REPRESENTATION_ITEM('')
SURFACE()
);
#77=(
B_SPLINE_SURFACE(3,2,((#7935,#7936,#7937),(#7938,#7939,#7940),(#7941,#7942,
#7943),(#7944,#7945,#7946),(#7947,#7948,#7949),(#7950,#7951,#7952)),.UNSPECIFIED.,.F.,.F.,.F.)
B_SPLINE_SURFACE_WITH_KNOTS((4,1,1,4),(3,3),(9.97465998686664E-18,0.00112813241622861,0.00225626483245722,0.00451252966491442),(0.,1.),.UNSPECIFIED.)
BOUNDED_SURFACE()
GEOMETRIC_REPRESENTATION_ITEM()
RATIONAL_B_SPLINE_SURFACE(((1.,0.707106781186548,1.),(1.,0.707106781186548,
1.),(1.,0.707106781186547,1.),(1.,0.707106781186547,1.),(1.,0.707106781186551,
1.),(1.,0.707106781186551,1.)))
REPRESENTATION_ITEM('')
SURFACE()
);
#78=TOROIDAL_SURFACE('',#3986,0.0005,0.0005);
#79=TOROIDAL_SURFACE('',#3988,0.0005,0.0005);
#80=TOROIDAL_SURFACE('',#3994,0.0005,0.0005);
#81=TOROIDAL_SURFACE('',#3996,0.0005,0.0005);
#82=TOROIDAL_SURFACE('',#3999,0.0012,0.0003);
#83=TOROIDAL_SURFACE('',#4000,0.0012,0.0003);
#84=TOROIDAL_SURFACE('',#4001,0.0012,0.0003);
#85=TOROIDAL_SURFACE('',#4003,0.0012,0.0003);
#86=TOROIDAL_SURFACE('',#4005,0.0012,0.0003);
#87=TOROIDAL_SURFACE('',#4007,0.0012,0.0003);
#88=SPHERICAL_SURFACE('',#3970,0.001);
#89=SPHERICAL_SURFACE('',#3972,0.001);
#90=SPHERICAL_SURFACE('',#3980,0.001);
#91=SPHERICAL_SURFACE('',#4021,0.001);
#92=B_SPLINE_SURFACE_WITH_KNOTS('',3,1,((#5167,#5168),(#5169,#5170),(#5171,
#5172),(#5173,#5174),(#5175,#5176),(#5177,#5178)),.SURF_OF_LINEAR_EXTRUSION.,.F.,.F.,.F.,(4,1,1,4),(2,2),(0.,0.0339036382249444,0.0678072764498888,0.135614552899778),(0.,1.),.UNSPECIFIED.);
#93=B_SPLINE_SURFACE_WITH_KNOTS('',3,1,((#5204,#5205),(#5206,#5207),(#5208,
#5209),(#5210,#5211),(#5212,#5213),(#5214,#5215)),.SURF_OF_LINEAR_EXTRUSION.,.F.,.F.,.F.,(4,1,1,4),(2,2),(0.864385447100226,0.932192723550113,0.966096361775057,1.),(0.,1.),.UNSPECIFIED.);
#94=B_SPLINE_SURFACE_WITH_KNOTS('',3,1,((#5238,#5239),(#5240,#5241),(#5242,
#5243),(#5244,#5245)),.SURF_OF_LINEAR_EXTRUSION.,.F.,.F.,.F.,(4,4),(2,2),(1.00566952535147,1.30141013467261),(0.,1.),.PIECEWISE_BEZIER_KNOTS.);
#95=B_SPLINE_SURFACE_WITH_KNOTS('',3,1,((#5275,#5276),(#5277,#5278),(#5279,
#5280),(#5281,#5282)),.SURF_OF_LINEAR_EXTRUSION.,.F.,.F.,.F.,(4,4),(2,2),(1.00566952556995,1.30141013467258),(0.,1.),.PIECEWISE_BEZIER_KNOTS.);
#96=B_SPLINE_SURFACE_WITH_KNOTS('',3,1,((#5294,#5295),(#5296,#5297),(#5298,
#5299),(#5300,#5301)),.SURF_OF_LINEAR_EXTRUSION.,.F.,.F.,.F.,(4,4),(2,2),(1.84018251891721,2.13592312822199),(0.,1.),.PIECEWISE_BEZIER_KNOTS.);
#97=B_SPLINE_SURFACE_WITH_KNOTS('',3,1,((#5310,#5311),(#5312,#5313),(#5314,
#5315),(#5316,#5317),(#5318,#5319),(#5320,#5321)),.SURF_OF_LINEAR_EXTRUSION.,.F.,.F.,.F.,(4,1,1,4),(2,2),(0.5,0.53390363816246,0.567807276324919,0.635614552649838),(0.,1.),.UNSPECIFIED.);
#98=B_SPLINE_SURFACE_WITH_KNOTS('',3,1,((#5488,#5489),(#5490,#5491),(#5492,
#5493),(#5494,#5495),(#5496,#5497),(#5498,#5499)),.SURF_OF_LINEAR_EXTRUSION.,.F.,.F.,.F.,(4,1,1,4),(2,2),(0.5,0.53390363816246,0.567807276324919,0.635614552649838),(0.,1.),.UNSPECIFIED.);
#99=B_SPLINE_SURFACE_WITH_KNOTS('',3,1,((#5525,#5526),(#5527,#5528),(#5529,
#5530),(#5531,#5532),(#5533,#5534),(#5535,#5536)),.SURF_OF_LINEAR_EXTRUSION.,.F.,.F.,.F.,(4,1,1,4),(2,2),(0.364385447350166,0.432192723675083,0.466096361837541,0.5),(0.,1.),.UNSPECIFIED.);
#100=B_SPLINE_SURFACE_WITH_KNOTS('',3,1,((#5559,#5560),(#5561,#5562),(#5563,
#5564),(#5565,#5566)),.SURF_OF_LINEAR_EXTRUSION.,.F.,.F.,.F.,(4,4),(2,2),(4.14726217915972,4.44300278826237),(0.,1.),.PIECEWISE_BEZIER_KNOTS.);
#101=B_SPLINE_SURFACE_WITH_KNOTS('',3,1,((#5575,#5576),(#5577,#5578),(#5579,
#5580),(#5581,#5582)),.SURF_OF_LINEAR_EXTRUSION.,.F.,.F.,.F.,(4,4),(2,2),(4.14726217915972,4.44300278826237),(0.,1.),.PIECEWISE_BEZIER_KNOTS.);
#102=B_SPLINE_SURFACE_WITH_KNOTS('',3,1,((#5594,#5595),(#5596,#5597),(#5598,
#5599),(#5600,#5601)),.SURF_OF_LINEAR_EXTRUSION.,.F.,.F.,.F.,(4,4),(2,2),(4.98177517250701,5.27751578181176),(0.,1.),.PIECEWISE_BEZIER_KNOTS.);
#103=B_SPLINE_SURFACE_WITH_KNOTS('',3,1,((#5610,#5611),(#5612,#5613),(#5614,
#5615),(#5616,#5617),(#5618,#5619),(#5620,#5621)),.SURF_OF_LINEAR_EXTRUSION.,.F.,.F.,.F.,(4,1,1,4),(2,2),(0.5,0.533903638162459,0.567807276324918,0.635614552649835),(0.,1.),.UNSPECIFIED.);
#104=B_SPLINE_SURFACE_WITH_KNOTS('',3,1,((#5644,#5645),(#5646,#5647),(#5648,
#5649),(#5650,#5651)),.SURF_OF_LINEAR_EXTRUSION.,.F.,.F.,.F.,(4,4),(2,2),(0.457834189070957,0.5),(0.,1.),.PIECEWISE_BEZIER_KNOTS.);
#105=B_SPLINE_SURFACE_WITH_KNOTS('',3,1,((#5692,#5693),(#5694,#5695),(#5696,
#5697),(#5698,#5699)),.SURF_OF_LINEAR_EXTRUSION.,.F.,.F.,.F.,(4,4),(2,2),(4.981775172507,5.27751578181175),(0.,1.),.PIECEWISE_BEZIER_KNOTS.);
#106=B_SPLINE_SURFACE_WITH_KNOTS('',3,1,((#5735,#5736),(#5737,#5738),(#5739,
#5740),(#5741,#5742),(#5743,#5744),(#5745,#5746)),.SURF_OF_LINEAR_EXTRUSION.,.F.,.F.,.F.,(4,1,1,4),(2,2),(0.864385447100229,0.932192723550115,0.966096361775057,1.),(0.,1.),.UNSPECIFIED.);
#107=B_SPLINE_SURFACE_WITH_KNOTS('',3,1,((#5769,#5770),(#5771,#5772),(#5773,
#5774),(#5775,#5776)),.SURF_OF_LINEAR_EXTRUSION.,.F.,.F.,.F.,(4,4),(2,2),(0.709259879407095,0.879040485792075),(0.,1.),.PIECEWISE_BEZIER_KNOTS.);
#108=B_SPLINE_SURFACE_WITH_KNOTS('',3,1,((#5785,#5786),(#5787,#5788),(#5789,
#5790),(#5791,#5792),(#5793,#5794)),.SURF_OF_LINEAR_EXTRUSION.,.F.,.F.,.F.,(4,1,4),(2,2),(5.40414482138748,5.9143310047281,6.42451718806872),(0.,1.),.UNSPECIFIED.);
#109=B_SPLINE_SURFACE_WITH_KNOTS('',3,1,((#5808,#5809),(#5810,#5811),(#5812,
#5813),(#5814,#5815)),.SURF_OF_LINEAR_EXTRUSION.,.F.,.F.,.F.,(4,4),(2,2),(0.679213738401077,0.879040485792074),(0.,1.),.PIECEWISE_BEZIER_KNOTS.);
#110=B_SPLINE_SURFACE_WITH_KNOTS('',3,1,((#5822,#5823),(#5824,#5825),(#5826,
#5827),(#5828,#5829),(#5830,#5831),(#5832,#5833),(#5834,#5835)),.SURF_OF_LINEAR_EXTRUSION.,.F.,.F.,.F.,(4,1,1,1,4),(2,2),(5.40414482138751,5.84366506428355,6.2831853071796,6.72270555007564,7.16222579297168),(0.,1.),.UNSPECIFIED.);
#111=B_SPLINE_SURFACE_WITH_KNOTS('',3,1,((#5849,#5850),(#5851,#5852),(#5853,
#5854),(#5855,#5856),(#5857,#5858),(#5859,#5860),(#5861,#5862)),.SURF_OF_LINEAR_EXTRUSION.,.F.,.F.,.F.,(4,1,1,1,4),(2,2),(2.26255216779772,2.70207241069376,3.1415926535898,3.58111289648584,4.02063313938187),(0.,1.),.UNSPECIFIED.);
#112=B_SPLINE_SURFACE_WITH_KNOTS('',3,1,((#5876,#5877),(#5878,#5879),(#5880,
#5881),(#5882,#5883),(#5884,#5885),(#5886,#5887),(#5888,#5889)),.SURF_OF_LINEAR_EXTRUSION.,.F.,.F.,.F.,(4,1,1,1,4),(2,2),(2.26255216779774,2.70207241069377,3.1415926535898,3.58111289648584,4.02063313938187),(0.,1.),.UNSPECIFIED.);
#113=B_SPLINE_SURFACE_WITH_KNOTS('',3,1,((#5914,#5915),(#5916,#5917),(#5918,
#5919),(#5920,#5921),(#5922,#5923)),.SURF_OF_LINEAR_EXTRUSION.,.F.,.F.,.F.,(4,1,4),(2,2),(2.82532859219799,3.42298086578992,4.02063313938186),(0.,1.),.UNSPECIFIED.);
#114=B_SPLINE_SURFACE_WITH_KNOTS('',3,1,((#5933,#5934),(#5935,#5936),(#5937,
#5938),(#5939,#5940),(#5941,#5942)),.SURF_OF_LINEAR_EXTRUSION.,.F.,.F.,.F.,(4,1,4),(2,2),(5.40414482138751,5.93872391333166,6.47330300527581),(0.,1.),.UNSPECIFIED.);
#115=B_SPLINE_SURFACE_WITH_KNOTS('',3,1,((#5973,#5974),(#5975,#5976),(#5977,
#5978),(#5979,#5980),(#5981,#5982),(#5983,#5984)),.SURF_OF_LINEAR_EXTRUSION.,.F.,.F.,.F.,(4,1,1,4),(2,2),(0.864385447100222,0.932192723550111,0.966096361775056,1.),(0.,1.),.UNSPECIFIED.);
#116=B_SPLINE_SURFACE_WITH_KNOTS('',3,1,((#6010,#6011),(#6012,#6013),(#6014,
#6015),(#6016,#6017)),.SURF_OF_LINEAR_EXTRUSION.,.F.,.F.,.F.,(4,4),(2,2),(1.00566952535148,1.30141013467256),(0.,1.),.PIECEWISE_BEZIER_KNOTS.);
#117=B_SPLINE_SURFACE_WITH_KNOTS('',3,1,((#6026,#6027),(#6028,#6029),(#6030,
#6031),(#6032,#6033)),.SURF_OF_LINEAR_EXTRUSION.,.F.,.F.,.F.,(4,4),(2,2),(4.98177517250697,5.27751578182811),(0.,1.),.PIECEWISE_BEZIER_KNOTS.);
#118=B_SPLINE_SURFACE_WITH_KNOTS('',3,1,((#6057,#6058),(#6059,#6060),(#6061,
#6062),(#6063,#6064)),.SURF_OF_LINEAR_EXTRUSION.,.F.,.F.,.F.,(4,4),(2,2),(1.84018251891723,2.13592312822198),(0.,1.),.PIECEWISE_BEZIER_KNOTS.);
#119=B_SPLINE_SURFACE_WITH_KNOTS('',3,1,((#6076,#6077),(#6078,#6079),(#6080,
#6081),(#6082,#6083),(#6084,#6085),(#6086,#6087)),.SURF_OF_LINEAR_EXTRUSION.,.F.,.F.,.F.,(4,1,1,4),(2,2),(0.36438544735016,0.43219272367508,0.46609636183754,0.5),(0.,1.),.UNSPECIFIED.);
#120=B_SPLINE_SURFACE_WITH_KNOTS('',3,1,((#6125,#6126),(#6127,#6128),(#6129,
#6130),(#6131,#6132)),.SURF_OF_LINEAR_EXTRUSION.,.F.,.F.,.F.,(4,4),(2,2),(1.84018251891722,2.13592312822197),(0.,1.),.PIECEWISE_BEZIER_KNOTS.);
#121=B_SPLINE_SURFACE_WITH_KNOTS('',3,1,((#6150,#6151),(#6152,#6153),(#6154,
#6155),(#6156,#6157)),.SURF_OF_LINEAR_EXTRUSION.,.F.,.F.,.F.,(4,4),(2,2),(4.14726217894126,4.44300278826237),(0.,1.),.PIECEWISE_BEZIER_KNOTS.);
#122=B_SPLINE_CURVE_WITH_KNOTS('',3,(#5150,#5151,#5152,#5153),.UNSPECIFIED.,.F.,.F.,(4,4),(0.,0.00221771290395104),.UNSPECIFIED.);
#123=B_SPLINE_CURVE_WITH_KNOTS('',3,(#5162,#5163,#5164,#5165),.UNSPECIFIED.,.F.,.F.,(4,4),(-5.99999999822584E-08,0.00159614472210503),.UNSPECIFIED.);
#124=B_SPLINE_CURVE_WITH_KNOTS('',3,(#5182,#5183,#5184,#5185,#5186,#5187),.UNSPECIFIED.,.F.,.F.,(4,1,1,4),(-5.99999999469838E-08,0.00094162954779667,0.00188331909559329,0.00376669819118652),.UNSPECIFIED.);
#125=B_SPLINE_CURVE_WITH_KNOTS('',3,(#5191,#5192,#5193,#5194,#5195,#5196,#5197,#5198,#5199,#5200,#5201,#5202,#5203),.UNSPECIFIED.,.F.,.F.,(4,1,1,1,1,1,1,1,1,1,4),(0.,0.015625,0.03125,0.046875,0.0625,0.078125,0.0859375,0.09375,0.109375,0.125,0.135614552899778),.UNSPECIFIED.);
#126=B_SPLINE_CURVE_WITH_KNOTS('',3,(#5219,#5220,#5221,#5222,#5223,#5224),.UNSPECIFIED.,.F.,.F.,(4,1,1,4),(-5.99999999823025E-08,0.00188081544281517,0.00282125316422274,0.00376169088563032),.UNSPECIFIED.);
#127=B_SPLINE_CURVE_WITH_KNOTS('',3,(#5225,#5226,#5227,#5228,#5229,#5230,#5231,#5232,#5233,#5234,#5235,#5236,#5237),.UNSPECIFIED.,.F.,.F.,(4,1,1,1,1,1,1,1,1,1,4),(0.864385447100226,0.875,0.890625,0.90625,0.9140625,0.921875,0.9375,0.953125,0.96875,0.984375,1.),.UNSPECIFIED.);
#128=B_SPLINE_CURVE_WITH_KNOTS('',3,(#5249,#5250,#5251,#5252),.UNSPECIFIED.,.F.,.F.,(4,4),(0.,0.00259486383017608),.UNSPECIFIED.);
#129=B_SPLINE_CURVE_WITH_KNOTS('',3,(#5258,#5259,#5260,#5261),.UNSPECIFIED.,.F.,.F.,(4,4),(-6.00000000277542E-08,0.00159614472464956),.UNSPECIFIED.);
#130=B_SPLINE_CURVE_WITH_KNOTS('',3,(#5270,#5271,#5272,#5273),.UNSPECIFIED.,.F.,.F.,(4,4),(-5.9999999998426E-08,0.00159622324647958),.UNSPECIFIED.);
#131=B_SPLINE_CURVE_WITH_KNOTS('',3,(#5286,#5287,#5288,#5289),.UNSPECIFIED.,.F.,.F.,(4,4),(0.,0.00259486382839413),.UNSPECIFIED.);
#132=B_SPLINE_CURVE_WITH_KNOTS('',3,(#5305,#5306,#5307,#5308),.UNSPECIFIED.,.F.,.F.,(4,4),(0.,0.00259325087169745),.UNSPECIFIED.);
#133=B_SPLINE_CURVE_WITH_KNOTS('',3,(#5325,#5326,#5327,#5328,#5329,#5330),.UNSPECIFIED.,.F.,.F.,(4,1,1,4),(-6.00000000192354E-08,0.000941629547806921,0.00188331909561386,0.00376669819122774),.UNSPECIFIED.);
#134=B_SPLINE_CURVE_WITH_KNOTS('',3,(#5331,#5332,#5333,#5334,#5335,#5336,#5337,#5338,#5339,#5340,#5341,#5342,#5343),.UNSPECIFIED.,.F.,.F.,(4,1,1,1,1,1,1,1,1,1,4),(0.5,0.515625,0.53125,0.546875,0.5625,0.578125,0.5859375,0.59375,0.609375,0.625,0.635614552649838),.UNSPECIFIED.);
#135=B_SPLINE_CURVE_WITH_KNOTS('',3,(#5348,#5349,#5350,#5351),.UNSPECIFIED.,.F.,.F.,(4,4),(0.,0.00221771290310022),.UNSPECIFIED.);
#136=B_SPLINE_CURVE_WITH_KNOTS('',3,(#5360,#5361,#5362,#5363),.UNSPECIFIED.,.F.,.F.,(4,4),(-5.99999999970074E-08,0.00159614471245355),.UNSPECIFIED.);
#137=B_SPLINE_CURVE_WITH_KNOTS('',3,(#5369,#5370,#5371,#5372),.UNSPECIFIED.,.F.,.F.,(4,4),(-5.9999999990873E-08,0.00196414517153391),.UNSPECIFIED.);
#138=B_SPLINE_CURVE_WITH_KNOTS('',3,(#5381,#5382,#5383,#5384),.UNSPECIFIED.,.F.,.F.,(4,4),(-5.99999999997211E-08,0.00196413805018799),.UNSPECIFIED.);
#139=B_SPLINE_CURVE_WITH_KNOTS('',3,(#5390,#5391,#5392,#5393),.UNSPECIFIED.,.F.,.F.,(4,4),(-5.99999999984835E-08,0.00196414517378376),.UNSPECIFIED.);
#140=B_SPLINE_CURVE_WITH_KNOTS('',3,(#5399,#5400,#5401,#5402),.UNSPECIFIED.,.F.,.F.,(4,4),(-5.9999999952457E-08,0.00196413807063974),.UNSPECIFIED.);
#141=B_SPLINE_CURVE_WITH_KNOTS('',3,(#5408,#5409,#5410,#5411),.UNSPECIFIED.,.F.,.F.,(4,4),(-6.00000000118813E-08,0.00196414514058273),.UNSPECIFIED.);
#142=B_SPLINE_CURVE_WITH_KNOTS('',3,(#5417,#5418,#5419,#5420),.UNSPECIFIED.,.F.,.F.,(4,4),(-5.99999999585144E-08,0.00196413807101451),.UNSPECIFIED.);
#143=B_SPLINE_CURVE_WITH_KNOTS('',3,(#5426,#5427,#5428,#5429),.UNSPECIFIED.,.F.,.F.,(4,4),(-5.99999999919664E-08,0.00196414514058249),.UNSPECIFIED.);
#144=B_SPLINE_CURVE_WITH_KNOTS('',3,(#5435,#5436,#5437,#5438),.UNSPECIFIED.,.F.,.F.,(4,4),(-6.00000000014563E-08,0.00196413807166767),.UNSPECIFIED.);
#145=B_SPLINE_CURVE_WITH_KNOTS('',3,(#5444,#5445,#5446,#5447),.UNSPECIFIED.,.F.,.F.,(4,4),(-6.00000000101578E-08,0.00196414514062775),.UNSPECIFIED.);
#146=B_SPLINE_CURVE_WITH_KNOTS('',3,(#5453,#5454,#5455,#5456),.UNSPECIFIED.,.F.,.F.,(4,4),(-6.00000000352543E-08,0.00196413807098957),.UNSPECIFIED.);
#147=B_SPLINE_CURVE_WITH_KNOTS('',3,(#5462,#5463,#5464,#5465),.UNSPECIFIED.,.F.,.F.,(4,4),(-6.00000000170051E-08,0.0019641451715336),.UNSPECIFIED.);
#148=B_SPLINE_CURVE_WITH_KNOTS('',3,(#5471,#5472,#5473,#5474),.UNSPECIFIED.,.F.,.F.,(4,4),(-5.99999999958552E-08,0.00159614471245309),.UNSPECIFIED.);
#149=B_SPLINE_CURVE_WITH_KNOTS('',3,(#5483,#5484,#5485,#5486),.UNSPECIFIED.,.F.,.F.,(4,4),(-6.00000000119115E-08,0.00159622324751075),.UNSPECIFIED.);
#150=B_SPLINE_CURVE_WITH_KNOTS('',3,(#5503,#5504,#5505,#5506,#5507,#5508),.UNSPECIFIED.,.F.,.F.,(4,1,1,4),(-5.9999999939979E-08,0.000941629547806973,0.00188331909561389,0.00376669819122771),.UNSPECIFIED.);
#151=B_SPLINE_CURVE_WITH_KNOTS('',3,(#5512,#5513,#5514,#5515,#5516,#5517,#5518,#5519,#5520,#5521,#5522,#5523,#5524),.UNSPECIFIED.,.F.,.F.,(4,1,1,1,1,1,1,1,1,1,4),(0.5,0.515625,0.53125,0.546875,0.5625,0.578125,0.5859375,0.59375,0.609375,0.625,0.635614552649838),.UNSPECIFIED.);
#152=B_SPLINE_CURVE_WITH_KNOTS('',3,(#5540,#5541,#5542,#5543,#5544,#5545),.UNSPECIFIED.,.F.,.F.,(4,1,1,4),(-5.99999999851129E-08,0.00188081543737778,0.00282125315606667,0.00376169087475555),.UNSPECIFIED.);
#153=B_SPLINE_CURVE_WITH_KNOTS('',3,(#5546,#5547,#5548,#5549,#5550,#5551,#5552,#5553,#5554,#5555,#5556,#5557,#5558),.UNSPECIFIED.,.F.,.F.,(4,1,1,1,1,1,1,1,1,1,4),(0.364385447350166,0.375,0.390625,0.40625,0.4140625,0.421875,0.4375,0.453125,0.46875,0.484375,0.5),.UNSPECIFIED.);
#154=B_SPLINE_CURVE_WITH_KNOTS('',3,(#5570,#5571,#5572,#5573),.UNSPECIFIED.,.F.,.F.,(4,4),(1.04083408558608E-17,0.00259486382839422),.UNSPECIFIED.);
#155=B_SPLINE_CURVE_WITH_KNOTS('',3,(#5586,#5587,#5588,#5589),.UNSPECIFIED.,.F.,.F.,(4,4),(4.93101060107245E-17,0.00259486382839425),.UNSPECIFIED.);
#156=B_SPLINE_CURVE_WITH_KNOTS('',3,(#5605,#5606,#5607,#5608),.UNSPECIFIED.,.F.,.F.,(4,4),(0.,0.00259325087169722),.UNSPECIFIED.);
#157=B_SPLINE_CURVE_WITH_KNOTS('',3,(#5625,#5626,#5627,#5628,#5629,#5630),.UNSPECIFIED.,.F.,.F.,(4,1,1,4),(-5.99999999531628E-08,0.000941629547806938,0.00188331909561383,0.00376669819122761),.UNSPECIFIED.);
#158=B_SPLINE_CURVE_WITH_KNOTS('',3,(#5631,#5632,#5633,#5634,#5635,#5636,#5637,#5638,#5639,#5640,#5641,#5642,#5643),.UNSPECIFIED.,.F.,.F.,(4,1,1,1,1,1,1,1,1,1,4),(0.5,0.515625,0.53125,0.546875,0.5625,0.578125,0.5859375,0.59375,0.609375,0.625,0.635614552649835),.UNSPECIFIED.);
#159=B_SPLINE_CURVE_WITH_KNOTS('',3,(#5655,#5656,#5657,#5658),.UNSPECIFIED.,.F.,.F.,(4,4),(-6.00000000033473E-08,0.000721586202337224),.UNSPECIFIED.);
#160=B_SPLINE_CURVE_WITH_KNOTS('',3,(#5659,#5660,#5661,#5662,#5663,#5664),.UNSPECIFIED.,.F.,.F.,(4,1,1,4),(0.457834189070957,0.46875,0.484375,0.5),.UNSPECIFIED.);
#161=B_SPLINE_CURVE_WITH_KNOTS('',3,(#5675,#5676,#5677,#5678),.UNSPECIFIED.,.F.,.F.,(4,4),(-5.99999999899078E-08,0.00159622324930452),.UNSPECIFIED.);
#162=B_SPLINE_CURVE_WITH_KNOTS('',3,(#5687,#5688,#5689,#5690),.UNSPECIFIED.,.F.,.F.,(4,4),(0.,0.00221771290310024),.UNSPECIFIED.);
#163=B_SPLINE_CURVE_WITH_KNOTS('',3,(#5703,#5704,#5705,#5706),.UNSPECIFIED.,.F.,.F.,(4,4),(3.46944695195361E-18,0.00259325087169714),.UNSPECIFIED.);
#164=B_SPLINE_CURVE_WITH_KNOTS('',3,(#5715,#5716,#5717,#5718),.UNSPECIFIED.,.F.,.F.,(4,4),(-6.00000000040549E-08,0.000833789253353281),.UNSPECIFIED.);
#165=B_SPLINE_CURVE_WITH_KNOTS('',3,(#5730,#5731,#5732,#5733),.UNSPECIFIED.,.F.,.F.,(4,4),(-5.99999997694353E-08,0.000257067712562679),.UNSPECIFIED.);
#166=B_SPLINE_CURVE_WITH_KNOTS('',3,(#5750,#5751,#5752,#5753,#5754,#5755),.UNSPECIFIED.,.F.,.F.,(4,1,1,4),(-5.99999999670983E-08,0.00188081544281516,0.00282125316422272,0.00376169088563029),.UNSPECIFIED.);
#167=B_SPLINE_CURVE_WITH_KNOTS('',3,(#5756,#5757,#5758,#5759,#5760,#5761,#5762,#5763,#5764,#5765,#5766,#5767,#5768),.UNSPECIFIED.,.F.,.F.,(4,1,1,1,1,1,1,1,1,1,4),(0.864385447100229,0.875,0.890625,0.90625,0.9140625,0.921875,0.9375,0.953125,0.96875,0.984375,1.),.UNSPECIFIED.);
#168=B_SPLINE_CURVE_WITH_KNOTS('',3,(#5779,#5780,#5781,#5782),.UNSPECIFIED.,.F.,.F.,(4,4),(4.5102810375397E-17,0.00125828495185795),.UNSPECIFIED.);
#169=B_SPLINE_CURVE_WITH_KNOTS('',3,(#5797,#5798,#5799,#5800,#5801,#5802,#5803),.UNSPECIFIED.,.F.,.F.,(4,1,1,1,4),(0.,0.00145010919403528,0.00290021838807055,0.00435032758210582,0.0058004367761411),.UNSPECIFIED.);
#170=B_SPLINE_CURVE_WITH_KNOTS('',3,(#5818,#5819,#5820,#5821),.UNSPECIFIED.,.F.,.F.,(4,4),(0.,0.00146677911687866),.UNSPECIFIED.);
#171=B_SPLINE_CURVE_WITH_KNOTS('',3,(#5838,#5839,#5840,#5841,#5842,#5843,#5844,#5845,#5846,#5847,#5848),.UNSPECIFIED.,.F.,.F.,(4,1,1,1,1,1,1,1,4),(0.,0.0012767653707126,0.00255353074142521,0.00383029611213781,0.00510706148285041,0.00638382685356301,0.00766059222427562,0.00893735759498822,0.0102141229657008),.UNSPECIFIED.);
#172=B_SPLINE_CURVE_WITH_KNOTS('',3,(#5865,#5866,#5867,#5868,#5869,#5870,#5871,#5872,#5873,#5874,#5875),.UNSPECIFIED.,.F.,.F.,(4,1,1,1,1,1,1,1,4),(0.,0.00127676537071257,0.00255353074142515,0.00383029611213772,0.00510706148285029,0.00638382685356287,0.00766059222427544,0.00893735759498801,0.0102141229657006),.UNSPECIFIED.);
#173=B_SPLINE_CURVE_WITH_KNOTS('',3,(#5892,#5893,#5894,#5895,#5896,#5897,#5898,#5899,#5900,#5901,#5902),.UNSPECIFIED.,.F.,.F.,(4,1,1,1,1,1,1,1,4),(2.4532694666934E-18,0.00127676537071255,0.0025535307414251,0.00383029611213765,0.00510706148285019,0.00638382685356274,0.00766059222427529,0.00893735759498784,0.0102141229657004),.UNSPECIFIED.);
#174=B_SPLINE_CURVE_WITH_KNOTS('',3,(#5906,#5907,#5908,#5909),.UNSPECIFIED.,.F.,.F.,(4,4),(0.,0.000677079078655891),.UNSPECIFIED.);
#175=B_SPLINE_CURVE_WITH_KNOTS('',3,(#5926,#5927,#5928,#5929,#5930,#5931,#5932),.UNSPECIFIED.,.F.,.F.,(4,1,1,1,4),(0.,0.00165498482190673,0.00330996964381347,0.0049649544657202,0.00661993928762693),.UNSPECIFIED.);
#176=B_SPLINE_CURVE_WITH_KNOTS('',3,(#5945,#5946,#5947,#5948,#5949,#5950,#5951),.UNSPECIFIED.,.F.,.F.,(4,1,1,1,4),(0.,0.00151005899764453,0.00302011799528907,0.0045301769929336,0.00604023599057813),.UNSPECIFIED.);
#177=B_SPLINE_CURVE_WITH_KNOTS('',3,(#5956,#5957,#5958,#5959),.UNSPECIFIED.,.F.,.F.,(4,4),(-5.99999999844543E-08,0.00159614472210449),.UNSPECIFIED.);
#178=B_SPLINE_CURVE_WITH_KNOTS('',3,(#5968,#5969,#5970,#5971),.UNSPECIFIED.,.F.,.F.,(4,4),(-5.99999999849924E-08,0.0015962232479186),.UNSPECIFIED.);
#179=B_SPLINE_CURVE_WITH_KNOTS('',3,(#5988,#5989,#5990,#5991,#5992,#5993),.UNSPECIFIED.,.F.,.F.,(4,1,1,4),(-5.99999999939187E-08,0.00188081544281524,0.00282125316422285,0.00376169088563047),.UNSPECIFIED.);
#180=B_SPLINE_CURVE_WITH_KNOTS('',3,(#5997,#5998,#5999,#6000,#6001,#6002,#6003,#6004,#6005,#6006,#6007,#6008,#6009),.UNSPECIFIED.,.F.,.F.,(4,1,1,1,1,1,1,1,1,1,4),(0.864385447100222,0.875,0.890625,0.90625,0.9140625,0.921875,0.9375,0.953125,0.96875,0.984375,1.),.UNSPECIFIED.);
#181=B_SPLINE_CURVE_WITH_KNOTS('',3,(#6021,#6022,#6023,#6024),.UNSPECIFIED.,.F.,.F.,(4,4),(2.11038219202008E-17,0.0025948638301755),.UNSPECIFIED.);
#182=B_SPLINE_CURVE_WITH_KNOTS('',3,(#6037,#6038,#6039,#6040),.UNSPECIFIED.,.F.,.F.,(4,4),(1.73472347597681E-18,0.00259325087169759),.UNSPECIFIED.);
#183=B_SPLINE_CURVE_WITH_KNOTS('',3,(#6046,#6047,#6048,#6049),.UNSPECIFIED.,.F.,.F.,(4,4),(-5.99999999994675E-08,0.00100831493398713),.UNSPECIFIED.);
#184=B_SPLINE_CURVE_WITH_KNOTS('',3,(#6065,#6066,#6067,#6068),.UNSPECIFIED.,.F.,.F.,(4,4),(0.,0.00259325087169711),.UNSPECIFIED.);
#185=B_SPLINE_CURVE_WITH_KNOTS('',3,(#6071,#6072,#6073,#6074),.UNSPECIFIED.,.F.,.F.,(4,4),(3.5762240613455E-18,0.00221771290309979),.UNSPECIFIED.);
#186=B_SPLINE_CURVE_WITH_KNOTS('',3,(#6088,#6089,#6090,#6091,#6092,#6093),.UNSPECIFIED.,.F.,.F.,(4,1,1,4),(-6.00000000050704E-08,0.00188081543737777,0.00282125315606666,0.00376169087475555),.UNSPECIFIED.);
#187=B_SPLINE_CURVE_WITH_KNOTS('',3,(#6094,#6095,#6096,#6097,#6098,#6099,#6100,#6101,#6102,#6103,#6104,#6105,#6106),.UNSPECIFIED.,.F.,.F.,(4,1,1,1,1,1,1,1,1,1,4),(0.36438544735016,0.375,0.390625,0.40625,0.4140625,0.421875,0.4375,0.453125,0.46875,0.484375,0.5),.UNSPECIFIED.);
#188=B_SPLINE_CURVE_WITH_KNOTS('',3,(#6108,#6109,#6110,#6111),.UNSPECIFIED.,.F.,.F.,(4,4),(-5.99999999854264E-08,0.00159622324879287),.UNSPECIFIED.);
#189=B_SPLINE_CURVE_WITH_KNOTS('',3,(#6114,#6115,#6116,#6117),.UNSPECIFIED.,.F.,.F.,(4,4),(-6.00000000370063E-08,0.00196413805841681),.UNSPECIFIED.);
#190=B_SPLINE_CURVE_WITH_KNOTS('',3,(#6120,#6121,#6122,#6123),.UNSPECIFIED.,.F.,.F.,(4,4),(1.73472347597681E-18,0.00221771290309967),.UNSPECIFIED.);
#191=B_SPLINE_CURVE_WITH_KNOTS('',3,(#6133,#6134,#6135,#6136),.UNSPECIFIED.,.F.,.F.,(4,4),(0.,0.0025932508716972),.UNSPECIFIED.);
#192=B_SPLINE_CURVE_WITH_KNOTS('',3,(#6139,#6140,#6141,#6142),.UNSPECIFIED.,.F.,.F.,(4,4),(-5.99999999876318E-08,0.000335540669897088),.UNSPECIFIED.);
#193=B_SPLINE_CURVE_WITH_KNOTS('',3,(#6145,#6146,#6147,#6148),.UNSPECIFIED.,.F.,.F.,(4,4),(-6.00000000031844E-08,0.00159614470450566),.UNSPECIFIED.);
#194=B_SPLINE_CURVE_WITH_KNOTS('',3,(#6158,#6159,#6160,#6161),.UNSPECIFIED.,.F.,.F.,(4,4),(0.,0.00259486383017589),.UNSPECIFIED.);
#195=B_SPLINE_CURVE_WITH_KNOTS('',3,(#6166,#6167,#6168,#6169),.UNSPECIFIED.,.F.,.F.,(4,4),(7.75791922889773E-18,0.00221771290394891),.UNSPECIFIED.);
#196=B_SPLINE_CURVE_WITH_KNOTS('',3,(#6172,#6173,#6174,#6175),.UNSPECIFIED.,.F.,.F.,(4,4),(-5.99999999162205E-08,9.75189420832971E-05),.UNSPECIFIED.);
#197=B_SPLINE_CURVE_WITH_KNOTS('',3,(#6178,#6179,#6180,#6181),.UNSPECIFIED.,.F.,.F.,(4,4),(-6.00000000107766E-08,0.00159622326901076),.UNSPECIFIED.);
#198=B_SPLINE_CURVE_WITH_KNOTS('',3,(#6184,#6185,#6186,#6187),.UNSPECIFIED.,.F.,.F.,(4,4),(0.,0.00212896339574226),.UNSPECIFIED.);
#199=B_SPLINE_CURVE_WITH_KNOTS('',3,(#6190,#6191,#6192,#6193),.UNSPECIFIED.,.F.,.F.,(4,4),(0.,0.00212902359083582),.UNSPECIFIED.);
#200=B_SPLINE_CURVE_WITH_KNOTS('',3,(#6195,#6196,#6197,#6198),.UNSPECIFIED.,.F.,.F.,(4,4),(0.,0.002128963395512),.UNSPECIFIED.);
#201=B_SPLINE_CURVE_WITH_KNOTS('',3,(#6200,#6201,#6202,#6203),.UNSPECIFIED.,.F.,.F.,(4,4),(0.,0.00212902359104666),.UNSPECIFIED.);
#202=B_SPLINE_CURVE_WITH_KNOTS('',3,(#6205,#6206,#6207,#6208),.UNSPECIFIED.,.F.,.F.,(4,4),(0.,0.00212896339519767),.UNSPECIFIED.);
#203=B_SPLINE_CURVE_WITH_KNOTS('',3,(#6210,#6211,#6212,#6213),.UNSPECIFIED.,.F.,.F.,(4,4),(0.,0.00212902359104692),.UNSPECIFIED.);
#204=B_SPLINE_CURVE_WITH_KNOTS('',3,(#6215,#6216,#6217,#6218),.UNSPECIFIED.,.F.,.F.,(4,4),(0.,0.00212896339519746),.UNSPECIFIED.);
#205=B_SPLINE_CURVE_WITH_KNOTS('',3,(#6220,#6221,#6222,#6223),.UNSPECIFIED.,.F.,.F.,(4,4),(0.,0.0021290235907469),.UNSPECIFIED.);
#206=B_SPLINE_CURVE_WITH_KNOTS('',3,(#6225,#6226,#6227,#6228),.UNSPECIFIED.,.F.,.F.,(4,4),(0.,0.00212896339539654),.UNSPECIFIED.);
#207=B_SPLINE_CURVE_WITH_KNOTS('',3,(#6230,#6231,#6232,#6233),.UNSPECIFIED.,.F.,.F.,(4,4),(0.,0.00212902359050928),.UNSPECIFIED.);
#208=B_SPLINE_CURVE_WITH_KNOTS('',3,(#6235,#6236,#6237,#6238),.UNSPECIFIED.,.F.,.F.,(4,4),(0.,0.00212896339574208),.UNSPECIFIED.);
#209=B_SPLINE_CURVE_WITH_KNOTS('',3,(#6240,#6241,#6242,#6243),.UNSPECIFIED.,.F.,.F.,(4,4),(0.,0.00212902359050903),.UNSPECIFIED.);
#210=B_SPLINE_CURVE_WITH_KNOTS('',3,(#6244,#6245,#6246,#6247),.UNSPECIFIED.,.F.,.F.,(4,4),(0.,0.00362696745784145),.UNSPECIFIED.);
#211=B_SPLINE_CURVE_WITH_KNOTS('',3,(#6250,#6251,#6252,#6253,#6254),.UNSPECIFIED.,.F.,.F.,(4,1,4),(0.,0.00131705943517983,0.00263411887035965),.UNSPECIFIED.);
#212=B_SPLINE_CURVE_WITH_KNOTS('',3,(#6256,#6257,#6258,#6259,#6260),.UNSPECIFIED.,.F.,.F.,(4,1,4),(0.,0.0013169065895694,0.00263381317913881),.UNSPECIFIED.);
#213=B_SPLINE_CURVE_WITH_KNOTS('',3,(#6261,#6262,#6263,#6264),.UNSPECIFIED.,.F.,.F.,(4,4),(0.,0.00362696745767938),.UNSPECIFIED.);
#214=B_SPLINE_CURVE_WITH_KNOTS('',3,(#6267,#6268,#6269,#6270,#6271),.UNSPECIFIED.,.F.,.F.,(4,1,4),(0.,0.00131705943494694,0.00263411886989387),.UNSPECIFIED.);
#215=B_SPLINE_CURVE_WITH_KNOTS('',3,(#6273,#6274,#6275,#6276,#6277),.UNSPECIFIED.,.F.,.F.,(4,1,4),(0.,0.00131690658944056,0.00263381317888111),.UNSPECIFIED.);
#216=B_SPLINE_CURVE_WITH_KNOTS('',3,(#6281,#6282,#6283,#6284),.UNSPECIFIED.,.F.,.F.,(4,4),(0.,0.00049760711976128),.UNSPECIFIED.);
#217=B_SPLINE_CURVE_WITH_KNOTS('',3,(#6286,#6287,#6288,#6289,#6290,#6291),.UNSPECIFIED.,.F.,.F.,(4,1,1,4),(0.,0.00112140110313035,0.00224280220626071,0.00448560441252141),.UNSPECIFIED.);
#218=B_SPLINE_CURVE_WITH_KNOTS('',3,(#6293,#6294,#6295,#6296),.UNSPECIFIED.,.F.,.F.,(4,4),(0.,0.00302252059694483),.UNSPECIFIED.);
#219=B_SPLINE_CURVE_WITH_KNOTS('',3,(#6298,#6299,#6300,#6301),.UNSPECIFIED.,.F.,.F.,(4,4),(0.,0.00302477485804199),.UNSPECIFIED.);
#220=B_SPLINE_CURVE_WITH_KNOTS('',3,(#6303,#6304,#6305,#6306),.UNSPECIFIED.,.F.,.F.,(4,4),(0.,0.00166999720032499),.UNSPECIFIED.);
#221=B_SPLINE_CURVE_WITH_KNOTS('',3,(#6307,#6308,#6309,#6310),.UNSPECIFIED.,.F.,.F.,(4,4),(0.,0.0036269674576788),.UNSPECIFIED.);
#222=B_SPLINE_CURVE_WITH_KNOTS('',3,(#6313,#6314,#6315,#6316,#6317),.UNSPECIFIED.,.F.,.F.,(4,1,4),(0.,0.00131705943494669,0.00263411886989337),.UNSPECIFIED.);
#223=B_SPLINE_CURVE_WITH_KNOTS('',3,(#6319,#6320,#6321,#6322,#6323),.UNSPECIFIED.,.F.,.F.,(4,1,4),(0.,0.00131690658944031,0.00263381317888061),.UNSPECIFIED.);
#224=B_SPLINE_CURVE_WITH_KNOTS('',3,(#6324,#6325,#6326,#6327),.UNSPECIFIED.,.F.,.F.,(4,4),(0.,0.003024774858455),.UNSPECIFIED.);
#225=B_SPLINE_CURVE_WITH_KNOTS('',3,(#6330,#6331,#6332,#6333,#6334,#6335),.UNSPECIFIED.,.F.,.F.,(4,1,1,4),(1.11076499342709E-17,0.00223743908201955,0.00335615862302932,0.00447487816403909),.UNSPECIFIED.);
#226=B_SPLINE_CURVE_WITH_KNOTS('',3,(#6337,#6338,#6339,#6340,#6341,#6342),.UNSPECIFIED.,.F.,.F.,(4,1,1,4),(0.,0.00112140110321235,0.0022428022064247,0.0044856044128494),.UNSPECIFIED.);
#227=B_SPLINE_CURVE_WITH_KNOTS('',3,(#6344,#6345,#6346,#6347),.UNSPECIFIED.,.F.,.F.,(4,4),(0.,0.00302252059735273),.UNSPECIFIED.);
#228=B_SPLINE_CURVE_WITH_KNOTS('',3,(#6348,#6349,#6350,#6351),.UNSPECIFIED.,.F.,.F.,(4,4),(0.,0.00362696745784196),.UNSPECIFIED.);
#229=B_SPLINE_CURVE_WITH_KNOTS('',3,(#6354,#6355,#6356,#6357,#6358),.UNSPECIFIED.,.F.,.F.,(4,1,4),(1.01522088571945E-17,0.00131705943517999,0.00263411887035996),.UNSPECIFIED.);
#230=B_SPLINE_CURVE_WITH_KNOTS('',3,(#6360,#6361,#6362,#6363,#6364),.UNSPECIFIED.,.F.,.F.,(4,1,4),(0.,0.00131690658956962,0.00263381317913924),.UNSPECIFIED.);
#231=B_SPLINE_CURVE_WITH_KNOTS('',3,(#6368,#6369,#6370,#6371),.UNSPECIFIED.,.F.,.F.,(4,4),(0.,0.0006736523979715),.UNSPECIFIED.);
#232=B_SPLINE_CURVE_WITH_KNOTS('',3,(#6373,#6374,#6375,#6376,#6377,#6378),.UNSPECIFIED.,.F.,.F.,(4,1,1,4),(0.,0.00112140110313034,0.00224280220626068,0.00448560441252136),.UNSPECIFIED.);
#233=B_SPLINE_CURVE_WITH_KNOTS('',3,(#6380,#6381,#6382,#6383),.UNSPECIFIED.,.F.,.F.,(4,4),(0.,0.00302252059694521),.UNSPECIFIED.);
#234=B_SPLINE_CURVE_WITH_KNOTS('',3,(#6385,#6386,#6387,#6388),.UNSPECIFIED.,.F.,.F.,(4,4),(0.,0.00302477485804152),.UNSPECIFIED.);
#235=B_SPLINE_CURVE_WITH_KNOTS('',3,(#6390,#6391,#6392,#6393),.UNSPECIFIED.,.F.,.F.,(4,4),(0.,0.00148563903325997),.UNSPECIFIED.);
#236=B_SPLINE_CURVE_WITH_KNOTS('',3,(#6394,#6395,#6396,#6397,#6398),.UNSPECIFIED.,.F.,.F.,(4,1,4),(0.,0.00131705943493814,0.00263411886987628),.UNSPECIFIED.);
#237=B_SPLINE_CURVE_WITH_KNOTS('',3,(#6401,#6402,#6403,#6404,#6405),.UNSPECIFIED.,.F.,.F.,(4,1,4),(0.,0.00131690658962652,0.00263381317925303),.UNSPECIFIED.);
#238=B_SPLINE_CURVE_WITH_KNOTS('',3,(#6407,#6408,#6409,#6410),.UNSPECIFIED.,.F.,.F.,(4,4),(0.,0.00362696745776367),.UNSPECIFIED.);
#239=B_SPLINE_CURVE_WITH_KNOTS('',3,(#6411,#6412,#6413,#6414,#6415,#6416),.UNSPECIFIED.,.F.,.F.,(4,1,1,4),(0.,0.00223743908201954,0.0033561586230293,0.00447487816403907),.UNSPECIFIED.);
#240=B_SPLINE_CURVE_WITH_KNOTS('',3,(#6419,#6420,#6421,#6422,#6423),.UNSPECIFIED.,.F.,.F.,(4,1,4),(0.,0.000590177176672261,0.00118035435334452),.UNSPECIFIED.);
#241=B_SPLINE_CURVE_WITH_KNOTS('',3,(#6427,#6428,#6429,#6430),.UNSPECIFIED.,.F.,.F.,(4,4),(0.,0.000962873730316835),.UNSPECIFIED.);
#242=B_SPLINE_CURVE_WITH_KNOTS('',3,(#6432,#6433,#6434,#6435),.UNSPECIFIED.,.F.,.F.,(4,4),(0.,0.00302252059735234),.UNSPECIFIED.);
#243=B_SPLINE_CURVE_WITH_KNOTS('',3,(#6437,#6438,#6439,#6440),.UNSPECIFIED.,.F.,.F.,(4,4),(0.,0.00302477485845544),.UNSPECIFIED.);
#244=B_SPLINE_CURVE_WITH_KNOTS('',3,(#6441,#6442,#6443,#6444),.UNSPECIFIED.,.F.,.F.,(4,4),(0.,0.0030247748584554),.UNSPECIFIED.);
#245=B_SPLINE_CURVE_WITH_KNOTS('',3,(#6447,#6448,#6449,#6450,#6451,#6452),.UNSPECIFIED.,.F.,.F.,(4,1,1,4),(5.55382496713543E-18,0.00223743908201964,0.00335615862302946,0.00447487816403927),.UNSPECIFIED.);
#246=B_SPLINE_CURVE_WITH_KNOTS('',3,(#6454,#6455,#6456,#6457,#6458,#6459),.UNSPECIFIED.,.F.,.F.,(4,1,1,4),(0.,0.00112140110321238,0.00224280220642476,0.00448560441284953),.UNSPECIFIED.);
#247=B_SPLINE_CURVE_WITH_KNOTS('',3,(#6461,#6462,#6463,#6464),.UNSPECIFIED.,.F.,.F.,(4,4),(0.,0.00302252059735242),.UNSPECIFIED.);
#248=B_SPLINE_CURVE_WITH_KNOTS('',3,(#6465,#6466,#6467,#6468,#6469),.UNSPECIFIED.,.F.,.F.,(4,1,4),(0.,0.00131705943516121,0.00263411887032243),.UNSPECIFIED.);
#249=B_SPLINE_CURVE_WITH_KNOTS('',3,(#6472,#6473,#6474,#6475,#6476),.UNSPECIFIED.,.F.,.F.,(4,1,4),(0.,0.00131690658943173,0.00263381317886347),.UNSPECIFIED.);
#250=B_SPLINE_CURVE_WITH_KNOTS('',3,(#6478,#6479,#6480,#6481),.UNSPECIFIED.,.F.,.F.,(4,4),(0.,0.00362696745775909),.UNSPECIFIED.);
#251=B_SPLINE_CURVE_WITH_KNOTS('',3,(#6482,#6483,#6484,#6485,#6486,#6487),.UNSPECIFIED.,.F.,.F.,(4,1,1,4),(0.,0.00223743908193606,0.00335615862290409,0.00447487816387211),.UNSPECIFIED.);
#252=B_SPLINE_CURVE_WITH_KNOTS('',3,(#6490,#6491,#6492,#6493,#6494,#6495),.UNSPECIFIED.,.F.,.F.,(4,1,1,4),(0.,0.00112140110313029,0.00224280220626058,0.00448560441252116),.UNSPECIFIED.);
#253=B_SPLINE_CURVE_WITH_KNOTS('',3,(#6497,#6498,#6499,#6500),.UNSPECIFIED.,.F.,.F.,(4,4),(0.,0.00302252059694536),.UNSPECIFIED.);
#254=B_SPLINE_CURVE_WITH_KNOTS('',3,(#6502,#6503,#6504,#6505),.UNSPECIFIED.,.F.,.F.,(4,4),(0.,0.0030247748580415),.UNSPECIFIED.);
#255=B_SPLINE_CURVE_WITH_KNOTS('',3,(#6506,#6507,#6508,#6509),.UNSPECIFIED.,.F.,.F.,(4,4),(0.,0.00110571795015031),.UNSPECIFIED.);
#256=B_SPLINE_CURVE_WITH_KNOTS('',3,(#6514,#6515,#6516,#6517,#6518,#6519,#6520,#6521,#6522),.UNSPECIFIED.,.F.,.F.,(4,1,1,1,1,1,4),(0.,0.000819827719416078,0.00163965543883216,0.00245948315824823,0.00327931087766431,0.00491896631649647,0.00655862175532862),.UNSPECIFIED.);
#257=B_SPLINE_CURVE_WITH_KNOTS('',3,(#6524,#6525,#6526,#6527,#6528,#6529,#6530),.UNSPECIFIED.,.F.,.F.,(4,1,1,1,4),(0.,0.00147921713676933,0.00295843427353867,0.004437651410308,0.00591686854707733),.UNSPECIFIED.);
#258=B_SPLINE_CURVE_WITH_KNOTS('',3,(#6534,#6535,#6536,#6537),.UNSPECIFIED.,.F.,.F.,(4,4),(0.,0.00166239093805403),.UNSPECIFIED.);
#259=B_SPLINE_CURVE_WITH_KNOTS('',3,(#6539,#6540,#6541,#6542,#6543,#6544,#6545),.UNSPECIFIED.,.F.,.F.,(4,1,1,1,4),(0.,0.00143048809651013,0.00286097619302027,0.0042914642895304,0.00572195238604053),.UNSPECIFIED.);
#260=B_SPLINE_CURVE_WITH_KNOTS('',3,(#6549,#6550,#6551,#6552),.UNSPECIFIED.,.F.,.F.,(4,4),(0.,0.00186074210467495),.UNSPECIFIED.);
#261=B_SPLINE_CURVE_WITH_KNOTS('',3,(#6554,#6555,#6556,#6557,#6558,#6559,#6560,#6561,#6562,#6563,#6564),.UNSPECIFIED.,.F.,.F.,(4,1,1,1,1,1,1,1,4),(0.,0.00125179935144505,0.00250359870289009,0.00375539805433514,0.00500719740578018,0.00625899675722523,0.00751079610867027,0.00876259546011532,0.0100143948115604),.UNSPECIFIED.);
#262=B_SPLINE_CURVE_WITH_KNOTS('',3,(#6566,#6567,#6568,#6569,#6570,#6571,#6572,#6573,#6574,#6575,#6576),.UNSPECIFIED.,.F.,.F.,(4,1,1,1,1,1,1,1,4),(0.,0.00125179935144496,0.00250359870288991,0.00375539805433487,0.00500719740577983,0.00625899675722479,0.00751079610866974,0.0087625954601147,0.0100143948115597),.UNSPECIFIED.);
#263=B_SPLINE_CURVE_WITH_KNOTS('',3,(#6578,#6579,#6580,#6581,#6582,#6583,#6584,#6585,#6586,#6587,#6588),.UNSPECIFIED.,.F.,.F.,(4,1,1,1,1,1,1,1,4),(0.,0.001251799351445,0.00250359870289001,0.00375539805433501,0.00500719740578002,0.00625899675722502,0.00751079610867003,0.00876259546011503,0.01001439481156),.UNSPECIFIED.);
#264=B_SPLINE_CURVE_WITH_KNOTS('',3,(#6639,#6640,#6641,#6642),.UNSPECIFIED.,.F.,.F.,(4,4),(0.,0.000508611114778606),.UNSPECIFIED.);
#265=B_SPLINE_CURVE_WITH_KNOTS('',3,(#6643,#6644,#6645,#6646),.UNSPECIFIED.,.F.,.F.,(4,4),(0.,0.000521524393003641),.UNSPECIFIED.);
#266=B_SPLINE_CURVE_WITH_KNOTS('',3,(#6659,#6660,#6661,#6662),.UNSPECIFIED.,.F.,.F.,(4,4),(0.,0.00053885408876084),.UNSPECIFIED.);
#267=B_SPLINE_CURVE_WITH_KNOTS('',3,(#6687,#6688,#6689,#6690),.UNSPECIFIED.,.F.,.F.,(4,4),(0.,0.000538854088760717),.UNSPECIFIED.);
#268=B_SPLINE_CURVE_WITH_KNOTS('',3,(#6730,#6731,#6732,#6733),.UNSPECIFIED.,.F.,.F.,(4,4),(0.,0.000538854088760795),.UNSPECIFIED.);
#269=B_SPLINE_CURVE_WITH_KNOTS('',3,(#6746,#6747,#6748,#6749),.UNSPECIFIED.,.F.,.F.,(4,4),(0.,0.000522008385415985),.UNSPECIFIED.);
#270=B_SPLINE_CURVE_WITH_KNOTS('',3,(#6789,#6790,#6791,#6792),.UNSPECIFIED.,.F.,.F.,(4,4),(0.,0.000538854088760883),.UNSPECIFIED.);
#271=B_SPLINE_CURVE_WITH_KNOTS('',3,(#6794,#6795,#6796,#6797),.UNSPECIFIED.,.F.,.F.,(4,4),(0.,0.000510669622458962),.UNSPECIFIED.);
#272=B_SPLINE_CURVE_WITH_KNOTS('',3,(#6837,#6838,#6839,#6840),.UNSPECIFIED.,.F.,.F.,(4,4),(3.46944695195361E-18,0.000538854088760794),.UNSPECIFIED.);
#273=B_SPLINE_CURVE_WITH_KNOTS('',3,(#6868,#6869,#6870,#6871),.UNSPECIFIED.,.F.,.F.,(4,4),(0.,0.000538854088760856),.UNSPECIFIED.);
#274=B_SPLINE_CURVE_WITH_KNOTS('',3,(#6884,#6885,#6886,#6887),.UNSPECIFIED.,.F.,.F.,(4,4),(3.46944695195361E-18,0.000523835556612009),.UNSPECIFIED.);
#275=B_SPLINE_CURVE_WITH_KNOTS('',3,(#6915,#6916,#6917,#6918),.UNSPECIFIED.,.F.,.F.,(4,4),(0.,0.000515753011500151),.UNSPECIFIED.);
#276=B_SPLINE_CURVE_WITH_KNOTS('',3,(#6932,#6933,#6934,#6935),.UNSPECIFIED.,.F.,.F.,(4,4),(0.,0.000488569114869865),.UNSPECIFIED.);
#277=B_SPLINE_CURVE_WITH_KNOTS('',3,(#6936,#6937,#6938,#6939,#6940),.UNSPECIFIED.,.F.,.F.,(4,1,4),(0.,0.000304450446088221,0.000608900892176441),.UNSPECIFIED.);
#278=B_SPLINE_CURVE_WITH_KNOTS('',3,(#6972,#6973,#6974,#6975,#6976),.UNSPECIFIED.,.F.,.F.,(4,1,4),(1.47563572913734E-12,0.000304450452506078,0.00060890090353652),.UNSPECIFIED.);
#279=B_SPLINE_CURVE_WITH_KNOTS('',3,(#6992,#6993,#6994,#6995,#6996),.UNSPECIFIED.,.F.,.F.,(4,1,4),(0.,0.000288316101029895,0.00057663220205979),.UNSPECIFIED.);
#280=B_SPLINE_CURVE_WITH_KNOTS('',3,(#7009,#7010,#7011,#7012),.UNSPECIFIED.,.F.,.F.,(4,4),(0.,0.000547549471963557),.UNSPECIFIED.);
#281=B_SPLINE_CURVE_WITH_KNOTS('',3,(#7026,#7027,#7028,#7029,#7030),.UNSPECIFIED.,.F.,.F.,(4,1,4),(0.,0.000304450445490695,0.000608900890981389),.UNSPECIFIED.);
#282=B_SPLINE_CURVE_WITH_KNOTS('',3,(#7031,#7032,#7033,#7034),.UNSPECIFIED.,.F.,.F.,(4,4),(0.,0.000488569114869704),.UNSPECIFIED.);
#283=B_SPLINE_CURVE_WITH_KNOTS('',3,(#7047,#7048,#7049,#7050,#7051),.UNSPECIFIED.,.F.,.F.,(4,1,4),(3.46944695195361E-18,0.000304450445949936,0.000608900891899869),.UNSPECIFIED.);
#284=B_SPLINE_CURVE_WITH_KNOTS('',3,(#7083,#7084,#7085,#7086),.UNSPECIFIED.,.F.,.F.,(4,4),(1.07899800205757E-15,0.000550922184330718),.UNSPECIFIED.);
#285=B_SPLINE_CURVE_WITH_KNOTS('',3,(#7102,#7103,#7104,#7105,#7106),.UNSPECIFIED.,.F.,.F.,(4,1,4),(0.,0.000303472002436431,0.000606944004872861),.UNSPECIFIED.);
#286=B_SPLINE_CURVE_WITH_KNOTS('',3,(#7120,#7121,#7122,#7123,#7124),.UNSPECIFIED.,.F.,.F.,(4,1,4),(0.,0.000304450445490657,0.000608900890981314),.UNSPECIFIED.);
#287=B_SPLINE_CURVE_WITH_KNOTS('',3,(#7125,#7126,#7127,#7128),.UNSPECIFIED.,.F.,.F.,(4,4),(0.,0.000488569114869684),.UNSPECIFIED.);
#288=B_SPLINE_CURVE_WITH_KNOTS('',3,(#7141,#7142,#7143,#7144,#7145),.UNSPECIFIED.,.F.,.F.,(4,1,4),(7.152448122691E-18,0.000304450445949925,0.000608900891899843),.UNSPECIFIED.);
#289=B_SPLINE_CURVE_WITH_KNOTS('',3,(#7177,#7178,#7179,#7180,#7181),.UNSPECIFIED.,.F.,.F.,(4,1,4),(0.,0.000276255544499006,0.000552511088998011),.UNSPECIFIED.);
#290=B_SPLINE_CURVE_WITH_KNOTS('',3,(#7194,#7195,#7196,#7197,#7198),.UNSPECIFIED.,.F.,.F.,(4,1,4),(0.,0.00031135784043237,0.000622715680864739),.UNSPECIFIED.);
#291=B_SPLINE_CURVE_WITH_KNOTS('',3,(#7212,#7213,#7214,#7215,#7216,#7217),.UNSPECIFIED.,.F.,.F.,(4,1,1,4),(3.46944695195361E-18,0.000225804425422473,0.000451608850844942,0.000903217701689881),.UNSPECIFIED.);
#292=B_SPLINE_CURVE_WITH_KNOTS('',3,(#7218,#7219,#7220,#7221,#7222,#7223),.UNSPECIFIED.,.F.,.F.,(4,1,1,4),(2.02834107048919E-13,0.000225804426587607,0.00045160885297238,0.000903217705741926),.UNSPECIFIED.);
#293=B_SPLINE_CURVE_WITH_KNOTS('',3,(#7239,#7240,#7241,#7242,#7243),.UNSPECIFIED.,.F.,.F.,(4,1,4),(7.37841288961105E-14,0.000278281492191477,0.00055656298430917),.UNSPECIFIED.);
#294=B_SPLINE_CURVE_WITH_KNOTS('',3,(#7272,#7273,#7274,#7275),.UNSPECIFIED.,.F.,.F.,(4,4),(9.17727625259022E-13,0.000490821088206873),.UNSPECIFIED.);
#295=B_SPLINE_CURVE_WITH_KNOTS('',3,(#7301,#7302,#7303,#7304),.UNSPECIFIED.,.F.,.F.,(4,4),(1.29345151235938E-12,0.00049082109962634),.UNSPECIFIED.);
#296=B_SPLINE_CURVE_WITH_KNOTS('',3,(#7317,#7318,#7319,#7320),.UNSPECIFIED.,.F.,.F.,(4,4),(1.29655398358021E-12,0.000490821099536562),.UNSPECIFIED.);
#297=B_SPLINE_CURVE_WITH_KNOTS('',3,(#7359,#7360,#7361,#7362),.UNSPECIFIED.,.F.,.F.,(4,4),(0.,0.00049082109290582),.UNSPECIFIED.);
#298=B_SPLINE_CURVE_WITH_KNOTS('',3,(#7375,#7376,#7377,#7378),.UNSPECIFIED.,.F.,.F.,(4,4),(8.46541255524561E-13,0.000490821088464643),.UNSPECIFIED.);
#299=B_SPLINE_CURVE_WITH_KNOTS('',3,(#7417,#7418,#7419,#7420),.UNSPECIFIED.,.F.,.F.,(4,4),(8.46531000875854E-13,0.000490821088574411),.UNSPECIFIED.);
#300=B_SPLINE_CURVE_WITH_KNOTS('',3,(#7448,#7449,#7450,#7451,#7452),.UNSPECIFIED.,.F.,.F.,(4,1,4),(8.16919758073901E-14,0.000278281492259206,0.000556562984436719),.UNSPECIFIED.);
#301=B_SPLINE_CURVE_WITH_KNOTS('',3,(#7453,#7454,#7455,#7456,#7457,#7458),.UNSPECIFIED.,.F.,.F.,(4,1,1,4),(2.02841567784103E-13,0.00022580442658758,0.000451608852972319,0.000903217705741797),.UNSPECIFIED.);
#302=B_SPLINE_CURVE_WITH_KNOTS('',3,(#7471,#7472,#7473,#7474,#7475,#7476),.UNSPECIFIED.,.F.,.F.,(4,1,1,4),(3.5762240613455E-18,0.000225804425440137,0.00045160885088027,0.000903217701760536),.UNSPECIFIED.);
#303=B_SPLINE_CURVE_WITH_KNOTS('',3,(#7504,#7505,#7506,#7507),.UNSPECIFIED.,.F.,.F.,(4,4),(0.,0.000488569114869736),.UNSPECIFIED.);
#304=B_SPLINE_CURVE_WITH_KNOTS('',3,(#7508,#7509,#7510,#7511,#7512),.UNSPECIFIED.,.F.,.F.,(4,1,4),(0.,0.000304450451768264,0.000608900903536529),.UNSPECIFIED.);
#305=B_SPLINE_CURVE_WITH_KNOTS('',3,(#7544,#7545,#7546,#7547,#7548),.UNSPECIFIED.,.F.,.F.,(4,1,4),(0.,0.000304450446088146,0.000608900892176292),.UNSPECIFIED.);
#306=B_SPLINE_CURVE_WITH_KNOTS('',3,(#7579,#7580,#7581,#7582,#7583,#7584),.UNSPECIFIED.,.F.,.F.,(4,1,1,4),(2.02841250531253E-13,0.000225804426587685,0.00045160885297253,0.000903217705742218),.UNSPECIFIED.);
#307=B_SPLINE_CURVE_WITH_KNOTS('',3,(#7585,#7586,#7587,#7588,#7589,#7590),.UNSPECIFIED.,.F.,.F.,(4,1,1,4),(0.,0.000225804425422416,0.000451608850844833,0.000903217701689666),.UNSPECIFIED.);
#308=B_SPLINE_CURVE_WITH_KNOTS('',3,(#7606,#7607,#7608,#7609,#7610),.UNSPECIFIED.,.F.,.F.,(4,1,4),(0.,0.000278281484472125,0.00055656296894425),.UNSPECIFIED.);
#309=B_SPLINE_CURVE_WITH_KNOTS('',3,(#7641,#7642,#7643,#7644,#7645),.UNSPECIFIED.,.F.,.F.,(4,1,4),(0.,0.000278281485402663,0.000556562970805326),.UNSPECIFIED.);
#310=B_SPLINE_CURVE_WITH_KNOTS('',3,(#7646,#7647,#7648,#7649,#7650,#7651),.UNSPECIFIED.,.F.,.F.,(4,1,1,4),(0.,0.000225804425422397,0.000451608850844794,0.000903217701689589),.UNSPECIFIED.);
#311=B_SPLINE_CURVE_WITH_KNOTS('',3,(#7664,#7665,#7666,#7667,#7668,#7669),.UNSPECIFIED.,.F.,.F.,(4,1,1,4),(3.28394654477004E-16,0.000225804425420968,0.000451608850841608,0.000903217701682888),.UNSPECIFIED.);
#312=B_SPLINE_CURVE_WITH_KNOTS('',3,(#7700,#7701,#7702,#7703,#7704),.UNSPECIFIED.,.F.,.F.,(4,1,4),(9.04556251403671E-13,0.000278281489961351,0.000556562979018146),.UNSPECIFIED.);
#313=B_SPLINE_CURVE_WITH_KNOTS('',3,(#7705,#7706,#7707,#7708,#7709,#7710),.UNSPECIFIED.,.F.,.F.,(4,1,1,4),(2.02873160689439E-13,0.000225804426587653,0.000451608852972432,0.000903217705741991),.UNSPECIFIED.);
#314=B_SPLINE_CURVE_WITH_KNOTS('',3,(#7723,#7724,#7725,#7726,#7727,#7728),.UNSPECIFIED.,.F.,.F.,(4,1,1,4),(3.89444454473927E-17,0.000225804425440206,0.000451608850880372,0.000903217701760706),.UNSPECIFIED.);
#315=B_SPLINE_CURVE_WITH_KNOTS('',3,(#7756,#7757,#7758,#7759),.UNSPECIFIED.,.F.,.F.,(4,4),(0.,0.000488569114869853),.UNSPECIFIED.);
#316=B_SPLINE_CURVE_WITH_KNOTS('',3,(#7760,#7761,#7762,#7763,#7764),.UNSPECIFIED.,.F.,.F.,(4,1,4),(0.,0.00030445045176829,0.00060890090353658),.UNSPECIFIED.);
#317=B_SPLINE_CURVE_WITH_KNOTS('',3,(#7796,#7797,#7798,#7799,#7800),.UNSPECIFIED.,.F.,.F.,(4,1,4),(0.,0.000304450446088173,0.000608900892176345),.UNSPECIFIED.);
#318=B_SPLINE_CURVE_WITH_KNOTS('',3,(#7834,#7835,#7836,#7837,#7838),.UNSPECIFIED.,.F.,.F.,(4,1,4),(0.,0.000278281484316778,0.000556562968633556),.UNSPECIFIED.);
#319=B_SPLINE_CURVE_WITH_KNOTS('',3,(#7839,#7840,#7841,#7842,#7843,#7844),.UNSPECIFIED.,.F.,.F.,(4,1,1,4),(3.77456854357665E-16,0.000225804425420922,0.000451608850841466,0.000903217701682555),.UNSPECIFIED.);
#320=B_SPLINE_CURVE_WITH_KNOTS('',3,(#7857,#7858,#7859,#7860,#7861,#7862),.UNSPECIFIED.,.F.,.F.,(4,1,1,4),(3.77456854357665E-16,0.000225804425420964,0.000451608850841551,0.000903217701682724),.UNSPECIFIED.);
#321=B_SPLINE_CURVE_WITH_KNOTS('',3,(#7890,#7891,#7892,#7893,#7894),.UNSPECIFIED.,.F.,.F.,(4,1,4),(0.,0.000304450445949922,0.000608900891899844),.UNSPECIFIED.);
#322=B_SPLINE_CURVE_WITH_KNOTS('',3,(#7895,#7896,#7897,#7898),.UNSPECIFIED.,.F.,.F.,(4,4),(0.,0.000488569114869673),.UNSPECIFIED.);
#323=B_SPLINE_CURVE_WITH_KNOTS('',3,(#7911,#7912,#7913,#7914,#7915),.UNSPECIFIED.,.F.,.F.,(4,1,4),(0.,0.000304450445490679,0.000608900890981358),.UNSPECIFIED.);
#324=B_SPLINE_CURVE_WITH_KNOTS('',3,(#7955,#7956,#7957,#7958,#7959),.UNSPECIFIED.,.F.,.F.,(4,1,4),(0.,0.000585340457370838,0.00117068091474168),.UNSPECIFIED.);
#325=B_SPLINE_CURVE_WITH_KNOTS('',3,(#7961,#7962,#7963,#7964,#7965),.UNSPECIFIED.,.F.,.F.,(4,1,4),(0.,0.000585340457370838,0.00117068091474168),.UNSPECIFIED.);
#326=CYLINDRICAL_SURFACE('',#3797,0.00125);
#327=CYLINDRICAL_SURFACE('',#3800,0.00125);
#328=CYLINDRICAL_SURFACE('',#3803,0.00125);
#329=CYLINDRICAL_SURFACE('',#3806,0.00125);
#330=CYLINDRICAL_SURFACE('',#3821,0.004);
#331=CYLINDRICAL_SURFACE('',#3845,0.0196345991951607);
#332=CYLINDRICAL_SURFACE('',#3847,0.0139907138846304);
#333=CYLINDRICAL_SURFACE('',#3850,0.0139907139120551);
#334=CYLINDRICAL_SURFACE('',#3852,0.0139907139318979);
#335=CYLINDRICAL_SURFACE('',#3856,0.0196345991952748);
#336=CYLINDRICAL_SURFACE('',#3858,0.0139907139246708);
#337=CYLINDRICAL_SURFACE('',#3860,0.0183565960426138);
#338=CYLINDRICAL_SURFACE('',#3862,0.018356596052572);
#339=CYLINDRICAL_SURFACE('',#3864,0.0183565960418241);
#340=CYLINDRICAL_SURFACE('',#3866,0.0183565960426212);
#341=CYLINDRICAL_SURFACE('',#3868,0.0183565960526661);
#342=CYLINDRICAL_SURFACE('',#3870,0.0183565960422844);
#343=CYLINDRICAL_SURFACE('',#3872,0.0183565960526563);
#344=CYLINDRICAL_SURFACE('',#3874,0.0183565960388084);
#345=CYLINDRICAL_SURFACE('',#3876,0.0183565960527119);
#346=CYLINDRICAL_SURFACE('',#3878,0.0183565960491725);
#347=CYLINDRICAL_SURFACE('',#3880,0.0183565960390567);
#348=CYLINDRICAL_SURFACE('',#3882,0.0139907139246716);
#349=CYLINDRICAL_SURFACE('',#3884,0.0139907139024046);
#350=CYLINDRICAL_SURFACE('',#3889,0.0015);
#351=CYLINDRICAL_SURFACE('',#3892,0.0139907139099886);
#352=CYLINDRICAL_SURFACE('',#3894,0.0196345991951126);
#353=CYLINDRICAL_SURFACE('',#3897,0.00853935549838086);
#354=CYLINDRICAL_SURFACE('',#3899,0.0015);
#355=CYLINDRICAL_SURFACE('',#3902,0.00118107596702563);
#356=CYLINDRICAL_SURFACE('',#3904,0.0015);
#357=CYLINDRICAL_SURFACE('',#3906,0.0106345051331945);
#358=CYLINDRICAL_SURFACE('',#3907,0.0015);
#359=CYLINDRICAL_SURFACE('',#3909,0.0139907139149396);
#360=CYLINDRICAL_SURFACE('',#3911,0.0139907139119145);
#361=CYLINDRICAL_SURFACE('',#3915,0.00829109236215209);
#362=CYLINDRICAL_SURFACE('',#3917,0.0015);
#363=CYLINDRICAL_SURFACE('',#3921,0.0196345991952748);
#364=CYLINDRICAL_SURFACE('',#3923,0.0139907139322315);
#365=CYLINDRICAL_SURFACE('',#3925,0.0183565960526468);
#366=CYLINDRICAL_SURFACE('',#3927,0.0196345991952746);
#367=CYLINDRICAL_SURFACE('',#3930,0.00923869815833185);
#368=CYLINDRICAL_SURFACE('',#3932,0.0139907139323061);
#369=CYLINDRICAL_SURFACE('',#3935,0.0015);
#370=CYLINDRICAL_SURFACE('',#3937,0.0196345991951609);
#371=CYLINDRICAL_SURFACE('',#3939,0.00115891663727265);
#372=CYLINDRICAL_SURFACE('',#3941,0.0139907139119077);
#373=CYLINDRICAL_SURFACE('',#3963,0.001);
#374=CYLINDRICAL_SURFACE('',#3965,0.001);
#375=CYLINDRICAL_SURFACE('',#3967,0.001);
#376=CYLINDRICAL_SURFACE('',#3974,0.001);
#377=CYLINDRICAL_SURFACE('',#3976,0.001);
#378=CYLINDRICAL_SURFACE('',#3978,0.001);
#379=CYLINDRICAL_SURFACE('',#3982,0.001);
#380=CYLINDRICAL_SURFACE('',#3983,0.0005);
#381=CYLINDRICAL_SURFACE('',#3990,0.0005);
#382=CYLINDRICAL_SURFACE('',#3992,0.0005);
#383=CYLINDRICAL_SURFACE('',#3998,0.0005);
#384=CYLINDRICAL_SURFACE('',#4017,0.001);
#385=CYLINDRICAL_SURFACE('',#4019,0.001);
#386=CYLINDRICAL_SURFACE('',#4023,0.001);
#387=CYLINDRICAL_SURFACE('',#4024,0.0005);
#388=CYLINDRICAL_SURFACE('',#4026,0.0005);
#389=CYLINDRICAL_SURFACE('',#4028,0.0005);
#390=CYLINDRICAL_SURFACE('',#4029,0.0005);
#391=CYLINDRICAL_SURFACE('',#4030,0.000499999999999992);
#392=CYLINDRICAL_SURFACE('',#4032,0.0005);
#393=ELLIPSE('',#3773,0.00940999796235315,0.0045);
#394=ELLIPSE('',#3774,0.00940999796235315,0.0045);
#395=ELLIPSE('',#3776,0.00940999796235315,0.0045);
#396=ELLIPSE('',#3777,0.00940999796235317,0.0045);
#397=ELLIPSE('',#3780,0.00940999796235315,0.0045);
#398=ELLIPSE('',#3781,0.00940999796235315,0.0045);
#399=ELLIPSE('',#3782,0.00940999796235317,0.0045);
#400=ELLIPSE('',#3783,0.00940999796235315,0.0045);
#401=ELLIPSE('',#3849,0.00940999796235315,0.0045);
#402=ELLIPSE('',#3854,0.00940999796235317,0.0045);
#403=ELLIPSE('',#3855,0.00940999796235315,0.0045);
#404=ELLIPSE('',#3886,0.00940999796235315,0.0045);
#405=ELLIPSE('',#3887,0.00940999796235315,0.0045);
#406=ELLIPSE('',#3888,0.00940999796235315,0.0045);
#407=ELLIPSE('',#3896,0.00940999796235315,0.0045);
#408=ELLIPSE('',#3913,0.00940999796235315,0.0045);
#409=ELLIPSE('',#3914,0.00940999796235317,0.0045);
#410=ELLIPSE('',#3920,0.00940999796235315,0.0045);
#411=ELLIPSE('',#3929,0.00940999796235317,0.0045);
#412=ELLIPSE('',#3934,0.00940999796235317,0.0045);
#413=ELLIPSE('',#3975,0.00141421356237309,0.001);
#414=ELLIPSE('',#4025,0.000707106781186548,0.0005);
#415=ELLIPSE('',#4027,0.000707106781186548,0.0005);
#416=LINE('',#4802,#622);
#417=LINE('',#4804,#623);
#418=LINE('',#4806,#624);
#419=LINE('',#4808,#625);
#420=LINE('',#4810,#626);
#421=LINE('',#4812,#627);
#422=LINE('',#4814,#628);
#423=LINE('',#4818,#629);
#424=LINE('',#4820,#630);
#425=LINE('',#4825,#631);
#426=LINE('',#4829,#632);
#427=LINE('',#4831,#633);
#428=LINE('',#4833,#634);
#429=LINE('',#4835,#635);
#430=LINE('',#4837,#636);
#431=LINE('',#4839,#637);
#432=LINE('',#4849,#638);
#433=LINE('',#4850,#639);
#434=LINE('',#4852,#640);
#435=LINE('',#4854,#641);
#436=LINE('',#4855,#642);
#437=LINE('',#4856,#643);
#438=LINE('',#4860,#644);
#439=LINE('',#4864,#645);
#440=LINE('',#4868,#646);
#441=LINE('',#4871,#647);
#442=LINE('',#4873,#648);
#443=LINE('',#4875,#649);
#444=LINE('',#4904,#650);
#445=LINE('',#4908,#651);
#446=LINE('',#4912,#652);
#447=LINE('',#4916,#653);
#448=LINE('',#4917,#654);
#449=LINE('',#4920,#655);
#450=LINE('',#4922,#656);
#451=LINE('',#4924,#657);
#452=LINE('',#4925,#658);
#453=LINE('',#4928,#659);
#454=LINE('',#4930,#660);
#455=LINE('',#4932,#661);
#456=LINE('',#4934,#662);
#457=LINE('',#4936,#663);
#458=LINE('',#4938,#664);
#459=LINE('',#4940,#665);
#460=LINE('',#4943,#666);
#461=LINE('',#4946,#667);
#462=LINE('',#4948,#668);
#463=LINE('',#4950,#669);
#464=LINE('',#4952,#670);
#465=LINE('',#4954,#671);
#466=LINE('',#4956,#672);
#467=LINE('',#4958,#673);
#468=LINE('',#4960,#674);
#469=LINE('',#4962,#675);
#470=LINE('',#4964,#676);
#471=LINE('',#4966,#677);
#472=LINE('',#4968,#678);
#473=LINE('',#4970,#679);
#474=LINE('',#4972,#680);
#475=LINE('',#4974,#681);
#476=LINE('',#4976,#682);
#477=LINE('',#4994,#683);
#478=LINE('',#4997,#684);
#479=LINE('',#4999,#685);
#480=LINE('',#5001,#686);
#481=LINE('',#5003,#687);
#482=LINE('',#5005,#688);
#483=LINE('',#5008,#689);
#484=LINE('',#5010,#690);
#485=LINE('',#5017,#691);
#486=LINE('',#5018,#692);
#487=LINE('',#5020,#693);
#488=LINE('',#5022,#694);
#489=LINE('',#5024,#695);
#490=LINE('',#5026,#696);
#491=LINE('',#5028,#697);
#492=LINE('',#5031,#698);
#493=LINE('',#5033,#699);
#494=LINE('',#5035,#700);
#495=LINE('',#5037,#701);
#496=LINE('',#5040,#702);
#497=LINE('',#5043,#703);
#498=LINE('',#5045,#704);
#499=LINE('',#5046,#705);
#500=LINE('',#5053,#706);
#501=LINE('',#5054,#707);
#502=LINE('',#5056,#708);
#503=LINE('',#5058,#709);
#504=LINE('',#5061,#710);
#505=LINE('',#5064,#711);
#506=LINE('',#5066,#712);
#507=LINE('',#5068,#713);
#508=LINE('',#5070,#714);
#509=LINE('',#5072,#715);
#510=LINE('',#5074,#716);
#511=LINE('',#5076,#717);
#512=LINE('',#5078,#718);
#513=LINE('',#5080,#719);
#514=LINE('',#5082,#720);
#515=LINE('',#5083,#721);
#516=LINE('',#5085,#722);
#517=LINE('',#5088,#723);
#518=LINE('',#5090,#724);
#519=LINE('',#5092,#725);
#520=LINE('',#5094,#726);
#521=LINE('',#5096,#727);
#522=LINE('',#5098,#728);
#523=LINE('',#5100,#729);
#524=LINE('',#5102,#730);
#525=LINE('',#5104,#731);
#526=LINE('',#5106,#732);
#527=LINE('',#5108,#733);
#528=LINE('',#5110,#734);
#529=LINE('',#5112,#735);
#530=LINE('',#5114,#736);
#531=LINE('',#5116,#737);
#532=LINE('',#5118,#738);
#533=LINE('',#5120,#739);
#534=LINE('',#5122,#740);
#535=LINE('',#5124,#741);
#536=LINE('',#5126,#742);
#537=LINE('',#5128,#743);
#538=LINE('',#5130,#744);
#539=LINE('',#5132,#745);
#540=LINE('',#5134,#746);
#541=LINE('',#5136,#747);
#542=LINE('',#5138,#748);
#543=LINE('',#5140,#749);
#544=LINE('',#5142,#750);
#545=LINE('',#5144,#751);
#546=LINE('',#5147,#752);
#547=LINE('',#5155,#753);
#548=LINE('',#5159,#754);
#549=LINE('',#5179,#755);
#550=LINE('',#5189,#756);
#551=LINE('',#5216,#757);
#552=LINE('',#5246,#758);
#553=LINE('',#5255,#759);
#554=LINE('',#5263,#760);
#555=LINE('',#5267,#761);
#556=LINE('',#5283,#762);
#557=LINE('',#5291,#763);
#558=LINE('',#5302,#764);
#559=LINE('',#5322,#765);
#560=LINE('',#5345,#766);
#561=LINE('',#5353,#767);
#562=LINE('',#5357,#768);
#563=LINE('',#5366,#769);
#564=LINE('',#5374,#770);
#565=LINE('',#5378,#771);
#566=LINE('',#5387,#772);
#567=LINE('',#5396,#773);
#568=LINE('',#5405,#774);
#569=LINE('',#5414,#775);
#570=LINE('',#5423,#776);
#571=LINE('',#5432,#777);
#572=LINE('',#5441,#778);
#573=LINE('',#5450,#779);
#574=LINE('',#5459,#780);
#575=LINE('',#5468,#781);
#576=LINE('',#5476,#782);
#577=LINE('',#5480,#783);
#578=LINE('',#5500,#784);
#579=LINE('',#5510,#785);
#580=LINE('',#5537,#786);
#581=LINE('',#5567,#787);
#582=LINE('',#5583,#788);
#583=LINE('',#5591,#789);
#584=LINE('',#5602,#790);
#585=LINE('',#5622,#791);
#586=LINE('',#5652,#792);
#587=LINE('',#5666,#793);
#588=LINE('',#5672,#794);
#589=LINE('',#5680,#795);
#590=LINE('',#5684,#796);
#591=LINE('',#5700,#797);
#592=LINE('',#5708,#798);
#593=LINE('',#5712,#799);
#594=LINE('',#5721,#800);
#595=LINE('',#5727,#801);
#596=LINE('',#5747,#802);
#597=LINE('',#5777,#803);
#598=LINE('',#5784,#804);
#599=LINE('',#5795,#805);
#600=LINE('',#5805,#806);
#601=LINE('',#5816,#807);
#602=LINE('',#5836,#808);
#603=LINE('',#5863,#809);
#604=LINE('',#5890,#810);
#605=LINE('',#5904,#811);
#606=LINE('',#5911,#812);
#607=LINE('',#5924,#813);
#608=LINE('',#5943,#814);
#609=LINE('',#5953,#815);
#610=LINE('',#5961,#816);
#611=LINE('',#5965,#817);
#612=LINE('',#5985,#818);
#613=LINE('',#5995,#819);
#614=LINE('',#6018,#820);
#615=LINE('',#6034,#821);
#616=LINE('',#6043,#822);
#617=LINE('',#6052,#823);
#618=LINE('',#7977,#824);
#619=LINE('',#7978,#825);
#620=LINE('',#7980,#826);
#621=LINE('',#7982,#827);
#622=VECTOR('',#4041,1.);
#623=VECTOR('',#4042,1.);
#624=VECTOR('',#4043,1.);
#625=VECTOR('',#4044,1.);
#626=VECTOR('',#4045,1.);
#627=VECTOR('',#4046,1.);
#628=VECTOR('',#4047,1.);
#629=VECTOR('',#4050,1.);
#630=VECTOR('',#4053,1.);
#631=VECTOR('',#4056,1.);
#632=VECTOR('',#4059,1.);
#633=VECTOR('',#4060,1.);
#634=VECTOR('',#4061,1.);
#635=VECTOR('',#4062,1.);
#636=VECTOR('',#4063,1.);
#637=VECTOR('',#4064,1.);
#638=VECTOR('',#4075,1.);
#639=VECTOR('',#4076,1.);
#640=VECTOR('',#4077,1.);
#641=VECTOR('',#4078,1.);
#642=VECTOR('',#4079,1.);
#643=VECTOR('',#4080,1.);
#644=VECTOR('',#4083,1.);
#645=VECTOR('',#4086,1.);
#646=VECTOR('',#4091,1.);
#647=VECTOR('',#4092,1.);
#648=VECTOR('',#4093,1.);
#649=VECTOR('',#4094,1.);
#650=VECTOR('',#4123,1.);
#651=VECTOR('',#4126,1.);
#652=VECTOR('',#4129,1.);
#653=VECTOR('',#4132,1.);
#654=VECTOR('',#4133,1.);
#655=VECTOR('',#4134,1.);
#656=VECTOR('',#4135,1.);
#657=VECTOR('',#4136,1.);
#658=VECTOR('',#4137,1.);
#659=VECTOR('',#4138,1.);
#660=VECTOR('',#4139,1.);
#661=VECTOR('',#4140,1.);
#662=VECTOR('',#4141,1.);
#663=VECTOR('',#4142,1.);
#664=VECTOR('',#4143,1.);
#665=VECTOR('',#4144,1.);
#666=VECTOR('',#4147,1.);
#667=VECTOR('',#4148,1.);
#668=VECTOR('',#4149,1.);
#669=VECTOR('',#4150,1.);
#670=VECTOR('',#4153,1.);
#671=VECTOR('',#4154,1.);
#672=VECTOR('',#4155,1.);
#673=VECTOR('',#4158,1.);
#674=VECTOR('',#4159,1.);
#675=VECTOR('',#4160,1.);
#676=VECTOR('',#4163,1.);
#677=VECTOR('',#4164,1.);
#678=VECTOR('',#4167,1.);
#679=VECTOR('',#4168,1.);
#680=VECTOR('',#4171,1.);
#681=VECTOR('',#4174,1.);
#682=VECTOR('',#4175,1.);
#683=VECTOR('',#4202,1.);
#684=VECTOR('',#4203,1.);
#685=VECTOR('',#4204,1.);
#686=VECTOR('',#4205,1.);
#687=VECTOR('',#4208,1.);
#688=VECTOR('',#4209,1.);
#689=VECTOR('',#4214,1.);
#690=VECTOR('',#4215,1.);
#691=VECTOR('',#4222,1.);
#692=VECTOR('',#4223,1.);
#693=VECTOR('',#4224,1.);
#694=VECTOR('',#4227,1.);
#695=VECTOR('',#4228,1.);
#696=VECTOR('',#4229,1.);
#697=VECTOR('',#4232,1.);
#698=VECTOR('',#4233,1.);
#699=VECTOR('',#4234,1.);
#700=VECTOR('',#4235,1.);
#701=VECTOR('',#4238,1.);
#702=VECTOR('',#4239,1.);
#703=VECTOR('',#4242,1.);
#704=VECTOR('',#4245,1.);
#705=VECTOR('',#4246,1.);
#706=VECTOR('',#4257,1.);
#707=VECTOR('',#4258,1.);
#708=VECTOR('',#4261,1.);
#709=VECTOR('',#4264,1.);
#710=VECTOR('',#4269,1.);
#711=VECTOR('',#4270,1.);
#712=VECTOR('',#4271,1.);
#713=VECTOR('',#4272,1.);
#714=VECTOR('',#4275,1.);
#715=VECTOR('',#4276,1.);
#716=VECTOR('',#4277,1.);
#717=VECTOR('',#4280,1.);
#718=VECTOR('',#4281,1.);
#719=VECTOR('',#4282,1.);
#720=VECTOR('',#4285,1.);
#721=VECTOR('',#4286,1.);
#722=VECTOR('',#4289,1.);
#723=VECTOR('',#4290,1.);
#724=VECTOR('',#4291,1.);
#725=VECTOR('',#4292,1.);
#726=VECTOR('',#4293,1.);
#727=VECTOR('',#4294,1.);
#728=VECTOR('',#4295,1.);
#729=VECTOR('',#4296,1.);
#730=VECTOR('',#4297,1.);
#731=VECTOR('',#4298,1.);
#732=VECTOR('',#4301,1.);
#733=VECTOR('',#4302,1.);
#734=VECTOR('',#4303,1.);
#735=VECTOR('',#4306,1.);
#736=VECTOR('',#4307,1.);
#737=VECTOR('',#4310,1.);
#738=VECTOR('',#4311,1.);
#739=VECTOR('',#4314,1.);
#740=VECTOR('',#4315,1.);
#741=VECTOR('',#4318,1.);
#742=VECTOR('',#4319,1.);
#743=VECTOR('',#4322,1.);
#744=VECTOR('',#4323,1.);
#745=VECTOR('',#4326,1.);
#746=VECTOR('',#4327,1.);
#747=VECTOR('',#4330,1.);
#748=VECTOR('',#4331,1.);
#749=VECTOR('',#4334,1.);
#750=VECTOR('',#4335,1.);
#751=VECTOR('',#4338,1.);
#752=VECTOR('',#4343,1.);
#753=VECTOR('',#4344,1.);
#754=VECTOR('',#4349,1.);
#755=VECTOR('',#4352,1.);
#756=VECTOR('',#4353,1.);
#757=VECTOR('',#4354,1.);
#758=VECTOR('',#4355,1.);
#759=VECTOR('',#4360,1.);
#760=VECTOR('',#4361,1.);
#761=VECTOR('',#4366,1.);
#762=VECTOR('',#4369,1.);
#763=VECTOR('',#4370,1.);
#764=VECTOR('',#4373,1.);
#765=VECTOR('',#4376,1.);
#766=VECTOR('',#4379,1.);
#767=VECTOR('',#4380,1.);
#768=VECTOR('',#4385,1.);
#769=VECTOR('',#4390,1.);
#770=VECTOR('',#4391,1.);
#771=VECTOR('',#4396,1.);
#772=VECTOR('',#4401,1.);
#773=VECTOR('',#4406,1.);
#774=VECTOR('',#4411,1.);
#775=VECTOR('',#4416,1.);
#776=VECTOR('',#4421,1.);
#777=VECTOR('',#4426,1.);
#778=VECTOR('',#4431,1.);
#779=VECTOR('',#4436,1.);
#780=VECTOR('',#4441,1.);
#781=VECTOR('',#4446,1.);
#782=VECTOR('',#4447,1.);
#783=VECTOR('',#4452,1.);
#784=VECTOR('',#4455,1.);
#785=VECTOR('',#4456,1.);
#786=VECTOR('',#4457,1.);
#787=VECTOR('',#4458,1.);
#788=VECTOR('',#4461,1.);
#789=VECTOR('',#4462,1.);
#790=VECTOR('',#4465,1.);
#791=VECTOR('',#4468,1.);
#792=VECTOR('',#4469,1.);
#793=VECTOR('',#4472,1.);
#794=VECTOR('',#4479,1.);
#795=VECTOR('',#4480,1.);
#796=VECTOR('',#4485,1.);
#797=VECTOR('',#4488,1.);
#798=VECTOR('',#4489,1.);
#799=VECTOR('',#4494,1.);
#800=VECTOR('',#4499,1.);
#801=VECTOR('',#4506,1.);
#802=VECTOR('',#4509,1.);
#803=VECTOR('',#4510,1.);
#804=VECTOR('',#4511,1.);
#805=VECTOR('',#4512,1.);
#806=VECTOR('',#4515,1.);
#807=VECTOR('',#4518,1.);
#808=VECTOR('',#4519,1.);
#809=VECTOR('',#4520,1.);
#810=VECTOR('',#4521,1.);
#811=VECTOR('',#4524,1.);
#812=VECTOR('',#4527,1.);
#813=VECTOR('',#4530,1.);
#814=VECTOR('',#4531,1.);
#815=VECTOR('',#4534,1.);
#816=VECTOR('',#4535,1.);
#817=VECTOR('',#4540,1.);
#818=VECTOR('',#4543,1.);
#819=VECTOR('',#4544,1.);
#820=VECTOR('',#4545,1.);
#821=VECTOR('',#4548,1.);
#822=VECTOR('',#4553,1.);
#823=VECTOR('',#4558,1.);
#824=VECTOR('',#4785,1.);
#825=VECTOR('',#4786,1.);
#826=VECTOR('',#4789,1.);
#827=VECTOR('',#4792,1.);
#828=ORIENTED_EDGE('',*,*,#1918,.F.);
#829=ORIENTED_EDGE('',*,*,#1919,.T.);
#830=ORIENTED_EDGE('',*,*,#1920,.F.);
#831=ORIENTED_EDGE('',*,*,#1921,.T.);
#832=ORIENTED_EDGE('',*,*,#1922,.T.);
#833=ORIENTED_EDGE('',*,*,#1923,.T.);
#834=ORIENTED_EDGE('',*,*,#1924,.F.);
#835=ORIENTED_EDGE('',*,*,#1925,.F.);
#836=ORIENTED_EDGE('',*,*,#1926,.F.);
#837=ORIENTED_EDGE('',*,*,#1927,.T.);
#838=ORIENTED_EDGE('',*,*,#1928,.F.);
#839=ORIENTED_EDGE('',*,*,#1929,.T.);
#840=ORIENTED_EDGE('',*,*,#1930,.F.);
#841=ORIENTED_EDGE('',*,*,#1931,.T.);
#842=ORIENTED_EDGE('',*,*,#1932,.T.);
#843=ORIENTED_EDGE('',*,*,#1933,.T.);
#844=ORIENTED_EDGE('',*,*,#1934,.F.);
#845=ORIENTED_EDGE('',*,*,#1935,.F.);
#846=ORIENTED_EDGE('',*,*,#1936,.T.);
#847=ORIENTED_EDGE('',*,*,#1937,.T.);
#848=ORIENTED_EDGE('',*,*,#1938,.F.);
#849=ORIENTED_EDGE('',*,*,#1939,.F.);
#850=ORIENTED_EDGE('',*,*,#1940,.F.);
#851=ORIENTED_EDGE('',*,*,#1941,.F.);
#852=ORIENTED_EDGE('',*,*,#1942,.F.);
#853=ORIENTED_EDGE('',*,*,#1937,.F.);
#854=ORIENTED_EDGE('',*,*,#1943,.T.);
#855=ORIENTED_EDGE('',*,*,#1944,.T.);
#856=ORIENTED_EDGE('',*,*,#1945,.F.);
#857=ORIENTED_EDGE('',*,*,#1933,.F.);
#858=ORIENTED_EDGE('',*,*,#1946,.T.);
#859=ORIENTED_EDGE('',*,*,#1924,.T.);
#860=ORIENTED_EDGE('',*,*,#1947,.T.);
#861=ORIENTED_EDGE('',*,*,#1948,.T.);
#862=ORIENTED_EDGE('',*,*,#1949,.F.);
#863=ORIENTED_EDGE('',*,*,#1950,.T.);
#864=ORIENTED_EDGE('',*,*,#1951,.F.);
#865=ORIENTED_EDGE('',*,*,#1952,.T.);
#866=ORIENTED_EDGE('',*,*,#1920,.T.);
#867=ORIENTED_EDGE('',*,*,#1953,.F.);
#868=ORIENTED_EDGE('',*,*,#1954,.T.);
#869=ORIENTED_EDGE('',*,*,#1955,.T.);
#870=ORIENTED_EDGE('',*,*,#1956,.F.);
#871=ORIENTED_EDGE('',*,*,#1957,.T.);
#872=ORIENTED_EDGE('',*,*,#1958,.T.);
#873=ORIENTED_EDGE('',*,*,#1959,.T.);
#874=ORIENTED_EDGE('',*,*,#1960,.T.);
#875=ORIENTED_EDGE('',*,*,#1961,.T.);
#876=ORIENTED_EDGE('',*,*,#1962,.T.);
#877=ORIENTED_EDGE('',*,*,#1963,.T.);
#878=ORIENTED_EDGE('',*,*,#1964,.T.);
#879=ORIENTED_EDGE('',*,*,#1965,.T.);
#880=ORIENTED_EDGE('',*,*,#1966,.T.);
#881=ORIENTED_EDGE('',*,*,#1967,.T.);
#882=ORIENTED_EDGE('',*,*,#1968,.T.);
#883=ORIENTED_EDGE('',*,*,#1969,.F.);
#884=ORIENTED_EDGE('',*,*,#1970,.T.);
#885=ORIENTED_EDGE('',*,*,#1971,.F.);
#886=ORIENTED_EDGE('',*,*,#1972,.T.);
#887=ORIENTED_EDGE('',*,*,#1973,.F.);
#888=ORIENTED_EDGE('',*,*,#1974,.T.);
#889=ORIENTED_EDGE('',*,*,#1975,.F.);
#890=ORIENTED_EDGE('',*,*,#1976,.T.);
#891=ORIENTED_EDGE('',*,*,#1977,.T.);
#892=ORIENTED_EDGE('',*,*,#1978,.T.);
#893=ORIENTED_EDGE('',*,*,#1979,.T.);
#894=ORIENTED_EDGE('',*,*,#1980,.T.);
#895=ORIENTED_EDGE('',*,*,#1981,.T.);
#896=ORIENTED_EDGE('',*,*,#1982,.T.);
#897=ORIENTED_EDGE('',*,*,#1983,.T.);
#898=ORIENTED_EDGE('',*,*,#1984,.T.);
#899=ORIENTED_EDGE('',*,*,#1985,.T.);
#900=ORIENTED_EDGE('',*,*,#1986,.T.);
#901=ORIENTED_EDGE('',*,*,#1987,.T.);
#902=ORIENTED_EDGE('',*,*,#1988,.T.);
#903=ORIENTED_EDGE('',*,*,#1989,.F.);
#904=ORIENTED_EDGE('',*,*,#1990,.F.);
#905=ORIENTED_EDGE('',*,*,#1991,.T.);
#906=ORIENTED_EDGE('',*,*,#1992,.T.);
#907=ORIENTED_EDGE('',*,*,#1993,.F.);
#908=ORIENTED_EDGE('',*,*,#1951,.T.);
#909=ORIENTED_EDGE('',*,*,#1994,.T.);
#910=ORIENTED_EDGE('',*,*,#1995,.T.);
#911=ORIENTED_EDGE('',*,*,#1996,.T.);
#912=ORIENTED_EDGE('',*,*,#1949,.T.);
#913=ORIENTED_EDGE('',*,*,#1997,.T.);
#914=ORIENTED_EDGE('',*,*,#1998,.T.);
#915=ORIENTED_EDGE('',*,*,#1999,.T.);
#916=ORIENTED_EDGE('',*,*,#1943,.F.);
#917=ORIENTED_EDGE('',*,*,#1936,.F.);
#918=ORIENTED_EDGE('',*,*,#2000,.T.);
#919=ORIENTED_EDGE('',*,*,#2001,.T.);
#920=ORIENTED_EDGE('',*,*,#1945,.T.);
#921=ORIENTED_EDGE('',*,*,#2002,.F.);
#922=ORIENTED_EDGE('',*,*,#2003,.F.);
#923=ORIENTED_EDGE('',*,*,#1934,.T.);
#924=ORIENTED_EDGE('',*,*,#1944,.F.);
#925=ORIENTED_EDGE('',*,*,#2001,.F.);
#926=ORIENTED_EDGE('',*,*,#2004,.T.);
#927=ORIENTED_EDGE('',*,*,#2002,.T.);
#928=ORIENTED_EDGE('',*,*,#2005,.T.);
#929=ORIENTED_EDGE('',*,*,#2006,.T.);
#930=ORIENTED_EDGE('',*,*,#1947,.F.);
#931=ORIENTED_EDGE('',*,*,#1923,.F.);
#932=ORIENTED_EDGE('',*,*,#2007,.T.);
#933=ORIENTED_EDGE('',*,*,#1938,.T.);
#934=ORIENTED_EDGE('',*,*,#2007,.F.);
#935=ORIENTED_EDGE('',*,*,#2008,.T.);
#936=ORIENTED_EDGE('',*,*,#1939,.T.);
#937=ORIENTED_EDGE('',*,*,#2008,.F.);
#938=ORIENTED_EDGE('',*,*,#2009,.T.);
#939=ORIENTED_EDGE('',*,*,#1940,.T.);
#940=ORIENTED_EDGE('',*,*,#2009,.F.);
#941=ORIENTED_EDGE('',*,*,#2010,.T.);
#942=ORIENTED_EDGE('',*,*,#1941,.T.);
#943=ORIENTED_EDGE('',*,*,#2010,.F.);
#944=ORIENTED_EDGE('',*,*,#2011,.F.);
#945=ORIENTED_EDGE('',*,*,#2012,.T.);
#946=ORIENTED_EDGE('',*,*,#2013,.T.);
#947=ORIENTED_EDGE('',*,*,#2014,.F.);
#948=ORIENTED_EDGE('',*,*,#2015,.T.);
#949=ORIENTED_EDGE('',*,*,#2016,.F.);
#950=ORIENTED_EDGE('',*,*,#1985,.F.);
#951=ORIENTED_EDGE('',*,*,#2017,.T.);
#952=ORIENTED_EDGE('',*,*,#2011,.T.);
#953=ORIENTED_EDGE('',*,*,#2018,.T.);
#954=ORIENTED_EDGE('',*,*,#2019,.F.);
#955=ORIENTED_EDGE('',*,*,#2020,.T.);
#956=ORIENTED_EDGE('',*,*,#1986,.F.);
#957=ORIENTED_EDGE('',*,*,#2016,.T.);
#958=ORIENTED_EDGE('',*,*,#2021,.T.);
#959=ORIENTED_EDGE('',*,*,#2022,.T.);
#960=ORIENTED_EDGE('',*,*,#2019,.T.);
#961=ORIENTED_EDGE('',*,*,#2023,.T.);
#962=ORIENTED_EDGE('',*,*,#2024,.F.);
#963=ORIENTED_EDGE('',*,*,#2025,.T.);
#964=ORIENTED_EDGE('',*,*,#2026,.T.);
#965=ORIENTED_EDGE('',*,*,#2027,.T.);
#966=ORIENTED_EDGE('',*,*,#2024,.T.);
#967=ORIENTED_EDGE('',*,*,#2028,.T.);
#968=ORIENTED_EDGE('',*,*,#2029,.T.);
#969=ORIENTED_EDGE('',*,*,#2030,.T.);
#970=ORIENTED_EDGE('',*,*,#2031,.F.);
#971=ORIENTED_EDGE('',*,*,#2032,.F.);
#972=ORIENTED_EDGE('',*,*,#2033,.T.);
#973=ORIENTED_EDGE('',*,*,#2034,.T.);
#974=ORIENTED_EDGE('',*,*,#2031,.T.);
#975=ORIENTED_EDGE('',*,*,#2035,.T.);
#976=ORIENTED_EDGE('',*,*,#2013,.F.);
#977=ORIENTED_EDGE('',*,*,#2036,.T.);
#978=ORIENTED_EDGE('',*,*,#2032,.T.);
#979=ORIENTED_EDGE('',*,*,#2037,.F.);
#980=ORIENTED_EDGE('',*,*,#1989,.T.);
#981=ORIENTED_EDGE('',*,*,#2038,.F.);
#982=ORIENTED_EDGE('',*,*,#2000,.F.);
#983=ORIENTED_EDGE('',*,*,#1935,.T.);
#984=ORIENTED_EDGE('',*,*,#2003,.T.);
#985=ORIENTED_EDGE('',*,*,#2004,.F.);
#986=ORIENTED_EDGE('',*,*,#2030,.F.);
#987=ORIENTED_EDGE('',*,*,#2039,.T.);
#988=ORIENTED_EDGE('',*,*,#2025,.F.);
#989=ORIENTED_EDGE('',*,*,#2023,.F.);
#990=ORIENTED_EDGE('',*,*,#2018,.F.);
#991=ORIENTED_EDGE('',*,*,#2015,.F.);
#992=ORIENTED_EDGE('',*,*,#2014,.T.);
#993=ORIENTED_EDGE('',*,*,#2037,.T.);
#994=ORIENTED_EDGE('',*,*,#2035,.F.);
#995=ORIENTED_EDGE('',*,*,#2038,.T.);
#996=ORIENTED_EDGE('',*,*,#1991,.F.);
#997=ORIENTED_EDGE('',*,*,#2040,.F.);
#998=ORIENTED_EDGE('',*,*,#1953,.T.);
#999=ORIENTED_EDGE('',*,*,#2041,.T.);
#1000=ORIENTED_EDGE('',*,*,#1990,.T.);
#1001=ORIENTED_EDGE('',*,*,#2042,.F.);
#1002=ORIENTED_EDGE('',*,*,#1954,.F.);
#1003=ORIENTED_EDGE('',*,*,#2040,.T.);
#1004=ORIENTED_EDGE('',*,*,#1993,.T.);
#1005=ORIENTED_EDGE('',*,*,#2043,.F.);
#1006=ORIENTED_EDGE('',*,*,#1955,.F.);
#1007=ORIENTED_EDGE('',*,*,#2042,.T.);
#1008=ORIENTED_EDGE('',*,*,#1992,.F.);
#1009=ORIENTED_EDGE('',*,*,#2041,.F.);
#1010=ORIENTED_EDGE('',*,*,#1956,.T.);
#1011=ORIENTED_EDGE('',*,*,#2043,.T.);
#1012=ORIENTED_EDGE('',*,*,#2044,.T.);
#1013=ORIENTED_EDGE('',*,*,#2045,.T.);
#1014=ORIENTED_EDGE('',*,*,#2046,.F.);
#1015=ORIENTED_EDGE('',*,*,#2047,.T.);
#1016=ORIENTED_EDGE('',*,*,#2046,.T.);
#1017=ORIENTED_EDGE('',*,*,#2048,.T.);
#1018=ORIENTED_EDGE('',*,*,#2049,.F.);
#1019=ORIENTED_EDGE('',*,*,#2050,.F.);
#1020=ORIENTED_EDGE('',*,*,#2049,.T.);
#1021=ORIENTED_EDGE('',*,*,#2051,.T.);
#1022=ORIENTED_EDGE('',*,*,#2052,.F.);
#1023=ORIENTED_EDGE('',*,*,#2053,.F.);
#1024=ORIENTED_EDGE('',*,*,#2052,.T.);
#1025=ORIENTED_EDGE('',*,*,#2054,.T.);
#1026=ORIENTED_EDGE('',*,*,#2044,.F.);
#1027=ORIENTED_EDGE('',*,*,#2055,.T.);
#1028=ORIENTED_EDGE('',*,*,#2056,.F.);
#1029=ORIENTED_EDGE('',*,*,#2057,.F.);
#1030=ORIENTED_EDGE('',*,*,#2058,.F.);
#1031=ORIENTED_EDGE('',*,*,#2059,.F.);
#1032=ORIENTED_EDGE('',*,*,#2060,.F.);
#1033=ORIENTED_EDGE('',*,*,#2061,.F.);
#1034=ORIENTED_EDGE('',*,*,#2062,.F.);
#1035=ORIENTED_EDGE('',*,*,#2063,.F.);
#1036=ORIENTED_EDGE('',*,*,#2064,.F.);
#1037=ORIENTED_EDGE('',*,*,#2065,.F.);
#1038=ORIENTED_EDGE('',*,*,#2047,.F.);
#1039=ORIENTED_EDGE('',*,*,#2050,.T.);
#1040=ORIENTED_EDGE('',*,*,#2053,.T.);
#1041=ORIENTED_EDGE('',*,*,#2055,.F.);
#1042=ORIENTED_EDGE('',*,*,#2066,.T.);
#1043=ORIENTED_EDGE('',*,*,#2056,.T.);
#1044=ORIENTED_EDGE('',*,*,#2067,.F.);
#1045=ORIENTED_EDGE('',*,*,#2068,.T.);
#1046=ORIENTED_EDGE('',*,*,#2067,.T.);
#1047=ORIENTED_EDGE('',*,*,#2065,.T.);
#1048=ORIENTED_EDGE('',*,*,#2069,.F.);
#1049=ORIENTED_EDGE('',*,*,#2070,.T.);
#1050=ORIENTED_EDGE('',*,*,#2069,.T.);
#1051=ORIENTED_EDGE('',*,*,#2064,.T.);
#1052=ORIENTED_EDGE('',*,*,#2071,.F.);
#1053=ORIENTED_EDGE('',*,*,#2072,.T.);
#1054=ORIENTED_EDGE('',*,*,#2071,.T.);
#1055=ORIENTED_EDGE('',*,*,#2063,.T.);
#1056=ORIENTED_EDGE('',*,*,#2073,.F.);
#1057=ORIENTED_EDGE('',*,*,#2074,.T.);
#1058=ORIENTED_EDGE('',*,*,#2073,.T.);
#1059=ORIENTED_EDGE('',*,*,#2062,.T.);
#1060=ORIENTED_EDGE('',*,*,#2075,.F.);
#1061=ORIENTED_EDGE('',*,*,#2076,.T.);
#1062=ORIENTED_EDGE('',*,*,#2075,.T.);
#1063=ORIENTED_EDGE('',*,*,#2061,.T.);
#1064=ORIENTED_EDGE('',*,*,#2077,.F.);
#1065=ORIENTED_EDGE('',*,*,#2078,.T.);
#1066=ORIENTED_EDGE('',*,*,#2077,.T.);
#1067=ORIENTED_EDGE('',*,*,#2060,.T.);
#1068=ORIENTED_EDGE('',*,*,#2079,.F.);
#1069=ORIENTED_EDGE('',*,*,#2080,.T.);
#1070=ORIENTED_EDGE('',*,*,#2079,.T.);
#1071=ORIENTED_EDGE('',*,*,#2059,.T.);
#1072=ORIENTED_EDGE('',*,*,#2081,.F.);
#1073=ORIENTED_EDGE('',*,*,#2082,.T.);
#1074=ORIENTED_EDGE('',*,*,#2081,.T.);
#1075=ORIENTED_EDGE('',*,*,#2058,.T.);
#1076=ORIENTED_EDGE('',*,*,#2083,.F.);
#1077=ORIENTED_EDGE('',*,*,#2084,.T.);
#1078=ORIENTED_EDGE('',*,*,#2083,.T.);
#1079=ORIENTED_EDGE('',*,*,#2057,.T.);
#1080=ORIENTED_EDGE('',*,*,#2066,.F.);
#1081=ORIENTED_EDGE('',*,*,#2085,.T.);
#1082=ORIENTED_EDGE('',*,*,#2068,.F.);
#1083=ORIENTED_EDGE('',*,*,#2070,.F.);
#1084=ORIENTED_EDGE('',*,*,#2072,.F.);
#1085=ORIENTED_EDGE('',*,*,#2074,.F.);
#1086=ORIENTED_EDGE('',*,*,#2076,.F.);
#1087=ORIENTED_EDGE('',*,*,#2078,.F.);
#1088=ORIENTED_EDGE('',*,*,#2080,.F.);
#1089=ORIENTED_EDGE('',*,*,#2082,.F.);
#1090=ORIENTED_EDGE('',*,*,#2084,.F.);
#1091=ORIENTED_EDGE('',*,*,#2085,.F.);
#1092=ORIENTED_EDGE('',*,*,#2086,.F.);
#1093=ORIENTED_EDGE('',*,*,#2087,.T.);
#1094=ORIENTED_EDGE('',*,*,#2088,.T.);
#1095=ORIENTED_EDGE('',*,*,#2089,.F.);
#1096=ORIENTED_EDGE('',*,*,#2090,.F.);
#1097=ORIENTED_EDGE('',*,*,#2091,.T.);
#1098=ORIENTED_EDGE('',*,*,#2086,.T.);
#1099=ORIENTED_EDGE('',*,*,#2092,.T.);
#1100=ORIENTED_EDGE('',*,*,#2093,.F.);
#1101=ORIENTED_EDGE('',*,*,#2094,.T.);
#1102=ORIENTED_EDGE('',*,*,#2095,.T.);
#1103=ORIENTED_EDGE('',*,*,#2096,.T.);
#1104=ORIENTED_EDGE('',*,*,#2097,.F.);
#1105=ORIENTED_EDGE('',*,*,#2098,.T.);
#1106=ORIENTED_EDGE('',*,*,#2093,.T.);
#1107=ORIENTED_EDGE('',*,*,#2099,.T.);
#1108=ORIENTED_EDGE('',*,*,#2100,.F.);
#1109=ORIENTED_EDGE('',*,*,#2101,.T.);
#1110=ORIENTED_EDGE('',*,*,#2097,.T.);
#1111=ORIENTED_EDGE('',*,*,#2102,.F.);
#1112=ORIENTED_EDGE('',*,*,#2103,.F.);
#1113=ORIENTED_EDGE('',*,*,#2104,.T.);
#1114=ORIENTED_EDGE('',*,*,#2105,.T.);
#1115=ORIENTED_EDGE('',*,*,#2106,.T.);
#1116=ORIENTED_EDGE('',*,*,#2107,.F.);
#1117=ORIENTED_EDGE('',*,*,#2108,.T.);
#1118=ORIENTED_EDGE('',*,*,#2103,.T.);
#1119=ORIENTED_EDGE('',*,*,#2109,.T.);
#1120=ORIENTED_EDGE('',*,*,#2110,.F.);
#1121=ORIENTED_EDGE('',*,*,#2111,.T.);
#1122=ORIENTED_EDGE('',*,*,#2112,.T.);
#1123=ORIENTED_EDGE('',*,*,#2113,.F.);
#1124=ORIENTED_EDGE('',*,*,#2114,.F.);
#1125=ORIENTED_EDGE('',*,*,#2115,.T.);
#1126=ORIENTED_EDGE('',*,*,#2110,.T.);
#1127=ORIENTED_EDGE('',*,*,#2116,.F.);
#1128=ORIENTED_EDGE('',*,*,#2117,.F.);
#1129=ORIENTED_EDGE('',*,*,#2118,.T.);
#1130=ORIENTED_EDGE('',*,*,#2114,.T.);
#1131=ORIENTED_EDGE('',*,*,#2119,.T.);
#1132=ORIENTED_EDGE('',*,*,#2120,.F.);
#1133=ORIENTED_EDGE('',*,*,#2121,.T.);
#1134=ORIENTED_EDGE('',*,*,#2122,.T.);
#1135=ORIENTED_EDGE('',*,*,#2123,.F.);
#1136=ORIENTED_EDGE('',*,*,#2124,.F.);
#1137=ORIENTED_EDGE('',*,*,#2125,.T.);
#1138=ORIENTED_EDGE('',*,*,#2120,.T.);
#1139=ORIENTED_EDGE('',*,*,#2126,.T.);
#1140=ORIENTED_EDGE('',*,*,#2127,.F.);
#1141=ORIENTED_EDGE('',*,*,#2128,.T.);
#1142=ORIENTED_EDGE('',*,*,#2129,.T.);
#1143=ORIENTED_EDGE('',*,*,#2130,.T.);
#1144=ORIENTED_EDGE('',*,*,#2131,.F.);
#1145=ORIENTED_EDGE('',*,*,#2132,.T.);
#1146=ORIENTED_EDGE('',*,*,#2127,.T.);
#1147=ORIENTED_EDGE('',*,*,#2133,.T.);
#1148=ORIENTED_EDGE('',*,*,#2134,.F.);
#1149=ORIENTED_EDGE('',*,*,#2135,.T.);
#1150=ORIENTED_EDGE('',*,*,#2131,.T.);
#1151=ORIENTED_EDGE('',*,*,#2136,.T.);
#1152=ORIENTED_EDGE('',*,*,#2137,.F.);
#1153=ORIENTED_EDGE('',*,*,#2138,.T.);
#1154=ORIENTED_EDGE('',*,*,#2134,.T.);
#1155=ORIENTED_EDGE('',*,*,#2139,.T.);
#1156=ORIENTED_EDGE('',*,*,#2140,.F.);
#1157=ORIENTED_EDGE('',*,*,#2141,.T.);
#1158=ORIENTED_EDGE('',*,*,#2137,.T.);
#1159=ORIENTED_EDGE('',*,*,#2142,.T.);
#1160=ORIENTED_EDGE('',*,*,#2143,.F.);
#1161=ORIENTED_EDGE('',*,*,#2144,.T.);
#1162=ORIENTED_EDGE('',*,*,#2140,.T.);
#1163=ORIENTED_EDGE('',*,*,#2145,.T.);
#1164=ORIENTED_EDGE('',*,*,#2146,.F.);
#1165=ORIENTED_EDGE('',*,*,#2147,.T.);
#1166=ORIENTED_EDGE('',*,*,#2143,.T.);
#1167=ORIENTED_EDGE('',*,*,#2148,.T.);
#1168=ORIENTED_EDGE('',*,*,#2149,.F.);
#1169=ORIENTED_EDGE('',*,*,#2150,.T.);
#1170=ORIENTED_EDGE('',*,*,#2146,.T.);
#1171=ORIENTED_EDGE('',*,*,#2151,.T.);
#1172=ORIENTED_EDGE('',*,*,#2152,.F.);
#1173=ORIENTED_EDGE('',*,*,#2153,.T.);
#1174=ORIENTED_EDGE('',*,*,#2149,.T.);
#1175=ORIENTED_EDGE('',*,*,#2154,.T.);
#1176=ORIENTED_EDGE('',*,*,#2155,.F.);
#1177=ORIENTED_EDGE('',*,*,#2156,.T.);
#1178=ORIENTED_EDGE('',*,*,#2152,.T.);
#1179=ORIENTED_EDGE('',*,*,#2157,.T.);
#1180=ORIENTED_EDGE('',*,*,#2158,.F.);
#1181=ORIENTED_EDGE('',*,*,#2159,.T.);
#1182=ORIENTED_EDGE('',*,*,#2155,.T.);
#1183=ORIENTED_EDGE('',*,*,#2160,.T.);
#1184=ORIENTED_EDGE('',*,*,#2161,.F.);
#1185=ORIENTED_EDGE('',*,*,#2162,.T.);
#1186=ORIENTED_EDGE('',*,*,#2163,.T.);
#1187=ORIENTED_EDGE('',*,*,#2164,.T.);
#1188=ORIENTED_EDGE('',*,*,#2165,.F.);
#1189=ORIENTED_EDGE('',*,*,#2166,.T.);
#1190=ORIENTED_EDGE('',*,*,#2161,.T.);
#1191=ORIENTED_EDGE('',*,*,#2167,.T.);
#1192=ORIENTED_EDGE('',*,*,#2168,.F.);
#1193=ORIENTED_EDGE('',*,*,#2169,.T.);
#1194=ORIENTED_EDGE('',*,*,#2170,.T.);
#1195=ORIENTED_EDGE('',*,*,#2171,.T.);
#1196=ORIENTED_EDGE('',*,*,#2172,.F.);
#1197=ORIENTED_EDGE('',*,*,#2173,.T.);
#1198=ORIENTED_EDGE('',*,*,#2168,.T.);
#1199=ORIENTED_EDGE('',*,*,#2174,.T.);
#1200=ORIENTED_EDGE('',*,*,#2175,.F.);
#1201=ORIENTED_EDGE('',*,*,#2176,.T.);
#1202=ORIENTED_EDGE('',*,*,#2172,.T.);
#1203=ORIENTED_EDGE('',*,*,#2177,.F.);
#1204=ORIENTED_EDGE('',*,*,#2178,.F.);
#1205=ORIENTED_EDGE('',*,*,#2179,.T.);
#1206=ORIENTED_EDGE('',*,*,#2180,.T.);
#1207=ORIENTED_EDGE('',*,*,#2181,.F.);
#1208=ORIENTED_EDGE('',*,*,#2182,.F.);
#1209=ORIENTED_EDGE('',*,*,#2183,.T.);
#1210=ORIENTED_EDGE('',*,*,#2178,.T.);
#1211=ORIENTED_EDGE('',*,*,#2184,.F.);
#1212=ORIENTED_EDGE('',*,*,#2185,.F.);
#1213=ORIENTED_EDGE('',*,*,#2186,.T.);
#1214=ORIENTED_EDGE('',*,*,#2182,.T.);
#1215=ORIENTED_EDGE('',*,*,#2187,.T.);
#1216=ORIENTED_EDGE('',*,*,#2188,.F.);
#1217=ORIENTED_EDGE('',*,*,#2189,.T.);
#1218=ORIENTED_EDGE('',*,*,#2185,.T.);
#1219=ORIENTED_EDGE('',*,*,#2190,.T.);
#1220=ORIENTED_EDGE('',*,*,#2191,.F.);
#1221=ORIENTED_EDGE('',*,*,#2192,.T.);
#1222=ORIENTED_EDGE('',*,*,#2188,.T.);
#1223=ORIENTED_EDGE('',*,*,#2193,.F.);
#1224=ORIENTED_EDGE('',*,*,#2194,.F.);
#1225=ORIENTED_EDGE('',*,*,#2195,.T.);
#1226=ORIENTED_EDGE('',*,*,#2196,.T.);
#1227=ORIENTED_EDGE('',*,*,#2197,.T.);
#1228=ORIENTED_EDGE('',*,*,#2198,.F.);
#1229=ORIENTED_EDGE('',*,*,#2199,.T.);
#1230=ORIENTED_EDGE('',*,*,#2194,.T.);
#1231=ORIENTED_EDGE('',*,*,#2200,.F.);
#1232=ORIENTED_EDGE('',*,*,#2201,.F.);
#1233=ORIENTED_EDGE('',*,*,#2202,.T.);
#1234=ORIENTED_EDGE('',*,*,#2203,.T.);
#1235=ORIENTED_EDGE('',*,*,#2204,.F.);
#1236=ORIENTED_EDGE('',*,*,#2205,.F.);
#1237=ORIENTED_EDGE('',*,*,#2206,.T.);
#1238=ORIENTED_EDGE('',*,*,#2201,.T.);
#1239=ORIENTED_EDGE('',*,*,#2207,.T.);
#1240=ORIENTED_EDGE('',*,*,#2208,.F.);
#1241=ORIENTED_EDGE('',*,*,#2209,.T.);
#1242=ORIENTED_EDGE('',*,*,#2205,.T.);
#1243=ORIENTED_EDGE('',*,*,#2210,.F.);
#1244=ORIENTED_EDGE('',*,*,#2211,.F.);
#1245=ORIENTED_EDGE('',*,*,#2212,.T.);
#1246=ORIENTED_EDGE('',*,*,#2208,.T.);
#1247=ORIENTED_EDGE('',*,*,#2213,.T.);
#1248=ORIENTED_EDGE('',*,*,#2214,.F.);
#1249=ORIENTED_EDGE('',*,*,#2215,.T.);
#1250=ORIENTED_EDGE('',*,*,#2211,.T.);
#1251=ORIENTED_EDGE('',*,*,#2216,.T.);
#1252=ORIENTED_EDGE('',*,*,#2217,.F.);
#1253=ORIENTED_EDGE('',*,*,#2218,.T.);
#1254=ORIENTED_EDGE('',*,*,#2219,.T.);
#1255=ORIENTED_EDGE('',*,*,#1958,.F.);
#1256=ORIENTED_EDGE('',*,*,#2220,.F.);
#1257=ORIENTED_EDGE('',*,*,#2221,.T.);
#1258=ORIENTED_EDGE('',*,*,#2217,.T.);
#1259=ORIENTED_EDGE('',*,*,#1957,.F.);
#1260=ORIENTED_EDGE('',*,*,#2222,.F.);
#1261=ORIENTED_EDGE('',*,*,#2223,.T.);
#1262=ORIENTED_EDGE('',*,*,#2220,.T.);
#1263=ORIENTED_EDGE('',*,*,#1968,.F.);
#1264=ORIENTED_EDGE('',*,*,#2224,.F.);
#1265=ORIENTED_EDGE('',*,*,#2225,.T.);
#1266=ORIENTED_EDGE('',*,*,#2222,.T.);
#1267=ORIENTED_EDGE('',*,*,#1967,.F.);
#1268=ORIENTED_EDGE('',*,*,#2226,.F.);
#1269=ORIENTED_EDGE('',*,*,#2227,.T.);
#1270=ORIENTED_EDGE('',*,*,#2224,.T.);
#1271=ORIENTED_EDGE('',*,*,#1966,.F.);
#1272=ORIENTED_EDGE('',*,*,#2228,.F.);
#1273=ORIENTED_EDGE('',*,*,#2229,.T.);
#1274=ORIENTED_EDGE('',*,*,#2226,.T.);
#1275=ORIENTED_EDGE('',*,*,#1965,.F.);
#1276=ORIENTED_EDGE('',*,*,#2230,.F.);
#1277=ORIENTED_EDGE('',*,*,#2231,.T.);
#1278=ORIENTED_EDGE('',*,*,#2228,.T.);
#1279=ORIENTED_EDGE('',*,*,#1964,.F.);
#1280=ORIENTED_EDGE('',*,*,#2232,.F.);
#1281=ORIENTED_EDGE('',*,*,#2233,.T.);
#1282=ORIENTED_EDGE('',*,*,#2230,.T.);
#1283=ORIENTED_EDGE('',*,*,#1963,.F.);
#1284=ORIENTED_EDGE('',*,*,#2234,.F.);
#1285=ORIENTED_EDGE('',*,*,#2235,.T.);
#1286=ORIENTED_EDGE('',*,*,#2232,.T.);
#1287=ORIENTED_EDGE('',*,*,#1962,.F.);
#1288=ORIENTED_EDGE('',*,*,#2236,.F.);
#1289=ORIENTED_EDGE('',*,*,#2237,.T.);
#1290=ORIENTED_EDGE('',*,*,#2234,.T.);
#1291=ORIENTED_EDGE('',*,*,#1961,.F.);
#1292=ORIENTED_EDGE('',*,*,#2238,.F.);
#1293=ORIENTED_EDGE('',*,*,#2239,.T.);
#1294=ORIENTED_EDGE('',*,*,#2236,.T.);
#1295=ORIENTED_EDGE('',*,*,#1960,.F.);
#1296=ORIENTED_EDGE('',*,*,#2240,.F.);
#1297=ORIENTED_EDGE('',*,*,#2241,.T.);
#1298=ORIENTED_EDGE('',*,*,#2242,.T.);
#1299=ORIENTED_EDGE('',*,*,#2243,.T.);
#1300=ORIENTED_EDGE('',*,*,#2244,.F.);
#1301=ORIENTED_EDGE('',*,*,#2245,.T.);
#1302=ORIENTED_EDGE('',*,*,#2240,.T.);
#1303=ORIENTED_EDGE('',*,*,#2246,.T.);
#1304=ORIENTED_EDGE('',*,*,#2247,.F.);
#1305=ORIENTED_EDGE('',*,*,#2248,.T.);
#1306=ORIENTED_EDGE('',*,*,#2249,.T.);
#1307=ORIENTED_EDGE('',*,*,#2250,.T.);
#1308=ORIENTED_EDGE('',*,*,#2251,.F.);
#1309=ORIENTED_EDGE('',*,*,#2252,.T.);
#1310=ORIENTED_EDGE('',*,*,#2247,.T.);
#1311=ORIENTED_EDGE('',*,*,#2253,.F.);
#1312=ORIENTED_EDGE('',*,*,#2254,.F.);
#1313=ORIENTED_EDGE('',*,*,#2255,.T.);
#1314=ORIENTED_EDGE('',*,*,#2251,.T.);
#1315=ORIENTED_EDGE('',*,*,#2256,.F.);
#1316=ORIENTED_EDGE('',*,*,#2257,.F.);
#1317=ORIENTED_EDGE('',*,*,#2258,.T.);
#1318=ORIENTED_EDGE('',*,*,#2254,.T.);
#1319=ORIENTED_EDGE('',*,*,#2259,.T.);
#1320=ORIENTED_EDGE('',*,*,#2260,.F.);
#1321=ORIENTED_EDGE('',*,*,#2261,.T.);
#1322=ORIENTED_EDGE('',*,*,#2257,.T.);
#1323=ORIENTED_EDGE('',*,*,#2262,.F.);
#1324=ORIENTED_EDGE('',*,*,#2095,.F.);
#1325=ORIENTED_EDGE('',*,*,#2263,.T.);
#1326=ORIENTED_EDGE('',*,*,#2100,.T.);
#1327=ORIENTED_EDGE('',*,*,#2264,.F.);
#1328=ORIENTED_EDGE('',*,*,#2105,.F.);
#1329=ORIENTED_EDGE('',*,*,#2265,.T.);
#1330=ORIENTED_EDGE('',*,*,#2107,.T.);
#1331=ORIENTED_EDGE('',*,*,#2266,.F.);
#1332=ORIENTED_EDGE('',*,*,#2112,.F.);
#1333=ORIENTED_EDGE('',*,*,#2267,.T.);
#1334=ORIENTED_EDGE('',*,*,#2117,.T.);
#1335=ORIENTED_EDGE('',*,*,#2268,.T.);
#1336=ORIENTED_EDGE('',*,*,#2122,.F.);
#1337=ORIENTED_EDGE('',*,*,#2269,.T.);
#1338=ORIENTED_EDGE('',*,*,#2124,.T.);
#1339=ORIENTED_EDGE('',*,*,#2270,.T.);
#1340=ORIENTED_EDGE('',*,*,#2129,.F.);
#1341=ORIENTED_EDGE('',*,*,#2271,.T.);
#1342=ORIENTED_EDGE('',*,*,#2158,.T.);
#1343=ORIENTED_EDGE('',*,*,#2272,.T.);
#1344=ORIENTED_EDGE('',*,*,#2163,.F.);
#1345=ORIENTED_EDGE('',*,*,#2273,.T.);
#1346=ORIENTED_EDGE('',*,*,#2165,.T.);
#1347=ORIENTED_EDGE('',*,*,#2274,.F.);
#1348=ORIENTED_EDGE('',*,*,#2170,.F.);
#1349=ORIENTED_EDGE('',*,*,#2275,.T.);
#1350=ORIENTED_EDGE('',*,*,#2175,.T.);
#1351=ORIENTED_EDGE('',*,*,#2276,.F.);
#1352=ORIENTED_EDGE('',*,*,#2180,.F.);
#1353=ORIENTED_EDGE('',*,*,#2277,.T.);
#1354=ORIENTED_EDGE('',*,*,#2191,.T.);
#1355=ORIENTED_EDGE('',*,*,#2278,.T.);
#1356=ORIENTED_EDGE('',*,*,#2196,.F.);
#1357=ORIENTED_EDGE('',*,*,#2279,.T.);
#1358=ORIENTED_EDGE('',*,*,#2198,.T.);
#1359=ORIENTED_EDGE('',*,*,#2280,.T.);
#1360=ORIENTED_EDGE('',*,*,#2203,.F.);
#1361=ORIENTED_EDGE('',*,*,#2281,.T.);
#1362=ORIENTED_EDGE('',*,*,#2214,.T.);
#1363=ORIENTED_EDGE('',*,*,#2282,.F.);
#1364=ORIENTED_EDGE('',*,*,#2219,.F.);
#1365=ORIENTED_EDGE('',*,*,#2283,.T.);
#1366=ORIENTED_EDGE('',*,*,#2238,.T.);
#1367=ORIENTED_EDGE('',*,*,#1959,.F.);
#1368=ORIENTED_EDGE('',*,*,#2242,.F.);
#1369=ORIENTED_EDGE('',*,*,#2284,.T.);
#1370=ORIENTED_EDGE('',*,*,#2244,.T.);
#1371=ORIENTED_EDGE('',*,*,#2285,.F.);
#1372=ORIENTED_EDGE('',*,*,#2249,.F.);
#1373=ORIENTED_EDGE('',*,*,#2286,.T.);
#1374=ORIENTED_EDGE('',*,*,#2260,.T.);
#1375=ORIENTED_EDGE('',*,*,#2287,.T.);
#1376=ORIENTED_EDGE('',*,*,#2088,.F.);
#1377=ORIENTED_EDGE('',*,*,#2288,.T.);
#1378=ORIENTED_EDGE('',*,*,#2090,.T.);
#1379=ORIENTED_EDGE('',*,*,#2289,.T.);
#1380=ORIENTED_EDGE('',*,*,#2290,.T.);
#1381=ORIENTED_EDGE('',*,*,#2291,.T.);
#1382=ORIENTED_EDGE('',*,*,#2292,.T.);
#1383=ORIENTED_EDGE('',*,*,#2293,.T.);
#1384=ORIENTED_EDGE('',*,*,#2294,.T.);
#1385=ORIENTED_EDGE('',*,*,#2295,.T.);
#1386=ORIENTED_EDGE('',*,*,#2296,.T.);
#1387=ORIENTED_EDGE('',*,*,#2297,.T.);
#1388=ORIENTED_EDGE('',*,*,#2298,.T.);
#1389=ORIENTED_EDGE('',*,*,#2299,.T.);
#1390=ORIENTED_EDGE('',*,*,#2300,.T.);
#1391=ORIENTED_EDGE('',*,*,#2301,.T.);
#1392=ORIENTED_EDGE('',*,*,#2302,.T.);
#1393=ORIENTED_EDGE('',*,*,#2303,.T.);
#1394=ORIENTED_EDGE('',*,*,#2304,.T.);
#1395=ORIENTED_EDGE('',*,*,#2305,.T.);
#1396=ORIENTED_EDGE('',*,*,#2306,.T.);
#1397=ORIENTED_EDGE('',*,*,#2307,.T.);
#1398=ORIENTED_EDGE('',*,*,#2308,.T.);
#1399=ORIENTED_EDGE('',*,*,#2309,.T.);
#1400=ORIENTED_EDGE('',*,*,#2310,.T.);
#1401=ORIENTED_EDGE('',*,*,#2311,.T.);
#1402=ORIENTED_EDGE('',*,*,#2312,.T.);
#1403=ORIENTED_EDGE('',*,*,#2313,.T.);
#1404=ORIENTED_EDGE('',*,*,#2314,.T.);
#1405=ORIENTED_EDGE('',*,*,#2315,.T.);
#1406=ORIENTED_EDGE('',*,*,#2316,.T.);
#1407=ORIENTED_EDGE('',*,*,#2317,.T.);
#1408=ORIENTED_EDGE('',*,*,#2318,.T.);
#1409=ORIENTED_EDGE('',*,*,#2319,.T.);
#1410=ORIENTED_EDGE('',*,*,#2320,.T.);
#1411=ORIENTED_EDGE('',*,*,#2321,.T.);
#1412=ORIENTED_EDGE('',*,*,#2322,.T.);
#1413=ORIENTED_EDGE('',*,*,#2323,.T.);
#1414=ORIENTED_EDGE('',*,*,#2324,.T.);
#1415=ORIENTED_EDGE('',*,*,#2325,.T.);
#1416=ORIENTED_EDGE('',*,*,#2326,.T.);
#1417=ORIENTED_EDGE('',*,*,#2327,.T.);
#1418=ORIENTED_EDGE('',*,*,#2328,.T.);
#1419=ORIENTED_EDGE('',*,*,#2329,.T.);
#1420=ORIENTED_EDGE('',*,*,#2330,.T.);
#1421=ORIENTED_EDGE('',*,*,#2331,.T.);
#1422=ORIENTED_EDGE('',*,*,#2332,.T.);
#1423=ORIENTED_EDGE('',*,*,#2333,.T.);
#1424=ORIENTED_EDGE('',*,*,#2334,.T.);
#1425=ORIENTED_EDGE('',*,*,#2335,.T.);
#1426=ORIENTED_EDGE('',*,*,#2336,.T.);
#1427=ORIENTED_EDGE('',*,*,#2337,.T.);
#1428=ORIENTED_EDGE('',*,*,#2338,.T.);
#1429=ORIENTED_EDGE('',*,*,#2339,.T.);
#1430=ORIENTED_EDGE('',*,*,#2340,.T.);
#1431=ORIENTED_EDGE('',*,*,#2341,.T.);
#1432=ORIENTED_EDGE('',*,*,#2342,.T.);
#1433=ORIENTED_EDGE('',*,*,#2343,.T.);
#1434=ORIENTED_EDGE('',*,*,#2344,.T.);
#1435=ORIENTED_EDGE('',*,*,#2345,.T.);
#1436=ORIENTED_EDGE('',*,*,#2346,.T.);
#1437=ORIENTED_EDGE('',*,*,#2347,.T.);
#1438=ORIENTED_EDGE('',*,*,#2348,.T.);
#1439=ORIENTED_EDGE('',*,*,#2349,.T.);
#1440=ORIENTED_EDGE('',*,*,#2350,.T.);
#1441=ORIENTED_EDGE('',*,*,#2351,.T.);
#1442=ORIENTED_EDGE('',*,*,#2352,.T.);
#1443=ORIENTED_EDGE('',*,*,#2353,.T.);
#1444=ORIENTED_EDGE('',*,*,#2354,.T.);
#1445=ORIENTED_EDGE('',*,*,#2355,.T.);
#1446=ORIENTED_EDGE('',*,*,#2356,.T.);
#1447=ORIENTED_EDGE('',*,*,#2357,.T.);
#1448=ORIENTED_EDGE('',*,*,#2358,.T.);
#1449=ORIENTED_EDGE('',*,*,#2359,.T.);
#1450=ORIENTED_EDGE('',*,*,#2360,.T.);
#1451=ORIENTED_EDGE('',*,*,#2361,.T.);
#1452=ORIENTED_EDGE('',*,*,#2092,.F.);
#1453=ORIENTED_EDGE('',*,*,#2089,.T.);
#1454=ORIENTED_EDGE('',*,*,#2289,.F.);
#1455=ORIENTED_EDGE('',*,*,#2250,.F.);
#1456=ORIENTED_EDGE('',*,*,#2287,.F.);
#1457=ORIENTED_EDGE('',*,*,#2262,.T.);
#1458=ORIENTED_EDGE('',*,*,#2259,.F.);
#1459=ORIENTED_EDGE('',*,*,#2256,.T.);
#1460=ORIENTED_EDGE('',*,*,#2253,.T.);
#1461=ORIENTED_EDGE('',*,*,#2243,.F.);
#1462=ORIENTED_EDGE('',*,*,#2285,.T.);
#1463=ORIENTED_EDGE('',*,*,#2246,.F.);
#1464=ORIENTED_EDGE('',*,*,#2207,.F.);
#1465=ORIENTED_EDGE('',*,*,#2204,.T.);
#1466=ORIENTED_EDGE('',*,*,#2282,.T.);
#1467=ORIENTED_EDGE('',*,*,#2216,.F.);
#1468=ORIENTED_EDGE('',*,*,#2213,.F.);
#1469=ORIENTED_EDGE('',*,*,#2210,.T.);
#1470=ORIENTED_EDGE('',*,*,#2197,.F.);
#1471=ORIENTED_EDGE('',*,*,#2280,.F.);
#1472=ORIENTED_EDGE('',*,*,#2200,.T.);
#1473=ORIENTED_EDGE('',*,*,#2184,.T.);
#1474=ORIENTED_EDGE('',*,*,#2181,.T.);
#1475=ORIENTED_EDGE('',*,*,#2278,.F.);
#1476=ORIENTED_EDGE('',*,*,#2193,.T.);
#1477=ORIENTED_EDGE('',*,*,#2190,.F.);
#1478=ORIENTED_EDGE('',*,*,#2187,.F.);
#1479=ORIENTED_EDGE('',*,*,#2171,.F.);
#1480=ORIENTED_EDGE('',*,*,#2276,.T.);
#1481=ORIENTED_EDGE('',*,*,#2177,.T.);
#1482=ORIENTED_EDGE('',*,*,#2174,.F.);
#1483=ORIENTED_EDGE('',*,*,#2164,.F.);
#1484=ORIENTED_EDGE('',*,*,#2274,.T.);
#1485=ORIENTED_EDGE('',*,*,#2167,.F.);
#1486=ORIENTED_EDGE('',*,*,#2130,.F.);
#1487=ORIENTED_EDGE('',*,*,#2272,.F.);
#1488=ORIENTED_EDGE('',*,*,#2160,.F.);
#1489=ORIENTED_EDGE('',*,*,#2157,.F.);
#1490=ORIENTED_EDGE('',*,*,#2154,.F.);
#1491=ORIENTED_EDGE('',*,*,#2151,.F.);
#1492=ORIENTED_EDGE('',*,*,#2148,.F.);
#1493=ORIENTED_EDGE('',*,*,#2145,.F.);
#1494=ORIENTED_EDGE('',*,*,#2142,.F.);
#1495=ORIENTED_EDGE('',*,*,#2139,.F.);
#1496=ORIENTED_EDGE('',*,*,#2136,.F.);
#1497=ORIENTED_EDGE('',*,*,#2133,.F.);
#1498=ORIENTED_EDGE('',*,*,#2126,.F.);
#1499=ORIENTED_EDGE('',*,*,#2123,.T.);
#1500=ORIENTED_EDGE('',*,*,#2270,.F.);
#1501=ORIENTED_EDGE('',*,*,#2116,.T.);
#1502=ORIENTED_EDGE('',*,*,#2113,.T.);
#1503=ORIENTED_EDGE('',*,*,#2268,.F.);
#1504=ORIENTED_EDGE('',*,*,#2119,.F.);
#1505=ORIENTED_EDGE('',*,*,#2106,.F.);
#1506=ORIENTED_EDGE('',*,*,#2266,.T.);
#1507=ORIENTED_EDGE('',*,*,#2109,.F.);
#1508=ORIENTED_EDGE('',*,*,#2096,.F.);
#1509=ORIENTED_EDGE('',*,*,#2264,.T.);
#1510=ORIENTED_EDGE('',*,*,#2102,.T.);
#1511=ORIENTED_EDGE('',*,*,#2099,.F.);
#1512=ORIENTED_EDGE('',*,*,#1952,.F.);
#1513=ORIENTED_EDGE('',*,*,#1996,.F.);
#1514=ORIENTED_EDGE('',*,*,#2362,.F.);
#1515=ORIENTED_EDGE('',*,*,#1921,.F.);
#1516=ORIENTED_EDGE('',*,*,#1950,.F.);
#1517=ORIENTED_EDGE('',*,*,#1999,.F.);
#1518=ORIENTED_EDGE('',*,*,#2363,.F.);
#1519=ORIENTED_EDGE('',*,*,#1994,.F.);
#1520=ORIENTED_EDGE('',*,*,#2364,.F.);
#1521=ORIENTED_EDGE('',*,*,#1995,.F.);
#1522=ORIENTED_EDGE('',*,*,#2365,.F.);
#1523=ORIENTED_EDGE('',*,*,#1979,.F.);
#1524=ORIENTED_EDGE('',*,*,#2362,.T.);
#1525=ORIENTED_EDGE('',*,*,#2364,.T.);
#1526=ORIENTED_EDGE('',*,*,#2366,.F.);
#1527=ORIENTED_EDGE('',*,*,#2365,.T.);
#1528=ORIENTED_EDGE('',*,*,#2363,.T.);
#1529=ORIENTED_EDGE('',*,*,#2367,.F.);
#1530=ORIENTED_EDGE('',*,*,#2366,.T.);
#1531=ORIENTED_EDGE('',*,*,#1978,.F.);
#1532=ORIENTED_EDGE('',*,*,#2368,.F.);
#1533=ORIENTED_EDGE('',*,*,#1922,.F.);
#1534=ORIENTED_EDGE('',*,*,#2367,.T.);
#1535=ORIENTED_EDGE('',*,*,#1998,.F.);
#1536=ORIENTED_EDGE('',*,*,#2369,.F.);
#1537=ORIENTED_EDGE('',*,*,#1980,.F.);
#1538=ORIENTED_EDGE('',*,*,#2368,.T.);
#1539=ORIENTED_EDGE('',*,*,#1977,.F.);
#1540=ORIENTED_EDGE('',*,*,#2370,.F.);
#1541=ORIENTED_EDGE('',*,*,#2005,.F.);
#1542=ORIENTED_EDGE('',*,*,#2370,.T.);
#1543=ORIENTED_EDGE('',*,*,#2369,.T.);
#1544=ORIENTED_EDGE('',*,*,#2371,.F.);
#1545=ORIENTED_EDGE('',*,*,#2371,.T.);
#1546=ORIENTED_EDGE('',*,*,#1997,.F.);
#1547=ORIENTED_EDGE('',*,*,#1948,.F.);
#1548=ORIENTED_EDGE('',*,*,#2006,.F.);
#1549=ORIENTED_EDGE('',*,*,#2372,.F.);
#1550=ORIENTED_EDGE('',*,*,#1976,.F.);
#1551=ORIENTED_EDGE('',*,*,#2373,.F.);
#1552=ORIENTED_EDGE('',*,*,#2051,.F.);
#1553=ORIENTED_EDGE('',*,*,#1969,.T.);
#1554=ORIENTED_EDGE('',*,*,#2372,.T.);
#1555=ORIENTED_EDGE('',*,*,#2374,.F.);
#1556=ORIENTED_EDGE('',*,*,#2373,.T.);
#1557=ORIENTED_EDGE('',*,*,#1975,.T.);
#1558=ORIENTED_EDGE('',*,*,#2375,.F.);
#1559=ORIENTED_EDGE('',*,*,#2374,.T.);
#1560=ORIENTED_EDGE('',*,*,#2048,.F.);
#1561=ORIENTED_EDGE('',*,*,#2376,.F.);
#1562=ORIENTED_EDGE('',*,*,#1970,.F.);
#1563=ORIENTED_EDGE('',*,*,#2375,.T.);
#1564=ORIENTED_EDGE('',*,*,#1974,.F.);
#1565=ORIENTED_EDGE('',*,*,#2377,.F.);
#1566=ORIENTED_EDGE('',*,*,#2054,.F.);
#1567=ORIENTED_EDGE('',*,*,#1971,.T.);
#1568=ORIENTED_EDGE('',*,*,#2376,.T.);
#1569=ORIENTED_EDGE('',*,*,#2378,.F.);
#1570=ORIENTED_EDGE('',*,*,#2377,.T.);
#1571=ORIENTED_EDGE('',*,*,#1973,.T.);
#1572=ORIENTED_EDGE('',*,*,#2379,.F.);
#1573=ORIENTED_EDGE('',*,*,#2378,.T.);
#1574=ORIENTED_EDGE('',*,*,#2045,.F.);
#1575=ORIENTED_EDGE('',*,*,#2379,.T.);
#1576=ORIENTED_EDGE('',*,*,#1972,.F.);
#1577=ORIENTED_EDGE('',*,*,#2380,.F.);
#1578=ORIENTED_EDGE('',*,*,#2223,.F.);
#1579=ORIENTED_EDGE('',*,*,#2381,.F.);
#1580=ORIENTED_EDGE('',*,*,#2357,.F.);
#1581=ORIENTED_EDGE('',*,*,#2381,.T.);
#1582=ORIENTED_EDGE('',*,*,#2225,.F.);
#1583=ORIENTED_EDGE('',*,*,#2382,.F.);
#1584=ORIENTED_EDGE('',*,*,#2358,.F.);
#1585=ORIENTED_EDGE('',*,*,#2380,.T.);
#1586=ORIENTED_EDGE('',*,*,#2356,.F.);
#1587=ORIENTED_EDGE('',*,*,#2383,.F.);
#1588=ORIENTED_EDGE('',*,*,#2221,.F.);
#1589=ORIENTED_EDGE('',*,*,#2382,.T.);
#1590=ORIENTED_EDGE('',*,*,#2227,.F.);
#1591=ORIENTED_EDGE('',*,*,#2384,.F.);
#1592=ORIENTED_EDGE('',*,*,#2359,.F.);
#1593=ORIENTED_EDGE('',*,*,#2383,.T.);
#1594=ORIENTED_EDGE('',*,*,#2355,.F.);
#1595=ORIENTED_EDGE('',*,*,#2385,.F.);
#1596=ORIENTED_EDGE('',*,*,#2218,.F.);
#1597=ORIENTED_EDGE('',*,*,#2384,.T.);
#1598=ORIENTED_EDGE('',*,*,#2229,.F.);
#1599=ORIENTED_EDGE('',*,*,#2386,.F.);
#1600=ORIENTED_EDGE('',*,*,#2360,.F.);
#1601=ORIENTED_EDGE('',*,*,#2385,.T.);
#1602=ORIENTED_EDGE('',*,*,#2354,.F.);
#1603=ORIENTED_EDGE('',*,*,#2387,.F.);
#1604=ORIENTED_EDGE('',*,*,#2283,.F.);
#1605=ORIENTED_EDGE('',*,*,#2386,.T.);
#1606=ORIENTED_EDGE('',*,*,#2231,.F.);
#1607=ORIENTED_EDGE('',*,*,#2388,.F.);
#1608=ORIENTED_EDGE('',*,*,#2361,.F.);
#1609=ORIENTED_EDGE('',*,*,#2387,.T.);
#1610=ORIENTED_EDGE('',*,*,#2353,.F.);
#1611=ORIENTED_EDGE('',*,*,#2389,.F.);
#1612=ORIENTED_EDGE('',*,*,#2239,.F.);
#1613=ORIENTED_EDGE('',*,*,#2388,.T.);
#1614=ORIENTED_EDGE('',*,*,#2233,.F.);
#1615=ORIENTED_EDGE('',*,*,#2390,.F.);
#1616=ORIENTED_EDGE('',*,*,#2350,.F.);
#1617=ORIENTED_EDGE('',*,*,#2389,.T.);
#1618=ORIENTED_EDGE('',*,*,#2352,.F.);
#1619=ORIENTED_EDGE('',*,*,#2391,.F.);
#1620=ORIENTED_EDGE('',*,*,#2237,.F.);
#1621=ORIENTED_EDGE('',*,*,#2390,.T.);
#1622=ORIENTED_EDGE('',*,*,#2235,.F.);
#1623=ORIENTED_EDGE('',*,*,#2391,.T.);
#1624=ORIENTED_EDGE('',*,*,#2351,.F.);
#1625=ORIENTED_EDGE('',*,*,#2392,.F.);
#1626=ORIENTED_EDGE('',*,*,#2183,.F.);
#1627=ORIENTED_EDGE('',*,*,#2393,.F.);
#1628=ORIENTED_EDGE('',*,*,#2338,.F.);
#1629=ORIENTED_EDGE('',*,*,#2393,.T.);
#1630=ORIENTED_EDGE('',*,*,#2186,.F.);
#1631=ORIENTED_EDGE('',*,*,#2394,.F.);
#1632=ORIENTED_EDGE('',*,*,#2333,.F.);
#1633=ORIENTED_EDGE('',*,*,#2392,.T.);
#1634=ORIENTED_EDGE('',*,*,#2337,.F.);
#1635=ORIENTED_EDGE('',*,*,#2395,.F.);
#1636=ORIENTED_EDGE('',*,*,#2179,.F.);
#1637=ORIENTED_EDGE('',*,*,#2394,.T.);
#1638=ORIENTED_EDGE('',*,*,#2189,.F.);
#1639=ORIENTED_EDGE('',*,*,#2396,.F.);
#1640=ORIENTED_EDGE('',*,*,#2334,.F.);
#1641=ORIENTED_EDGE('',*,*,#2395,.T.);
#1642=ORIENTED_EDGE('',*,*,#2336,.F.);
#1643=ORIENTED_EDGE('',*,*,#2397,.F.);
#1644=ORIENTED_EDGE('',*,*,#2277,.F.);
#1645=ORIENTED_EDGE('',*,*,#2396,.T.);
#1646=ORIENTED_EDGE('',*,*,#2192,.F.);
#1647=ORIENTED_EDGE('',*,*,#2397,.T.);
#1648=ORIENTED_EDGE('',*,*,#2335,.F.);
#1649=ORIENTED_EDGE('',*,*,#2398,.F.);
#1650=ORIENTED_EDGE('',*,*,#2281,.F.);
#1651=ORIENTED_EDGE('',*,*,#2399,.F.);
#1652=ORIENTED_EDGE('',*,*,#2327,.F.);
#1653=ORIENTED_EDGE('',*,*,#2399,.T.);
#1654=ORIENTED_EDGE('',*,*,#2202,.F.);
#1655=ORIENTED_EDGE('',*,*,#2400,.F.);
#1656=ORIENTED_EDGE('',*,*,#2328,.F.);
#1657=ORIENTED_EDGE('',*,*,#2398,.T.);
#1658=ORIENTED_EDGE('',*,*,#2326,.F.);
#1659=ORIENTED_EDGE('',*,*,#2401,.F.);
#1660=ORIENTED_EDGE('',*,*,#2215,.F.);
#1661=ORIENTED_EDGE('',*,*,#2400,.T.);
#1662=ORIENTED_EDGE('',*,*,#2206,.F.);
#1663=ORIENTED_EDGE('',*,*,#2402,.F.);
#1664=ORIENTED_EDGE('',*,*,#2329,.F.);
#1665=ORIENTED_EDGE('',*,*,#2401,.T.);
#1666=ORIENTED_EDGE('',*,*,#2325,.F.);
#1667=ORIENTED_EDGE('',*,*,#2403,.F.);
#1668=ORIENTED_EDGE('',*,*,#2212,.F.);
#1669=ORIENTED_EDGE('',*,*,#2402,.T.);
#1670=ORIENTED_EDGE('',*,*,#2209,.F.);
#1671=ORIENTED_EDGE('',*,*,#2403,.T.);
#1672=ORIENTED_EDGE('',*,*,#2324,.F.);
#1673=ORIENTED_EDGE('',*,*,#2404,.F.);
#1674=ORIENTED_EDGE('',*,*,#2252,.F.);
#1675=ORIENTED_EDGE('',*,*,#2405,.F.);
#1676=ORIENTED_EDGE('',*,*,#2311,.F.);
#1677=ORIENTED_EDGE('',*,*,#2405,.T.);
#1678=ORIENTED_EDGE('',*,*,#2255,.F.);
#1679=ORIENTED_EDGE('',*,*,#2406,.F.);
#1680=ORIENTED_EDGE('',*,*,#2312,.F.);
#1681=ORIENTED_EDGE('',*,*,#2404,.T.);
#1682=ORIENTED_EDGE('',*,*,#2310,.F.);
#1683=ORIENTED_EDGE('',*,*,#2407,.F.);
#1684=ORIENTED_EDGE('',*,*,#2248,.F.);
#1685=ORIENTED_EDGE('',*,*,#2406,.T.);
#1686=ORIENTED_EDGE('',*,*,#2258,.F.);
#1687=ORIENTED_EDGE('',*,*,#2408,.F.);
#1688=ORIENTED_EDGE('',*,*,#2313,.F.);
#1689=ORIENTED_EDGE('',*,*,#2407,.T.);
#1690=ORIENTED_EDGE('',*,*,#2309,.F.);
#1691=ORIENTED_EDGE('',*,*,#2409,.F.);
#1692=ORIENTED_EDGE('',*,*,#2286,.F.);
#1693=ORIENTED_EDGE('',*,*,#2408,.T.);
#1694=ORIENTED_EDGE('',*,*,#2261,.F.);
#1695=ORIENTED_EDGE('',*,*,#2409,.T.);
#1696=ORIENTED_EDGE('',*,*,#2308,.F.);
#1697=ORIENTED_EDGE('',*,*,#2410,.F.);
#1698=ORIENTED_EDGE('',*,*,#2199,.F.);
#1699=ORIENTED_EDGE('',*,*,#2411,.F.);
#1700=ORIENTED_EDGE('',*,*,#2332,.F.);
#1701=ORIENTED_EDGE('',*,*,#2411,.T.);
#1702=ORIENTED_EDGE('',*,*,#2279,.F.);
#1703=ORIENTED_EDGE('',*,*,#2412,.F.);
#1704=ORIENTED_EDGE('',*,*,#2330,.F.);
#1705=ORIENTED_EDGE('',*,*,#2410,.T.);
#1706=ORIENTED_EDGE('',*,*,#2331,.F.);
#1707=ORIENTED_EDGE('',*,*,#2412,.T.);
#1708=ORIENTED_EDGE('',*,*,#2195,.F.);
#1709=ORIENTED_EDGE('',*,*,#2413,.F.);
#1710=ORIENTED_EDGE('',*,*,#2290,.F.);
#1711=ORIENTED_EDGE('',*,*,#2414,.F.);
#1712=ORIENTED_EDGE('',*,*,#2150,.F.);
#1713=ORIENTED_EDGE('',*,*,#2414,.T.);
#1714=ORIENTED_EDGE('',*,*,#2301,.F.);
#1715=ORIENTED_EDGE('',*,*,#2415,.F.);
#1716=ORIENTED_EDGE('',*,*,#2147,.F.);
#1717=ORIENTED_EDGE('',*,*,#2413,.T.);
#1718=ORIENTED_EDGE('',*,*,#2153,.F.);
#1719=ORIENTED_EDGE('',*,*,#2416,.F.);
#1720=ORIENTED_EDGE('',*,*,#2291,.F.);
#1721=ORIENTED_EDGE('',*,*,#2415,.T.);
#1722=ORIENTED_EDGE('',*,*,#2300,.F.);
#1723=ORIENTED_EDGE('',*,*,#2417,.F.);
#1724=ORIENTED_EDGE('',*,*,#2144,.F.);
#1725=ORIENTED_EDGE('',*,*,#2416,.T.);
#1726=ORIENTED_EDGE('',*,*,#2156,.F.);
#1727=ORIENTED_EDGE('',*,*,#2418,.F.);
#1728=ORIENTED_EDGE('',*,*,#2292,.F.);
#1729=ORIENTED_EDGE('',*,*,#2417,.T.);
#1730=ORIENTED_EDGE('',*,*,#2299,.F.);
#1731=ORIENTED_EDGE('',*,*,#2419,.F.);
#1732=ORIENTED_EDGE('',*,*,#2141,.F.);
#1733=ORIENTED_EDGE('',*,*,#2418,.T.);
#1734=ORIENTED_EDGE('',*,*,#2159,.F.);
#1735=ORIENTED_EDGE('',*,*,#2420,.F.);
#1736=ORIENTED_EDGE('',*,*,#2293,.F.);
#1737=ORIENTED_EDGE('',*,*,#2419,.T.);
#1738=ORIENTED_EDGE('',*,*,#2298,.F.);
#1739=ORIENTED_EDGE('',*,*,#2421,.F.);
#1740=ORIENTED_EDGE('',*,*,#2138,.F.);
#1741=ORIENTED_EDGE('',*,*,#2420,.T.);
#1742=ORIENTED_EDGE('',*,*,#2271,.F.);
#1743=ORIENTED_EDGE('',*,*,#2422,.F.);
#1744=ORIENTED_EDGE('',*,*,#2294,.F.);
#1745=ORIENTED_EDGE('',*,*,#2421,.T.);
#1746=ORIENTED_EDGE('',*,*,#2297,.F.);
#1747=ORIENTED_EDGE('',*,*,#2423,.F.);
#1748=ORIENTED_EDGE('',*,*,#2135,.F.);
#1749=ORIENTED_EDGE('',*,*,#2422,.T.);
#1750=ORIENTED_EDGE('',*,*,#2128,.F.);
#1751=ORIENTED_EDGE('',*,*,#2424,.F.);
#1752=ORIENTED_EDGE('',*,*,#2295,.F.);
#1753=ORIENTED_EDGE('',*,*,#2423,.T.);
#1754=ORIENTED_EDGE('',*,*,#2296,.F.);
#1755=ORIENTED_EDGE('',*,*,#2424,.T.);
#1756=ORIENTED_EDGE('',*,*,#2132,.F.);
#1757=ORIENTED_EDGE('',*,*,#2425,.F.);
#1758=ORIENTED_EDGE('',*,*,#2269,.F.);
#1759=ORIENTED_EDGE('',*,*,#2426,.F.);
#1760=ORIENTED_EDGE('',*,*,#2323,.F.);
#1761=ORIENTED_EDGE('',*,*,#2426,.T.);
#1762=ORIENTED_EDGE('',*,*,#2121,.F.);
#1763=ORIENTED_EDGE('',*,*,#2427,.F.);
#1764=ORIENTED_EDGE('',*,*,#2321,.F.);
#1765=ORIENTED_EDGE('',*,*,#2425,.T.);
#1766=ORIENTED_EDGE('',*,*,#2322,.F.);
#1767=ORIENTED_EDGE('',*,*,#2427,.T.);
#1768=ORIENTED_EDGE('',*,*,#2125,.F.);
#1769=ORIENTED_EDGE('',*,*,#2428,.F.);
#1770=ORIENTED_EDGE('',*,*,#2342,.F.);
#1771=ORIENTED_EDGE('',*,*,#2429,.F.);
#1772=ORIENTED_EDGE('',*,*,#2111,.F.);
#1773=ORIENTED_EDGE('',*,*,#2429,.T.);
#1774=ORIENTED_EDGE('',*,*,#2341,.F.);
#1775=ORIENTED_EDGE('',*,*,#2430,.F.);
#1776=ORIENTED_EDGE('',*,*,#2267,.F.);
#1777=ORIENTED_EDGE('',*,*,#2428,.T.);
#1778=ORIENTED_EDGE('',*,*,#2115,.F.);
#1779=ORIENTED_EDGE('',*,*,#2431,.F.);
#1780=ORIENTED_EDGE('',*,*,#2339,.F.);
#1781=ORIENTED_EDGE('',*,*,#2430,.T.);
#1782=ORIENTED_EDGE('',*,*,#2340,.F.);
#1783=ORIENTED_EDGE('',*,*,#2431,.T.);
#1784=ORIENTED_EDGE('',*,*,#2118,.F.);
#1785=ORIENTED_EDGE('',*,*,#2432,.F.);
#1786=ORIENTED_EDGE('',*,*,#2265,.F.);
#1787=ORIENTED_EDGE('',*,*,#2433,.F.);
#1788=ORIENTED_EDGE('',*,*,#2345,.F.);
#1789=ORIENTED_EDGE('',*,*,#2433,.T.);
#1790=ORIENTED_EDGE('',*,*,#2104,.F.);
#1791=ORIENTED_EDGE('',*,*,#2434,.F.);
#1792=ORIENTED_EDGE('',*,*,#2343,.F.);
#1793=ORIENTED_EDGE('',*,*,#2432,.T.);
#1794=ORIENTED_EDGE('',*,*,#2344,.F.);
#1795=ORIENTED_EDGE('',*,*,#2434,.T.);
#1796=ORIENTED_EDGE('',*,*,#2108,.F.);
#1797=ORIENTED_EDGE('',*,*,#2435,.F.);
#1798=ORIENTED_EDGE('',*,*,#2245,.F.);
#1799=ORIENTED_EDGE('',*,*,#2436,.F.);
#1800=ORIENTED_EDGE('',*,*,#2316,.F.);
#1801=ORIENTED_EDGE('',*,*,#2436,.T.);
#1802=ORIENTED_EDGE('',*,*,#2284,.F.);
#1803=ORIENTED_EDGE('',*,*,#2437,.F.);
#1804=ORIENTED_EDGE('',*,*,#2314,.F.);
#1805=ORIENTED_EDGE('',*,*,#2435,.T.);
#1806=ORIENTED_EDGE('',*,*,#2315,.F.);
#1807=ORIENTED_EDGE('',*,*,#2437,.T.);
#1808=ORIENTED_EDGE('',*,*,#2241,.F.);
#1809=ORIENTED_EDGE('',*,*,#2438,.F.);
#1810=ORIENTED_EDGE('',*,*,#2166,.F.);
#1811=ORIENTED_EDGE('',*,*,#2439,.F.);
#1812=ORIENTED_EDGE('',*,*,#2304,.F.);
#1813=ORIENTED_EDGE('',*,*,#2439,.T.);
#1814=ORIENTED_EDGE('',*,*,#2273,.F.);
#1815=ORIENTED_EDGE('',*,*,#2440,.F.);
#1816=ORIENTED_EDGE('',*,*,#2302,.F.);
#1817=ORIENTED_EDGE('',*,*,#2438,.T.);
#1818=ORIENTED_EDGE('',*,*,#2303,.F.);
#1819=ORIENTED_EDGE('',*,*,#2440,.T.);
#1820=ORIENTED_EDGE('',*,*,#2162,.F.);
#1821=ORIENTED_EDGE('',*,*,#2441,.F.);
#1822=ORIENTED_EDGE('',*,*,#2320,.F.);
#1823=ORIENTED_EDGE('',*,*,#2442,.F.);
#1824=ORIENTED_EDGE('',*,*,#2176,.F.);
#1825=ORIENTED_EDGE('',*,*,#2442,.T.);
#1826=ORIENTED_EDGE('',*,*,#2319,.F.);
#1827=ORIENTED_EDGE('',*,*,#2443,.F.);
#1828=ORIENTED_EDGE('',*,*,#2173,.F.);
#1829=ORIENTED_EDGE('',*,*,#2441,.T.);
#1830=ORIENTED_EDGE('',*,*,#2275,.F.);
#1831=ORIENTED_EDGE('',*,*,#2444,.F.);
#1832=ORIENTED_EDGE('',*,*,#2317,.F.);
#1833=ORIENTED_EDGE('',*,*,#2443,.T.);
#1834=ORIENTED_EDGE('',*,*,#2318,.F.);
#1835=ORIENTED_EDGE('',*,*,#2444,.T.);
#1836=ORIENTED_EDGE('',*,*,#2169,.F.);
#1837=ORIENTED_EDGE('',*,*,#2445,.F.);
#1838=ORIENTED_EDGE('',*,*,#2288,.F.);
#1839=ORIENTED_EDGE('',*,*,#2446,.F.);
#1840=ORIENTED_EDGE('',*,*,#2307,.F.);
#1841=ORIENTED_EDGE('',*,*,#2446,.T.);
#1842=ORIENTED_EDGE('',*,*,#2087,.F.);
#1843=ORIENTED_EDGE('',*,*,#2447,.F.);
#1844=ORIENTED_EDGE('',*,*,#2305,.F.);
#1845=ORIENTED_EDGE('',*,*,#2445,.T.);
#1846=ORIENTED_EDGE('',*,*,#2306,.F.);
#1847=ORIENTED_EDGE('',*,*,#2447,.T.);
#1848=ORIENTED_EDGE('',*,*,#2091,.F.);
#1849=ORIENTED_EDGE('',*,*,#2448,.F.);
#1850=ORIENTED_EDGE('',*,*,#2349,.F.);
#1851=ORIENTED_EDGE('',*,*,#2449,.F.);
#1852=ORIENTED_EDGE('',*,*,#2263,.F.);
#1853=ORIENTED_EDGE('',*,*,#2449,.T.);
#1854=ORIENTED_EDGE('',*,*,#2348,.F.);
#1855=ORIENTED_EDGE('',*,*,#2450,.F.);
#1856=ORIENTED_EDGE('',*,*,#2101,.F.);
#1857=ORIENTED_EDGE('',*,*,#2448,.T.);
#1858=ORIENTED_EDGE('',*,*,#2094,.F.);
#1859=ORIENTED_EDGE('',*,*,#2451,.F.);
#1860=ORIENTED_EDGE('',*,*,#2346,.F.);
#1861=ORIENTED_EDGE('',*,*,#2450,.T.);
#1862=ORIENTED_EDGE('',*,*,#2347,.F.);
#1863=ORIENTED_EDGE('',*,*,#2451,.T.);
#1864=ORIENTED_EDGE('',*,*,#2098,.F.);
#1865=ORIENTED_EDGE('',*,*,#2021,.F.);
#1866=ORIENTED_EDGE('',*,*,#2027,.F.);
#1867=ORIENTED_EDGE('',*,*,#2452,.F.);
#1868=ORIENTED_EDGE('',*,*,#1988,.F.);
#1869=ORIENTED_EDGE('',*,*,#2453,.T.);
#1870=ORIENTED_EDGE('',*,*,#2034,.F.);
#1871=ORIENTED_EDGE('',*,*,#2454,.T.);
#1872=ORIENTED_EDGE('',*,*,#1981,.F.);
#1873=ORIENTED_EDGE('',*,*,#2455,.F.);
#1874=ORIENTED_EDGE('',*,*,#2028,.F.);
#1875=ORIENTED_EDGE('',*,*,#2455,.T.);
#1876=ORIENTED_EDGE('',*,*,#2452,.T.);
#1877=ORIENTED_EDGE('',*,*,#2456,.F.);
#1878=ORIENTED_EDGE('',*,*,#2456,.T.);
#1879=ORIENTED_EDGE('',*,*,#2026,.F.);
#1880=ORIENTED_EDGE('',*,*,#2039,.F.);
#1881=ORIENTED_EDGE('',*,*,#2029,.F.);
#1882=ORIENTED_EDGE('',*,*,#2017,.F.);
#1883=ORIENTED_EDGE('',*,*,#1984,.F.);
#1884=ORIENTED_EDGE('',*,*,#2457,.F.);
#1885=ORIENTED_EDGE('',*,*,#2012,.F.);
#1886=ORIENTED_EDGE('',*,*,#2454,.F.);
#1887=ORIENTED_EDGE('',*,*,#2033,.F.);
#1888=ORIENTED_EDGE('',*,*,#2458,.F.);
#1889=ORIENTED_EDGE('',*,*,#1982,.F.);
#1890=ORIENTED_EDGE('',*,*,#2457,.T.);
#1891=ORIENTED_EDGE('',*,*,#1983,.F.);
#1892=ORIENTED_EDGE('',*,*,#2458,.T.);
#1893=ORIENTED_EDGE('',*,*,#2036,.F.);
#1894=ORIENTED_EDGE('',*,*,#2020,.F.);
#1895=ORIENTED_EDGE('',*,*,#2022,.F.);
#1896=ORIENTED_EDGE('',*,*,#2453,.F.);
#1897=ORIENTED_EDGE('',*,*,#1987,.F.);
#1898=ORIENTED_EDGE('',*,*,#2459,.T.);
#1899=ORIENTED_EDGE('',*,*,#1918,.T.);
#1900=ORIENTED_EDGE('',*,*,#2460,.F.);
#1901=ORIENTED_EDGE('',*,*,#1929,.F.);
#1902=ORIENTED_EDGE('',*,*,#1930,.T.);
#1903=ORIENTED_EDGE('',*,*,#2460,.T.);
#1904=ORIENTED_EDGE('',*,*,#1927,.F.);
#1905=ORIENTED_EDGE('',*,*,#2461,.F.);
#1906=ORIENTED_EDGE('',*,*,#2461,.T.);
#1907=ORIENTED_EDGE('',*,*,#1926,.T.);
#1908=ORIENTED_EDGE('',*,*,#2462,.F.);
#1909=ORIENTED_EDGE('',*,*,#1931,.F.);
#1910=ORIENTED_EDGE('',*,*,#1928,.T.);
#1911=ORIENTED_EDGE('',*,*,#1942,.T.);
#1912=ORIENTED_EDGE('',*,*,#1919,.F.);
#1913=ORIENTED_EDGE('',*,*,#2459,.F.);
#1914=ORIENTED_EDGE('',*,*,#2462,.T.);
#1915=ORIENTED_EDGE('',*,*,#1925,.T.);
#1916=ORIENTED_EDGE('',*,*,#1946,.F.);
#1917=ORIENTED_EDGE('',*,*,#1932,.F.);
#1918=EDGE_CURVE('',#2463,#2464,#2798,.T.);
#1919=EDGE_CURVE('',#2463,#2465,#416,.T.);
#1920=EDGE_CURVE('',#2466,#2465,#417,.T.);
#1921=EDGE_CURVE('',#2466,#2467,#418,.F.);
#1922=EDGE_CURVE('',#2467,#2468,#419,.T.);
#1923=EDGE_CURVE('',#2468,#2469,#420,.T.);
#1924=EDGE_CURVE('',#2470,#2469,#421,.T.);
#1925=EDGE_CURVE('',#2471,#2470,#422,.T.);
#1926=EDGE_CURVE('',#2472,#2471,#2799,.T.);
#1927=EDGE_CURVE('',#2472,#2464,#423,.T.);
#1928=EDGE_CURVE('',#2473,#2474,#424,.T.);
#1929=EDGE_CURVE('',#2473,#2475,#2800,.T.);
#1930=EDGE_CURVE('',#2476,#2475,#425,.T.);
#1931=EDGE_CURVE('',#2476,#2477,#2801,.T.);
#1932=EDGE_CURVE('',#2477,#2478,#426,.T.);
#1933=EDGE_CURVE('',#2478,#2479,#427,.T.);
#1934=EDGE_CURVE('',#2480,#2479,#428,.T.);
#1935=EDGE_CURVE('',#2481,#2480,#429,.T.);
#1936=EDGE_CURVE('',#2481,#2482,#430,.T.);
#1937=EDGE_CURVE('',#2482,#2474,#431,.T.);
#1938=EDGE_CURVE('',#2483,#2483,#2802,.F.);
#1939=EDGE_CURVE('',#2484,#2484,#2803,.F.);
#1940=EDGE_CURVE('',#2485,#2485,#2804,.F.);
#1941=EDGE_CURVE('',#2486,#2486,#2805,.F.);
#1942=EDGE_CURVE('',#2474,#2465,#432,.T.);
#1943=EDGE_CURVE('',#2482,#2487,#433,.T.);
#1944=EDGE_CURVE('',#2487,#2488,#434,.T.);
#1945=EDGE_CURVE('',#2479,#2488,#435,.T.);
#1946=EDGE_CURVE('',#2478,#2470,#436,.T.);
#1947=EDGE_CURVE('',#2469,#2489,#437,.T.);
#1948=EDGE_CURVE('',#2489,#2490,#2806,.F.);
#1949=EDGE_CURVE('',#2491,#2490,#438,.T.);
#1950=EDGE_CURVE('',#2491,#2492,#2807,.F.);
#1951=EDGE_CURVE('',#2493,#2492,#439,.T.);
#1952=EDGE_CURVE('',#2493,#2466,#2808,.F.);
#1953=EDGE_CURVE('',#2494,#2495,#440,.T.);
#1954=EDGE_CURVE('',#2494,#2496,#441,.T.);
#1955=EDGE_CURVE('',#2496,#2497,#442,.T.);
#1956=EDGE_CURVE('',#2495,#2497,#443,.T.);
#1957=EDGE_CURVE('',#2498,#2499,#393,.F.);
#1958=EDGE_CURVE('',#2499,#2500,#394,.F.);
#1959=EDGE_CURVE('',#2500,#2501,#2809,.F.);
#1960=EDGE_CURVE('',#2501,#2502,#395,.F.);
#1961=EDGE_CURVE('',#2502,#2503,#396,.F.);
#1962=EDGE_CURVE('',#2503,#2504,#2810,.F.);
#1963=EDGE_CURVE('',#2504,#2505,#2811,.F.);
#1964=EDGE_CURVE('',#2505,#2506,#397,.F.);
#1965=EDGE_CURVE('',#2506,#2507,#398,.F.);
#1966=EDGE_CURVE('',#2507,#2508,#399,.F.);
#1967=EDGE_CURVE('',#2508,#2509,#400,.F.);
#1968=EDGE_CURVE('',#2509,#2498,#2812,.F.);
#1969=EDGE_CURVE('',#2510,#2511,#2813,.T.);
#1970=EDGE_CURVE('',#2510,#2512,#444,.F.);
#1971=EDGE_CURVE('',#2513,#2512,#2814,.T.);
#1972=EDGE_CURVE('',#2513,#2514,#445,.T.);
#1973=EDGE_CURVE('',#2515,#2514,#2815,.T.);
#1974=EDGE_CURVE('',#2515,#2516,#446,.T.);
#1975=EDGE_CURVE('',#2517,#2516,#2816,.T.);
#1976=EDGE_CURVE('',#2517,#2511,#447,.F.);
#1977=EDGE_CURVE('',#2518,#2519,#448,.F.);
#1978=EDGE_CURVE('',#2519,#2520,#449,.F.);
#1979=EDGE_CURVE('',#2520,#2521,#450,.T.);
#1980=EDGE_CURVE('',#2521,#2518,#451,.T.);
#1981=EDGE_CURVE('',#2522,#2523,#452,.T.);
#1982=EDGE_CURVE('',#2523,#2524,#453,.T.);
#1983=EDGE_CURVE('',#2524,#2525,#454,.F.);
#1984=EDGE_CURVE('',#2525,#2526,#455,.F.);
#1985=EDGE_CURVE('',#2526,#2527,#456,.T.);
#1986=EDGE_CURVE('',#2527,#2528,#457,.T.);
#1987=EDGE_CURVE('',#2528,#2529,#458,.T.);
#1988=EDGE_CURVE('',#2529,#2522,#459,.T.);
#1989=EDGE_CURVE('',#2530,#2530,#2817,.T.);
#1990=EDGE_CURVE('',#2531,#2532,#460,.T.);
#1991=EDGE_CURVE('',#2531,#2533,#461,.T.);
#1992=EDGE_CURVE('',#2533,#2534,#462,.T.);
#1993=EDGE_CURVE('',#2532,#2534,#463,.T.);
#1994=EDGE_CURVE('',#2492,#2535,#464,.F.);
#1995=EDGE_CURVE('',#2535,#2536,#465,.F.);
#1996=EDGE_CURVE('',#2536,#2493,#466,.T.);
#1997=EDGE_CURVE('',#2490,#2537,#467,.F.);
#1998=EDGE_CURVE('',#2537,#2538,#468,.F.);
#1999=EDGE_CURVE('',#2538,#2491,#469,.T.);
#2000=EDGE_CURVE('',#2481,#2539,#470,.T.);
#2001=EDGE_CURVE('',#2539,#2487,#471,.T.);
#2002=EDGE_CURVE('',#2540,#2488,#472,.T.);
#2003=EDGE_CURVE('',#2480,#2540,#473,.T.);
#2004=EDGE_CURVE('',#2539,#2540,#474,.T.);
#2005=EDGE_CURVE('',#2468,#2541,#475,.T.);
#2006=EDGE_CURVE('',#2541,#2489,#476,.T.);
#2007=EDGE_CURVE('',#2542,#2542,#2818,.T.);
#2008=EDGE_CURVE('',#2543,#2543,#2819,.T.);
#2009=EDGE_CURVE('',#2544,#2544,#2820,.T.);
#2010=EDGE_CURVE('',#2545,#2545,#2821,.T.);
#2011=EDGE_CURVE('',#2546,#2547,#477,.T.);
#2012=EDGE_CURVE('',#2546,#2548,#478,.T.);
#2013=EDGE_CURVE('',#2548,#2549,#479,.T.);
#2014=EDGE_CURVE('',#2547,#2549,#480,.T.);
#2015=EDGE_CURVE('',#2547,#2550,#481,.T.);
#2016=EDGE_CURVE('',#2527,#2550,#482,.T.);
#2017=EDGE_CURVE('',#2526,#2546,#2822,.T.);
#2018=EDGE_CURVE('',#2550,#2551,#483,.T.);
#2019=EDGE_CURVE('',#2552,#2551,#484,.T.);
#2020=EDGE_CURVE('',#2552,#2528,#2823,.T.);
#2021=EDGE_CURVE('',#2553,#2554,#2824,.T.);
#2022=EDGE_CURVE('',#2554,#2552,#485,.F.);
#2023=EDGE_CURVE('',#2551,#2555,#486,.T.);
#2024=EDGE_CURVE('',#2553,#2555,#487,.T.);
#2025=EDGE_CURVE('',#2555,#2556,#488,.T.);
#2026=EDGE_CURVE('',#2556,#2557,#489,.F.);
#2027=EDGE_CURVE('',#2557,#2553,#490,.F.);
#2028=EDGE_CURVE('',#2558,#2559,#491,.F.);
#2029=EDGE_CURVE('',#2559,#2560,#492,.T.);
#2030=EDGE_CURVE('',#2560,#2561,#493,.T.);
#2031=EDGE_CURVE('',#2558,#2561,#494,.T.);
#2032=EDGE_CURVE('',#2562,#2563,#495,.T.);
#2033=EDGE_CURVE('',#2562,#2564,#496,.F.);
#2034=EDGE_CURVE('',#2564,#2558,#2825,.T.);
#2035=EDGE_CURVE('',#2561,#2563,#497,.T.);
#2036=EDGE_CURVE('',#2548,#2562,#498,.T.);
#2037=EDGE_CURVE('',#2549,#2563,#499,.T.);
#2038=EDGE_CURVE('',#2565,#2565,#2826,.T.);
#2039=EDGE_CURVE('',#2560,#2556,#2827,.F.);
#2040=EDGE_CURVE('',#2494,#2531,#500,.T.);
#2041=EDGE_CURVE('',#2495,#2533,#501,.T.);
#2042=EDGE_CURVE('',#2496,#2532,#502,.T.);
#2043=EDGE_CURVE('',#2497,#2534,#503,.T.);
#2044=EDGE_CURVE('',#2566,#2567,#504,.T.);
#2045=EDGE_CURVE('',#2567,#2568,#505,.F.);
#2046=EDGE_CURVE('',#2569,#2568,#506,.T.);
#2047=EDGE_CURVE('',#2569,#2566,#507,.T.);
#2048=EDGE_CURVE('',#2568,#2570,#508,.T.);
#2049=EDGE_CURVE('',#2571,#2570,#509,.T.);
#2050=EDGE_CURVE('',#2569,#2571,#510,.T.);
#2051=EDGE_CURVE('',#2570,#2572,#511,.T.);
#2052=EDGE_CURVE('',#2573,#2572,#512,.T.);
#2053=EDGE_CURVE('',#2571,#2573,#513,.T.);
#2054=EDGE_CURVE('',#2572,#2567,#514,.F.);
#2055=EDGE_CURVE('',#2566,#2573,#515,.T.);
#2056=EDGE_CURVE('',#2574,#2575,#516,.T.);
#2057=EDGE_CURVE('',#2576,#2574,#517,.T.);
#2058=EDGE_CURVE('',#2577,#2576,#518,.T.);
#2059=EDGE_CURVE('',#2578,#2577,#519,.T.);
#2060=EDGE_CURVE('',#2579,#2578,#520,.T.);
#2061=EDGE_CURVE('',#2580,#2579,#521,.T.);
#2062=EDGE_CURVE('',#2581,#2580,#522,.T.);
#2063=EDGE_CURVE('',#2582,#2581,#523,.T.);
#2064=EDGE_CURVE('',#2583,#2582,#524,.T.);
#2065=EDGE_CURVE('',#2575,#2583,#525,.T.);
#2066=EDGE_CURVE('',#2584,#2574,#526,.T.);
#2067=EDGE_CURVE('',#2585,#2575,#527,.T.);
#2068=EDGE_CURVE('',#2585,#2584,#528,.T.);
#2069=EDGE_CURVE('',#2586,#2583,#529,.T.);
#2070=EDGE_CURVE('',#2586,#2585,#530,.T.);
#2071=EDGE_CURVE('',#2587,#2582,#531,.T.);
#2072=EDGE_CURVE('',#2587,#2586,#532,.T.);
#2073=EDGE_CURVE('',#2588,#2581,#533,.T.);
#2074=EDGE_CURVE('',#2588,#2587,#534,.T.);
#2075=EDGE_CURVE('',#2589,#2580,#535,.T.);
#2076=EDGE_CURVE('',#2589,#2588,#536,.T.);
#2077=EDGE_CURVE('',#2590,#2579,#537,.T.);
#2078=EDGE_CURVE('',#2590,#2589,#538,.T.);
#2079=EDGE_CURVE('',#2591,#2578,#539,.T.);
#2080=EDGE_CURVE('',#2591,#2590,#540,.T.);
#2081=EDGE_CURVE('',#2592,#2577,#541,.T.);
#2082=EDGE_CURVE('',#2592,#2591,#542,.T.);
#2083=EDGE_CURVE('',#2593,#2576,#543,.T.);
#2084=EDGE_CURVE('',#2593,#2592,#544,.T.);
#2085=EDGE_CURVE('',#2584,#2593,#545,.T.);
#2086=EDGE_CURVE('',#2594,#2595,#546,.F.);
#2087=EDGE_CURVE('',#2594,#2596,#122,.T.);
#2088=EDGE_CURVE('',#2596,#2597,#547,.T.);
#2089=EDGE_CURVE('',#2595,#2597,#2828,.F.);
#2090=EDGE_CURVE('',#2598,#2599,#548,.T.);
#2091=EDGE_CURVE('',#2598,#2594,#123,.T.);
#2092=EDGE_CURVE('',#2595,#2599,#2829,.T.);
#2093=EDGE_CURVE('',#2600,#2601,#549,.T.);
#2094=EDGE_CURVE('',#2600,#2602,#124,.T.);
#2095=EDGE_CURVE('',#2602,#2603,#550,.T.);
#2096=EDGE_CURVE('',#2603,#2601,#125,.F.);
#2097=EDGE_CURVE('',#2604,#2605,#551,.T.);
#2098=EDGE_CURVE('',#2604,#2600,#126,.T.);
#2099=EDGE_CURVE('',#2601,#2605,#127,.F.);
#2100=EDGE_CURVE('',#2606,#2607,#552,.T.);
#2101=EDGE_CURVE('',#2606,#2604,#128,.T.);
#2102=EDGE_CURVE('',#2607,#2605,#401,.F.);
#2103=EDGE_CURVE('',#2608,#2609,#553,.T.);
#2104=EDGE_CURVE('',#2608,#2610,#129,.T.);
#2105=EDGE_CURVE('',#2610,#2611,#554,.F.);
#2106=EDGE_CURVE('',#2611,#2609,#2830,.T.);
#2107=EDGE_CURVE('',#2612,#2613,#555,.T.);
#2108=EDGE_CURVE('',#2612,#2608,#130,.T.);
#2109=EDGE_CURVE('',#2609,#2613,#2831,.T.);
#2110=EDGE_CURVE('',#2614,#2615,#556,.T.);
#2111=EDGE_CURVE('',#2614,#2616,#131,.T.);
#2112=EDGE_CURVE('',#2616,#2617,#557,.T.);
#2113=EDGE_CURVE('',#2615,#2617,#402,.F.);
#2114=EDGE_CURVE('',#2618,#2619,#558,.T.);
#2115=EDGE_CURVE('',#2618,#2614,#132,.T.);
#2116=EDGE_CURVE('',#2619,#2615,#403,.F.);
#2117=EDGE_CURVE('',#2620,#2621,#559,.T.);
#2118=EDGE_CURVE('',#2620,#2618,#133,.T.);
#2119=EDGE_CURVE('',#2619,#2621,#134,.F.);
#2120=EDGE_CURVE('',#2622,#2623,#560,.F.);
#2121=EDGE_CURVE('',#2622,#2624,#135,.T.);
#2122=EDGE_CURVE('',#2624,#2625,#561,.T.);
#2123=EDGE_CURVE('',#2623,#2625,#2832,.F.);
#2124=EDGE_CURVE('',#2626,#2627,#562,.T.);
#2125=EDGE_CURVE('',#2626,#2622,#136,.T.);
#2126=EDGE_CURVE('',#2623,#2627,#2833,.T.);
#2127=EDGE_CURVE('',#2628,#2629,#563,.T.);
#2128=EDGE_CURVE('',#2628,#2630,#137,.T.);
#2129=EDGE_CURVE('',#2630,#2631,#564,.T.);
#2130=EDGE_CURVE('',#2631,#2629,#2834,.T.);
#2131=EDGE_CURVE('',#2632,#2633,#565,.T.);
#2132=EDGE_CURVE('',#2632,#2628,#138,.T.);
#2133=EDGE_CURVE('',#2629,#2633,#2835,.T.);
#2134=EDGE_CURVE('',#2634,#2635,#566,.T.);
#2135=EDGE_CURVE('',#2634,#2632,#139,.T.);
#2136=EDGE_CURVE('',#2633,#2635,#2836,.T.);
#2137=EDGE_CURVE('',#2636,#2637,#567,.T.);
#2138=EDGE_CURVE('',#2636,#2634,#140,.T.);
#2139=EDGE_CURVE('',#2635,#2637,#2837,.T.);
#2140=EDGE_CURVE('',#2638,#2639,#568,.T.);
#2141=EDGE_CURVE('',#2638,#2636,#141,.T.);
#2142=EDGE_CURVE('',#2637,#2639,#2838,.T.);
#2143=EDGE_CURVE('',#2640,#2641,#569,.T.);
#2144=EDGE_CURVE('',#2640,#2638,#142,.T.);
#2145=EDGE_CURVE('',#2639,#2641,#2839,.T.);
#2146=EDGE_CURVE('',#2642,#2643,#570,.T.);
#2147=EDGE_CURVE('',#2642,#2640,#143,.T.);
#2148=EDGE_CURVE('',#2641,#2643,#2840,.T.);
#2149=EDGE_CURVE('',#2644,#2645,#571,.T.);
#2150=EDGE_CURVE('',#2644,#2642,#144,.T.);
#2151=EDGE_CURVE('',#2643,#2645,#2841,.T.);
#2152=EDGE_CURVE('',#2646,#2647,#572,.T.);
#2153=EDGE_CURVE('',#2646,#2644,#145,.T.);
#2154=EDGE_CURVE('',#2645,#2647,#2842,.T.);
#2155=EDGE_CURVE('',#2648,#2649,#573,.T.);
#2156=EDGE_CURVE('',#2648,#2646,#146,.T.);
#2157=EDGE_CURVE('',#2647,#2649,#2843,.T.);
#2158=EDGE_CURVE('',#2650,#2651,#574,.T.);
#2159=EDGE_CURVE('',#2650,#2648,#147,.T.);
#2160=EDGE_CURVE('',#2649,#2651,#2844,.T.);
#2161=EDGE_CURVE('',#2652,#2653,#575,.T.);
#2162=EDGE_CURVE('',#2652,#2654,#148,.T.);
#2163=EDGE_CURVE('',#2654,#2655,#576,.F.);
#2164=EDGE_CURVE('',#2655,#2653,#2845,.T.);
#2165=EDGE_CURVE('',#2656,#2657,#577,.T.);
#2166=EDGE_CURVE('',#2656,#2652,#149,.T.);
#2167=EDGE_CURVE('',#2653,#2657,#2846,.T.);
#2168=EDGE_CURVE('',#2658,#2659,#578,.T.);
#2169=EDGE_CURVE('',#2658,#2660,#150,.T.);
#2170=EDGE_CURVE('',#2660,#2661,#579,.T.);
#2171=EDGE_CURVE('',#2661,#2659,#151,.F.);
#2172=EDGE_CURVE('',#2662,#2663,#580,.T.);
#2173=EDGE_CURVE('',#2662,#2658,#152,.T.);
#2174=EDGE_CURVE('',#2659,#2663,#153,.F.);
#2175=EDGE_CURVE('',#2664,#2665,#581,.T.);
#2176=EDGE_CURVE('',#2664,#2662,#154,.T.);
#2177=EDGE_CURVE('',#2665,#2663,#404,.F.);
#2178=EDGE_CURVE('',#2666,#2667,#582,.T.);
#2179=EDGE_CURVE('',#2666,#2668,#155,.T.);
#2180=EDGE_CURVE('',#2668,#2669,#583,.T.);
#2181=EDGE_CURVE('',#2667,#2669,#405,.F.);
#2182=EDGE_CURVE('',#2670,#2671,#584,.T.);
#2183=EDGE_CURVE('',#2670,#2666,#156,.T.);
#2184=EDGE_CURVE('',#2671,#2667,#406,.F.);
#2185=EDGE_CURVE('',#2672,#2673,#585,.T.);
#2186=EDGE_CURVE('',#2672,#2670,#157,.T.);
#2187=EDGE_CURVE('',#2671,#2673,#158,.F.);
#2188=EDGE_CURVE('',#2674,#2675,#586,.T.);
#2189=EDGE_CURVE('',#2674,#2672,#159,.T.);
#2190=EDGE_CURVE('',#2673,#2675,#160,.F.);
#2191=EDGE_CURVE('',#2676,#2677,#587,.T.);
#2192=EDGE_CURVE('',#2676,#2674,#2847,.F.);
#2193=EDGE_CURVE('',#2677,#2675,#2848,.F.);
#2194=EDGE_CURVE('',#2678,#2679,#588,.T.);
#2195=EDGE_CURVE('',#2678,#2680,#161,.T.);
#2196=EDGE_CURVE('',#2680,#2681,#589,.T.);
#2197=EDGE_CURVE('',#2681,#2679,#2849,.T.);
#2198=EDGE_CURVE('',#2682,#2683,#590,.F.);
#2199=EDGE_CURVE('',#2682,#2678,#162,.T.);
#2200=EDGE_CURVE('',#2683,#2679,#2850,.F.);
#2201=EDGE_CURVE('',#2684,#2685,#591,.T.);
#2202=EDGE_CURVE('',#2684,#2686,#163,.T.);
#2203=EDGE_CURVE('',#2686,#2687,#592,.T.);
#2204=EDGE_CURVE('',#2685,#2687,#407,.F.);
#2205=EDGE_CURVE('',#2688,#2689,#593,.T.);
#2206=EDGE_CURVE('',#2688,#2684,#164,.T.);
#2207=EDGE_CURVE('',#2685,#2689,#2851,.T.);
#2208=EDGE_CURVE('',#2690,#2691,#594,.T.);
#2209=EDGE_CURVE('',#2690,#2688,#2852,.F.);
#2210=EDGE_CURVE('',#2691,#2689,#2853,.F.);
#2211=EDGE_CURVE('',#2692,#2693,#595,.T.);
#2212=EDGE_CURVE('',#2692,#2690,#165,.T.);
#2213=EDGE_CURVE('',#2691,#2693,#2854,.T.);
#2214=EDGE_CURVE('',#2694,#2695,#596,.T.);
#2215=EDGE_CURVE('',#2694,#2692,#166,.T.);
#2216=EDGE_CURVE('',#2693,#2695,#167,.F.);
#2217=EDGE_CURVE('',#2696,#2499,#597,.T.);
#2218=EDGE_CURVE('',#2696,#2697,#168,.T.);
#2219=EDGE_CURVE('',#2697,#2500,#598,.T.);
#2220=EDGE_CURVE('',#2698,#2498,#599,.T.);
#2221=EDGE_CURVE('',#2698,#2696,#169,.T.);
#2222=EDGE_CURVE('',#2699,#2509,#600,.T.);
#2223=EDGE_CURVE('',#2699,#2698,#2855,.F.);
#2224=EDGE_CURVE('',#2700,#2508,#601,.T.);
#2225=EDGE_CURVE('',#2700,#2699,#170,.T.);
#2226=EDGE_CURVE('',#2701,#2507,#602,.T.);
#2227=EDGE_CURVE('',#2701,#2700,#171,.T.);
#2228=EDGE_CURVE('',#2702,#2506,#603,.T.);
#2229=EDGE_CURVE('',#2702,#2701,#172,.T.);
#2230=EDGE_CURVE('',#2703,#2505,#604,.T.);
#2231=EDGE_CURVE('',#2703,#2702,#173,.T.);
#2232=EDGE_CURVE('',#2704,#2504,#605,.T.);
#2233=EDGE_CURVE('',#2704,#2703,#174,.T.);
#2234=EDGE_CURVE('',#2705,#2503,#606,.T.);
#2235=EDGE_CURVE('',#2705,#2704,#2856,.F.);
#2236=EDGE_CURVE('',#2706,#2502,#607,.T.);
#2237=EDGE_CURVE('',#2706,#2705,#175,.T.);
#2238=EDGE_CURVE('',#2707,#2501,#608,.T.);
#2239=EDGE_CURVE('',#2707,#2706,#176,.T.);
#2240=EDGE_CURVE('',#2708,#2709,#609,.T.);
#2241=EDGE_CURVE('',#2708,#2710,#177,.T.);
#2242=EDGE_CURVE('',#2710,#2711,#610,.F.);
#2243=EDGE_CURVE('',#2711,#2709,#2857,.T.);
#2244=EDGE_CURVE('',#2712,#2713,#611,.T.);
#2245=EDGE_CURVE('',#2712,#2708,#178,.T.);
#2246=EDGE_CURVE('',#2709,#2713,#2858,.T.);
#2247=EDGE_CURVE('',#2714,#2715,#612,.T.);
#2248=EDGE_CURVE('',#2714,#2716,#179,.T.);
#2249=EDGE_CURVE('',#2716,#2717,#613,.T.);
#2250=EDGE_CURVE('',#2717,#2715,#180,.F.);
#2251=EDGE_CURVE('',#2718,#2719,#614,.T.);
#2252=EDGE_CURVE('',#2718,#2714,#181,.T.);
#2253=EDGE_CURVE('',#2719,#2715,#408,.F.);
#2254=EDGE_CURVE('',#2720,#2721,#615,.T.);
#2255=EDGE_CURVE('',#2720,#2718,#182,.T.);
#2256=EDGE_CURVE('',#2721,#2719,#409,.F.);
#2257=EDGE_CURVE('',#2722,#2723,#616,.T.);
#2258=EDGE_CURVE('',#2722,#2720,#183,.T.);
#2259=EDGE_CURVE('',#2721,#2723,#2859,.T.);
#2260=EDGE_CURVE('',#2724,#2725,#617,.T.);
#2261=EDGE_CURVE('',#2724,#2722,#2860,.F.);
#2262=EDGE_CURVE('',#2725,#2723,#2861,.F.);
#2263=EDGE_CURVE('',#2602,#2606,#184,.T.);
#2264=EDGE_CURVE('',#2603,#2607,#410,.F.);
#2265=EDGE_CURVE('',#2610,#2612,#185,.T.);
#2266=EDGE_CURVE('',#2611,#2613,#2862,.F.);
#2267=EDGE_CURVE('',#2616,#2620,#186,.T.);
#2268=EDGE_CURVE('',#2621,#2617,#187,.F.);
#2269=EDGE_CURVE('',#2624,#2626,#188,.T.);
#2270=EDGE_CURVE('',#2627,#2625,#2863,.T.);
#2271=EDGE_CURVE('',#2630,#2650,#189,.T.);
#2272=EDGE_CURVE('',#2651,#2631,#2864,.T.);
#2273=EDGE_CURVE('',#2654,#2656,#190,.T.);
#2274=EDGE_CURVE('',#2655,#2657,#2865,.F.);
#2275=EDGE_CURVE('',#2660,#2664,#191,.T.);
#2276=EDGE_CURVE('',#2661,#2665,#411,.F.);
#2277=EDGE_CURVE('',#2668,#2676,#192,.T.);
#2278=EDGE_CURVE('',#2677,#2669,#2866,.T.);
#2279=EDGE_CURVE('',#2680,#2682,#193,.T.);
#2280=EDGE_CURVE('',#2683,#2681,#2867,.T.);
#2281=EDGE_CURVE('',#2686,#2694,#194,.T.);
#2282=EDGE_CURVE('',#2687,#2695,#412,.F.);
#2283=EDGE_CURVE('',#2697,#2707,#2868,.F.);
#2284=EDGE_CURVE('',#2710,#2712,#195,.T.);
#2285=EDGE_CURVE('',#2711,#2713,#2869,.F.);
#2286=EDGE_CURVE('',#2716,#2724,#196,.T.);
#2287=EDGE_CURVE('',#2725,#2717,#2870,.T.);
#2288=EDGE_CURVE('',#2596,#2598,#197,.T.);
#2289=EDGE_CURVE('',#2599,#2597,#2871,.T.);
#2290=EDGE_CURVE('',#2726,#2727,#198,.T.);
#2291=EDGE_CURVE('',#2727,#2728,#199,.T.);
#2292=EDGE_CURVE('',#2728,#2729,#200,.T.);
#2293=EDGE_CURVE('',#2729,#2730,#201,.T.);
#2294=EDGE_CURVE('',#2730,#2731,#202,.T.);
#2295=EDGE_CURVE('',#2731,#2732,#203,.T.);
#2296=EDGE_CURVE('',#2732,#2733,#204,.T.);
#2297=EDGE_CURVE('',#2733,#2734,#205,.T.);
#2298=EDGE_CURVE('',#2734,#2735,#206,.T.);
#2299=EDGE_CURVE('',#2735,#2736,#207,.T.);
#2300=EDGE_CURVE('',#2736,#2737,#208,.T.);
#2301=EDGE_CURVE('',#2737,#2726,#209,.T.);
#2302=EDGE_CURVE('',#2738,#2739,#210,.T.);
#2303=EDGE_CURVE('',#2739,#2740,#211,.T.);
#2304=EDGE_CURVE('',#2740,#2738,#212,.T.);
#2305=EDGE_CURVE('',#2741,#2742,#213,.T.);
#2306=EDGE_CURVE('',#2742,#2743,#214,.T.);
#2307=EDGE_CURVE('',#2743,#2741,#215,.T.);
#2308=EDGE_CURVE('',#2744,#2745,#2872,.T.);
#2309=EDGE_CURVE('',#2745,#2746,#216,.T.);
#2310=EDGE_CURVE('',#2746,#2747,#217,.T.);
#2311=EDGE_CURVE('',#2747,#2748,#218,.T.);
#2312=EDGE_CURVE('',#2748,#2749,#219,.T.);
#2313=EDGE_CURVE('',#2749,#2744,#220,.T.);
#2314=EDGE_CURVE('',#2750,#2751,#221,.T.);
#2315=EDGE_CURVE('',#2751,#2752,#222,.T.);
#2316=EDGE_CURVE('',#2752,#2750,#223,.T.);
#2317=EDGE_CURVE('',#2753,#2754,#224,.T.);
#2318=EDGE_CURVE('',#2754,#2755,#225,.T.);
#2319=EDGE_CURVE('',#2755,#2756,#226,.T.);
#2320=EDGE_CURVE('',#2756,#2753,#227,.T.);
#2321=EDGE_CURVE('',#2757,#2758,#228,.T.);
#2322=EDGE_CURVE('',#2758,#2759,#229,.T.);
#2323=EDGE_CURVE('',#2759,#2757,#230,.T.);
#2324=EDGE_CURVE('',#2760,#2761,#2873,.T.);
#2325=EDGE_CURVE('',#2761,#2762,#231,.T.);
#2326=EDGE_CURVE('',#2762,#2763,#232,.T.);
#2327=EDGE_CURVE('',#2763,#2764,#233,.T.);
#2328=EDGE_CURVE('',#2764,#2765,#234,.T.);
#2329=EDGE_CURVE('',#2765,#2760,#235,.T.);
#2330=EDGE_CURVE('',#2766,#2767,#236,.T.);
#2331=EDGE_CURVE('',#2767,#2768,#237,.T.);
#2332=EDGE_CURVE('',#2768,#2766,#238,.T.);
#2333=EDGE_CURVE('',#2769,#2770,#239,.T.);
#2334=EDGE_CURVE('',#2770,#2771,#240,.T.);
#2335=EDGE_CURVE('',#2771,#2772,#2874,.T.);
#2336=EDGE_CURVE('',#2772,#2773,#241,.T.);
#2337=EDGE_CURVE('',#2773,#2774,#242,.T.);
#2338=EDGE_CURVE('',#2774,#2769,#243,.T.);
#2339=EDGE_CURVE('',#2775,#2776,#244,.T.);
#2340=EDGE_CURVE('',#2776,#2777,#245,.T.);
#2341=EDGE_CURVE('',#2777,#2778,#246,.T.);
#2342=EDGE_CURVE('',#2778,#2775,#247,.T.);
#2343=EDGE_CURVE('',#2779,#2780,#248,.T.);
#2344=EDGE_CURVE('',#2780,#2781,#249,.T.);
#2345=EDGE_CURVE('',#2781,#2779,#250,.T.);
#2346=EDGE_CURVE('',#2782,#2783,#251,.T.);
#2347=EDGE_CURVE('',#2783,#2784,#252,.T.);
#2348=EDGE_CURVE('',#2784,#2785,#253,.T.);
#2349=EDGE_CURVE('',#2785,#2782,#254,.T.);
#2350=EDGE_CURVE('',#2786,#2787,#255,.T.);
#2351=EDGE_CURVE('',#2787,#2788,#2875,.T.);
#2352=EDGE_CURVE('',#2788,#2789,#256,.T.);
#2353=EDGE_CURVE('',#2789,#2790,#257,.T.);
#2354=EDGE_CURVE('',#2790,#2791,#2876,.T.);
#2355=EDGE_CURVE('',#2791,#2792,#258,.T.);
#2356=EDGE_CURVE('',#2792,#2793,#259,.T.);
#2357=EDGE_CURVE('',#2793,#2794,#2877,.T.);
#2358=EDGE_CURVE('',#2794,#2795,#260,.T.);
#2359=EDGE_CURVE('',#2795,#2796,#261,.T.);
#2360=EDGE_CURVE('',#2796,#2797,#262,.T.);
#2361=EDGE_CURVE('',#2797,#2786,#263,.T.);
#2362=EDGE_CURVE('',#2467,#2536,#2878,.T.);
#2363=EDGE_CURVE('',#2535,#2538,#2879,.T.);
#2364=EDGE_CURVE('',#2536,#2520,#2880,.T.);
#2365=EDGE_CURVE('',#2521,#2535,#2881,.T.);
#2366=EDGE_CURVE('',#2467,#2520,#2882,.F.);
#2367=EDGE_CURVE('',#2521,#2538,#2883,.F.);
#2368=EDGE_CURVE('',#2468,#2519,#413,.T.);
#2369=EDGE_CURVE('',#2518,#2537,#2884,.T.);
#2370=EDGE_CURVE('',#2541,#2518,#2885,.T.);
#2371=EDGE_CURVE('',#2541,#2537,#2886,.F.);
#2372=EDGE_CURVE('',#2511,#2570,#2887,.T.);
#2373=EDGE_CURVE('',#2572,#2517,#2888,.T.);
#2374=EDGE_CURVE('',#2510,#2570,#2889,.F.);
#2375=EDGE_CURVE('',#2572,#2516,#2890,.F.);
#2376=EDGE_CURVE('',#2512,#2568,#2891,.T.);
#2377=EDGE_CURVE('',#2567,#2515,#2892,.T.);
#2378=EDGE_CURVE('',#2513,#2568,#2893,.F.);
#2379=EDGE_CURVE('',#2567,#2514,#2894,.F.);
#2380=EDGE_CURVE('',#2698,#2793,#264,.T.);
#2381=EDGE_CURVE('',#2794,#2699,#265,.F.);
#2382=EDGE_CURVE('',#2795,#2700,#266,.F.);
#2383=EDGE_CURVE('',#2696,#2792,#267,.T.);
#2384=EDGE_CURVE('',#2796,#2701,#268,.F.);
#2385=EDGE_CURVE('',#2697,#2791,#269,.T.);
#2386=EDGE_CURVE('',#2797,#2702,#270,.F.);
#2387=EDGE_CURVE('',#2707,#2790,#271,.T.);
#2388=EDGE_CURVE('',#2786,#2703,#272,.F.);
#2389=EDGE_CURVE('',#2706,#2789,#273,.T.);
#2390=EDGE_CURVE('',#2787,#2704,#274,.F.);
#2391=EDGE_CURVE('',#2705,#2788,#275,.T.);
#2392=EDGE_CURVE('',#2666,#2774,#276,.T.);
#2393=EDGE_CURVE('',#2769,#2670,#277,.F.);
#2394=EDGE_CURVE('',#2770,#2672,#2895,.T.);
#2395=EDGE_CURVE('',#2668,#2773,#278,.T.);
#2396=EDGE_CURVE('',#2771,#2674,#279,.F.);
#2397=EDGE_CURVE('',#2676,#2772,#280,.T.);
#2398=EDGE_CURVE('',#2694,#2763,#281,.T.);
#2399=EDGE_CURVE('',#2764,#2686,#282,.F.);
#2400=EDGE_CURVE('',#2765,#2684,#283,.F.);
#2401=EDGE_CURVE('',#2692,#2762,#2896,.T.);
#2402=EDGE_CURVE('',#2760,#2688,#284,.F.);
#2403=EDGE_CURVE('',#2690,#2761,#285,.T.);
#2404=EDGE_CURVE('',#2714,#2747,#286,.T.);
#2405=EDGE_CURVE('',#2748,#2718,#287,.F.);
#2406=EDGE_CURVE('',#2749,#2720,#288,.F.);
#2407=EDGE_CURVE('',#2716,#2746,#2897,.T.);
#2408=EDGE_CURVE('',#2744,#2722,#289,.F.);
#2409=EDGE_CURVE('',#2724,#2745,#290,.T.);
#2410=EDGE_CURVE('',#2678,#2768,#291,.T.);
#2411=EDGE_CURVE('',#2766,#2682,#292,.F.);
#2412=EDGE_CURVE('',#2767,#2680,#293,.F.);
#2413=EDGE_CURVE('',#2727,#2644,#2898,.T.);
#2414=EDGE_CURVE('',#2642,#2726,#294,.T.);
#2415=EDGE_CURVE('',#2640,#2737,#2899,.T.);
#2416=EDGE_CURVE('',#2728,#2646,#295,.F.);
#2417=EDGE_CURVE('',#2638,#2736,#296,.T.);
#2418=EDGE_CURVE('',#2729,#2648,#2900,.T.);
#2419=EDGE_CURVE('',#2636,#2735,#2901,.T.);
#2420=EDGE_CURVE('',#2730,#2650,#297,.F.);
#2421=EDGE_CURVE('',#2634,#2734,#298,.T.);
#2422=EDGE_CURVE('',#2731,#2630,#2902,.T.);
#2423=EDGE_CURVE('',#2632,#2733,#2903,.T.);
#2424=EDGE_CURVE('',#2732,#2628,#299,.F.);
#2425=EDGE_CURVE('',#2626,#2759,#300,.T.);
#2426=EDGE_CURVE('',#2757,#2624,#301,.F.);
#2427=EDGE_CURVE('',#2758,#2622,#302,.F.);
#2428=EDGE_CURVE('',#2775,#2614,#303,.F.);
#2429=EDGE_CURVE('',#2616,#2778,#304,.T.);
#2430=EDGE_CURVE('',#2620,#2777,#2904,.T.);
#2431=EDGE_CURVE('',#2776,#2618,#305,.F.);
#2432=EDGE_CURVE('',#2612,#2781,#306,.T.);
#2433=EDGE_CURVE('',#2779,#2610,#307,.F.);
#2434=EDGE_CURVE('',#2780,#2608,#308,.F.);
#2435=EDGE_CURVE('',#2708,#2752,#309,.T.);
#2436=EDGE_CURVE('',#2750,#2712,#310,.F.);
#2437=EDGE_CURVE('',#2751,#2710,#311,.F.);
#2438=EDGE_CURVE('',#2652,#2740,#312,.T.);
#2439=EDGE_CURVE('',#2738,#2656,#313,.F.);
#2440=EDGE_CURVE('',#2739,#2654,#314,.F.);
#2441=EDGE_CURVE('',#2753,#2664,#315,.F.);
#2442=EDGE_CURVE('',#2662,#2756,#316,.T.);
#2443=EDGE_CURVE('',#2658,#2755,#2905,.T.);
#2444=EDGE_CURVE('',#2754,#2660,#317,.F.);
#2445=EDGE_CURVE('',#2598,#2743,#318,.T.);
#2446=EDGE_CURVE('',#2741,#2596,#319,.F.);
#2447=EDGE_CURVE('',#2742,#2594,#320,.F.);
#2448=EDGE_CURVE('',#2782,#2602,#321,.F.);
#2449=EDGE_CURVE('',#2606,#2785,#322,.T.);
#2450=EDGE_CURVE('',#2604,#2784,#323,.T.);
#2451=EDGE_CURVE('',#2783,#2600,#2906,.T.);
#2452=EDGE_CURVE('',#2522,#2557,#2907,.T.);
#2453=EDGE_CURVE('',#2529,#2554,#324,.F.);
#2454=EDGE_CURVE('',#2564,#2523,#325,.T.);
#2455=EDGE_CURVE('',#2559,#2522,#2908,.T.);
#2456=EDGE_CURVE('',#2559,#2557,#2909,.F.);
#2457=EDGE_CURVE('',#2548,#2525,#414,.T.);
#2458=EDGE_CURVE('',#2524,#2562,#415,.F.);
#2459=EDGE_CURVE('',#2473,#2463,#618,.T.);
#2460=EDGE_CURVE('',#2475,#2464,#619,.T.);
#2461=EDGE_CURVE('',#2476,#2472,#620,.T.);
#2462=EDGE_CURVE('',#2477,#2471,#621,.T.);
#2463=VERTEX_POINT('',#4800);
#2464=VERTEX_POINT('',#4801);
#2465=VERTEX_POINT('',#4803);
#2466=VERTEX_POINT('',#4805);
#2467=VERTEX_POINT('',#4807);
#2468=VERTEX_POINT('',#4809);
#2469=VERTEX_POINT('',#4811);
#2470=VERTEX_POINT('',#4813);
#2471=VERTEX_POINT('',#4815);
#2472=VERTEX_POINT('',#4817);
#2473=VERTEX_POINT('',#4821);
#2474=VERTEX_POINT('',#4822);
#2475=VERTEX_POINT('',#4824);
#2476=VERTEX_POINT('',#4826);
#2477=VERTEX_POINT('',#4828);
#2478=VERTEX_POINT('',#4830);
#2479=VERTEX_POINT('',#4832);
#2480=VERTEX_POINT('',#4834);
#2481=VERTEX_POINT('',#4836);
#2482=VERTEX_POINT('',#4838);
#2483=VERTEX_POINT('',#4842);
#2484=VERTEX_POINT('',#4844);
#2485=VERTEX_POINT('',#4846);
#2486=VERTEX_POINT('',#4848);
#2487=VERTEX_POINT('',#4851);
#2488=VERTEX_POINT('',#4853);
#2489=VERTEX_POINT('',#4857);
#2490=VERTEX_POINT('',#4859);
#2491=VERTEX_POINT('',#4861);
#2492=VERTEX_POINT('',#4863);
#2493=VERTEX_POINT('',#4865);
#2494=VERTEX_POINT('',#4869);
#2495=VERTEX_POINT('',#4870);
#2496=VERTEX_POINT('',#4872);
#2497=VERTEX_POINT('',#4874);
#2498=VERTEX_POINT('',#4877);
#2499=VERTEX_POINT('',#4878);
#2500=VERTEX_POINT('',#4880);
#2501=VERTEX_POINT('',#4882);
#2502=VERTEX_POINT('',#4884);
#2503=VERTEX_POINT('',#4886);
#2504=VERTEX_POINT('',#4888);
#2505=VERTEX_POINT('',#4890);
#2506=VERTEX_POINT('',#4892);
#2507=VERTEX_POINT('',#4894);
#2508=VERTEX_POINT('',#4896);
#2509=VERTEX_POINT('',#4898);
#2510=VERTEX_POINT('',#4902);
#2511=VERTEX_POINT('',#4903);
#2512=VERTEX_POINT('',#4905);
#2513=VERTEX_POINT('',#4907);
#2514=VERTEX_POINT('',#4909);
#2515=VERTEX_POINT('',#4911);
#2516=VERTEX_POINT('',#4913);
#2517=VERTEX_POINT('',#4915);
#2518=VERTEX_POINT('',#4918);
#2519=VERTEX_POINT('',#4919);
#2520=VERTEX_POINT('',#4921);
#2521=VERTEX_POINT('',#4923);
#2522=VERTEX_POINT('',#4926);
#2523=VERTEX_POINT('',#4927);
#2524=VERTEX_POINT('',#4929);
#2525=VERTEX_POINT('',#4931);
#2526=VERTEX_POINT('',#4933);
#2527=VERTEX_POINT('',#4935);
#2528=VERTEX_POINT('',#4937);
#2529=VERTEX_POINT('',#4939);
#2530=VERTEX_POINT('',#4942);
#2531=VERTEX_POINT('',#4944);
#2532=VERTEX_POINT('',#4945);
#2533=VERTEX_POINT('',#4947);
#2534=VERTEX_POINT('',#4949);
#2535=VERTEX_POINT('',#4953);
#2536=VERTEX_POINT('',#4955);
#2537=VERTEX_POINT('',#4959);
#2538=VERTEX_POINT('',#4961);
#2539=VERTEX_POINT('',#4965);
#2540=VERTEX_POINT('',#4969);
#2541=VERTEX_POINT('',#4975);
#2542=VERTEX_POINT('',#4979);
#2543=VERTEX_POINT('',#4983);
#2544=VERTEX_POINT('',#4987);
#2545=VERTEX_POINT('',#4991);
#2546=VERTEX_POINT('',#4995);
#2547=VERTEX_POINT('',#4996);
#2548=VERTEX_POINT('',#4998);
#2549=VERTEX_POINT('',#5000);
#2550=VERTEX_POINT('',#5004);
#2551=VERTEX_POINT('',#5009);
#2552=VERTEX_POINT('',#5011);
#2553=VERTEX_POINT('',#5015);
#2554=VERTEX_POINT('',#5016);
#2555=VERTEX_POINT('',#5019);
#2556=VERTEX_POINT('',#5023);
#2557=VERTEX_POINT('',#5025);
#2558=VERTEX_POINT('',#5029);
#2559=VERTEX_POINT('',#5030);
#2560=VERTEX_POINT('',#5032);
#2561=VERTEX_POINT('',#5034);
#2562=VERTEX_POINT('',#5038);
#2563=VERTEX_POINT('',#5039);
#2564=VERTEX_POINT('',#5041);
#2565=VERTEX_POINT('',#5049);
#2566=VERTEX_POINT('',#5062);
#2567=VERTEX_POINT('',#5063);
#2568=VERTEX_POINT('',#5065);
#2569=VERTEX_POINT('',#5067);
#2570=VERTEX_POINT('',#5071);
#2571=VERTEX_POINT('',#5073);
#2572=VERTEX_POINT('',#5077);
#2573=VERTEX_POINT('',#5079);
#2574=VERTEX_POINT('',#5086);
#2575=VERTEX_POINT('',#5087);
#2576=VERTEX_POINT('',#5089);
#2577=VERTEX_POINT('',#5091);
#2578=VERTEX_POINT('',#5093);
#2579=VERTEX_POINT('',#5095);
#2580=VERTEX_POINT('',#5097);
#2581=VERTEX_POINT('',#5099);
#2582=VERTEX_POINT('',#5101);
#2583=VERTEX_POINT('',#5103);
#2584=VERTEX_POINT('',#5107);
#2585=VERTEX_POINT('',#5109);
#2586=VERTEX_POINT('',#5113);
#2587=VERTEX_POINT('',#5117);
#2588=VERTEX_POINT('',#5121);
#2589=VERTEX_POINT('',#5125);
#2590=VERTEX_POINT('',#5129);
#2591=VERTEX_POINT('',#5133);
#2592=VERTEX_POINT('',#5137);
#2593=VERTEX_POINT('',#5141);
#2594=VERTEX_POINT('',#5148);
#2595=VERTEX_POINT('',#5149);
#2596=VERTEX_POINT('',#5154);
#2597=VERTEX_POINT('',#5156);
#2598=VERTEX_POINT('',#5160);
#2599=VERTEX_POINT('',#5161);
#2600=VERTEX_POINT('',#5180);
#2601=VERTEX_POINT('',#5181);
#2602=VERTEX_POINT('',#5188);
#2603=VERTEX_POINT('',#5190);
#2604=VERTEX_POINT('',#5217);
#2605=VERTEX_POINT('',#5218);
#2606=VERTEX_POINT('',#5247);
#2607=VERTEX_POINT('',#5248);
#2608=VERTEX_POINT('',#5256);
#2609=VERTEX_POINT('',#5257);
#2610=VERTEX_POINT('',#5262);
#2611=VERTEX_POINT('',#5264);
#2612=VERTEX_POINT('',#5268);
#2613=VERTEX_POINT('',#5269);
#2614=VERTEX_POINT('',#5284);
#2615=VERTEX_POINT('',#5285);
#2616=VERTEX_POINT('',#5290);
#2617=VERTEX_POINT('',#5292);
#2618=VERTEX_POINT('',#5303);
#2619=VERTEX_POINT('',#5304);
#2620=VERTEX_POINT('',#5323);
#2621=VERTEX_POINT('',#5324);
#2622=VERTEX_POINT('',#5346);
#2623=VERTEX_POINT('',#5347);
#2624=VERTEX_POINT('',#5352);
#2625=VERTEX_POINT('',#5354);
#2626=VERTEX_POINT('',#5358);
#2627=VERTEX_POINT('',#5359);
#2628=VERTEX_POINT('',#5367);
#2629=VERTEX_POINT('',#5368);
#2630=VERTEX_POINT('',#5373);
#2631=VERTEX_POINT('',#5375);
#2632=VERTEX_POINT('',#5379);
#2633=VERTEX_POINT('',#5380);
#2634=VERTEX_POINT('',#5388);
#2635=VERTEX_POINT('',#5389);
#2636=VERTEX_POINT('',#5397);
#2637=VERTEX_POINT('',#5398);
#2638=VERTEX_POINT('',#5406);
#2639=VERTEX_POINT('',#5407);
#2640=VERTEX_POINT('',#5415);
#2641=VERTEX_POINT('',#5416);
#2642=VERTEX_POINT('',#5424);
#2643=VERTEX_POINT('',#5425);
#2644=VERTEX_POINT('',#5433);
#2645=VERTEX_POINT('',#5434);
#2646=VERTEX_POINT('',#5442);
#2647=VERTEX_POINT('',#5443);
#2648=VERTEX_POINT('',#5451);
#2649=VERTEX_POINT('',#5452);
#2650=VERTEX_POINT('',#5460);
#2651=VERTEX_POINT('',#5461);
#2652=VERTEX_POINT('',#5469);
#2653=VERTEX_POINT('',#5470);
#2654=VERTEX_POINT('',#5475);
#2655=VERTEX_POINT('',#5477);
#2656=VERTEX_POINT('',#5481);
#2657=VERTEX_POINT('',#5482);
#2658=VERTEX_POINT('',#5501);
#2659=VERTEX_POINT('',#5502);
#2660=VERTEX_POINT('',#5509);
#2661=VERTEX_POINT('',#5511);
#2662=VERTEX_POINT('',#5538);
#2663=VERTEX_POINT('',#5539);
#2664=VERTEX_POINT('',#5568);
#2665=VERTEX_POINT('',#5569);
#2666=VERTEX_POINT('',#5584);
#2667=VERTEX_POINT('',#5585);
#2668=VERTEX_POINT('',#5590);
#2669=VERTEX_POINT('',#5592);
#2670=VERTEX_POINT('',#5603);
#2671=VERTEX_POINT('',#5604);
#2672=VERTEX_POINT('',#5623);
#2673=VERTEX_POINT('',#5624);
#2674=VERTEX_POINT('',#5653);
#2675=VERTEX_POINT('',#5654);
#2676=VERTEX_POINT('',#5667);
#2677=VERTEX_POINT('',#5668);
#2678=VERTEX_POINT('',#5673);
#2679=VERTEX_POINT('',#5674);
#2680=VERTEX_POINT('',#5679);
#2681=VERTEX_POINT('',#5681);
#2682=VERTEX_POINT('',#5685);
#2683=VERTEX_POINT('',#5686);
#2684=VERTEX_POINT('',#5701);
#2685=VERTEX_POINT('',#5702);
#2686=VERTEX_POINT('',#5707);
#2687=VERTEX_POINT('',#5709);
#2688=VERTEX_POINT('',#5713);
#2689=VERTEX_POINT('',#5714);
#2690=VERTEX_POINT('',#5722);
#2691=VERTEX_POINT('',#5723);
#2692=VERTEX_POINT('',#5728);
#2693=VERTEX_POINT('',#5729);
#2694=VERTEX_POINT('',#5748);
#2695=VERTEX_POINT('',#5749);
#2696=VERTEX_POINT('',#5778);
#2697=VERTEX_POINT('',#5783);
#2698=VERTEX_POINT('',#5796);
#2699=VERTEX_POINT('',#5806);
#2700=VERTEX_POINT('',#5817);
#2701=VERTEX_POINT('',#5837);
#2702=VERTEX_POINT('',#5864);
#2703=VERTEX_POINT('',#5891);
#2704=VERTEX_POINT('',#5905);
#2705=VERTEX_POINT('',#5912);
#2706=VERTEX_POINT('',#5925);
#2707=VERTEX_POINT('',#5944);
#2708=VERTEX_POINT('',#5954);
#2709=VERTEX_POINT('',#5955);
#2710=VERTEX_POINT('',#5960);
#2711=VERTEX_POINT('',#5962);
#2712=VERTEX_POINT('',#5966);
#2713=VERTEX_POINT('',#5967);
#2714=VERTEX_POINT('',#5986);
#2715=VERTEX_POINT('',#5987);
#2716=VERTEX_POINT('',#5994);
#2717=VERTEX_POINT('',#5996);
#2718=VERTEX_POINT('',#6019);
#2719=VERTEX_POINT('',#6020);
#2720=VERTEX_POINT('',#6035);
#2721=VERTEX_POINT('',#6036);
#2722=VERTEX_POINT('',#6044);
#2723=VERTEX_POINT('',#6045);
#2724=VERTEX_POINT('',#6053);
#2725=VERTEX_POINT('',#6054);
#2726=VERTEX_POINT('',#6188);
#2727=VERTEX_POINT('',#6189);
#2728=VERTEX_POINT('',#6194);
#2729=VERTEX_POINT('',#6199);
#2730=VERTEX_POINT('',#6204);
#2731=VERTEX_POINT('',#6209);
#2732=VERTEX_POINT('',#6214);
#2733=VERTEX_POINT('',#6219);
#2734=VERTEX_POINT('',#6224);
#2735=VERTEX_POINT('',#6229);
#2736=VERTEX_POINT('',#6234);
#2737=VERTEX_POINT('',#6239);
#2738=VERTEX_POINT('',#6248);
#2739=VERTEX_POINT('',#6249);
#2740=VERTEX_POINT('',#6255);
#2741=VERTEX_POINT('',#6265);
#2742=VERTEX_POINT('',#6266);
#2743=VERTEX_POINT('',#6272);
#2744=VERTEX_POINT('',#6279);
#2745=VERTEX_POINT('',#6280);
#2746=VERTEX_POINT('',#6285);
#2747=VERTEX_POINT('',#6292);
#2748=VERTEX_POINT('',#6297);
#2749=VERTEX_POINT('',#6302);
#2750=VERTEX_POINT('',#6311);
#2751=VERTEX_POINT('',#6312);
#2752=VERTEX_POINT('',#6318);
#2753=VERTEX_POINT('',#6328);
#2754=VERTEX_POINT('',#6329);
#2755=VERTEX_POINT('',#6336);
#2756=VERTEX_POINT('',#6343);
#2757=VERTEX_POINT('',#6352);
#2758=VERTEX_POINT('',#6353);
#2759=VERTEX_POINT('',#6359);
#2760=VERTEX_POINT('',#6366);
#2761=VERTEX_POINT('',#6367);
#2762=VERTEX_POINT('',#6372);
#2763=VERTEX_POINT('',#6379);
#2764=VERTEX_POINT('',#6384);
#2765=VERTEX_POINT('',#6389);
#2766=VERTEX_POINT('',#6399);
#2767=VERTEX_POINT('',#6400);
#2768=VERTEX_POINT('',#6406);
#2769=VERTEX_POINT('',#6417);
#2770=VERTEX_POINT('',#6418);
#2771=VERTEX_POINT('',#6424);
#2772=VERTEX_POINT('',#6426);
#2773=VERTEX_POINT('',#6431);
#2774=VERTEX_POINT('',#6436);
#2775=VERTEX_POINT('',#6445);
#2776=VERTEX_POINT('',#6446);
#2777=VERTEX_POINT('',#6453);
#2778=VERTEX_POINT('',#6460);
#2779=VERTEX_POINT('',#6470);
#2780=VERTEX_POINT('',#6471);
#2781=VERTEX_POINT('',#6477);
#2782=VERTEX_POINT('',#6488);
#2783=VERTEX_POINT('',#6489);
#2784=VERTEX_POINT('',#6496);
#2785=VERTEX_POINT('',#6501);
#2786=VERTEX_POINT('',#6510);
#2787=VERTEX_POINT('',#6511);
#2788=VERTEX_POINT('',#6513);
#2789=VERTEX_POINT('',#6523);
#2790=VERTEX_POINT('',#6531);
#2791=VERTEX_POINT('',#6533);
#2792=VERTEX_POINT('',#6538);
#2793=VERTEX_POINT('',#6546);
#2794=VERTEX_POINT('',#6548);
#2795=VERTEX_POINT('',#6553);
#2796=VERTEX_POINT('',#6565);
#2797=VERTEX_POINT('',#6577);
#2798=CIRCLE('',#3759,0.000499999999999992);
#2799=CIRCLE('',#3760,0.0005);
#2800=CIRCLE('',#3762,0.000499999999999992);
#2801=CIRCLE('',#3763,0.0005);
#2802=CIRCLE('',#3765,0.00125);
#2803=CIRCLE('',#3766,0.00125);
#2804=CIRCLE('',#3767,0.00125);
#2805=CIRCLE('',#3768,0.00125);
#2806=CIRCLE('',#3769,0.001);
#2807=CIRCLE('',#3770,0.001);
#2808=CIRCLE('',#3771,0.001);
#2809=CIRCLE('',#3775,0.0015);
#2810=CIRCLE('',#3778,0.0015);
#2811=CIRCLE('',#3779,0.0106345051331945);
#2812=CIRCLE('',#3784,0.0015);
#2813=CIRCLE('',#3786,0.0005);
#2814=CIRCLE('',#3787,0.0005);
#2815=CIRCLE('',#3788,0.0005);
#2816=CIRCLE('',#3789,0.0005);
#2817=CIRCLE('',#3790,0.004);
#2818=CIRCLE('',#3798,0.00125);
#2819=CIRCLE('',#3801,0.00125);
#2820=CIRCLE('',#3804,0.00125);
#2821=CIRCLE('',#3807,0.00125);
#2822=CIRCLE('',#3811,0.0005);
#2823=CIRCLE('',#3813,0.0005);
#2824=CIRCLE('',#3815,0.001);
#2825=CIRCLE('',#3819,0.001);
#2826=CIRCLE('',#3822,0.004);
#2827=CIRCLE('',#3824,0.001);
#2828=CIRCLE('',#3846,0.0196345991951607);
#2829=CIRCLE('',#3848,0.0139907138846304);
#2830=CIRCLE('',#3851,0.0139907139120551);
#2831=CIRCLE('',#3853,0.0139907139318979);
#2832=CIRCLE('',#3857,0.0196345991952748);
#2833=CIRCLE('',#3859,0.0139907139246708);
#2834=CIRCLE('',#3861,0.0183565960426138);
#2835=CIRCLE('',#3863,0.018356596052572);
#2836=CIRCLE('',#3865,0.0183565960418241);
#2837=CIRCLE('',#3867,0.0183565960426212);
#2838=CIRCLE('',#3869,0.0183565960526661);
#2839=CIRCLE('',#3871,0.0183565960422844);
#2840=CIRCLE('',#3873,0.0183565960526563);
#2841=CIRCLE('',#3875,0.0183565960388084);
#2842=CIRCLE('',#3877,0.0183565960527119);
#2843=CIRCLE('',#3879,0.0183565960491725);
#2844=CIRCLE('',#3881,0.0183565960390567);
#2845=CIRCLE('',#3883,0.0139907139246716);
#2846=CIRCLE('',#3885,0.0139907139024046);
#2847=CIRCLE('',#3890,0.0015);
#2848=CIRCLE('',#3891,0.0015);
#2849=CIRCLE('',#3893,0.0139907139099886);
#2850=CIRCLE('',#3895,0.0196345991951126);
#2851=CIRCLE('',#3898,0.00853935549838086);
#2852=CIRCLE('',#3900,0.0015);
#2853=CIRCLE('',#3901,0.0015);
#2854=CIRCLE('',#3903,0.00118107596702563);
#2855=CIRCLE('',#3905,0.0015);
#2856=CIRCLE('',#3908,0.0015);
#2857=CIRCLE('',#3910,0.0139907139149396);
#2858=CIRCLE('',#3912,0.0139907139119145);
#2859=CIRCLE('',#3916,0.00829109236215209);
#2860=CIRCLE('',#3918,0.0015);
#2861=CIRCLE('',#3919,0.0015);
#2862=CIRCLE('',#3922,0.0196345991952748);
#2863=CIRCLE('',#3924,0.0139907139322315);
#2864=CIRCLE('',#3926,0.0183565960526468);
#2865=CIRCLE('',#3928,0.0196345991952746);
#2866=CIRCLE('',#3931,0.00923771262471062);
#2867=CIRCLE('',#3933,0.0139907139323061);
#2868=CIRCLE('',#3936,0.0015);
#2869=CIRCLE('',#3938,0.0196345991951609);
#2870=CIRCLE('',#3940,0.00115924145638154);
#2871=CIRCLE('',#3942,0.0139907139119077);
#2872=CIRCLE('',#3944,0.0012);
#2873=CIRCLE('',#3945,0.0012);
#2874=CIRCLE('',#3946,0.0012);
#2875=CIRCLE('',#3947,0.0012);
#2876=CIRCLE('',#3948,0.0012);
#2877=CIRCLE('',#3949,0.0012);
#2878=CIRCLE('',#3964,0.001);
#2879=CIRCLE('',#3966,0.001);
#2880=CIRCLE('',#3968,0.001);
#2881=CIRCLE('',#3969,0.001);
#2882=CIRCLE('',#3971,0.001);
#2883=CIRCLE('',#3973,0.001);
#2884=CIRCLE('',#3977,0.001);
#2885=CIRCLE('',#3979,0.001);
#2886=CIRCLE('',#3981,0.001);
#2887=CIRCLE('',#3984,0.0005);
#2888=CIRCLE('',#3985,0.0005);
#2889=CIRCLE('',#3987,0.0005);
#2890=CIRCLE('',#3989,0.0005);
#2891=CIRCLE('',#3991,0.0005);
#2892=CIRCLE('',#3993,0.0005);
#2893=CIRCLE('',#3995,0.0005);
#2894=CIRCLE('',#3997,0.0005);
#2895=CIRCLE('',#4002,0.0003);
#2896=CIRCLE('',#4004,0.0003);
#2897=CIRCLE('',#4006,0.0003);
#2898=CIRCLE('',#4008,0.0003);
#2899=CIRCLE('',#4009,0.0003);
#2900=CIRCLE('',#4010,0.0003);
#2901=CIRCLE('',#4011,0.0003);
#2902=CIRCLE('',#4012,0.0003);
#2903=CIRCLE('',#4013,0.0003);
#2904=CIRCLE('',#4014,0.0003);
#2905=CIRCLE('',#4015,0.0003);
#2906=CIRCLE('',#4016,0.0003);
#2907=CIRCLE('',#4018,0.001);
#2908=CIRCLE('',#4020,0.001);
#2909=CIRCLE('',#4022,0.001);
#2910=EDGE_LOOP('',(#828,#829,#830,#831,#832,#833,#834,#835,#836,#837));
#2911=EDGE_LOOP('',(#838,#839,#840,#841,#842,#843,#844,#845,#846,#847));
#2912=EDGE_LOOP('',(#848));
#2913=EDGE_LOOP('',(#849));
#2914=EDGE_LOOP('',(#850));
#2915=EDGE_LOOP('',(#851));
#2916=EDGE_LOOP('',(#852,#853,#854,#855,#856,#857,#858,#859,#860,#861,#862,#863,#864,#865,#866));
#2917=EDGE_LOOP('',(#867,#868,#869,#870));
#2918=EDGE_LOOP('',(#871,#872,#873,#874,#875,#876,#877,#878,#879,#880,#881,#882));
#2919=EDGE_LOOP('',(#883,#884,#885,#886,#887,#888,#889,#890));
#2920=EDGE_LOOP('',(#891,#892,#893,#894));
#2921=EDGE_LOOP('',(#895,#896,#897,#898,#899,#900,#901,#902));
#2922=EDGE_LOOP('',(#903));
#2923=EDGE_LOOP('',(#904,#905,#906,#907));
#2924=EDGE_LOOP('',(#908,#909,#910,#911));
#2925=EDGE_LOOP('',(#912,#913,#914,#915));
#2926=EDGE_LOOP('',(#916,#917,#918,#919));
#2927=EDGE_LOOP('',(#920,#921,#922,#923));
#2928=EDGE_LOOP('',(#924,#925,#926,#927));
#2929=EDGE_LOOP('',(#928,#929,#930,#931));
#2930=EDGE_LOOP('',(#932));
#2931=EDGE_LOOP('',(#933));
#2932=EDGE_LOOP('',(#934));
#2933=EDGE_LOOP('',(#935));
#2934=EDGE_LOOP('',(#936));
#2935=EDGE_LOOP('',(#937));
#2936=EDGE_LOOP('',(#938));
#2937=EDGE_LOOP('',(#939));
#2938=EDGE_LOOP('',(#940));
#2939=EDGE_LOOP('',(#941));
#2940=EDGE_LOOP('',(#942));
#2941=EDGE_LOOP('',(#943));
#2942=EDGE_LOOP('',(#944,#945,#946,#947));
#2943=EDGE_LOOP('',(#948,#949,#950,#951,#952));
#2944=EDGE_LOOP('',(#953,#954,#955,#956,#957));
#2945=EDGE_LOOP('',(#958,#959,#960,#961,#962));
#2946=EDGE_LOOP('',(#963,#964,#965,#966));
#2947=EDGE_LOOP('',(#967,#968,#969,#970));
#2948=EDGE_LOOP('',(#971,#972,#973,#974,#975));
#2949=EDGE_LOOP('',(#976,#977,#978,#979));
#2950=EDGE_LOOP('',(#980));
#2951=EDGE_LOOP('',(#981));
#2952=EDGE_LOOP('',(#982,#983,#984,#985));
#2953=EDGE_LOOP('',(#986,#987,#988,#989,#990,#991,#992,#993,#994));
#2954=EDGE_LOOP('',(#995));
#2955=EDGE_LOOP('',(#996,#997,#998,#999));
#2956=EDGE_LOOP('',(#1000,#1001,#1002,#1003));
#2957=EDGE_LOOP('',(#1004,#1005,#1006,#1007));
#2958=EDGE_LOOP('',(#1008,#1009,#1010,#1011));
#2959=EDGE_LOOP('',(#1012,#1013,#1014,#1015));
#2960=EDGE_LOOP('',(#1016,#1017,#1018,#1019));
#2961=EDGE_LOOP('',(#1020,#1021,#1022,#1023));
#2962=EDGE_LOOP('',(#1024,#1025,#1026,#1027));
#2963=EDGE_LOOP('',(#1028,#1029,#1030,#1031,#1032,#1033,#1034,#1035,#1036,#1037));
#2964=EDGE_LOOP('',(#1038,#1039,#1040,#1041));
#2965=EDGE_LOOP('',(#1042,#1043,#1044,#1045));
#2966=EDGE_LOOP('',(#1046,#1047,#1048,#1049));
#2967=EDGE_LOOP('',(#1050,#1051,#1052,#1053));
#2968=EDGE_LOOP('',(#1054,#1055,#1056,#1057));
#2969=EDGE_LOOP('',(#1058,#1059,#1060,#1061));
#2970=EDGE_LOOP('',(#1062,#1063,#1064,#1065));
#2971=EDGE_LOOP('',(#1066,#1067,#1068,#1069));
#2972=EDGE_LOOP('',(#1070,#1071,#1072,#1073));
#2973=EDGE_LOOP('',(#1074,#1075,#1076,#1077));
#2974=EDGE_LOOP('',(#1078,#1079,#1080,#1081));
#2975=EDGE_LOOP('',(#1082,#1083,#1084,#1085,#1086,#1087,#1088,#1089,#1090,#1091));
#2976=EDGE_LOOP('',(#1092,#1093,#1094,#1095));
#2977=EDGE_LOOP('',(#1096,#1097,#1098,#1099));
#2978=EDGE_LOOP('',(#1100,#1101,#1102,#1103));
#2979=EDGE_LOOP('',(#1104,#1105,#1106,#1107));
#2980=EDGE_LOOP('',(#1108,#1109,#1110,#1111));
#2981=EDGE_LOOP('',(#1112,#1113,#1114,#1115));
#2982=EDGE_LOOP('',(#1116,#1117,#1118,#1119));
#2983=EDGE_LOOP('',(#1120,#1121,#1122,#1123));
#2984=EDGE_LOOP('',(#1124,#1125,#1126,#1127));
#2985=EDGE_LOOP('',(#1128,#1129,#1130,#1131));
#2986=EDGE_LOOP('',(#1132,#1133,#1134,#1135));
#2987=EDGE_LOOP('',(#1136,#1137,#1138,#1139));
#2988=EDGE_LOOP('',(#1140,#1141,#1142,#1143));
#2989=EDGE_LOOP('',(#1144,#1145,#1146,#1147));
#2990=EDGE_LOOP('',(#1148,#1149,#1150,#1151));
#2991=EDGE_LOOP('',(#1152,#1153,#1154,#1155));
#2992=EDGE_LOOP('',(#1156,#1157,#1158,#1159));
#2993=EDGE_LOOP('',(#1160,#1161,#1162,#1163));
#2994=EDGE_LOOP('',(#1164,#1165,#1166,#1167));
#2995=EDGE_LOOP('',(#1168,#1169,#1170,#1171));
#2996=EDGE_LOOP('',(#1172,#1173,#1174,#1175));
#2997=EDGE_LOOP('',(#1176,#1177,#1178,#1179));
#2998=EDGE_LOOP('',(#1180,#1181,#1182,#1183));
#2999=EDGE_LOOP('',(#1184,#1185,#1186,#1187));
#3000=EDGE_LOOP('',(#1188,#1189,#1190,#1191));
#3001=EDGE_LOOP('',(#1192,#1193,#1194,#1195));
#3002=EDGE_LOOP('',(#1196,#1197,#1198,#1199));
#3003=EDGE_LOOP('',(#1200,#1201,#1202,#1203));
#3004=EDGE_LOOP('',(#1204,#1205,#1206,#1207));
#3005=EDGE_LOOP('',(#1208,#1209,#1210,#1211));
#3006=EDGE_LOOP('',(#1212,#1213,#1214,#1215));
#3007=EDGE_LOOP('',(#1216,#1217,#1218,#1219));
#3008=EDGE_LOOP('',(#1220,#1221,#1222,#1223));
#3009=EDGE_LOOP('',(#1224,#1225,#1226,#1227));
#3010=EDGE_LOOP('',(#1228,#1229,#1230,#1231));
#3011=EDGE_LOOP('',(#1232,#1233,#1234,#1235));
#3012=EDGE_LOOP('',(#1236,#1237,#1238,#1239));
#3013=EDGE_LOOP('',(#1240,#1241,#1242,#1243));
#3014=EDGE_LOOP('',(#1244,#1245,#1246,#1247));
#3015=EDGE_LOOP('',(#1248,#1249,#1250,#1251));
#3016=EDGE_LOOP('',(#1252,#1253,#1254,#1255));
#3017=EDGE_LOOP('',(#1256,#1257,#1258,#1259));
#3018=EDGE_LOOP('',(#1260,#1261,#1262,#1263));
#3019=EDGE_LOOP('',(#1264,#1265,#1266,#1267));
#3020=EDGE_LOOP('',(#1268,#1269,#1270,#1271));
#3021=EDGE_LOOP('',(#1272,#1273,#1274,#1275));
#3022=EDGE_LOOP('',(#1276,#1277,#1278,#1279));
#3023=EDGE_LOOP('',(#1280,#1281,#1282,#1283));
#3024=EDGE_LOOP('',(#1284,#1285,#1286,#1287));
#3025=EDGE_LOOP('',(#1288,#1289,#1290,#1291));
#3026=EDGE_LOOP('',(#1292,#1293,#1294,#1295));
#3027=EDGE_LOOP('',(#1296,#1297,#1298,#1299));
#3028=EDGE_LOOP('',(#1300,#1301,#1302,#1303));
#3029=EDGE_LOOP('',(#1304,#1305,#1306,#1307));
#3030=EDGE_LOOP('',(#1308,#1309,#1310,#1311));
#3031=EDGE_LOOP('',(#1312,#1313,#1314,#1315));
#3032=EDGE_LOOP('',(#1316,#1317,#1318,#1319));
#3033=EDGE_LOOP('',(#1320,#1321,#1322,#1323));
#3034=EDGE_LOOP('',(#1324,#1325,#1326,#1327));
#3035=EDGE_LOOP('',(#1328,#1329,#1330,#1331));
#3036=EDGE_LOOP('',(#1332,#1333,#1334,#1335));
#3037=EDGE_LOOP('',(#1336,#1337,#1338,#1339));
#3038=EDGE_LOOP('',(#1340,#1341,#1342,#1343));
#3039=EDGE_LOOP('',(#1344,#1345,#1346,#1347));
#3040=EDGE_LOOP('',(#1348,#1349,#1350,#1351));
#3041=EDGE_LOOP('',(#1352,#1353,#1354,#1355));
#3042=EDGE_LOOP('',(#1356,#1357,#1358,#1359));
#3043=EDGE_LOOP('',(#1360,#1361,#1362,#1363));
#3044=EDGE_LOOP('',(#1364,#1365,#1366,#1367));
#3045=EDGE_LOOP('',(#1368,#1369,#1370,#1371));
#3046=EDGE_LOOP('',(#1372,#1373,#1374,#1375));
#3047=EDGE_LOOP('',(#1376,#1377,#1378,#1379));
#3048=EDGE_LOOP('',(#1380,#1381,#1382,#1383,#1384,#1385,#1386,#1387,#1388,#1389,#1390,#1391));
#3049=EDGE_LOOP('',(#1392,#1393,#1394));
#3050=EDGE_LOOP('',(#1395,#1396,#1397));
#3051=EDGE_LOOP('',(#1398,#1399,#1400,#1401,#1402,#1403));
#3052=EDGE_LOOP('',(#1404,#1405,#1406));
#3053=EDGE_LOOP('',(#1407,#1408,#1409,#1410));
#3054=EDGE_LOOP('',(#1411,#1412,#1413));
#3055=EDGE_LOOP('',(#1414,#1415,#1416,#1417,#1418,#1419));
#3056=EDGE_LOOP('',(#1420,#1421,#1422));
#3057=EDGE_LOOP('',(#1423,#1424,#1425,#1426,#1427,#1428));
#3058=EDGE_LOOP('',(#1429,#1430,#1431,#1432));
#3059=EDGE_LOOP('',(#1433,#1434,#1435));
#3060=EDGE_LOOP('',(#1436,#1437,#1438,#1439));
#3061=EDGE_LOOP('',(#1440,#1441,#1442,#1443,#1444,#1445,#1446,#1447,#1448,#1449,#1450,#1451));
#3062=EDGE_LOOP('',(#1452,#1453,#1454));
#3063=EDGE_LOOP('',(#1455,#1456,#1457,#1458,#1459,#1460));
#3064=EDGE_LOOP('',(#1461,#1462,#1463));
#3065=EDGE_LOOP('',(#1464,#1465,#1466,#1467,#1468,#1469));
#3066=EDGE_LOOP('',(#1470,#1471,#1472));
#3067=EDGE_LOOP('',(#1473,#1474,#1475,#1476,#1477,#1478));
#3068=EDGE_LOOP('',(#1479,#1480,#1481,#1482));
#3069=EDGE_LOOP('',(#1483,#1484,#1485));
#3070=EDGE_LOOP('',(#1486,#1487,#1488,#1489,#1490,#1491,#1492,#1493,#1494,#1495,#1496,#1497));
#3071=EDGE_LOOP('',(#1498,#1499,#1500));
#3072=EDGE_LOOP('',(#1501,#1502,#1503,#1504));
#3073=EDGE_LOOP('',(#1505,#1506,#1507));
#3074=EDGE_LOOP('',(#1508,#1509,#1510,#1511));
#3075=EDGE_LOOP('',(#1512,#1513,#1514,#1515));
#3076=EDGE_LOOP('',(#1516,#1517,#1518,#1519));
#3077=EDGE_LOOP('',(#1520,#1521,#1522,#1523));
#3078=EDGE_LOOP('',(#1524,#1525,#1526));
#3079=EDGE_LOOP('',(#1527,#1528,#1529));
#3080=EDGE_LOOP('',(#1530,#1531,#1532,#1533));
#3081=EDGE_LOOP('',(#1534,#1535,#1536,#1537));
#3082=EDGE_LOOP('',(#1538,#1539,#1540,#1541));
#3083=EDGE_LOOP('',(#1542,#1543,#1544));
#3084=EDGE_LOOP('',(#1545,#1546,#1547,#1548));
#3085=EDGE_LOOP('',(#1549,#1550,#1551,#1552));
#3086=EDGE_LOOP('',(#1553,#1554,#1555));
#3087=EDGE_LOOP('',(#1556,#1557,#1558));
#3088=EDGE_LOOP('',(#1559,#1560,#1561,#1562));
#3089=EDGE_LOOP('',(#1563,#1564,#1565,#1566));
#3090=EDGE_LOOP('',(#1567,#1568,#1569));
#3091=EDGE_LOOP('',(#1570,#1571,#1572));
#3092=EDGE_LOOP('',(#1573,#1574,#1575,#1576));
#3093=EDGE_LOOP('',(#1577,#1578,#1579,#1580));
#3094=EDGE_LOOP('',(#1581,#1582,#1583,#1584));
#3095=EDGE_LOOP('',(#1585,#1586,#1587,#1588));
#3096=EDGE_LOOP('',(#1589,#1590,#1591,#1592));
#3097=EDGE_LOOP('',(#1593,#1594,#1595,#1596));
#3098=EDGE_LOOP('',(#1597,#1598,#1599,#1600));
#3099=EDGE_LOOP('',(#1601,#1602,#1603,#1604));
#3100=EDGE_LOOP('',(#1605,#1606,#1607,#1608));
#3101=EDGE_LOOP('',(#1609,#1610,#1611,#1612));
#3102=EDGE_LOOP('',(#1613,#1614,#1615,#1616));
#3103=EDGE_LOOP('',(#1617,#1618,#1619,#1620));
#3104=EDGE_LOOP('',(#1621,#1622,#1623,#1624));
#3105=EDGE_LOOP('',(#1625,#1626,#1627,#1628));
#3106=EDGE_LOOP('',(#1629,#1630,#1631,#1632));
#3107=EDGE_LOOP('',(#1633,#1634,#1635,#1636));
#3108=EDGE_LOOP('',(#1637,#1638,#1639,#1640));
#3109=EDGE_LOOP('',(#1641,#1642,#1643,#1644));
#3110=EDGE_LOOP('',(#1645,#1646,#1647,#1648));
#3111=EDGE_LOOP('',(#1649,#1650,#1651,#1652));
#3112=EDGE_LOOP('',(#1653,#1654,#1655,#1656));
#3113=EDGE_LOOP('',(#1657,#1658,#1659,#1660));
#3114=EDGE_LOOP('',(#1661,#1662,#1663,#1664));
#3115=EDGE_LOOP('',(#1665,#1666,#1667,#1668));
#3116=EDGE_LOOP('',(#1669,#1670,#1671,#1672));
#3117=EDGE_LOOP('',(#1673,#1674,#1675,#1676));
#3118=EDGE_LOOP('',(#1677,#1678,#1679,#1680));
#3119=EDGE_LOOP('',(#1681,#1682,#1683,#1684));
#3120=EDGE_LOOP('',(#1685,#1686,#1687,#1688));
#3121=EDGE_LOOP('',(#1689,#1690,#1691,#1692));
#3122=EDGE_LOOP('',(#1693,#1694,#1695,#1696));
#3123=EDGE_LOOP('',(#1697,#1698,#1699,#1700));
#3124=EDGE_LOOP('',(#1701,#1702,#1703,#1704));
#3125=EDGE_LOOP('',(#1705,#1706,#1707,#1708));
#3126=EDGE_LOOP('',(#1709,#1710,#1711,#1712));
#3127=EDGE_LOOP('',(#1713,#1714,#1715,#1716));
#3128=EDGE_LOOP('',(#1717,#1718,#1719,#1720));
#3129=EDGE_LOOP('',(#1721,#1722,#1723,#1724));
#3130=EDGE_LOOP('',(#1725,#1726,#1727,#1728));
#3131=EDGE_LOOP('',(#1729,#1730,#1731,#1732));
#3132=EDGE_LOOP('',(#1733,#1734,#1735,#1736));
#3133=EDGE_LOOP('',(#1737,#1738,#1739,#1740));
#3134=EDGE_LOOP('',(#1741,#1742,#1743,#1744));
#3135=EDGE_LOOP('',(#1745,#1746,#1747,#1748));
#3136=EDGE_LOOP('',(#1749,#1750,#1751,#1752));
#3137=EDGE_LOOP('',(#1753,#1754,#1755,#1756));
#3138=EDGE_LOOP('',(#1757,#1758,#1759,#1760));
#3139=EDGE_LOOP('',(#1761,#1762,#1763,#1764));
#3140=EDGE_LOOP('',(#1765,#1766,#1767,#1768));
#3141=EDGE_LOOP('',(#1769,#1770,#1771,#1772));
#3142=EDGE_LOOP('',(#1773,#1774,#1775,#1776));
#3143=EDGE_LOOP('',(#1777,#1778,#1779,#1780));
#3144=EDGE_LOOP('',(#1781,#1782,#1783,#1784));
#3145=EDGE_LOOP('',(#1785,#1786,#1787,#1788));
#3146=EDGE_LOOP('',(#1789,#1790,#1791,#1792));
#3147=EDGE_LOOP('',(#1793,#1794,#1795,#1796));
#3148=EDGE_LOOP('',(#1797,#1798,#1799,#1800));
#3149=EDGE_LOOP('',(#1801,#1802,#1803,#1804));
#3150=EDGE_LOOP('',(#1805,#1806,#1807,#1808));
#3151=EDGE_LOOP('',(#1809,#1810,#1811,#1812));
#3152=EDGE_LOOP('',(#1813,#1814,#1815,#1816));
#3153=EDGE_LOOP('',(#1817,#1818,#1819,#1820));
#3154=EDGE_LOOP('',(#1821,#1822,#1823,#1824));
#3155=EDGE_LOOP('',(#1825,#1826,#1827,#1828));
#3156=EDGE_LOOP('',(#1829,#1830,#1831,#1832));
#3157=EDGE_LOOP('',(#1833,#1834,#1835,#1836));
#3158=EDGE_LOOP('',(#1837,#1838,#1839,#1840));
#3159=EDGE_LOOP('',(#1841,#1842,#1843,#1844));
#3160=EDGE_LOOP('',(#1845,#1846,#1847,#1848));
#3161=EDGE_LOOP('',(#1849,#1850,#1851,#1852));
#3162=EDGE_LOOP('',(#1853,#1854,#1855,#1856));
#3163=EDGE_LOOP('',(#1857,#1858,#1859,#1860));
#3164=EDGE_LOOP('',(#1861,#1862,#1863,#1864));
#3165=EDGE_LOOP('',(#1865,#1866,#1867,#1868,#1869));
#3166=EDGE_LOOP('',(#1870,#1871,#1872,#1873,#1874));
#3167=EDGE_LOOP('',(#1875,#1876,#1877));
#3168=EDGE_LOOP('',(#1878,#1879,#1880,#1881));
#3169=EDGE_LOOP('',(#1882,#1883,#1884,#1885));
#3170=EDGE_LOOP('',(#1886,#1887,#1888,#1889));
#3171=EDGE_LOOP('',(#1890,#1891,#1892,#1893));
#3172=EDGE_LOOP('',(#1894,#1895,#1896,#1897));
#3173=EDGE_LOOP('',(#1898,#1899,#1900,#1901));
#3174=EDGE_LOOP('',(#1902,#1903,#1904,#1905));
#3175=EDGE_LOOP('',(#1906,#1907,#1908,#1909));
#3176=EDGE_LOOP('',(#1910,#1911,#1912,#1913));
#3177=EDGE_LOOP('',(#1914,#1915,#1916,#1917));
#3178=FACE_BOUND('',#2910,.T.);
#3179=FACE_BOUND('',#2911,.T.);
#3180=FACE_BOUND('',#2912,.T.);
#3181=FACE_BOUND('',#2913,.T.);
#3182=FACE_BOUND('',#2914,.T.);
#3183=FACE_BOUND('',#2915,.T.);
#3184=FACE_BOUND('',#2916,.T.);
#3185=FACE_BOUND('',#2917,.T.);
#3186=FACE_BOUND('',#2918,.T.);
#3187=FACE_BOUND('',#2919,.T.);
#3188=FACE_BOUND('',#2920,.T.);
#3189=FACE_BOUND('',#2921,.T.);
#3190=FACE_BOUND('',#2922,.T.);
#3191=FACE_BOUND('',#2923,.T.);
#3192=FACE_BOUND('',#2924,.T.);
#3193=FACE_BOUND('',#2925,.T.);
#3194=FACE_BOUND('',#2926,.T.);
#3195=FACE_BOUND('',#2927,.T.);
#3196=FACE_BOUND('',#2928,.T.);
#3197=FACE_BOUND('',#2929,.T.);
#3198=FACE_BOUND('',#2930,.T.);
#3199=FACE_BOUND('',#2931,.T.);
#3200=FACE_BOUND('',#2932,.T.);
#3201=FACE_BOUND('',#2933,.T.);
#3202=FACE_BOUND('',#2934,.T.);
#3203=FACE_BOUND('',#2935,.T.);
#3204=FACE_BOUND('',#2936,.T.);
#3205=FACE_BOUND('',#2937,.T.);
#3206=FACE_BOUND('',#2938,.T.);
#3207=FACE_BOUND('',#2939,.T.);
#3208=FACE_BOUND('',#2940,.T.);
#3209=FACE_BOUND('',#2941,.T.);
#3210=FACE_BOUND('',#2942,.T.);
#3211=FACE_BOUND('',#2943,.T.);
#3212=FACE_BOUND('',#2944,.T.);
#3213=FACE_BOUND('',#2945,.T.);
#3214=FACE_BOUND('',#2946,.T.);
#3215=FACE_BOUND('',#2947,.T.);
#3216=FACE_BOUND('',#2948,.T.);
#3217=FACE_BOUND('',#2949,.T.);
#3218=FACE_BOUND('',#2950,.T.);
#3219=FACE_BOUND('',#2951,.T.);
#3220=FACE_BOUND('',#2952,.T.);
#3221=FACE_BOUND('',#2953,.T.);
#3222=FACE_BOUND('',#2954,.T.);
#3223=FACE_BOUND('',#2955,.T.);
#3224=FACE_BOUND('',#2956,.T.);
#3225=FACE_BOUND('',#2957,.T.);
#3226=FACE_BOUND('',#2958,.T.);
#3227=FACE_BOUND('',#2959,.T.);
#3228=FACE_BOUND('',#2960,.T.);
#3229=FACE_BOUND('',#2961,.T.);
#3230=FACE_BOUND('',#2962,.T.);
#3231=FACE_BOUND('',#2963,.T.);
#3232=FACE_BOUND('',#2964,.T.);
#3233=FACE_BOUND('',#2965,.T.);
#3234=FACE_BOUND('',#2966,.T.);
#3235=FACE_BOUND('',#2967,.T.);
#3236=FACE_BOUND('',#2968,.T.);
#3237=FACE_BOUND('',#2969,.T.);
#3238=FACE_BOUND('',#2970,.T.);
#3239=FACE_BOUND('',#2971,.T.);
#3240=FACE_BOUND('',#2972,.T.);
#3241=FACE_BOUND('',#2973,.T.);
#3242=FACE_BOUND('',#2974,.T.);
#3243=FACE_BOUND('',#2975,.T.);
#3244=FACE_BOUND('',#2976,.T.);
#3245=FACE_BOUND('',#2977,.T.);
#3246=FACE_BOUND('',#2978,.T.);
#3247=FACE_BOUND('',#2979,.T.);
#3248=FACE_BOUND('',#2980,.T.);
#3249=FACE_BOUND('',#2981,.T.);
#3250=FACE_BOUND('',#2982,.T.);
#3251=FACE_BOUND('',#2983,.T.);
#3252=FACE_BOUND('',#2984,.T.);
#3253=FACE_BOUND('',#2985,.T.);
#3254=FACE_BOUND('',#2986,.T.);
#3255=FACE_BOUND('',#2987,.T.);
#3256=FACE_BOUND('',#2988,.T.);
#3257=FACE_BOUND('',#2989,.T.);
#3258=FACE_BOUND('',#2990,.T.);
#3259=FACE_BOUND('',#2991,.T.);
#3260=FACE_BOUND('',#2992,.T.);
#3261=FACE_BOUND('',#2993,.T.);
#3262=FACE_BOUND('',#2994,.T.);
#3263=FACE_BOUND('',#2995,.T.);
#3264=FACE_BOUND('',#2996,.T.);
#3265=FACE_BOUND('',#2997,.T.);
#3266=FACE_BOUND('',#2998,.T.);
#3267=FACE_BOUND('',#2999,.T.);
#3268=FACE_BOUND('',#3000,.T.);
#3269=FACE_BOUND('',#3001,.T.);
#3270=FACE_BOUND('',#3002,.T.);
#3271=FACE_BOUND('',#3003,.T.);
#3272=FACE_BOUND('',#3004,.T.);
#3273=FACE_BOUND('',#3005,.T.);
#3274=FACE_BOUND('',#3006,.T.);
#3275=FACE_BOUND('',#3007,.T.);
#3276=FACE_BOUND('',#3008,.T.);
#3277=FACE_BOUND('',#3009,.T.);
#3278=FACE_BOUND('',#3010,.T.);
#3279=FACE_BOUND('',#3011,.T.);
#3280=FACE_BOUND('',#3012,.T.);
#3281=FACE_BOUND('',#3013,.T.);
#3282=FACE_BOUND('',#3014,.T.);
#3283=FACE_BOUND('',#3015,.T.);
#3284=FACE_BOUND('',#3016,.T.);
#3285=FACE_BOUND('',#3017,.T.);
#3286=FACE_BOUND('',#3018,.T.);
#3287=FACE_BOUND('',#3019,.T.);
#3288=FACE_BOUND('',#3020,.T.);
#3289=FACE_BOUND('',#3021,.T.);
#3290=FACE_BOUND('',#3022,.T.);
#3291=FACE_BOUND('',#3023,.T.);
#3292=FACE_BOUND('',#3024,.T.);
#3293=FACE_BOUND('',#3025,.T.);
#3294=FACE_BOUND('',#3026,.T.);
#3295=FACE_BOUND('',#3027,.T.);
#3296=FACE_BOUND('',#3028,.T.);
#3297=FACE_BOUND('',#3029,.T.);
#3298=FACE_BOUND('',#3030,.T.);
#3299=FACE_BOUND('',#3031,.T.);
#3300=FACE_BOUND('',#3032,.T.);
#3301=FACE_BOUND('',#3033,.T.);
#3302=FACE_BOUND('',#3034,.T.);
#3303=FACE_BOUND('',#3035,.T.);
#3304=FACE_BOUND('',#3036,.T.);
#3305=FACE_BOUND('',#3037,.T.);
#3306=FACE_BOUND('',#3038,.T.);
#3307=FACE_BOUND('',#3039,.T.);
#3308=FACE_BOUND('',#3040,.T.);
#3309=FACE_BOUND('',#3041,.T.);
#3310=FACE_BOUND('',#3042,.T.);
#3311=FACE_BOUND('',#3043,.T.);
#3312=FACE_BOUND('',#3044,.T.);
#3313=FACE_BOUND('',#3045,.T.);
#3314=FACE_BOUND('',#3046,.T.);
#3315=FACE_BOUND('',#3047,.T.);
#3316=FACE_BOUND('',#3048,.T.);
#3317=FACE_BOUND('',#3049,.T.);
#3318=FACE_BOUND('',#3050,.T.);
#3319=FACE_BOUND('',#3051,.T.);
#3320=FACE_BOUND('',#3052,.T.);
#3321=FACE_BOUND('',#3053,.T.);
#3322=FACE_BOUND('',#3054,.T.);
#3323=FACE_BOUND('',#3055,.T.);
#3324=FACE_BOUND('',#3056,.T.);
#3325=FACE_BOUND('',#3057,.T.);
#3326=FACE_BOUND('',#3058,.T.);
#3327=FACE_BOUND('',#3059,.T.);
#3328=FACE_BOUND('',#3060,.T.);
#3329=FACE_BOUND('',#3061,.T.);
#3330=FACE_BOUND('',#3062,.T.);
#3331=FACE_BOUND('',#3063,.T.);
#3332=FACE_BOUND('',#3064,.T.);
#3333=FACE_BOUND('',#3065,.T.);
#3334=FACE_BOUND('',#3066,.T.);
#3335=FACE_BOUND('',#3067,.T.);
#3336=FACE_BOUND('',#3068,.T.);
#3337=FACE_BOUND('',#3069,.T.);
#3338=FACE_BOUND('',#3070,.T.);
#3339=FACE_BOUND('',#3071,.T.);
#3340=FACE_BOUND('',#3072,.T.);
#3341=FACE_BOUND('',#3073,.T.);
#3342=FACE_BOUND('',#3074,.T.);
#3343=FACE_BOUND('',#3075,.T.);
#3344=FACE_BOUND('',#3076,.T.);
#3345=FACE_BOUND('',#3077,.T.);
#3346=FACE_BOUND('',#3078,.T.);
#3347=FACE_BOUND('',#3079,.T.);
#3348=FACE_BOUND('',#3080,.T.);
#3349=FACE_BOUND('',#3081,.T.);
#3350=FACE_BOUND('',#3082,.T.);
#3351=FACE_BOUND('',#3083,.T.);
#3352=FACE_BOUND('',#3084,.T.);
#3353=FACE_BOUND('',#3085,.T.);
#3354=FACE_BOUND('',#3086,.T.);
#3355=FACE_BOUND('',#3087,.T.);
#3356=FACE_BOUND('',#3088,.T.);
#3357=FACE_BOUND('',#3089,.T.);
#3358=FACE_BOUND('',#3090,.T.);
#3359=FACE_BOUND('',#3091,.T.);
#3360=FACE_BOUND('',#3092,.T.);
#3361=FACE_BOUND('',#3093,.T.);
#3362=FACE_BOUND('',#3094,.T.);
#3363=FACE_BOUND('',#3095,.T.);
#3364=FACE_BOUND('',#3096,.T.);
#3365=FACE_BOUND('',#3097,.T.);
#3366=FACE_BOUND('',#3098,.T.);
#3367=FACE_BOUND('',#3099,.T.);
#3368=FACE_BOUND('',#3100,.T.);
#3369=FACE_BOUND('',#3101,.T.);
#3370=FACE_BOUND('',#3102,.T.);
#3371=FACE_BOUND('',#3103,.T.);
#3372=FACE_BOUND('',#3104,.T.);
#3373=FACE_BOUND('',#3105,.T.);
#3374=FACE_BOUND('',#3106,.T.);
#3375=FACE_BOUND('',#3107,.T.);
#3376=FACE_BOUND('',#3108,.T.);
#3377=FACE_BOUND('',#3109,.T.);
#3378=FACE_BOUND('',#3110,.T.);
#3379=FACE_BOUND('',#3111,.T.);
#3380=FACE_BOUND('',#3112,.T.);
#3381=FACE_BOUND('',#3113,.T.);
#3382=FACE_BOUND('',#3114,.T.);
#3383=FACE_BOUND('',#3115,.T.);
#3384=FACE_BOUND('',#3116,.T.);
#3385=FACE_BOUND('',#3117,.T.);
#3386=FACE_BOUND('',#3118,.T.);
#3387=FACE_BOUND('',#3119,.T.);
#3388=FACE_BOUND('',#3120,.T.);
#3389=FACE_BOUND('',#3121,.T.);
#3390=FACE_BOUND('',#3122,.T.);
#3391=FACE_BOUND('',#3123,.T.);
#3392=FACE_BOUND('',#3124,.T.);
#3393=FACE_BOUND('',#3125,.T.);
#3394=FACE_BOUND('',#3126,.T.);
#3395=FACE_BOUND('',#3127,.T.);
#3396=FACE_BOUND('',#3128,.T.);
#3397=FACE_BOUND('',#3129,.T.);
#3398=FACE_BOUND('',#3130,.T.);
#3399=FACE_BOUND('',#3131,.T.);
#3400=FACE_BOUND('',#3132,.T.);
#3401=FACE_BOUND('',#3133,.T.);
#3402=FACE_BOUND('',#3134,.T.);
#3403=FACE_BOUND('',#3135,.T.);
#3404=FACE_BOUND('',#3136,.T.);
#3405=FACE_BOUND('',#3137,.T.);
#3406=FACE_BOUND('',#3138,.T.);
#3407=FACE_BOUND('',#3139,.T.);
#3408=FACE_BOUND('',#3140,.T.);
#3409=FACE_BOUND('',#3141,.T.);
#3410=FACE_BOUND('',#3142,.T.);
#3411=FACE_BOUND('',#3143,.T.);
#3412=FACE_BOUND('',#3144,.T.);
#3413=FACE_BOUND('',#3145,.T.);
#3414=FACE_BOUND('',#3146,.T.);
#3415=FACE_BOUND('',#3147,.T.);
#3416=FACE_BOUND('',#3148,.T.);
#3417=FACE_BOUND('',#3149,.T.);
#3418=FACE_BOUND('',#3150,.T.);
#3419=FACE_BOUND('',#3151,.T.);
#3420=FACE_BOUND('',#3152,.T.);
#3421=FACE_BOUND('',#3153,.T.);
#3422=FACE_BOUND('',#3154,.T.);
#3423=FACE_BOUND('',#3155,.T.);
#3424=FACE_BOUND('',#3156,.T.);
#3425=FACE_BOUND('',#3157,.T.);
#3426=FACE_BOUND('',#3158,.T.);
#3427=FACE_BOUND('',#3159,.T.);
#3428=FACE_BOUND('',#3160,.T.);
#3429=FACE_BOUND('',#3161,.T.);
#3430=FACE_BOUND('',#3162,.T.);
#3431=FACE_BOUND('',#3163,.T.);
#3432=FACE_BOUND('',#3164,.T.);
#3433=FACE_BOUND('',#3165,.T.);
#3434=FACE_BOUND('',#3166,.T.);
#3435=FACE_BOUND('',#3167,.T.);
#3436=FACE_BOUND('',#3168,.T.);
#3437=FACE_BOUND('',#3169,.T.);
#3438=FACE_BOUND('',#3170,.T.);
#3439=FACE_BOUND('',#3171,.T.);
#3440=FACE_BOUND('',#3172,.T.);
#3441=FACE_BOUND('',#3173,.T.);
#3442=FACE_BOUND('',#3174,.T.);
#3443=FACE_BOUND('',#3175,.T.);
#3444=FACE_BOUND('',#3176,.T.);
#3445=FACE_BOUND('',#3177,.T.);
#3446=PLANE('',#3758);
#3447=PLANE('',#3761);
#3448=PLANE('',#3764);
#3449=PLANE('',#3772);
#3450=PLANE('',#3785);
#3451=PLANE('',#3791);
#3452=PLANE('',#3792);
#3453=PLANE('',#3793);
#3454=PLANE('',#3794);
#3455=PLANE('',#3795);
#3456=PLANE('',#3796);
#3457=PLANE('',#3799);
#3458=PLANE('',#3802);
#3459=PLANE('',#3805);
#3460=PLANE('',#3808);
#3461=PLANE('',#3809);
#3462=PLANE('',#3810);
#3463=PLANE('',#3812);
#3464=PLANE('',#3814);
#3465=PLANE('',#3816);
#3466=PLANE('',#3817);
#3467=PLANE('',#3818);
#3468=PLANE('',#3820);
#3469=PLANE('',#3823);
#3470=PLANE('',#3825);
#3471=PLANE('',#3826);
#3472=PLANE('',#3827);
#3473=PLANE('',#3828);
#3474=PLANE('',#3829);
#3475=PLANE('',#3830);
#3476=PLANE('',#3831);
#3477=PLANE('',#3832);
#3478=PLANE('',#3833);
#3479=PLANE('',#3834);
#3480=PLANE('',#3835);
#3481=PLANE('',#3836);
#3482=PLANE('',#3837);
#3483=PLANE('',#3838);
#3484=PLANE('',#3839);
#3485=PLANE('',#3840);
#3486=PLANE('',#3841);
#3487=PLANE('',#3842);
#3488=PLANE('',#3843);
#3489=PLANE('',#3844);
#3490=PLANE('',#3943);
#3491=PLANE('',#3950);
#3492=PLANE('',#3951);
#3493=PLANE('',#3952);
#3494=PLANE('',#3953);
#3495=PLANE('',#3954);
#3496=PLANE('',#3955);
#3497=PLANE('',#3956);
#3498=PLANE('',#3957);
#3499=PLANE('',#3958);
#3500=PLANE('',#3959);
#3501=PLANE('',#3960);
#3502=PLANE('',#3961);
#3503=PLANE('',#3962);
#3504=PLANE('',#4031);
#3505=PLANE('',#4033);
#3506=PLANE('',#4034);
#3507=ADVANCED_FACE('',(#3178),#3446,.T.);
#3508=ADVANCED_FACE('',(#3179),#3447,.F.);
#3509=ADVANCED_FACE('',(#3180,#3181,#3182,#3183,#3184),#3448,.F.);
#3510=ADVANCED_FACE('',(#3185,#3186),#3449,.T.);
#3511=ADVANCED_FACE('',(#3187,#3188,#3189,#3190,#3191),#3450,.T.);
#3512=ADVANCED_FACE('',(#3192),#3451,.F.);
#3513=ADVANCED_FACE('',(#3193),#3452,.F.);
#3514=ADVANCED_FACE('',(#3194),#3453,.T.);
#3515=ADVANCED_FACE('',(#3195),#3454,.F.);
#3516=ADVANCED_FACE('',(#3196),#3455,.T.);
#3517=ADVANCED_FACE('',(#3197),#3456,.T.);
#3518=ADVANCED_FACE('',(#3198,#3199),#326,.F.);
#3519=ADVANCED_FACE('',(#3200),#3457,.T.);
#3520=ADVANCED_FACE('',(#3201,#3202),#327,.F.);
#3521=ADVANCED_FACE('',(#3203),#3458,.T.);
#3522=ADVANCED_FACE('',(#3204,#3205),#328,.F.);
#3523=ADVANCED_FACE('',(#3206),#3459,.T.);
#3524=ADVANCED_FACE('',(#3207,#3208),#329,.F.);
#3525=ADVANCED_FACE('',(#3209),#3460,.T.);
#3526=ADVANCED_FACE('',(#3210),#3461,.T.);
#3527=ADVANCED_FACE('',(#3211),#3462,.F.);
#3528=ADVANCED_FACE('',(#3212),#3463,.F.);
#3529=ADVANCED_FACE('',(#3213),#3464,.F.);
#3530=ADVANCED_FACE('',(#3214),#3465,.F.);
#3531=ADVANCED_FACE('',(#3215),#3466,.F.);
#3532=ADVANCED_FACE('',(#3216),#3467,.F.);
#3533=ADVANCED_FACE('',(#3217),#3468,.T.);
#3534=ADVANCED_FACE('',(#3218,#3219),#330,.F.);
#3535=ADVANCED_FACE('',(#3220,#3221,#3222),#3469,.F.);
#3536=ADVANCED_FACE('',(#3223),#3470,.T.);
#3537=ADVANCED_FACE('',(#3224),#3471,.F.);
#3538=ADVANCED_FACE('',(#3225),#3472,.F.);
#3539=ADVANCED_FACE('',(#3226),#3473,.T.);
#3540=ADVANCED_FACE('',(#3227),#3474,.T.);
#3541=ADVANCED_FACE('',(#3228),#3475,.F.);
#3542=ADVANCED_FACE('',(#3229),#3476,.F.);
#3543=ADVANCED_FACE('',(#3230),#3477,.T.);
#3544=ADVANCED_FACE('',(#3231,#3232),#3478,.T.);
#3545=ADVANCED_FACE('',(#3233),#3479,.T.);
#3546=ADVANCED_FACE('',(#3234),#3480,.T.);
#3547=ADVANCED_FACE('',(#3235),#3481,.T.);
#3548=ADVANCED_FACE('',(#3236),#3482,.T.);
#3549=ADVANCED_FACE('',(#3237),#3483,.T.);
#3550=ADVANCED_FACE('',(#3238),#3484,.T.);
#3551=ADVANCED_FACE('',(#3239),#3485,.T.);
#3552=ADVANCED_FACE('',(#3240),#3486,.T.);
#3553=ADVANCED_FACE('',(#3241),#3487,.T.);
#3554=ADVANCED_FACE('',(#3242),#3488,.T.);
#3555=ADVANCED_FACE('',(#3243),#3489,.T.);
#3556=ADVANCED_FACE('',(#3244),#331,.T.);
#3557=ADVANCED_FACE('',(#3245),#332,.F.);
#3558=ADVANCED_FACE('',(#3246),#92,.T.);
#3559=ADVANCED_FACE('',(#3247),#93,.T.);
#3560=ADVANCED_FACE('',(#3248),#94,.F.);
#3561=ADVANCED_FACE('',(#3249),#333,.F.);
#3562=ADVANCED_FACE('',(#3250),#334,.F.);
#3563=ADVANCED_FACE('',(#3251),#95,.F.);
#3564=ADVANCED_FACE('',(#3252),#96,.F.);
#3565=ADVANCED_FACE('',(#3253),#97,.T.);
#3566=ADVANCED_FACE('',(#3254),#335,.T.);
#3567=ADVANCED_FACE('',(#3255),#336,.F.);
#3568=ADVANCED_FACE('',(#3256),#337,.F.);
#3569=ADVANCED_FACE('',(#3257),#338,.F.);
#3570=ADVANCED_FACE('',(#3258),#339,.F.);
#3571=ADVANCED_FACE('',(#3259),#340,.F.);
#3572=ADVANCED_FACE('',(#3260),#341,.F.);
#3573=ADVANCED_FACE('',(#3261),#342,.F.);
#3574=ADVANCED_FACE('',(#3262),#343,.F.);
#3575=ADVANCED_FACE('',(#3263),#344,.F.);
#3576=ADVANCED_FACE('',(#3264),#345,.F.);
#3577=ADVANCED_FACE('',(#3265),#346,.F.);
#3578=ADVANCED_FACE('',(#3266),#347,.F.);
#3579=ADVANCED_FACE('',(#3267),#348,.F.);
#3580=ADVANCED_FACE('',(#3268),#349,.F.);
#3581=ADVANCED_FACE('',(#3269),#98,.T.);
#3582=ADVANCED_FACE('',(#3270),#99,.T.);
#3583=ADVANCED_FACE('',(#3271),#100,.F.);
#3584=ADVANCED_FACE('',(#3272),#101,.F.);
#3585=ADVANCED_FACE('',(#3273),#102,.F.);
#3586=ADVANCED_FACE('',(#3274),#103,.T.);
#3587=ADVANCED_FACE('',(#3275),#104,.T.);
#3588=ADVANCED_FACE('',(#3276),#350,.T.);
#3589=ADVANCED_FACE('',(#3277),#351,.F.);
#3590=ADVANCED_FACE('',(#3278),#352,.T.);
#3591=ADVANCED_FACE('',(#3279),#105,.F.);
#3592=ADVANCED_FACE('',(#3280),#353,.F.);
#3593=ADVANCED_FACE('',(#3281),#354,.T.);
#3594=ADVANCED_FACE('',(#3282),#355,.F.);
#3595=ADVANCED_FACE('',(#3283),#106,.T.);
#3596=ADVANCED_FACE('',(#3284),#107,.F.);
#3597=ADVANCED_FACE('',(#3285),#108,.F.);
#3598=ADVANCED_FACE('',(#3286),#356,.T.);
#3599=ADVANCED_FACE('',(#3287),#109,.F.);
#3600=ADVANCED_FACE('',(#3288),#110,.F.);
#3601=ADVANCED_FACE('',(#3289),#111,.F.);
#3602=ADVANCED_FACE('',(#3290),#112,.F.);
#3603=ADVANCED_FACE('',(#3291),#357,.T.);
#3604=ADVANCED_FACE('',(#3292),#358,.T.);
#3605=ADVANCED_FACE('',(#3293),#113,.F.);
#3606=ADVANCED_FACE('',(#3294),#114,.F.);
#3607=ADVANCED_FACE('',(#3295),#359,.F.);
#3608=ADVANCED_FACE('',(#3296),#360,.F.);
#3609=ADVANCED_FACE('',(#3297),#115,.T.);
#3610=ADVANCED_FACE('',(#3298),#116,.F.);
#3611=ADVANCED_FACE('',(#3299),#117,.F.);
#3612=ADVANCED_FACE('',(#3300),#361,.F.);
#3613=ADVANCED_FACE('',(#3301),#362,.T.);
#3614=ADVANCED_FACE('',(#3302),#118,.F.);
#3615=ADVANCED_FACE('',(#3303),#363,.T.);
#3616=ADVANCED_FACE('',(#3304),#119,.T.);
#3617=ADVANCED_FACE('',(#3305),#364,.F.);
#3618=ADVANCED_FACE('',(#3306),#365,.F.);
#3619=ADVANCED_FACE('',(#3307),#366,.T.);
#3620=ADVANCED_FACE('',(#3308),#120,.F.);
#3621=ADVANCED_FACE('',(#3309),#367,.F.);
#3622=ADVANCED_FACE('',(#3310),#368,.F.);
#3623=ADVANCED_FACE('',(#3311),#121,.F.);
#3624=ADVANCED_FACE('',(#3312),#369,.T.);
#3625=ADVANCED_FACE('',(#3313),#370,.T.);
#3626=ADVANCED_FACE('',(#3314),#371,.F.);
#3627=ADVANCED_FACE('',(#3315),#372,.F.);
#3628=ADVANCED_FACE('',(#3316,#3317,#3318,#3319,#3320,#3321,#3322,#3323,#3324,#3325,#3326,#3327,#3328,#3329),#3490,.T.);
#3629=ADVANCED_FACE('',(#3330),#3491,.T.);
#3630=ADVANCED_FACE('',(#3331),#3492,.T.);
#3631=ADVANCED_FACE('',(#3332),#3493,.T.);
#3632=ADVANCED_FACE('',(#3333),#3494,.T.);
#3633=ADVANCED_FACE('',(#3334),#3495,.T.);
#3634=ADVANCED_FACE('',(#3335),#3496,.T.);
#3635=ADVANCED_FACE('',(#3336),#3497,.T.);
#3636=ADVANCED_FACE('',(#3337),#3498,.T.);
#3637=ADVANCED_FACE('',(#3338),#3499,.T.);
#3638=ADVANCED_FACE('',(#3339),#3500,.T.);
#3639=ADVANCED_FACE('',(#3340),#3501,.T.);
#3640=ADVANCED_FACE('',(#3341),#3502,.T.);
#3641=ADVANCED_FACE('',(#3342),#3503,.T.);
#3642=ADVANCED_FACE('',(#3343),#373,.T.);
#3643=ADVANCED_FACE('',(#3344),#374,.T.);
#3644=ADVANCED_FACE('',(#3345),#375,.T.);
#3645=ADVANCED_FACE('',(#3346),#88,.T.);
#3646=ADVANCED_FACE('',(#3347),#89,.T.);
#3647=ADVANCED_FACE('',(#3348),#376,.T.);
#3648=ADVANCED_FACE('',(#3349),#377,.T.);
#3649=ADVANCED_FACE('',(#3350),#378,.T.);
#3650=ADVANCED_FACE('',(#3351),#90,.T.);
#3651=ADVANCED_FACE('',(#3352),#379,.T.);
#3652=ADVANCED_FACE('',(#3353),#380,.T.);
#3653=ADVANCED_FACE('',(#3354),#78,.T.);
#3654=ADVANCED_FACE('',(#3355),#79,.T.);
#3655=ADVANCED_FACE('',(#3356),#381,.T.);
#3656=ADVANCED_FACE('',(#3357),#382,.T.);
#3657=ADVANCED_FACE('',(#3358),#80,.T.);
#3658=ADVANCED_FACE('',(#3359),#81,.T.);
#3659=ADVANCED_FACE('',(#3360),#383,.T.);
#3660=ADVANCED_FACE('',(#3361),#82,.T.);
#3661=ADVANCED_FACE('',(#3362),#12,.T.);
#3662=ADVANCED_FACE('',(#3363),#13,.T.);
#3663=ADVANCED_FACE('',(#3364),#14,.T.);
#3664=ADVANCED_FACE('',(#3365),#15,.T.);
#3665=ADVANCED_FACE('',(#3366),#16,.T.);
#3666=ADVANCED_FACE('',(#3367),#83,.T.);
#3667=ADVANCED_FACE('',(#3368),#17,.T.);
#3668=ADVANCED_FACE('',(#3369),#18,.T.);
#3669=ADVANCED_FACE('',(#3370),#19,.T.);
#3670=ADVANCED_FACE('',(#3371),#20,.T.);
#3671=ADVANCED_FACE('',(#3372),#84,.T.);
#3672=ADVANCED_FACE('',(#3373),#21,.T.);
#3673=ADVANCED_FACE('',(#3374),#22,.T.);
#3674=ADVANCED_FACE('',(#3375),#23,.T.);
#3675=ADVANCED_FACE('',(#3376),#24,.T.);
#3676=ADVANCED_FACE('',(#3377),#25,.T.);
#3677=ADVANCED_FACE('',(#3378),#85,.T.);
#3678=ADVANCED_FACE('',(#3379),#26,.T.);
#3679=ADVANCED_FACE('',(#3380),#27,.T.);
#3680=ADVANCED_FACE('',(#3381),#28,.T.);
#3681=ADVANCED_FACE('',(#3382),#29,.T.);
#3682=ADVANCED_FACE('',(#3383),#30,.T.);
#3683=ADVANCED_FACE('',(#3384),#86,.T.);
#3684=ADVANCED_FACE('',(#3385),#31,.T.);
#3685=ADVANCED_FACE('',(#3386),#32,.T.);
#3686=ADVANCED_FACE('',(#3387),#33,.T.);
#3687=ADVANCED_FACE('',(#3388),#34,.T.);
#3688=ADVANCED_FACE('',(#3389),#35,.T.);
#3689=ADVANCED_FACE('',(#3390),#87,.T.);
#3690=ADVANCED_FACE('',(#3391),#36,.T.);
#3691=ADVANCED_FACE('',(#3392),#37,.T.);
#3692=ADVANCED_FACE('',(#3393),#38,.T.);
#3693=ADVANCED_FACE('',(#3394),#39,.T.);
#3694=ADVANCED_FACE('',(#3395),#40,.T.);
#3695=ADVANCED_FACE('',(#3396),#41,.T.);
#3696=ADVANCED_FACE('',(#3397),#42,.T.);
#3697=ADVANCED_FACE('',(#3398),#43,.T.);
#3698=ADVANCED_FACE('',(#3399),#44,.T.);
#3699=ADVANCED_FACE('',(#3400),#45,.T.);
#3700=ADVANCED_FACE('',(#3401),#46,.T.);
#3701=ADVANCED_FACE('',(#3402),#47,.T.);
#3702=ADVANCED_FACE('',(#3403),#48,.T.);
#3703=ADVANCED_FACE('',(#3404),#49,.T.);
#3704=ADVANCED_FACE('',(#3405),#50,.T.);
#3705=ADVANCED_FACE('',(#3406),#51,.T.);
#3706=ADVANCED_FACE('',(#3407),#52,.T.);
#3707=ADVANCED_FACE('',(#3408),#53,.T.);
#3708=ADVANCED_FACE('',(#3409),#54,.T.);
#3709=ADVANCED_FACE('',(#3410),#55,.T.);
#3710=ADVANCED_FACE('',(#3411),#56,.T.);
#3711=ADVANCED_FACE('',(#3412),#57,.T.);
#3712=ADVANCED_FACE('',(#3413),#58,.T.);
#3713=ADVANCED_FACE('',(#3414),#59,.T.);
#3714=ADVANCED_FACE('',(#3415),#60,.T.);
#3715=ADVANCED_FACE('',(#3416),#61,.T.);
#3716=ADVANCED_FACE('',(#3417),#62,.T.);
#3717=ADVANCED_FACE('',(#3418),#63,.T.);
#3718=ADVANCED_FACE('',(#3419),#64,.T.);
#3719=ADVANCED_FACE('',(#3420),#65,.T.);
#3720=ADVANCED_FACE('',(#3421),#66,.T.);
#3721=ADVANCED_FACE('',(#3422),#67,.T.);
#3722=ADVANCED_FACE('',(#3423),#68,.T.);
#3723=ADVANCED_FACE('',(#3424),#69,.T.);
#3724=ADVANCED_FACE('',(#3425),#70,.T.);
#3725=ADVANCED_FACE('',(#3426),#71,.T.);
#3726=ADVANCED_FACE('',(#3427),#72,.T.);
#3727=ADVANCED_FACE('',(#3428),#73,.T.);
#3728=ADVANCED_FACE('',(#3429),#74,.T.);
#3729=ADVANCED_FACE('',(#3430),#75,.T.);
#3730=ADVANCED_FACE('',(#3431),#76,.T.);
#3731=ADVANCED_FACE('',(#3432),#77,.T.);
#3732=ADVANCED_FACE('',(#3433),#384,.T.);
#3733=ADVANCED_FACE('',(#3434),#385,.T.);
#3734=ADVANCED_FACE('',(#3435),#91,.T.);
#3735=ADVANCED_FACE('',(#3436),#386,.T.);
#3736=ADVANCED_FACE('',(#3437),#387,.T.);
#3737=ADVANCED_FACE('',(#3438),#388,.T.);
#3738=ADVANCED_FACE('',(#3439),#389,.T.);
#3739=ADVANCED_FACE('',(#3440),#390,.T.);
#3740=ADVANCED_FACE('',(#3441),#391,.F.);
#3741=ADVANCED_FACE('',(#3442),#3504,.T.);
#3742=ADVANCED_FACE('',(#3443),#392,.F.);
#3743=ADVANCED_FACE('',(#3444),#3505,.T.);
#3744=ADVANCED_FACE('',(#3445),#3506,.F.);
#3745=CLOSED_SHELL('',(#3507,#3508,#3509,#3510,#3511,#3512,#3513,#3514,#3515,#3516,#3517,#3518,#3519,#3520,#3521,#3522,#3523,#3524,#3525,#3526,#3527,#3528,#3529,#3530,#3531,#3532,#3533,#3534,#3535,#3536,#3537,#3538,#3539,#3540,#3541,#3542,#3543,#3544,#3545,#3546,#3547,#3548,#3549,#3550,#3551,#3552,#3553,#3554,#3555,#3556,#3557,#3558,#3559,#3560,#3561,#3562,#3563,#3564,#3565,#3566,#3567,#3568,#3569,#3570,#3571,#3572,#3573,#3574,#3575,#3576,#3577,#3578,#3579,#3580,#3581,#3582,#3583,#3584,#3585,#3586,#3587,#3588,#3589,#3590,#3591,#3592,#3593,#3594,#3595,#3596,#3597,#3598,#3599,#3600,#3601,#3602,#3603,#3604,#3605,#3606,#3607,#3608,#3609,#3610,#3611,#3612,#3613,#3614,#3615,#3616,#3617,#3618,#3619,#3620,#3621,#3622,#3623,#3624,#3625,#3626,#3627,#3628,#3629,#3630,#3631,#3632,#3633,#3634,#3635,#3636,#3637,#3638,#3639,#3640,#3641,#3642,#3643,#3644,#3645,#3646,#3647,#3648,#3649,#3650,#3651,#3652,#3653,#3654,#3655,#3656,#3657,#3658,#3659,#3660,#3661,#3662,#3663,#3664,#3665,#3666,#3667,#3668,#3669,#3670,#3671,#3672,#3673,#3674,#3675,#3676,#3677,#3678,#3679,#3680,#3681,#3682,#3683,#3684,#3685,#3686,#3687,#3688,#3689,#3690,#3691,#3692,#3693,#3694,#3695,#3696,#3697,#3698,#3699,#3700,#3701,#3702,#3703,#3704,#3705,#3706,#3707,#3708,#3709,#3710,#3711,#3712,#3713,#3714,#3715,#3716,#3717,#3718,#3719,#3720,#3721,#3722,#3723,#3724,#3725,#3726,#3727,#3728,#3729,#3730,#3731,#3732,#3733,#3734,#3735,#3736,#3737,#3738,#3739,#3740,#3741,#3742,#3743,#3744));
#3746=STYLED_ITEM('',(#3747),#3754);
#3747=PRESENTATION_STYLE_ASSIGNMENT((#3748));
#3748=SURFACE_STYLE_USAGE(.BOTH.,#3749);
#3749=SURFACE_SIDE_STYLE('',(#3750));
#3750=SURFACE_STYLE_FILL_AREA(#3751);
#3751=FILL_AREA_STYLE('',(#3752));
#3752=FILL_AREA_STYLE_COLOUR('',#3753);
#3753=COLOUR_RGB('',0.231372549019608,0.380392156862745,0.705882352941177);
#3754=MANIFOLD_SOLID_BREP('Cover',#3745);
#3755=SHAPE_DEFINITION_REPRESENTATION(#7991,#3756);
#3756=SHAPE_REPRESENTATION('Cover',(#3757),#7986);
#3757=AXIS2_PLACEMENT_3D('',#4797,#4035,#4036);
#3758=AXIS2_PLACEMENT_3D('',#4798,#4037,#4038);
#3759=AXIS2_PLACEMENT_3D('',#4799,#4039,#4040);
#3760=AXIS2_PLACEMENT_3D('',#4816,#4048,#4049);
#3761=AXIS2_PLACEMENT_3D('',#4819,#4051,#4052);
#3762=AXIS2_PLACEMENT_3D('',#4823,#4054,#4055);
#3763=AXIS2_PLACEMENT_3D('',#4827,#4057,#4058);
#3764=AXIS2_PLACEMENT_3D('',#4840,#4065,#4066);
#3765=AXIS2_PLACEMENT_3D('',#4841,#4067,#4068);
#3766=AXIS2_PLACEMENT_3D('',#4843,#4069,#4070);
#3767=AXIS2_PLACEMENT_3D('',#4845,#4071,#4072);
#3768=AXIS2_PLACEMENT_3D('',#4847,#4073,#4074);
#3769=AXIS2_PLACEMENT_3D('',#4858,#4081,#4082);
#3770=AXIS2_PLACEMENT_3D('',#4862,#4084,#4085);
#3771=AXIS2_PLACEMENT_3D('',#4866,#4087,#4088);
#3772=AXIS2_PLACEMENT_3D('',#4867,#4089,#4090);
#3773=AXIS2_PLACEMENT_3D('',#4876,#4095,#4096);
#3774=AXIS2_PLACEMENT_3D('',#4879,#4097,#4098);
#3775=AXIS2_PLACEMENT_3D('',#4881,#4099,#4100);
#3776=AXIS2_PLACEMENT_3D('',#4883,#4101,#4102);
#3777=AXIS2_PLACEMENT_3D('',#4885,#4103,#4104);
#3778=AXIS2_PLACEMENT_3D('',#4887,#4105,#4106);
#3779=AXIS2_PLACEMENT_3D('',#4889,#4107,#4108);
#3780=AXIS2_PLACEMENT_3D('',#4891,#4109,#4110);
#3781=AXIS2_PLACEMENT_3D('',#4893,#4111,#4112);
#3782=AXIS2_PLACEMENT_3D('',#4895,#4113,#4114);
#3783=AXIS2_PLACEMENT_3D('',#4897,#4115,#4116);
#3784=AXIS2_PLACEMENT_3D('',#4899,#4117,#4118);
#3785=AXIS2_PLACEMENT_3D('',#4900,#4119,#4120);
#3786=AXIS2_PLACEMENT_3D('',#4901,#4121,#4122);
#3787=AXIS2_PLACEMENT_3D('',#4906,#4124,#4125);
#3788=AXIS2_PLACEMENT_3D('',#4910,#4127,#4128);
#3789=AXIS2_PLACEMENT_3D('',#4914,#4130,#4131);
#3790=AXIS2_PLACEMENT_3D('',#4941,#4145,#4146);
#3791=AXIS2_PLACEMENT_3D('',#4951,#4151,#4152);
#3792=AXIS2_PLACEMENT_3D('',#4957,#4156,#4157);
#3793=AXIS2_PLACEMENT_3D('',#4963,#4161,#4162);
#3794=AXIS2_PLACEMENT_3D('',#4967,#4165,#4166);
#3795=AXIS2_PLACEMENT_3D('',#4971,#4169,#4170);
#3796=AXIS2_PLACEMENT_3D('',#4973,#4172,#4173);
#3797=AXIS2_PLACEMENT_3D('',#4977,#4176,#4177);
#3798=AXIS2_PLACEMENT_3D('',#4978,#4178,#4179);
#3799=AXIS2_PLACEMENT_3D('',#4980,#4180,#4181);
#3800=AXIS2_PLACEMENT_3D('',#4981,#4182,#4183);
#3801=AXIS2_PLACEMENT_3D('',#4982,#4184,#4185);
#3802=AXIS2_PLACEMENT_3D('',#4984,#4186,#4187);
#3803=AXIS2_PLACEMENT_3D('',#4985,#4188,#4189);
#3804=AXIS2_PLACEMENT_3D('',#4986,#4190,#4191);
#3805=AXIS2_PLACEMENT_3D('',#4988,#4192,#4193);
#3806=AXIS2_PLACEMENT_3D('',#4989,#4194,#4195);
#3807=AXIS2_PLACEMENT_3D('',#4990,#4196,#4197);
#3808=AXIS2_PLACEMENT_3D('',#4992,#4198,#4199);
#3809=AXIS2_PLACEMENT_3D('',#4993,#4200,#4201);
#3810=AXIS2_PLACEMENT_3D('',#5002,#4206,#4207);
#3811=AXIS2_PLACEMENT_3D('',#5006,#4210,#4211);
#3812=AXIS2_PLACEMENT_3D('',#5007,#4212,#4213);
#3813=AXIS2_PLACEMENT_3D('',#5012,#4216,#4217);
#3814=AXIS2_PLACEMENT_3D('',#5013,#4218,#4219);
#3815=AXIS2_PLACEMENT_3D('',#5014,#4220,#4221);
#3816=AXIS2_PLACEMENT_3D('',#5021,#4225,#4226);
#3817=AXIS2_PLACEMENT_3D('',#5027,#4230,#4231);
#3818=AXIS2_PLACEMENT_3D('',#5036,#4236,#4237);
#3819=AXIS2_PLACEMENT_3D('',#5042,#4240,#4241);
#3820=AXIS2_PLACEMENT_3D('',#5044,#4243,#4244);
#3821=AXIS2_PLACEMENT_3D('',#5047,#4247,#4248);
#3822=AXIS2_PLACEMENT_3D('',#5048,#4249,#4250);
#3823=AXIS2_PLACEMENT_3D('',#5050,#4251,#4252);
#3824=AXIS2_PLACEMENT_3D('',#5051,#4253,#4254);
#3825=AXIS2_PLACEMENT_3D('',#5052,#4255,#4256);
#3826=AXIS2_PLACEMENT_3D('',#5055,#4259,#4260);
#3827=AXIS2_PLACEMENT_3D('',#5057,#4262,#4263);
#3828=AXIS2_PLACEMENT_3D('',#5059,#4265,#4266);
#3829=AXIS2_PLACEMENT_3D('',#5060,#4267,#4268);
#3830=AXIS2_PLACEMENT_3D('',#5069,#4273,#4274);
#3831=AXIS2_PLACEMENT_3D('',#5075,#4278,#4279);
#3832=AXIS2_PLACEMENT_3D('',#5081,#4283,#4284);
#3833=AXIS2_PLACEMENT_3D('',#5084,#4287,#4288);
#3834=AXIS2_PLACEMENT_3D('',#5105,#4299,#4300);
#3835=AXIS2_PLACEMENT_3D('',#5111,#4304,#4305);
#3836=AXIS2_PLACEMENT_3D('',#5115,#4308,#4309);
#3837=AXIS2_PLACEMENT_3D('',#5119,#4312,#4313);
#3838=AXIS2_PLACEMENT_3D('',#5123,#4316,#4317);
#3839=AXIS2_PLACEMENT_3D('',#5127,#4320,#4321);
#3840=AXIS2_PLACEMENT_3D('',#5131,#4324,#4325);
#3841=AXIS2_PLACEMENT_3D('',#5135,#4328,#4329);
#3842=AXIS2_PLACEMENT_3D('',#5139,#4332,#4333);
#3843=AXIS2_PLACEMENT_3D('',#5143,#4336,#4337);
#3844=AXIS2_PLACEMENT_3D('',#5145,#4339,#4340);
#3845=AXIS2_PLACEMENT_3D('',#5146,#4341,#4342);
#3846=AXIS2_PLACEMENT_3D('',#5157,#4345,#4346);
#3847=AXIS2_PLACEMENT_3D('',#5158,#4347,#4348);
#3848=AXIS2_PLACEMENT_3D('',#5166,#4350,#4351);
#3849=AXIS2_PLACEMENT_3D('',#5253,#4356,#4357);
#3850=AXIS2_PLACEMENT_3D('',#5254,#4358,#4359);
#3851=AXIS2_PLACEMENT_3D('',#5265,#4362,#4363);
#3852=AXIS2_PLACEMENT_3D('',#5266,#4364,#4365);
#3853=AXIS2_PLACEMENT_3D('',#5274,#4367,#4368);
#3854=AXIS2_PLACEMENT_3D('',#5293,#4371,#4372);
#3855=AXIS2_PLACEMENT_3D('',#5309,#4374,#4375);
#3856=AXIS2_PLACEMENT_3D('',#5344,#4377,#4378);
#3857=AXIS2_PLACEMENT_3D('',#5355,#4381,#4382);
#3858=AXIS2_PLACEMENT_3D('',#5356,#4383,#4384);
#3859=AXIS2_PLACEMENT_3D('',#5364,#4386,#4387);
#3860=AXIS2_PLACEMENT_3D('',#5365,#4388,#4389);
#3861=AXIS2_PLACEMENT_3D('',#5376,#4392,#4393);
#3862=AXIS2_PLACEMENT_3D('',#5377,#4394,#4395);
#3863=AXIS2_PLACEMENT_3D('',#5385,#4397,#4398);
#3864=AXIS2_PLACEMENT_3D('',#5386,#4399,#4400);
#3865=AXIS2_PLACEMENT_3D('',#5394,#4402,#4403);
#3866=AXIS2_PLACEMENT_3D('',#5395,#4404,#4405);
#3867=AXIS2_PLACEMENT_3D('',#5403,#4407,#4408);
#3868=AXIS2_PLACEMENT_3D('',#5404,#4409,#4410);
#3869=AXIS2_PLACEMENT_3D('',#5412,#4412,#4413);
#3870=AXIS2_PLACEMENT_3D('',#5413,#4414,#4415);
#3871=AXIS2_PLACEMENT_3D('',#5421,#4417,#4418);
#3872=AXIS2_PLACEMENT_3D('',#5422,#4419,#4420);
#3873=AXIS2_PLACEMENT_3D('',#5430,#4422,#4423);
#3874=AXIS2_PLACEMENT_3D('',#5431,#4424,#4425);
#3875=AXIS2_PLACEMENT_3D('',#5439,#4427,#4428);
#3876=AXIS2_PLACEMENT_3D('',#5440,#4429,#4430);
#3877=AXIS2_PLACEMENT_3D('',#5448,#4432,#4433);
#3878=AXIS2_PLACEMENT_3D('',#5449,#4434,#4435);
#3879=AXIS2_PLACEMENT_3D('',#5457,#4437,#4438);
#3880=AXIS2_PLACEMENT_3D('',#5458,#4439,#4440);
#3881=AXIS2_PLACEMENT_3D('',#5466,#4442,#4443);
#3882=AXIS2_PLACEMENT_3D('',#5467,#4444,#4445);
#3883=AXIS2_PLACEMENT_3D('',#5478,#4448,#4449);
#3884=AXIS2_PLACEMENT_3D('',#5479,#4450,#4451);
#3885=AXIS2_PLACEMENT_3D('',#5487,#4453,#4454);
#3886=AXIS2_PLACEMENT_3D('',#5574,#4459,#4460);
#3887=AXIS2_PLACEMENT_3D('',#5593,#4463,#4464);
#3888=AXIS2_PLACEMENT_3D('',#5609,#4466,#4467);
#3889=AXIS2_PLACEMENT_3D('',#5665,#4470,#4471);
#3890=AXIS2_PLACEMENT_3D('',#5669,#4473,#4474);
#3891=AXIS2_PLACEMENT_3D('',#5670,#4475,#4476);
#3892=AXIS2_PLACEMENT_3D('',#5671,#4477,#4478);
#3893=AXIS2_PLACEMENT_3D('',#5682,#4481,#4482);
#3894=AXIS2_PLACEMENT_3D('',#5683,#4483,#4484);
#3895=AXIS2_PLACEMENT_3D('',#5691,#4486,#4487);
#3896=AXIS2_PLACEMENT_3D('',#5710,#4490,#4491);
#3897=AXIS2_PLACEMENT_3D('',#5711,#4492,#4493);
#3898=AXIS2_PLACEMENT_3D('',#5719,#4495,#4496);
#3899=AXIS2_PLACEMENT_3D('',#5720,#4497,#4498);
#3900=AXIS2_PLACEMENT_3D('',#5724,#4500,#4501);
#3901=AXIS2_PLACEMENT_3D('',#5725,#4502,#4503);
#3902=AXIS2_PLACEMENT_3D('',#5726,#4504,#4505);
#3903=AXIS2_PLACEMENT_3D('',#5734,#4507,#4508);
#3904=AXIS2_PLACEMENT_3D('',#5804,#4513,#4514);
#3905=AXIS2_PLACEMENT_3D('',#5807,#4516,#4517);
#3906=AXIS2_PLACEMENT_3D('',#5903,#4522,#4523);
#3907=AXIS2_PLACEMENT_3D('',#5910,#4525,#4526);
#3908=AXIS2_PLACEMENT_3D('',#5913,#4528,#4529);
#3909=AXIS2_PLACEMENT_3D('',#5952,#4532,#4533);
#3910=AXIS2_PLACEMENT_3D('',#5963,#4536,#4537);
#3911=AXIS2_PLACEMENT_3D('',#5964,#4538,#4539);
#3912=AXIS2_PLACEMENT_3D('',#5972,#4541,#4542);
#3913=AXIS2_PLACEMENT_3D('',#6025,#4546,#4547);
#3914=AXIS2_PLACEMENT_3D('',#6041,#4549,#4550);
#3915=AXIS2_PLACEMENT_3D('',#6042,#4551,#4552);
#3916=AXIS2_PLACEMENT_3D('',#6050,#4554,#4555);
#3917=AXIS2_PLACEMENT_3D('',#6051,#4556,#4557);
#3918=AXIS2_PLACEMENT_3D('',#6055,#4559,#4560);
#3919=AXIS2_PLACEMENT_3D('',#6056,#4561,#4562);
#3920=AXIS2_PLACEMENT_3D('',#6069,#4563,#4564);
#3921=AXIS2_PLACEMENT_3D('',#6070,#4565,#4566);
#3922=AXIS2_PLACEMENT_3D('',#6075,#4567,#4568);
#3923=AXIS2_PLACEMENT_3D('',#6107,#4569,#4570);
#3924=AXIS2_PLACEMENT_3D('',#6112,#4571,#4572);
#3925=AXIS2_PLACEMENT_3D('',#6113,#4573,#4574);
#3926=AXIS2_PLACEMENT_3D('',#6118,#4575,#4576);
#3927=AXIS2_PLACEMENT_3D('',#6119,#4577,#4578);
#3928=AXIS2_PLACEMENT_3D('',#6124,#4579,#4580);
#3929=AXIS2_PLACEMENT_3D('',#6137,#4581,#4582);
#3930=AXIS2_PLACEMENT_3D('',#6138,#4583,#4584);
#3931=AXIS2_PLACEMENT_3D('',#6143,#4585,#4586);
#3932=AXIS2_PLACEMENT_3D('',#6144,#4587,#4588);
#3933=AXIS2_PLACEMENT_3D('',#6149,#4589,#4590);
#3934=AXIS2_PLACEMENT_3D('',#6162,#4591,#4592);
#3935=AXIS2_PLACEMENT_3D('',#6163,#4593,#4594);
#3936=AXIS2_PLACEMENT_3D('',#6164,#4595,#4596);
#3937=AXIS2_PLACEMENT_3D('',#6165,#4597,#4598);
#3938=AXIS2_PLACEMENT_3D('',#6170,#4599,#4600);
#3939=AXIS2_PLACEMENT_3D('',#6171,#4601,#4602);
#3940=AXIS2_PLACEMENT_3D('',#6176,#4603,#4604);
#3941=AXIS2_PLACEMENT_3D('',#6177,#4605,#4606);
#3942=AXIS2_PLACEMENT_3D('',#6182,#4607,#4608);
#3943=AXIS2_PLACEMENT_3D('',#6183,#4609,#4610);
#3944=AXIS2_PLACEMENT_3D('',#6278,#4611,#4612);
#3945=AXIS2_PLACEMENT_3D('',#6365,#4613,#4614);
#3946=AXIS2_PLACEMENT_3D('',#6425,#4615,#4616);
#3947=AXIS2_PLACEMENT_3D('',#6512,#4617,#4618);
#3948=AXIS2_PLACEMENT_3D('',#6532,#4619,#4620);
#3949=AXIS2_PLACEMENT_3D('',#6547,#4621,#4622);
#3950=AXIS2_PLACEMENT_3D('',#6589,#4623,#4624);
#3951=AXIS2_PLACEMENT_3D('',#6590,#4625,#4626);
#3952=AXIS2_PLACEMENT_3D('',#6591,#4627,#4628);
#3953=AXIS2_PLACEMENT_3D('',#6592,#4629,#4630);
#3954=AXIS2_PLACEMENT_3D('',#6593,#4631,#4632);
#3955=AXIS2_PLACEMENT_3D('',#6594,#4633,#4634);
#3956=AXIS2_PLACEMENT_3D('',#6595,#4635,#4636);
#3957=AXIS2_PLACEMENT_3D('',#6596,#4637,#4638);
#3958=AXIS2_PLACEMENT_3D('',#6597,#4639,#4640);
#3959=AXIS2_PLACEMENT_3D('',#6598,#4641,#4642);
#3960=AXIS2_PLACEMENT_3D('',#6599,#4643,#4644);
#3961=AXIS2_PLACEMENT_3D('',#6600,#4645,#4646);
#3962=AXIS2_PLACEMENT_3D('',#6601,#4647,#4648);
#3963=AXIS2_PLACEMENT_3D('',#6602,#4649,#4650);
#3964=AXIS2_PLACEMENT_3D('',#6603,#4651,#4652);
#3965=AXIS2_PLACEMENT_3D('',#6604,#4653,#4654);
#3966=AXIS2_PLACEMENT_3D('',#6605,#4655,#4656);
#3967=AXIS2_PLACEMENT_3D('',#6606,#4657,#4658);
#3968=AXIS2_PLACEMENT_3D('',#6607,#4659,#4660);
#3969=AXIS2_PLACEMENT_3D('',#6608,#4661,#4662);
#3970=AXIS2_PLACEMENT_3D('',#6609,#4663,#4664);
#3971=AXIS2_PLACEMENT_3D('',#6610,#4665,#4666);
#3972=AXIS2_PLACEMENT_3D('',#6611,#4667,#4668);
#3973=AXIS2_PLACEMENT_3D('',#6612,#4669,#4670);
#3974=AXIS2_PLACEMENT_3D('',#6613,#4671,#4672);
#3975=AXIS2_PLACEMENT_3D('',#6614,#4673,#4674);
#3976=AXIS2_PLACEMENT_3D('',#6615,#4675,#4676);
#3977=AXIS2_PLACEMENT_3D('',#6616,#4677,#4678);
#3978=AXIS2_PLACEMENT_3D('',#6617,#4679,#4680);
#3979=AXIS2_PLACEMENT_3D('',#6618,#4681,#4682);
#3980=AXIS2_PLACEMENT_3D('',#6619,#4683,#4684);
#3981=AXIS2_PLACEMENT_3D('',#6620,#4685,#4686);
#3982=AXIS2_PLACEMENT_3D('',#6621,#4687,#4688);
#3983=AXIS2_PLACEMENT_3D('',#6622,#4689,#4690);
#3984=AXIS2_PLACEMENT_3D('',#6623,#4691,#4692);
#3985=AXIS2_PLACEMENT_3D('',#6624,#4693,#4694);
#3986=AXIS2_PLACEMENT_3D('',#6625,#4695,#4696);
#3987=AXIS2_PLACEMENT_3D('',#6626,#4697,#4698);
#3988=AXIS2_PLACEMENT_3D('',#6627,#4699,#4700);
#3989=AXIS2_PLACEMENT_3D('',#6628,#4701,#4702);
#3990=AXIS2_PLACEMENT_3D('',#6629,#4703,#4704);
#3991=AXIS2_PLACEMENT_3D('',#6630,#4705,#4706);
#3992=AXIS2_PLACEMENT_3D('',#6631,#4707,#4708);
#3993=AXIS2_PLACEMENT_3D('',#6632,#4709,#4710);
#3994=AXIS2_PLACEMENT_3D('',#6633,#4711,#4712);
#3995=AXIS2_PLACEMENT_3D('',#6634,#4713,#4714);
#3996=AXIS2_PLACEMENT_3D('',#6635,#4715,#4716);
#3997=AXIS2_PLACEMENT_3D('',#6636,#4717,#4718);
#3998=AXIS2_PLACEMENT_3D('',#6637,#4719,#4720);
#3999=AXIS2_PLACEMENT_3D('',#6638,#4721,#4722);
#4000=AXIS2_PLACEMENT_3D('',#6793,#4723,#4724);
#4001=AXIS2_PLACEMENT_3D('',#6919,#4725,#4726);
#4002=AXIS2_PLACEMENT_3D('',#6959,#4727,#4728);
#4003=AXIS2_PLACEMENT_3D('',#7013,#4729,#4730);
#4004=AXIS2_PLACEMENT_3D('',#7070,#4731,#4732);
#4005=AXIS2_PLACEMENT_3D('',#7107,#4733,#4734);
#4006=AXIS2_PLACEMENT_3D('',#7164,#4735,#4736);
#4007=AXIS2_PLACEMENT_3D('',#7199,#4737,#4738);
#4008=AXIS2_PLACEMENT_3D('',#7271,#4739,#4740);
#4009=AXIS2_PLACEMENT_3D('',#7288,#4741,#4742);
#4010=AXIS2_PLACEMENT_3D('',#7333,#4743,#4744);
#4011=AXIS2_PLACEMENT_3D('',#7346,#4745,#4746);
#4012=AXIS2_PLACEMENT_3D('',#7391,#4747,#4748);
#4013=AXIS2_PLACEMENT_3D('',#7404,#4749,#4750);
#4014=AXIS2_PLACEMENT_3D('',#7531,#4751,#4752);
#4015=AXIS2_PLACEMENT_3D('',#7783,#4753,#4754);
#4016=AXIS2_PLACEMENT_3D('',#7934,#4755,#4756);
#4017=AXIS2_PLACEMENT_3D('',#7953,#4757,#4758);
#4018=AXIS2_PLACEMENT_3D('',#7954,#4759,#4760);
#4019=AXIS2_PLACEMENT_3D('',#7960,#4761,#4762);
#4020=AXIS2_PLACEMENT_3D('',#7966,#4763,#4764);
#4021=AXIS2_PLACEMENT_3D('',#7967,#4765,#4766);
#4022=AXIS2_PLACEMENT_3D('',#7968,#4767,#4768);
#4023=AXIS2_PLACEMENT_3D('',#7969,#4769,#4770);
#4024=AXIS2_PLACEMENT_3D('',#7970,#4771,#4772);
#4025=AXIS2_PLACEMENT_3D('',#7971,#4773,#4774);
#4026=AXIS2_PLACEMENT_3D('',#7972,#4775,#4776);
#4027=AXIS2_PLACEMENT_3D('',#7973,#4777,#4778);
#4028=AXIS2_PLACEMENT_3D('',#7974,#4779,#4780);
#4029=AXIS2_PLACEMENT_3D('',#7975,#4781,#4782);
#4030=AXIS2_PLACEMENT_3D('',#7976,#4783,#4784);
#4031=AXIS2_PLACEMENT_3D('',#7979,#4787,#4788);
#4032=AXIS2_PLACEMENT_3D('',#7981,#4790,#4791);
#4033=AXIS2_PLACEMENT_3D('',#7983,#4793,#4794);
#4034=AXIS2_PLACEMENT_3D('',#7984,#4795,#4796);
#4035=DIRECTION('',(0.,0.,1.));
#4036=DIRECTION('',(1.,0.,0.));
#4037=DIRECTION('',(0.,1.,0.));
#4038=DIRECTION('',(0.,0.,1.));
#4039=DIRECTION('',(0.,1.,0.));
#4040=DIRECTION('',(0.,0.,1.));
#4041=DIRECTION('',(0.,0.,-1.));
#4042=DIRECTION('',(1.,0.,0.));
#4043=DIRECTION('',(0.,0.,-1.));
#4044=DIRECTION('',(1.,0.,0.));
#4045=DIRECTION('',(0.,0.,-1.));
#4046=DIRECTION('',(1.,0.,0.));
#4047=DIRECTION('',(0.,0.,-1.));
#4048=DIRECTION('',(0.,1.,0.));
#4049=DIRECTION('',(0.,0.,1.));
#4050=DIRECTION('',(-1.,0.,0.));
#4051=DIRECTION('',(0.,1.,0.));
#4052=DIRECTION('',(0.,0.,1.));
#4053=DIRECTION('',(0.,0.,-1.));
#4054=DIRECTION('',(0.,1.,0.));
#4055=DIRECTION('',(0.,0.,1.));
#4056=DIRECTION('',(-1.,0.,0.));
#4057=DIRECTION('',(0.,1.,0.));
#4058=DIRECTION('',(0.,0.,1.));
#4059=DIRECTION('',(0.,0.,-1.));
#4060=DIRECTION('',(1.,0.,0.));
#4061=DIRECTION('',(0.,0.,-1.));
#4062=DIRECTION('',(1.,0.,0.));
#4063=DIRECTION('',(0.,0.,-1.));
#4064=DIRECTION('',(1.,0.,0.));
#4065=DIRECTION('',(0.,0.,1.));
#4066=DIRECTION('',(1.,0.,0.));
#4067=DIRECTION('',(0.,0.,1.));
#4068=DIRECTION('',(1.,0.,0.));
#4069=DIRECTION('',(0.,0.,1.));
#4070=DIRECTION('',(1.,0.,0.));
#4071=DIRECTION('',(0.,0.,1.));
#4072=DIRECTION('',(1.,0.,0.));
#4073=DIRECTION('',(0.,0.,1.));
#4074=DIRECTION('',(1.,0.,0.));
#4075=DIRECTION('',(0.,1.,0.));
#4076=DIRECTION('',(0.,-1.,0.));
#4077=DIRECTION('',(1.,0.,0.));
#4078=DIRECTION('',(0.,-1.,0.));
#4079=DIRECTION('',(0.,1.,0.));
#4080=DIRECTION('',(0.,-1.,0.));
#4081=DIRECTION('',(0.,0.,1.));
#4082=DIRECTION('',(1.,0.,0.));
#4083=DIRECTION('',(1.,0.,0.));
#4084=DIRECTION('',(0.,0.,1.));
#4085=DIRECTION('',(1.,0.,0.));
#4086=DIRECTION('',(0.,-1.,0.));
#4087=DIRECTION('',(0.,0.,1.));
#4088=DIRECTION('',(1.,0.,0.));
#4089=DIRECTION('',(0.,0.,1.));
#4090=DIRECTION('',(1.,0.,0.));
#4091=DIRECTION('',(1.,0.,0.));
#4092=DIRECTION('',(0.,-1.,0.));
#4093=DIRECTION('',(1.,0.,0.));
#4094=DIRECTION('',(0.,-1.,0.));
#4095=DIRECTION('',(0.,0.,1.));
#4096=DIRECTION('',(-0.866025403784439,0.5,0.));
#4097=DIRECTION('',(0.,0.,1.));
#4098=DIRECTION('',(-1.22464679914735E-16,1.,0.));
#4099=DIRECTION('',(0.,0.,1.));
#4100=DIRECTION('',(1.,0.,0.));
#4101=DIRECTION('',(0.,0.,1.));
#4102=DIRECTION('',(-1.22464679914735E-16,1.,0.));
#4103=DIRECTION('',(0.,0.,1.));
#4104=DIRECTION('',(-0.866025403784439,-0.5,0.));
#4105=DIRECTION('',(0.,0.,1.));
#4106=DIRECTION('',(1.,0.,0.));
#4107=DIRECTION('',(0.,0.,1.));
#4108=DIRECTION('',(1.,0.,0.));
#4109=DIRECTION('',(0.,0.,1.));
#4110=DIRECTION('',(-0.866025403784439,0.5,0.));
#4111=DIRECTION('',(0.,0.,1.));
#4112=DIRECTION('',(-1.22464679914735E-16,1.,0.));
#4113=DIRECTION('',(0.,0.,1.));
#4114=DIRECTION('',(-0.866025403784439,-0.5,0.));
#4115=DIRECTION('',(0.,0.,1.));
#4116=DIRECTION('',(-0.866025403784439,0.5,0.));
#4117=DIRECTION('',(0.,0.,1.));
#4118=DIRECTION('',(1.,0.,0.));
#4119=DIRECTION('',(0.,0.,1.));
#4120=DIRECTION('',(1.,0.,0.));
#4121=DIRECTION('',(0.,0.,1.));
#4122=DIRECTION('',(1.,0.,0.));
#4123=DIRECTION('',(0.,-1.,0.));
#4124=DIRECTION('',(0.,0.,1.));
#4125=DIRECTION('',(1.,0.,0.));
#4126=DIRECTION('',(1.,0.,0.));
#4127=DIRECTION('',(0.,0.,1.));
#4128=DIRECTION('',(1.,0.,0.));
#4129=DIRECTION('',(0.,-1.,0.));
#4130=DIRECTION('',(0.,0.,1.));
#4131=DIRECTION('',(1.,0.,0.));
#4132=DIRECTION('',(1.,0.,0.));
#4133=DIRECTION('',(0.,-1.,0.));
#4134=DIRECTION('',(1.,0.,0.));
#4135=DIRECTION('',(0.,-1.,0.));
#4136=DIRECTION('',(1.,0.,0.));
#4137=DIRECTION('',(1.,0.,0.));
#4138=DIRECTION('',(0.,-1.,0.));
#4139=DIRECTION('',(1.,0.,0.));
#4140=DIRECTION('',(0.,-1.,0.));
#4141=DIRECTION('',(1.,1.83763080082289E-16,0.));
#4142=DIRECTION('',(-1.68256399221805E-16,1.,0.));
#4143=DIRECTION('',(1.,0.,0.));
#4144=DIRECTION('',(1.68256399221805E-16,-1.,0.));
#4145=DIRECTION('',(0.,0.,1.));
#4146=DIRECTION('',(1.,0.,0.));
#4147=DIRECTION('',(0.,-1.,0.));
#4148=DIRECTION('',(1.,0.,0.));
#4149=DIRECTION('',(0.,-1.,0.));
#4150=DIRECTION('',(1.,0.,0.));
#4151=DIRECTION('',(1.,0.,0.));
#4152=DIRECTION('',(0.,0.,-1.));
#4153=DIRECTION('',(0.,0.,-1.));
#4154=DIRECTION('',(0.,-1.,0.));
#4155=DIRECTION('',(0.,0.,-1.));
#4156=DIRECTION('',(0.,1.,0.));
#4157=DIRECTION('',(0.,0.,1.));
#4158=DIRECTION('',(0.,0.,-1.));
#4159=DIRECTION('',(1.,0.,0.));
#4160=DIRECTION('',(0.,0.,-1.));
#4161=DIRECTION('',(1.,0.,0.));
#4162=DIRECTION('',(0.,0.,-1.));
#4163=DIRECTION('',(0.,-1.,0.));
#4164=DIRECTION('',(0.,0.,-1.));
#4165=DIRECTION('',(1.,0.,0.));
#4166=DIRECTION('',(0.,0.,-1.));
#4167=DIRECTION('',(0.,0.,-1.));
#4168=DIRECTION('',(0.,-1.,0.));
#4169=DIRECTION('',(0.,1.,0.));
#4170=DIRECTION('',(0.,0.,1.));
#4171=DIRECTION('',(1.,0.,0.));
#4172=DIRECTION('',(1.,0.,0.));
#4173=DIRECTION('',(0.,0.,-1.));
#4174=DIRECTION('',(0.,-1.,0.));
#4175=DIRECTION('',(0.,0.,-1.));
#4176=DIRECTION('',(0.,0.,1.));
#4177=DIRECTION('',(1.,0.,0.));
#4178=DIRECTION('',(0.,0.,1.));
#4179=DIRECTION('',(1.,0.,0.));
#4180=DIRECTION('',(0.,0.,-1.));
#4181=DIRECTION('',(-1.,0.,0.));
#4182=DIRECTION('',(0.,0.,1.));
#4183=DIRECTION('',(1.,0.,0.));
#4184=DIRECTION('',(0.,0.,1.));
#4185=DIRECTION('',(1.,0.,0.));
#4186=DIRECTION('',(0.,0.,-1.));
#4187=DIRECTION('',(-1.,0.,0.));
#4188=DIRECTION('',(0.,0.,1.));
#4189=DIRECTION('',(1.,0.,0.));
#4190=DIRECTION('',(0.,0.,1.));
#4191=DIRECTION('',(1.,0.,0.));
#4192=DIRECTION('',(0.,0.,-1.));
#4193=DIRECTION('',(-1.,0.,0.));
#4194=DIRECTION('',(0.,0.,1.));
#4195=DIRECTION('',(1.,0.,0.));
#4196=DIRECTION('',(0.,0.,1.));
#4197=DIRECTION('',(1.,0.,0.));
#4198=DIRECTION('',(0.,0.,-1.));
#4199=DIRECTION('',(-1.,0.,0.));
#4200=DIRECTION('',(1.,0.,0.));
#4201=DIRECTION('',(0.,0.,-1.));
#4202=DIRECTION('',(0.,0.,-1.));
#4203=DIRECTION('',(0.,-1.,0.));
#4204=DIRECTION('',(0.,0.,-1.));
#4205=DIRECTION('',(0.,-1.,0.));
#4206=DIRECTION('',(-1.83763080082289E-16,1.,0.));
#4207=DIRECTION('',(-1.,-1.83763080082289E-16,0.));
#4208=DIRECTION('',(1.,1.83763080082289E-16,0.));
#4209=DIRECTION('',(0.,0.,-1.));
#4210=DIRECTION('',(-1.83763080082289E-16,1.,0.));
#4211=DIRECTION('',(-1.,-1.83763080082289E-16,0.));
#4212=DIRECTION('',(-1.,-1.68256399221805E-16,0.));
#4213=DIRECTION('',(1.68256399221805E-16,-1.,0.));
#4214=DIRECTION('',(-1.68256399221805E-16,1.,0.));
#4215=DIRECTION('',(0.,0.,-1.));
#4216=DIRECTION('',(-1.,-1.68256399221805E-16,0.));
#4217=DIRECTION('',(1.68256399221805E-16,-1.,0.));
#4218=DIRECTION('',(0.,1.,0.));
#4219=DIRECTION('',(0.,0.,1.));
#4220=DIRECTION('',(0.,1.,0.));
#4221=DIRECTION('',(0.,0.,1.));
#4222=DIRECTION('',(1.,0.,0.));
#4223=DIRECTION('',(1.,0.,0.));
#4224=DIRECTION('',(0.,0.,-1.));
#4225=DIRECTION('',(1.,1.68256399221805E-16,0.));
#4226=DIRECTION('',(-1.68256399221805E-16,1.,0.));
#4227=DIRECTION('',(1.68256399221805E-16,-1.,0.));
#4228=DIRECTION('',(0.,0.,-1.));
#4229=DIRECTION('',(1.68256399221805E-16,-1.,0.));
#4230=DIRECTION('',(0.,1.,0.));
#4231=DIRECTION('',(0.,0.,1.));
#4232=DIRECTION('',(1.,0.,0.));
#4233=DIRECTION('',(0.,0.,-1.));
#4234=DIRECTION('',(1.,0.,0.));
#4235=DIRECTION('',(0.,0.,-1.));
#4236=DIRECTION('',(1.,0.,0.));
#4237=DIRECTION('',(0.,0.,-1.));
#4238=DIRECTION('',(0.,0.,-1.));
#4239=DIRECTION('',(0.,-1.,0.));
#4240=DIRECTION('',(1.,0.,0.));
#4241=DIRECTION('',(0.,0.,-1.));
#4242=DIRECTION('',(0.,-1.,0.));
#4243=DIRECTION('',(0.,1.,0.));
#4244=DIRECTION('',(0.,0.,1.));
#4245=DIRECTION('',(1.,0.,0.));
#4246=DIRECTION('',(1.,0.,0.));
#4247=DIRECTION('',(0.,0.,-1.));
#4248=DIRECTION('',(-1.,0.,0.));
#4249=DIRECTION('',(0.,0.,1.));
#4250=DIRECTION('',(1.,0.,0.));
#4251=DIRECTION('',(0.,0.,1.));
#4252=DIRECTION('',(1.,0.,0.));
#4253=DIRECTION('',(0.,0.,1.));
#4254=DIRECTION('',(1.,0.,0.));
#4255=DIRECTION('',(0.,-1.,0.));
#4256=DIRECTION('',(0.,0.,-1.));
#4257=DIRECTION('',(0.,0.,1.));
#4258=DIRECTION('',(0.,0.,1.));
#4259=DIRECTION('',(-1.,0.,0.));
#4260=DIRECTION('',(0.,0.,1.));
#4261=DIRECTION('',(0.,0.,1.));
#4262=DIRECTION('',(0.,-1.,0.));
#4263=DIRECTION('',(0.,0.,-1.));
#4264=DIRECTION('',(0.,0.,1.));
#4265=DIRECTION('',(-1.,0.,0.));
#4266=DIRECTION('',(0.,0.,1.));
#4267=DIRECTION('',(0.,-1.,0.));
#4268=DIRECTION('',(0.,0.,-1.));
#4269=DIRECTION('',(0.,0.,1.));
#4270=DIRECTION('',(1.,0.,0.));
#4271=DIRECTION('',(0.,0.,1.));
#4272=DIRECTION('',(1.,0.,0.));
#4273=DIRECTION('',(-1.,0.,0.));
#4274=DIRECTION('',(0.,0.,1.));
#4275=DIRECTION('',(0.,-1.,0.));
#4276=DIRECTION('',(0.,0.,1.));
#4277=DIRECTION('',(0.,-1.,0.));
#4278=DIRECTION('',(0.,-1.,0.));
#4279=DIRECTION('',(0.,0.,-1.));
#4280=DIRECTION('',(1.,0.,0.));
#4281=DIRECTION('',(0.,0.,1.));
#4282=DIRECTION('',(1.,0.,0.));
#4283=DIRECTION('',(-1.,0.,0.));
#4284=DIRECTION('',(0.,0.,1.));
#4285=DIRECTION('',(0.,-1.,0.));
#4286=DIRECTION('',(0.,-1.,0.));
#4287=DIRECTION('',(0.,0.,1.));
#4288=DIRECTION('',(1.,0.,0.));
#4289=DIRECTION('',(1.,0.,0.));
#4290=DIRECTION('',(0.,-1.,0.));
#4291=DIRECTION('',(-0.550763103458537,-0.834661610395927,0.));
#4292=DIRECTION('',(1.,0.,0.));
#4293=DIRECTION('',(0.,-1.,0.));
#4294=DIRECTION('',(-1.,0.,0.));
#4295=DIRECTION('',(0.,1.,0.));
#4296=DIRECTION('',(0.551076462944774,0.834454751312663,0.));
#4297=DIRECTION('',(-1.,0.,0.));
#4298=DIRECTION('',(0.,1.,0.));
#4299=DIRECTION('',(0.,-1.,0.));
#4300=DIRECTION('',(0.,0.,-1.));
#4301=DIRECTION('',(0.,0.,-1.));
#4302=DIRECTION('',(0.,0.,-1.));
#4303=DIRECTION('',(-1.,0.,0.));
#4304=DIRECTION('',(1.,0.,0.));
#4305=DIRECTION('',(0.,0.,-1.));
#4306=DIRECTION('',(0.,0.,-1.));
#4307=DIRECTION('',(0.,-1.,0.));
#4308=DIRECTION('',(0.,1.,0.));
#4309=DIRECTION('',(0.,0.,1.));
#4310=DIRECTION('',(0.,0.,-1.));
#4311=DIRECTION('',(1.,0.,0.));
#4312=DIRECTION('',(0.834454751312663,-0.551076462944774,0.));
#4313=DIRECTION('',(0.551076462944774,0.834454751312663,0.));
#4314=DIRECTION('',(0.,0.,-1.));
#4315=DIRECTION('',(-0.551076462944774,-0.834454751312663,0.));
#4316=DIRECTION('',(1.,0.,0.));
#4317=DIRECTION('',(0.,0.,-1.));
#4318=DIRECTION('',(0.,0.,-1.));
#4319=DIRECTION('',(0.,-1.,0.));
#4320=DIRECTION('',(0.,1.,0.));
#4321=DIRECTION('',(0.,0.,1.));
#4322=DIRECTION('',(0.,0.,-1.));
#4323=DIRECTION('',(1.,0.,0.));
#4324=DIRECTION('',(-1.,0.,0.));
#4325=DIRECTION('',(0.,0.,1.));
#4326=DIRECTION('',(0.,0.,-1.));
#4327=DIRECTION('',(0.,1.,0.));
#4328=DIRECTION('',(0.,-1.,0.));
#4329=DIRECTION('',(0.,0.,-1.));
#4330=DIRECTION('',(0.,0.,-1.));
#4331=DIRECTION('',(-1.,0.,0.));
#4332=DIRECTION('',(-0.834661610395927,0.550763103458537,0.));
#4333=DIRECTION('',(-0.550763103458537,-0.834661610395927,0.));
#4334=DIRECTION('',(0.,0.,-1.));
#4335=DIRECTION('',(0.550763103458537,0.834661610395926,0.));
#4336=DIRECTION('',(-1.,0.,0.));
#4337=DIRECTION('',(0.,0.,1.));
#4338=DIRECTION('',(0.,1.,0.));
#4339=DIRECTION('',(0.,0.,1.));
#4340=DIRECTION('',(1.,0.,0.));
#4341=DIRECTION('',(0.,0.,1.));
#4342=DIRECTION('',(1.,0.,0.));
#4343=DIRECTION('',(0.,0.,1.));
#4344=DIRECTION('',(0.,0.,-1.));
#4345=DIRECTION('',(0.,0.,1.));
#4346=DIRECTION('',(1.,0.,0.));
#4347=DIRECTION('',(0.,0.,-1.));
#4348=DIRECTION('',(-0.695379262854735,-0.718642943882152,0.));
#4349=DIRECTION('',(0.,0.,-1.));
#4350=DIRECTION('',(0.,0.,-1.));
#4351=DIRECTION('',(-1.,0.,0.));
#4352=DIRECTION('',(0.,0.,-1.));
#4353=DIRECTION('',(0.,0.,-1.));
#4354=DIRECTION('',(0.,0.,-1.));
#4355=DIRECTION('',(0.,0.,-1.));
#4356=DIRECTION('',(0.,0.,1.));
#4357=DIRECTION('',(-0.866025403784439,0.5,0.));
#4358=DIRECTION('',(0.,0.,-1.));
#4359=DIRECTION('',(0.274673414153239,-0.961537578858675,0.));
#4360=DIRECTION('',(0.,0.,-1.));
#4361=DIRECTION('',(0.,0.,1.));
#4362=DIRECTION('',(0.,0.,-1.));
#4363=DIRECTION('',(-1.,0.,0.));
#4364=DIRECTION('',(0.,0.,-1.));
#4365=DIRECTION('',(-0.970052677226523,-0.242894634369834,0.));
#4366=DIRECTION('',(0.,0.,-1.));
#4367=DIRECTION('',(0.,0.,-1.));
#4368=DIRECTION('',(-1.,0.,0.));
#4369=DIRECTION('',(0.,0.,-1.));
#4370=DIRECTION('',(0.,0.,-1.));
#4371=DIRECTION('',(0.,0.,1.));
#4372=DIRECTION('',(-0.866025403784439,-0.5,0.));
#4373=DIRECTION('',(0.,0.,-1.));
#4374=DIRECTION('',(0.,0.,1.));
#4375=DIRECTION('',(-0.866025403784439,0.5,0.));
#4376=DIRECTION('',(0.,0.,-1.));
#4377=DIRECTION('',(0.,0.,1.));
#4378=DIRECTION('',(1.,0.,0.));
#4379=DIRECTION('',(0.,0.,1.));
#4380=DIRECTION('',(0.,0.,-1.));
#4381=DIRECTION('',(0.,0.,1.));
#4382=DIRECTION('',(1.,0.,0.));
#4383=DIRECTION('',(0.,0.,-1.));
#4384=DIRECTION('',(0.970052677166484,-0.242894634609612,0.));
#4385=DIRECTION('',(0.,0.,-1.));
#4386=DIRECTION('',(0.,0.,-1.));
#4387=DIRECTION('',(-1.,0.,0.));
#4388=DIRECTION('',(0.,0.,-1.));
#4389=DIRECTION('',(0.545534536507395,0.838088342287173,0.));
#4390=DIRECTION('',(0.,0.,-1.));
#4391=DIRECTION('',(0.,0.,-1.));
#4392=DIRECTION('',(0.,0.,-1.));
#4393=DIRECTION('',(-1.,0.,0.));
#4394=DIRECTION('',(0.,0.,-1.));
#4395=DIRECTION('',(0.998573063336159,0.0534025952500377,0.));
#4396=DIRECTION('',(0.,0.,-1.));
#4397=DIRECTION('',(0.,0.,-1.));
#4398=DIRECTION('',(-1.,0.,0.));
#4399=DIRECTION('',(0.,0.,-1.));
#4400=DIRECTION('',(0.998573063286619,-0.0534025961763773,0.));
#4401=DIRECTION('',(0.,0.,-1.));
#4402=DIRECTION('',(0.,0.,-1.));
#4403=DIRECTION('',(-1.,0.,0.));
#4404=DIRECTION('',(0.,0.,-1.));
#4405=DIRECTION('',(0.545534536507393,-0.838088342287175,0.));
#4406=DIRECTION('',(0.,0.,-1.));
#4407=DIRECTION('',(0.,0.,-1.));
#4408=DIRECTION('',(-1.,0.,0.));
#4409=DIRECTION('',(0.,0.,-1.));
#4410=DIRECTION('',(0.453038527554583,-0.891490938008444,0.));
#4411=DIRECTION('',(0.,0.,-1.));
#4412=DIRECTION('',(0.,0.,-1.));
#4413=DIRECTION('',(-1.,0.,0.));
#4414=DIRECTION('',(0.,0.,-1.));
#4415=DIRECTION('',(-0.453038526756947,-0.891490938413787,0.));
#4416=DIRECTION('',(0.,0.,-1.));
#4417=DIRECTION('',(0.,0.,-1.));
#4418=DIRECTION('',(-1.,0.,0.));
#4419=DIRECTION('',(0.,0.,-1.));
#4420=DIRECTION('',(-0.54553453578163,-0.838088342759593,0.));
#4421=DIRECTION('',(0.,0.,-1.));
#4422=DIRECTION('',(0.,0.,-1.));
#4423=DIRECTION('',(-1.,0.,0.));
#4424=DIRECTION('',(0.,0.,-1.));
#4425=DIRECTION('',(-0.998573063288055,-0.053402596149534,0.));
#4426=DIRECTION('',(0.,0.,-1.));
#4427=DIRECTION('',(0.,0.,-1.));
#4428=DIRECTION('',(-1.,0.,0.));
#4429=DIRECTION('',(0.,0.,-1.));
#4430=DIRECTION('',(-0.998573063336151,0.0534025952501865,0.));
#4431=DIRECTION('',(0.,0.,-1.));
#4432=DIRECTION('',(0.,0.,-1.));
#4433=DIRECTION('',(-1.,0.,0.));
#4434=DIRECTION('',(0.,0.,-1.));
#4435=DIRECTION('',(-0.545534535781684,0.838088342759558,0.));
#4436=DIRECTION('',(0.,0.,-1.));
#4437=DIRECTION('',(0.,0.,-1.));
#4438=DIRECTION('',(-1.,0.,0.));
#4439=DIRECTION('',(0.,0.,-1.));
#4440=DIRECTION('',(-0.453038526776208,0.891490938403999,0.));
#4441=DIRECTION('',(0.,0.,-1.));
#4442=DIRECTION('',(0.,0.,-1.));
#4443=DIRECTION('',(-1.,0.,0.));
#4444=DIRECTION('',(0.,0.,-1.));
#4445=DIRECTION('',(0.695379262598117,0.718642944130463,0.));
#4446=DIRECTION('',(0.,0.,-1.));
#4447=DIRECTION('',(0.,0.,1.));
#4448=DIRECTION('',(0.,0.,-1.));
#4449=DIRECTION('',(-1.,0.,0.));
#4450=DIRECTION('',(0.,0.,-1.));
#4451=DIRECTION('',(0.695379262413968,-0.718642944308651,0.));
#4452=DIRECTION('',(0.,0.,-1.));
#4453=DIRECTION('',(0.,0.,-1.));
#4454=DIRECTION('',(-1.,0.,0.));
#4455=DIRECTION('',(0.,0.,-1.));
#4456=DIRECTION('',(0.,0.,-1.));
#4457=DIRECTION('',(0.,0.,-1.));
#4458=DIRECTION('',(0.,0.,-1.));
#4459=DIRECTION('',(0.,0.,1.));
#4460=DIRECTION('',(-1.22464679914735E-16,1.,0.));
#4461=DIRECTION('',(0.,0.,-1.));
#4462=DIRECTION('',(0.,0.,-1.));
#4463=DIRECTION('',(0.,0.,1.));
#4464=DIRECTION('',(-0.866025403784439,0.5,0.));
#4465=DIRECTION('',(0.,0.,-1.));
#4466=DIRECTION('',(0.,0.,1.));
#4467=DIRECTION('',(-1.22464679914735E-16,1.,0.));
#4468=DIRECTION('',(0.,0.,-1.));
#4469=DIRECTION('',(0.,0.,-1.));
#4470=DIRECTION('',(0.,0.,-1.));
#4471=DIRECTION('',(-1.,0.,0.));
#4472=DIRECTION('',(0.,0.,-1.));
#4473=DIRECTION('',(0.,0.,1.));
#4474=DIRECTION('',(1.,0.,0.));
#4475=DIRECTION('',(0.,0.,1.));
#4476=DIRECTION('',(1.,0.,0.));
#4477=DIRECTION('',(0.,0.,-1.));
#4478=DIRECTION('',(0.970052677044435,0.242894635097042,0.));
#4479=DIRECTION('',(0.,0.,-1.));
#4480=DIRECTION('',(0.,0.,-1.));
#4481=DIRECTION('',(0.,0.,-1.));
#4482=DIRECTION('',(-1.,0.,0.));
#4483=DIRECTION('',(0.,0.,1.));
#4484=DIRECTION('',(1.,0.,0.));
#4485=DIRECTION('',(0.,0.,1.));
#4486=DIRECTION('',(0.,0.,1.));
#4487=DIRECTION('',(1.,0.,0.));
#4488=DIRECTION('',(0.,0.,-1.));
#4489=DIRECTION('',(0.,0.,-1.));
#4490=DIRECTION('',(0.,0.,1.));
#4491=DIRECTION('',(-0.866025403784439,0.5,0.));
#4492=DIRECTION('',(0.,0.,-1.));
#4493=DIRECTION('',(-0.903005237006105,0.429629540347901,0.));
#4494=DIRECTION('',(0.,0.,-1.));
#4495=DIRECTION('',(0.,0.,-1.));
#4496=DIRECTION('',(-1.,0.,0.));
#4497=DIRECTION('',(0.,0.,-1.));
#4498=DIRECTION('',(-1.,0.,0.));
#4499=DIRECTION('',(0.,0.,-1.));
#4500=DIRECTION('',(0.,0.,1.));
#4501=DIRECTION('',(1.,0.,0.));
#4502=DIRECTION('',(0.,0.,1.));
#4503=DIRECTION('',(1.,0.,0.));
#4504=DIRECTION('',(0.,0.,-1.));
#4505=DIRECTION('',(-0.10820375679745,0.994128737646648,0.));
#4506=DIRECTION('',(0.,0.,-1.));
#4507=DIRECTION('',(0.,0.,-1.));
#4508=DIRECTION('',(-1.,0.,0.));
#4509=DIRECTION('',(0.,0.,-1.));
#4510=DIRECTION('',(0.,0.,-1.));
#4511=DIRECTION('',(0.,0.,-1.));
#4512=DIRECTION('',(0.,0.,-1.));
#4513=DIRECTION('',(0.,0.,-1.));
#4514=DIRECTION('',(-1.,0.,0.));
#4515=DIRECTION('',(0.,0.,-1.));
#4516=DIRECTION('',(0.,0.,1.));
#4517=DIRECTION('',(1.,0.,0.));
#4518=DIRECTION('',(0.,0.,-1.));
#4519=DIRECTION('',(0.,0.,-1.));
#4520=DIRECTION('',(0.,0.,-1.));
#4521=DIRECTION('',(0.,0.,-1.));
#4522=DIRECTION('',(0.,0.,1.));
#4523=DIRECTION('',(1.,0.,0.));
#4524=DIRECTION('',(0.,0.,-1.));
#4525=DIRECTION('',(0.,0.,-1.));
#4526=DIRECTION('',(-1.,0.,0.));
#4527=DIRECTION('',(0.,0.,-1.));
#4528=DIRECTION('',(0.,0.,1.));
#4529=DIRECTION('',(1.,0.,0.));
#4530=DIRECTION('',(0.,0.,-1.));
#4531=DIRECTION('',(0.,0.,-1.));
#4532=DIRECTION('',(0.,0.,-1.));
#4533=DIRECTION('',(-0.970052677085581,0.242894634932717,0.));
#4534=DIRECTION('',(0.,0.,-1.));
#4535=DIRECTION('',(0.,0.,1.));
#4536=DIRECTION('',(0.,0.,-1.));
#4537=DIRECTION('',(-1.,0.,0.));
#4538=DIRECTION('',(0.,0.,-1.));
#4539=DIRECTION('',(0.274673414148543,0.961537578860017,0.));
#4540=DIRECTION('',(0.,0.,-1.));
#4541=DIRECTION('',(0.,0.,-1.));
#4542=DIRECTION('',(-1.,0.,0.));
#4543=DIRECTION('',(0.,0.,-1.));
#4544=DIRECTION('',(0.,0.,-1.));
#4545=DIRECTION('',(0.,0.,-1.));
#4546=DIRECTION('',(0.,0.,1.));
#4547=DIRECTION('',(-1.22464679914735E-16,1.,0.));
#4548=DIRECTION('',(0.,0.,-1.));
#4549=DIRECTION('',(0.,0.,1.));
#4550=DIRECTION('',(-0.866025403784439,-0.5,0.));
#4551=DIRECTION('',(0.,0.,-1.));
#4552=DIRECTION('',(-0.830006600037896,-0.557753569144593,0.));
#4553=DIRECTION('',(0.,0.,-1.));
#4554=DIRECTION('',(0.,0.,-1.));
#4555=DIRECTION('',(-1.,0.,0.));
#4556=DIRECTION('',(0.,0.,-1.));
#4557=DIRECTION('',(-1.,0.,0.));
#4558=DIRECTION('',(0.,0.,-1.));
#4559=DIRECTION('',(0.,0.,1.));
#4560=DIRECTION('',(1.,0.,0.));
#4561=DIRECTION('',(0.,0.,1.));
#4562=DIRECTION('',(1.,0.,0.));
#4563=DIRECTION('',(0.,0.,1.));
#4564=DIRECTION('',(-1.22464679914735E-16,1.,0.));
#4565=DIRECTION('',(0.,0.,1.));
#4566=DIRECTION('',(1.,0.,0.));
#4567=DIRECTION('',(0.,0.,1.));
#4568=DIRECTION('',(1.,0.,0.));
#4569=DIRECTION('',(0.,0.,-1.));
#4570=DIRECTION('',(-0.274673414816868,-0.961537578669103,0.));
#4571=DIRECTION('',(0.,0.,-1.));
#4572=DIRECTION('',(-1.,0.,0.));
#4573=DIRECTION('',(0.,0.,-1.));
#4574=DIRECTION('',(0.453038527553463,0.891490938009013,0.));
#4575=DIRECTION('',(0.,0.,-1.));
#4576=DIRECTION('',(-1.,0.,0.));
#4577=DIRECTION('',(0.,0.,1.));
#4578=DIRECTION('',(1.,0.,0.));
#4579=DIRECTION('',(0.,0.,1.));
#4580=DIRECTION('',(1.,0.,0.));
#4581=DIRECTION('',(0.,0.,1.));
#4582=DIRECTION('',(-0.866025403784439,-0.5,0.));
#4583=DIRECTION('',(0.,0.,-1.));
#4584=DIRECTION('',(0.806347417702425,-0.591442171276813,0.));
#4585=DIRECTION('',(2.73246566853606E-13,-2.0047544606605E-13,-1.));
#4586=DIRECTION('',(0.795394220630295,-0.606092430069808,3.38767969712653E-13));
#4587=DIRECTION('',(0.,0.,-1.));
#4588=DIRECTION('',(-0.27467341481925,0.961537578668422,0.));
#4589=DIRECTION('',(0.,0.,-1.));
#4590=DIRECTION('',(-1.,0.,0.));
#4591=DIRECTION('',(0.,0.,1.));
#4592=DIRECTION('',(-0.866025403784439,-0.5,0.));
#4593=DIRECTION('',(0.,0.,-1.));
#4594=DIRECTION('',(-1.,0.,0.));
#4595=DIRECTION('',(0.,0.,1.));
#4596=DIRECTION('',(1.,0.,0.));
#4597=DIRECTION('',(0.,0.,1.));
#4598=DIRECTION('',(1.,0.,0.));
#4599=DIRECTION('',(0.,0.,1.));
#4600=DIRECTION('',(1.,0.,0.));
#4601=DIRECTION('',(0.,0.,-1.));
#4602=DIRECTION('',(-0.886185095496897,0.463331389524988,0.));
#4603=DIRECTION('',(-9.19428031438908E-13,4.80585187293061E-13,-1.));
#4604=DIRECTION('',(-0.865959488746239,0.500114150819942,1.0355294307046E-12));
#4605=DIRECTION('',(0.,0.,-1.));
#4606=DIRECTION('',(-0.695379262911904,0.718642943826833,0.));
#4607=DIRECTION('',(0.,0.,-1.));
#4608=DIRECTION('',(-1.,0.,0.));
#4609=DIRECTION('',(0.,0.,1.));
#4610=DIRECTION('',(1.,0.,0.));
#4611=DIRECTION('',(0.,0.,1.));
#4612=DIRECTION('',(1.,0.,0.));
#4613=DIRECTION('',(0.,0.,1.));
#4614=DIRECTION('',(1.,0.,0.));
#4615=DIRECTION('',(0.,0.,1.));
#4616=DIRECTION('',(1.,0.,0.));
#4617=DIRECTION('',(0.,0.,1.));
#4618=DIRECTION('',(1.,0.,0.));
#4619=DIRECTION('',(0.,0.,1.));
#4620=DIRECTION('',(1.,0.,0.));
#4621=DIRECTION('',(0.,0.,1.));
#4622=DIRECTION('',(1.,0.,0.));
#4623=DIRECTION('',(0.,0.,1.));
#4624=DIRECTION('',(1.,0.,0.));
#4625=DIRECTION('',(0.,0.,1.));
#4626=DIRECTION('',(1.,0.,0.));
#4627=DIRECTION('',(0.,0.,1.));
#4628=DIRECTION('',(1.,0.,0.));
#4629=DIRECTION('',(0.,0.,1.));
#4630=DIRECTION('',(1.,0.,0.));
#4631=DIRECTION('',(0.,0.,1.));
#4632=DIRECTION('',(1.,0.,0.));
#4633=DIRECTION('',(0.,0.,1.));
#4634=DIRECTION('',(1.,0.,0.));
#4635=DIRECTION('',(0.,0.,1.));
#4636=DIRECTION('',(1.,0.,0.));
#4637=DIRECTION('',(0.,0.,1.));
#4638=DIRECTION('',(1.,0.,0.));
#4639=DIRECTION('',(0.,0.,1.));
#4640=DIRECTION('',(1.,0.,0.));
#4641=DIRECTION('',(0.,0.,1.));
#4642=DIRECTION('',(1.,0.,0.));
#4643=DIRECTION('',(0.,0.,1.));
#4644=DIRECTION('',(1.,0.,0.));
#4645=DIRECTION('',(0.,0.,1.));
#4646=DIRECTION('',(1.,0.,0.));
#4647=DIRECTION('',(0.,0.,1.));
#4648=DIRECTION('',(1.,0.,0.));
#4649=DIRECTION('',(0.,0.,1.));
#4650=DIRECTION('',(1.,0.,0.));
#4651=DIRECTION('',(0.,0.,1.));
#4652=DIRECTION('',(1.,0.,0.));
#4653=DIRECTION('',(0.,0.,-1.));
#4654=DIRECTION('',(-1.,0.,0.));
#4655=DIRECTION('',(0.,0.,1.));
#4656=DIRECTION('',(1.,0.,0.));
#4657=DIRECTION('',(0.,1.,0.));
#4658=DIRECTION('',(0.,0.,1.));
#4659=DIRECTION('',(0.,1.,0.));
#4660=DIRECTION('',(0.,0.,1.));
#4661=DIRECTION('',(0.,-1.,0.));
#4662=DIRECTION('',(0.,0.,-1.));
#4663=DIRECTION('',(-1.,0.,0.));
#4664=DIRECTION('',(0.,0.,1.));
#4665=DIRECTION('',(-1.,0.,0.));
#4666=DIRECTION('',(0.,0.,1.));
#4667=DIRECTION('',(-1.,0.,0.));
#4668=DIRECTION('',(0.,0.,1.));
#4669=DIRECTION('',(-1.,0.,0.));
#4670=DIRECTION('',(0.,0.,1.));
#4671=DIRECTION('',(1.,0.,0.));
#4672=DIRECTION('',(0.,0.,-1.));
#4673=DIRECTION('',(0.707106781186548,-0.707106781186548,0.));
#4674=DIRECTION('',(-0.707106781186548,-0.707106781186548,0.));
#4675=DIRECTION('',(-1.,0.,0.));
#4676=DIRECTION('',(0.,0.,1.));
#4677=DIRECTION('',(1.,0.,0.));
#4678=DIRECTION('',(0.,0.,-1.));
#4679=DIRECTION('',(0.,-1.,0.));
#4680=DIRECTION('',(0.,0.,-1.));
#4681=DIRECTION('',(0.,-1.,0.));
#4682=DIRECTION('',(0.,0.,-1.));
#4683=DIRECTION('',(0.,0.,1.));
#4684=DIRECTION('',(1.,0.,0.));
#4685=DIRECTION('',(0.,0.,1.));
#4686=DIRECTION('',(1.,0.,0.));
#4687=DIRECTION('',(0.,0.,1.));
#4688=DIRECTION('',(1.,0.,0.));
#4689=DIRECTION('',(-1.,0.,0.));
#4690=DIRECTION('',(0.,0.,1.));
#4691=DIRECTION('',(-1.,0.,0.));
#4692=DIRECTION('',(0.,0.,1.));
#4693=DIRECTION('',(1.,0.,0.));
#4694=DIRECTION('',(0.,0.,-1.));
#4695=DIRECTION('',(0.,0.,1.));
#4696=DIRECTION('',(1.,0.,0.));
#4697=DIRECTION('',(0.,-1.,0.));
#4698=DIRECTION('',(0.,0.,-1.));
#4699=DIRECTION('',(0.,0.,1.));
#4700=DIRECTION('',(1.,0.,0.));
#4701=DIRECTION('',(0.,-1.,0.));
#4702=DIRECTION('',(0.,0.,-1.));
#4703=DIRECTION('',(0.,1.,0.));
#4704=DIRECTION('',(0.,0.,1.));
#4705=DIRECTION('',(0.,1.,0.));
#4706=DIRECTION('',(0.,0.,1.));
#4707=DIRECTION('',(0.,-1.,0.));
#4708=DIRECTION('',(0.,0.,-1.));
#4709=DIRECTION('',(0.,1.,0.));
#4710=DIRECTION('',(0.,0.,1.));
#4711=DIRECTION('',(0.,0.,1.));
#4712=DIRECTION('',(1.,0.,0.));
#4713=DIRECTION('',(-1.,0.,0.));
#4714=DIRECTION('',(0.,0.,1.));
#4715=DIRECTION('',(0.,0.,1.));
#4716=DIRECTION('',(1.,0.,0.));
#4717=DIRECTION('',(1.,0.,0.));
#4718=DIRECTION('',(0.,0.,-1.));
#4719=DIRECTION('',(1.,0.,0.));
#4720=DIRECTION('',(0.,0.,-1.));
#4721=DIRECTION('',(0.,0.,1.));
#4722=DIRECTION('',(1.,0.,0.));
#4723=DIRECTION('',(0.,0.,1.));
#4724=DIRECTION('',(1.,0.,0.));
#4725=DIRECTION('',(0.,0.,1.));
#4726=DIRECTION('',(1.,0.,0.));
#4727=DIRECTION('',(0.499999999999991,-0.866025403784444,0.));
#4728=DIRECTION('',(0.866025403784444,0.499999999999991,0.));
#4729=DIRECTION('',(0.,0.,1.));
#4730=DIRECTION('',(1.,0.,0.));
#4731=DIRECTION('',(-1.,4.62592926927146E-14,0.));
#4732=DIRECTION('',(-4.62592926927146E-14,-1.,0.));
#4733=DIRECTION('',(0.,0.,1.));
#4734=DIRECTION('',(1.,0.,0.));
#4735=DIRECTION('',(-0.500000000000043,-0.866025403784414,0.));
#4736=DIRECTION('',(0.866025403784414,-0.500000000000043,0.));
#4737=DIRECTION('',(0.,0.,1.));
#4738=DIRECTION('',(1.,0.,0.));
#4739=DIRECTION('',(0.,1.,0.));
#4740=DIRECTION('',(0.,0.,1.));
#4741=DIRECTION('',(0.866025403784444,-0.499999999999991,1.29066364515423E-14));
#4742=DIRECTION('',(0.499999999999991,0.866025403784444,0.));
#4743=DIRECTION('',(0.866025403784444,0.499999999999991,0.));
#4744=DIRECTION('',(-0.499999999999991,0.866025403784444,0.));
#4745=DIRECTION('',(0.86602540378443,0.500000000000015,1.29066364515423E-14));
#4746=DIRECTION('',(-0.500000000000015,0.86602540378443,0.));
#4747=DIRECTION('',(0.866025403784437,-0.5,0.));
#4748=DIRECTION('',(0.5,0.866025403784437,0.));
#4749=DIRECTION('',(0.,1.,0.));
#4750=DIRECTION('',(0.,0.,1.));
#4751=DIRECTION('',(1.,-2.31296463463574E-14,1.15648231731786E-14));
#4752=DIRECTION('',(2.31296463463574E-14,1.,0.));
#4753=DIRECTION('',(0.499999999999971,0.866025403784456,7.89892112241843E-15));
#4754=DIRECTION('',(-0.866025403784456,0.499999999999971,0.));
#4755=DIRECTION('',(-0.499999999999962,0.866025403784461,0.));
#4756=DIRECTION('',(-0.866025403784461,-0.499999999999962,0.));
#4757=DIRECTION('',(-1.68256399221805E-16,1.,0.));
#4758=DIRECTION('',(-1.,-1.68256399221805E-16,0.));
#4759=DIRECTION('',(1.62630325872826E-16,-1.,0.));
#4760=DIRECTION('',(1.,1.62630325872826E-16,0.));
#4761=DIRECTION('',(-1.,0.,0.));
#4762=DIRECTION('',(0.,0.,1.));
#4763=DIRECTION('',(-1.,0.,0.));
#4764=DIRECTION('',(0.,0.,1.));
#4765=DIRECTION('',(0.,0.,1.));
#4766=DIRECTION('',(1.,0.,0.));
#4767=DIRECTION('',(0.,0.,1.));
#4768=DIRECTION('',(1.,0.,0.));
#4769=DIRECTION('',(0.,0.,-1.));
#4770=DIRECTION('',(-1.,0.,0.));
#4771=DIRECTION('',(0.,-1.,0.));
#4772=DIRECTION('',(0.,0.,-1.));
#4773=DIRECTION('',(0.707106781186548,-0.707106781186548,0.));
#4774=DIRECTION('',(0.707106781186548,0.707106781186548,0.));
#4775=DIRECTION('',(0.,1.,0.));
#4776=DIRECTION('',(0.,0.,1.));
#4777=DIRECTION('',(0.707106781186548,0.707106781186548,0.));
#4778=DIRECTION('',(0.707106781186548,-0.707106781186548,0.));
#4779=DIRECTION('',(1.,0.,0.));
#4780=DIRECTION('',(0.,0.,-1.));
#4781=DIRECTION('',(-1.,0.,0.));
#4782=DIRECTION('',(0.,0.,1.));
#4783=DIRECTION('',(0.,1.,0.));
#4784=DIRECTION('',(0.,0.,1.));
#4785=DIRECTION('',(0.,1.,0.));
#4786=DIRECTION('',(0.,1.,0.));
#4787=DIRECTION('',(0.,0.,-1.));
#4788=DIRECTION('',(-1.,0.,0.));
#4789=DIRECTION('',(0.,1.,0.));
#4790=DIRECTION('',(0.,1.,0.));
#4791=DIRECTION('',(0.,0.,1.));
#4792=DIRECTION('',(0.,1.,0.));
#4793=DIRECTION('',(1.,0.,0.));
#4794=DIRECTION('',(0.,0.,-1.));
#4795=DIRECTION('',(1.,0.,0.));
#4796=DIRECTION('',(0.,0.,-1.));
#4797=CARTESIAN_POINT('',(0.,0.,0.));
#4798=CARTESIAN_POINT('',(-6.93889390390723E-18,0.0305,0.0175));
#4799=CARTESIAN_POINT('',(-0.025245,0.0305,0.014634));
#4800=CARTESIAN_POINT('',(-0.025745,0.0305,0.014634));
#4801=CARTESIAN_POINT('',(-0.025245,0.0305,0.015134));
#4802=CARTESIAN_POINT('',(-0.025745,0.0305,0.012029));
#4803=CARTESIAN_POINT('',(-0.025745,0.0305,0.012));
#4804=CARTESIAN_POINT('',(-6.93889390390723E-18,0.0305,0.012));
#4805=CARTESIAN_POINT('',(-0.04025,0.0305,0.012));
#4806=CARTESIAN_POINT('',(-0.04025,0.0305,0.0195));
#4807=CARTESIAN_POINT('',(-0.04025,0.0305,0.0185));
#4808=CARTESIAN_POINT('',(-6.93889390390723E-18,0.0305,0.0185));
#4809=CARTESIAN_POINT('',(0.04125,0.0305,0.0185));
#4810=CARTESIAN_POINT('',(0.04125,0.0305,0.0175));
#4811=CARTESIAN_POINT('',(0.04125,0.0305,0.012));
#4812=CARTESIAN_POINT('',(-6.93889390390723E-18,0.0305,0.012));
#4813=CARTESIAN_POINT('',(-0.013805,0.0305,0.012));
#4814=CARTESIAN_POINT('',(-0.013805,0.0305,0.012029));
#4815=CARTESIAN_POINT('',(-0.013805,0.0305,0.014634));
#4816=CARTESIAN_POINT('',(-0.014305,0.0305,0.014634));
#4817=CARTESIAN_POINT('',(-0.014305,0.0305,0.015134));
#4818=CARTESIAN_POINT('',(-0.019775,0.0305,0.015134));
#4819=CARTESIAN_POINT('',(0.,0.0255,0.0175));
#4820=CARTESIAN_POINT('',(-0.025745,0.0255,0.0175));
#4821=CARTESIAN_POINT('',(-0.025745,0.0255,0.014634));
#4822=CARTESIAN_POINT('',(-0.025745,0.0255,0.012));
#4823=CARTESIAN_POINT('',(-0.025245,0.0255,0.014634));
#4824=CARTESIAN_POINT('',(-0.025245,0.0255,0.015134));
#4825=CARTESIAN_POINT('',(0.,0.0255,0.015134));
#4826=CARTESIAN_POINT('',(-0.014305,0.0255,0.015134));
#4827=CARTESIAN_POINT('',(-0.014305,0.0255,0.014634));
#4828=CARTESIAN_POINT('',(-0.013805,0.0255,0.014634));
#4829=CARTESIAN_POINT('',(-0.013805,0.0255,0.0175));
#4830=CARTESIAN_POINT('',(-0.013805,0.0255,0.012));
#4831=CARTESIAN_POINT('',(0.,0.0255,0.012));
#4832=CARTESIAN_POINT('',(0.03625,0.0255,0.012));
#4833=CARTESIAN_POINT('',(0.03625,0.0255,0.0175));
#4834=CARTESIAN_POINT('',(0.03625,0.0255,0.0175));
#4835=CARTESIAN_POINT('',(0.,0.0255,0.0175));
#4836=CARTESIAN_POINT('',(-0.03625,0.0255,0.0175));
#4837=CARTESIAN_POINT('',(-0.03625,0.0255,0.0175));
#4838=CARTESIAN_POINT('',(-0.03625,0.0255,0.012));
#4839=CARTESIAN_POINT('',(0.,0.0255,0.012));
#4840=CARTESIAN_POINT('',(-6.93889390390723E-18,0.,0.012));
#4841=CARTESIAN_POINT('',(-0.03765,-0.0269,0.012));
#4842=CARTESIAN_POINT('',(-0.0364,-0.0269,0.012));
#4843=CARTESIAN_POINT('',(0.03765,-0.0269,0.012));
#4844=CARTESIAN_POINT('',(0.0389,-0.0269,0.012));
#4845=CARTESIAN_POINT('',(0.03765,0.0269,0.012));
#4846=CARTESIAN_POINT('',(0.0389,0.0269,0.012));
#4847=CARTESIAN_POINT('',(-0.03765,0.0269,0.012));
#4848=CARTESIAN_POINT('',(-0.0364,0.0269,0.012));
#4849=CARTESIAN_POINT('',(-0.025745,0.,0.012));
#4850=CARTESIAN_POINT('',(-0.03625,0.,0.012));
#4851=CARTESIAN_POINT('',(-0.03625,-0.0255,0.012));
#4852=CARTESIAN_POINT('',(0.,-0.0255,0.012));
#4853=CARTESIAN_POINT('',(0.03625,-0.0255,0.012));
#4854=CARTESIAN_POINT('',(0.03625,0.,0.012));
#4855=CARTESIAN_POINT('',(-0.013805,0.,0.012));
#4856=CARTESIAN_POINT('',(0.04125,0.,0.012));
#4857=CARTESIAN_POINT('',(0.04125,-0.0295,0.012));
#4858=CARTESIAN_POINT('',(0.04025,-0.0295,0.012));
#4859=CARTESIAN_POINT('',(0.04025,-0.0305,0.012));
#4860=CARTESIAN_POINT('',(-6.93889390390723E-18,-0.0305,0.012));
#4861=CARTESIAN_POINT('',(-0.04025,-0.0305,0.012));
#4862=CARTESIAN_POINT('',(-0.04025,-0.0295,0.012));
#4863=CARTESIAN_POINT('',(-0.04125,-0.0295,0.012));
#4864=CARTESIAN_POINT('',(-0.04125,0.,0.012));
#4865=CARTESIAN_POINT('',(-0.04125,0.0295,0.012));
#4866=CARTESIAN_POINT('',(-0.04025,0.0295,0.012));
#4867=CARTESIAN_POINT('',(-6.93889390390723E-18,0.,0.0185));
#4868=CARTESIAN_POINT('',(-0.02087,0.0197,0.0185));
#4869=CARTESIAN_POINT('',(-0.03045,0.0197,0.0185));
#4870=CARTESIAN_POINT('',(-0.01129,0.0197,0.0185));
#4871=CARTESIAN_POINT('',(-0.03045,0.00984,0.0185));
#4872=CARTESIAN_POINT('',(-0.03045,-2.00000000000017E-05,0.0185));
#4873=CARTESIAN_POINT('',(-0.02087,-2.00000000000017E-05,0.0185));
#4874=CARTESIAN_POINT('',(-0.01129,-2.00000000000027E-05,0.0185));
#4875=CARTESIAN_POINT('',(-0.01129,0.00984,0.0185));
#4876=CARTESIAN_POINT('',(-0.02087,0.00999,0.0185));
#4877=CARTESIAN_POINT('',(-0.0292549819270569,0.0140991319802671,0.0185));
#4878=CARTESIAN_POINT('',(-0.0243355722587908,0.0159925472295273,0.0185));
#4879=CARTESIAN_POINT('',(-0.02087,0.00999,0.0185));
#4880=CARTESIAN_POINT('',(-0.0238007254098554,0.0171307214708441,0.0185));
#4881=CARTESIAN_POINT('',(-0.0225782873383161,0.018,0.0185));
#4882=CARTESIAN_POINT('',(-0.0217203851316368,0.0192304486189088,0.0185));
#4883=CARTESIAN_POINT('',(-0.02087,0.00999,0.0185));
#4884=CARTESIAN_POINT('',(-0.0174044277412088,0.0159925472295274,0.0185));
#4885=CARTESIAN_POINT('',(-0.02087,0.00999,0.0185));
#4886=CARTESIAN_POINT('',(-0.0124250846265649,0.0132495767706882,0.0185));
#4887=CARTESIAN_POINT('',(-0.0132697439836848,0.01201,0.0185));
#4888=CARTESIAN_POINT('',(-0.0135352207968474,0.0105336795531887,0.0185));
#4889=CARTESIAN_POINT('',(-0.0222710672223095,0.0165981405068663,0.0185));
#4890=CARTESIAN_POINT('',(-0.013938855482418,0.00999,0.0185));
#4891=CARTESIAN_POINT('',(-0.02087,0.00999,0.0185));
#4892=CARTESIAN_POINT('',(-0.0174044277412088,0.00398745277047267,0.0185));
#4893=CARTESIAN_POINT('',(-0.02087,0.00999,0.0185));
#4894=CARTESIAN_POINT('',(-0.0243355722587909,0.00398745277047271,0.0185));
#4895=CARTESIAN_POINT('',(-0.02087,0.00999,0.0185));
#4896=CARTESIAN_POINT('',(-0.0278011445175821,0.00999,0.0185));
#4897=CARTESIAN_POINT('',(-0.02087,0.00999,0.0185));
#4898=CARTESIAN_POINT('',(-0.0286241065369282,0.0112027089115389,0.0185));
#4899=CARTESIAN_POINT('',(-0.0287142142303571,0.0127,0.0185));
#4900=CARTESIAN_POINT('',(-6.93889390390723E-18,0.,0.0195));
#4901=CARTESIAN_POINT('',(-0.03925,0.0205,0.0195));
#4902=CARTESIAN_POINT('',(-0.03975,0.0205,0.0195));
#4903=CARTESIAN_POINT('',(-0.03925,0.02,0.0195));
#4904=CARTESIAN_POINT('',(-0.03975,0.0285,0.0195));
#4905=CARTESIAN_POINT('',(-0.03975,0.0285,0.0195));
#4906=CARTESIAN_POINT('',(-0.03925,0.0285,0.0195));
#4907=CARTESIAN_POINT('',(-0.03925,0.029,0.0195));
#4908=CARTESIAN_POINT('',(-6.93889390390723E-18,0.029,0.0195));
#4909=CARTESIAN_POINT('',(-0.03125,0.029,0.0195));
#4910=CARTESIAN_POINT('',(-0.03125,0.0285,0.0195));
#4911=CARTESIAN_POINT('',(-0.03075,0.0285,0.0195));
#4912=CARTESIAN_POINT('',(-0.03075,0.,0.0195));
#4913=CARTESIAN_POINT('',(-0.03075,0.0205,0.0195));
#4914=CARTESIAN_POINT('',(-0.03125,0.0205,0.0195));
#4915=CARTESIAN_POINT('',(-0.03125,0.02,0.0195));
#4916=CARTESIAN_POINT('',(-0.03925,0.02,0.0195));
#4917=CARTESIAN_POINT('',(0.04025,0.,0.0195));
#4918=CARTESIAN_POINT('',(0.04025,-0.0295,0.0195));
#4919=CARTESIAN_POINT('',(0.04025,0.0295,0.0195));
#4920=CARTESIAN_POINT('',(-6.93889390390723E-18,0.0295,0.0195));
#4921=CARTESIAN_POINT('',(-0.04025,0.0295,0.0195));
#4922=CARTESIAN_POINT('',(-0.04025,-0.0305,0.0195));
#4923=CARTESIAN_POINT('',(-0.04025,-0.0295,0.0195));
#4924=CARTESIAN_POINT('',(0.04125,-0.0295,0.0195));
#4925=CARTESIAN_POINT('',(0.03075,0.000380000000000008,0.0195));
#4926=CARTESIAN_POINT('',(0.01169,0.000380000000000008,0.0195));
#4927=CARTESIAN_POINT('',(0.03125,0.000380000000000008,0.0195));
#4928=CARTESIAN_POINT('',(0.03125,-0.022,0.0195));
#4929=CARTESIAN_POINT('',(0.03125,-0.0225,0.0195));
#4930=CARTESIAN_POINT('',(-6.93889390390723E-18,-0.0225,0.0195));
#4931=CARTESIAN_POINT('',(-0.03125,-0.0225,0.0195));
#4932=CARTESIAN_POINT('',(-0.03125,0.,0.0195));
#4933=CARTESIAN_POINT('',(-0.03125,-0.00062,0.0195));
#4934=CARTESIAN_POINT('',(-0.02072,-0.00062,0.0195));
#4935=CARTESIAN_POINT('',(-0.01069,-0.00062,0.0195));
#4936=CARTESIAN_POINT('',(-0.01069,0.00969,0.0195));
#4937=CARTESIAN_POINT('',(-0.01069,0.0205,0.0195));
#4938=CARTESIAN_POINT('',(0.01169,0.0205,0.0195));
#4939=CARTESIAN_POINT('',(0.01169,0.0205,0.0195));
#4940=CARTESIAN_POINT('',(0.01169,-0.000619999999999992,0.0195));
#4941=CARTESIAN_POINT('',(0.020151,0.008174,0.0195));
#4942=CARTESIAN_POINT('',(0.024151,0.008174,0.0195));
#4943=CARTESIAN_POINT('',(-0.03045,0.00984,0.0195));
#4944=CARTESIAN_POINT('',(-0.03045,0.0197,0.0195));
#4945=CARTESIAN_POINT('',(-0.03045,-2.00000000000017E-05,0.0195));
#4946=CARTESIAN_POINT('',(-0.02087,0.0197,0.0195));
#4947=CARTESIAN_POINT('',(-0.01129,0.0197,0.0195));
#4948=CARTESIAN_POINT('',(-0.01129,0.00984,0.0195));
#4949=CARTESIAN_POINT('',(-0.01129,-2.00000000000027E-05,0.0195));
#4950=CARTESIAN_POINT('',(-0.02087,-2.00000000000017E-05,0.0195));
#4951=CARTESIAN_POINT('',(-0.04125,0.,0.0175));
#4952=CARTESIAN_POINT('',(-0.04125,-0.0295,0.0175));
#4953=CARTESIAN_POINT('',(-0.04125,-0.0295,0.0185));
#4954=CARTESIAN_POINT('',(-0.04125,0.0305,0.0185));
#4955=CARTESIAN_POINT('',(-0.04125,0.0295,0.0185));
#4956=CARTESIAN_POINT('',(-0.04125,0.0295,0.012));
#4957=CARTESIAN_POINT('',(-6.93889390390723E-18,-0.0305,0.0175));
#4958=CARTESIAN_POINT('',(0.04025,-0.0305,0.0195));
#4959=CARTESIAN_POINT('',(0.04025,-0.0305,0.0185));
#4960=CARTESIAN_POINT('',(-0.04125,-0.0305,0.0185));
#4961=CARTESIAN_POINT('',(-0.04025,-0.0305,0.0185));
#4962=CARTESIAN_POINT('',(-0.04025,-0.0305,0.0175));
#4963=CARTESIAN_POINT('',(-0.03625,0.,0.0175));
#4964=CARTESIAN_POINT('',(-0.03625,0.,0.0175));
#4965=CARTESIAN_POINT('',(-0.03625,-0.0255,0.0175));
#4966=CARTESIAN_POINT('',(-0.03625,-0.0255,0.0175));
#4967=CARTESIAN_POINT('',(0.03625,0.,0.0175));
#4968=CARTESIAN_POINT('',(0.03625,-0.0255,0.0175));
#4969=CARTESIAN_POINT('',(0.03625,-0.0255,0.0175));
#4970=CARTESIAN_POINT('',(0.03625,0.,0.0175));
#4971=CARTESIAN_POINT('',(0.,-0.0255,0.0175));
#4972=CARTESIAN_POINT('',(0.,-0.0255,0.0175));
#4973=CARTESIAN_POINT('',(0.04125,0.,0.0175));
#4974=CARTESIAN_POINT('',(0.04125,0.,0.0185));
#4975=CARTESIAN_POINT('',(0.04125,-0.0295,0.0185));
#4976=CARTESIAN_POINT('',(0.04125,-0.0295,0.012));
#4977=CARTESIAN_POINT('',(-0.03765,-0.0269,-0.004));
#4978=CARTESIAN_POINT('',(-0.03765,-0.0269,0.015));
#4979=CARTESIAN_POINT('',(-0.0364,-0.0269,0.015));
#4980=CARTESIAN_POINT('',(-0.0364,-0.0269,0.015));
#4981=CARTESIAN_POINT('',(0.03765,-0.0269,-0.004));
#4982=CARTESIAN_POINT('',(0.03765,-0.0269,0.015));
#4983=CARTESIAN_POINT('',(0.0389,-0.0269,0.015));
#4984=CARTESIAN_POINT('',(0.0389,-0.0269,0.015));
#4985=CARTESIAN_POINT('',(0.03765,0.0269,-0.004));
#4986=CARTESIAN_POINT('',(0.03765,0.0269,0.015));
#4987=CARTESIAN_POINT('',(0.0389,0.0269,0.015));
#4988=CARTESIAN_POINT('',(0.0389,0.0269,0.015));
#4989=CARTESIAN_POINT('',(-0.03765,0.0269,-0.004));
#4990=CARTESIAN_POINT('',(-0.03765,0.0269,0.015));
#4991=CARTESIAN_POINT('',(-0.0364,0.0269,0.015));
#4992=CARTESIAN_POINT('',(-0.0364,0.0269,0.015));
#4993=CARTESIAN_POINT('',(-0.03075,-0.01131,0.0195));
#4994=CARTESIAN_POINT('',(-0.03075,-0.00062,0.0195));
#4995=CARTESIAN_POINT('',(-0.03075,-0.00062,0.019));
#4996=CARTESIAN_POINT('',(-0.03075,-0.00062,0.0175));
#4997=CARTESIAN_POINT('',(-0.03075,-0.01131,0.019));
#4998=CARTESIAN_POINT('',(-0.03075,-0.022,0.019));
#4999=CARTESIAN_POINT('',(-0.03075,-0.022,0.0195));
#5000=CARTESIAN_POINT('',(-0.03075,-0.022,0.0175));
#5001=CARTESIAN_POINT('',(-0.03075,-0.01131,0.0175));
#5002=CARTESIAN_POINT('',(-0.02072,-0.00062,0.0195));
#5003=CARTESIAN_POINT('',(-0.02072,-0.00062,0.0175));
#5004=CARTESIAN_POINT('',(-0.01069,-0.00062,0.0175));
#5005=CARTESIAN_POINT('',(-0.01069,-0.00062,0.0195));
#5006=CARTESIAN_POINT('',(-0.03125,-0.00062,0.019));
#5007=CARTESIAN_POINT('',(-0.01069,0.00969,0.0195));
#5008=CARTESIAN_POINT('',(-0.01069,0.00969,0.0175));
#5009=CARTESIAN_POINT('',(-0.01069,0.02,0.0175));
#5010=CARTESIAN_POINT('',(-0.01069,0.02,0.0195));
#5011=CARTESIAN_POINT('',(-0.01069,0.02,0.019));
#5012=CARTESIAN_POINT('',(-0.01069,0.0205,0.019));
#5013=CARTESIAN_POINT('',(-1.7347234759768E-18,0.02,0.0195));
#5014=CARTESIAN_POINT('',(0.01169,0.02,0.0185));
#5015=CARTESIAN_POINT('',(0.01069,0.02,0.0185));
#5016=CARTESIAN_POINT('',(0.0108239745962156,0.02,0.019));
#5017=CARTESIAN_POINT('',(-0.01069,0.02,0.019));
#5018=CARTESIAN_POINT('',(-1.7347234759768E-18,0.02,0.0175));
#5019=CARTESIAN_POINT('',(0.01069,0.02,0.0175));
#5020=CARTESIAN_POINT('',(0.01069,0.02,0.0195));
#5021=CARTESIAN_POINT('',(0.01069,0.00969,0.0195));
#5022=CARTESIAN_POINT('',(0.01069,0.00969,0.0175));
#5023=CARTESIAN_POINT('',(0.01069,0.000380000000000007,0.0175));
#5024=CARTESIAN_POINT('',(0.01069,0.000380000000000007,0.0195));
#5025=CARTESIAN_POINT('',(0.01069,0.000380000000000008,0.0185));
#5026=CARTESIAN_POINT('',(0.01069,0.02,0.0185));
#5027=CARTESIAN_POINT('',(0.02072,-0.000619999999999993,0.0195));
#5028=CARTESIAN_POINT('',(0.01069,-0.000619999999999993,0.0185));
#5029=CARTESIAN_POINT('',(0.03075,-0.00062,0.0185));
#5030=CARTESIAN_POINT('',(0.01169,-0.000619999999999993,0.0185));
#5031=CARTESIAN_POINT('',(0.01169,-0.000619999999999993,0.0195));
#5032=CARTESIAN_POINT('',(0.01169,-0.000619999999999993,0.0175));
#5033=CARTESIAN_POINT('',(0.02072,-0.000619999999999993,0.0175));
#5034=CARTESIAN_POINT('',(0.03075,-0.00062,0.0175));
#5035=CARTESIAN_POINT('',(0.03075,-0.00062,0.0195));
#5036=CARTESIAN_POINT('',(0.03075,-0.01131,0.0195));
#5037=CARTESIAN_POINT('',(0.03075,-0.022,0.0195));
#5038=CARTESIAN_POINT('',(0.03075,-0.022,0.019));
#5039=CARTESIAN_POINT('',(0.03075,-0.022,0.0175));
#5040=CARTESIAN_POINT('',(0.03075,0.000380000000000008,0.019));
#5041=CARTESIAN_POINT('',(0.03075,-0.000486025403784431,0.019));
#5042=CARTESIAN_POINT('',(0.03075,0.000380000000000008,0.0185));
#5043=CARTESIAN_POINT('',(0.03075,-0.01131,0.0175));
#5044=CARTESIAN_POINT('',(0.,-0.022,0.0195));
#5045=CARTESIAN_POINT('',(0.,-0.022,0.019));
#5046=CARTESIAN_POINT('',(0.,-0.022,0.0175));
#5047=CARTESIAN_POINT('',(0.020151,0.008174,0.0195));
#5048=CARTESIAN_POINT('',(0.020151,0.008174,0.0175));
#5049=CARTESIAN_POINT('',(0.024151,0.008174,0.0175));
#5050=CARTESIAN_POINT('',(-6.93889390390723E-18,0.,0.0175));
#5051=CARTESIAN_POINT('',(0.01169,0.000380000000000008,0.0175));
#5052=CARTESIAN_POINT('',(-0.02087,0.0197,0.0185));
#5053=CARTESIAN_POINT('',(-0.03045,0.0197,0.0185));
#5054=CARTESIAN_POINT('',(-0.01129,0.0197,0.0185));
#5055=CARTESIAN_POINT('',(-0.03045,0.00984,0.0185));
#5056=CARTESIAN_POINT('',(-0.03045,-2.00000000000017E-05,0.0185));
#5057=CARTESIAN_POINT('',(-0.02087,-2.00000000000017E-05,0.0185));
#5058=CARTESIAN_POINT('',(-0.01129,-2.00000000000027E-05,0.0185));
#5059=CARTESIAN_POINT('',(-0.01129,0.00984,0.0185));
#5060=CARTESIAN_POINT('',(-0.03525,0.0285,0.0185));
#5061=CARTESIAN_POINT('',(-0.03125,0.0285,0.0185));
#5062=CARTESIAN_POINT('',(-0.03125,0.0285,0.0185));
#5063=CARTESIAN_POINT('',(-0.03125,0.0285,0.019));
#5064=CARTESIAN_POINT('',(-0.03525,0.0285,0.019));
#5065=CARTESIAN_POINT('',(-0.03925,0.0285,0.019));
#5066=CARTESIAN_POINT('',(-0.03925,0.0285,0.0185));
#5067=CARTESIAN_POINT('',(-0.03925,0.0285,0.0185));
#5068=CARTESIAN_POINT('',(-0.03525,0.0285,0.0185));
#5069=CARTESIAN_POINT('',(-0.03925,0.0245,0.0185));
#5070=CARTESIAN_POINT('',(-0.03925,0.0205,0.019));
#5071=CARTESIAN_POINT('',(-0.03925,0.0205,0.019));
#5072=CARTESIAN_POINT('',(-0.03925,0.0205,0.0185));
#5073=CARTESIAN_POINT('',(-0.03925,0.0205,0.0185));
#5074=CARTESIAN_POINT('',(-0.03925,0.0245,0.0185));
#5075=CARTESIAN_POINT('',(-0.03525,0.0205,0.0185));
#5076=CARTESIAN_POINT('',(-0.03125,0.0205,0.019));
#5077=CARTESIAN_POINT('',(-0.03125,0.0205,0.019));
#5078=CARTESIAN_POINT('',(-0.03125,0.0205,0.0185));
#5079=CARTESIAN_POINT('',(-0.03125,0.0205,0.0185));
#5080=CARTESIAN_POINT('',(-0.03525,0.0205,0.0185));
#5081=CARTESIAN_POINT('',(-0.03125,0.0245,0.0185));
#5082=CARTESIAN_POINT('',(-0.03125,0.0245,0.019));
#5083=CARTESIAN_POINT('',(-0.03125,0.0245,0.0185));
#5084=CARTESIAN_POINT('',(-6.93889390390723E-18,0.,0.0185));
#5085=CARTESIAN_POINT('',(-6.93889390390723E-18,0.0211153200419727,0.0185));
#5086=CARTESIAN_POINT('',(-0.0376739244491081,0.0211153200419727,0.0185));
#5087=CARTESIAN_POINT('',(-0.0330596537250787,0.0211153200419727,0.0185));
#5088=CARTESIAN_POINT('',(-0.0376739244491081,0.,0.0185));
#5089=CARTESIAN_POINT('',(-0.0376739244491081,0.0217264428121721,0.0185));
#5090=CARTESIAN_POINT('',(-0.0362335799045566,0.0239092329982449,0.0185));
#5091=CARTESIAN_POINT('',(-0.0341114900314795,0.0271251836306401,0.0185));
#5092=CARTESIAN_POINT('',(-6.93889390390723E-18,0.0271251836306401,0.0185));
#5093=CARTESIAN_POINT('',(-0.0375637460650577,0.0271251836306401,0.0185));
#5094=CARTESIAN_POINT('',(-0.0375637460650577,0.,0.0185));
#5095=CARTESIAN_POINT('',(-0.0375637460650577,0.0278273871983211,0.0185));
#5096=CARTESIAN_POINT('',(-6.93889390390723E-18,0.0278273871983211,0.0185));
#5097=CARTESIAN_POINT('',(-0.033161017838405,0.0278273871983211,0.0185));
#5098=CARTESIAN_POINT('',(-0.033161017838405,0.,0.0185));
#5099=CARTESIAN_POINT('',(-0.033161017838405,0.0272162644281218,0.0185));
#5100=CARTESIAN_POINT('',(-0.0356058601606854,0.0235142186518687,0.0185));
#5101=CARTESIAN_POINT('',(-0.0367234522560336,0.0218219307450158,0.0185));
#5102=CARTESIAN_POINT('',(-6.93889390390723E-18,0.0218219307450158,0.0185));
#5103=CARTESIAN_POINT('',(-0.0330596537250787,0.0218219307450158,0.0185));
#5104=CARTESIAN_POINT('',(-0.0330596537250787,0.,0.0185));
#5105=CARTESIAN_POINT('',(-0.0353667890870934,0.0211153200419727,0.0195));
#5106=CARTESIAN_POINT('',(-0.0376739244491081,0.0211153200419727,0.0195));
#5107=CARTESIAN_POINT('',(-0.0376739244491081,0.0211153200419727,0.0195));
#5108=CARTESIAN_POINT('',(-0.0330596537250787,0.0211153200419727,0.0195));
#5109=CARTESIAN_POINT('',(-0.0330596537250787,0.0211153200419727,0.0195));
#5110=CARTESIAN_POINT('',(-0.0353667890870934,0.0211153200419727,0.0195));
#5111=CARTESIAN_POINT('',(-0.0330596537250787,0.0214686253934942,0.0195));
#5112=CARTESIAN_POINT('',(-0.0330596537250787,0.0218219307450158,0.0195));
#5113=CARTESIAN_POINT('',(-0.0330596537250787,0.0218219307450158,0.0195));
#5114=CARTESIAN_POINT('',(-0.0330596537250787,0.0214686253934942,0.0195));
#5115=CARTESIAN_POINT('',(-0.0348915529905562,0.0218219307450158,0.0195));
#5116=CARTESIAN_POINT('',(-0.0367234522560336,0.0218219307450158,0.0195));
#5117=CARTESIAN_POINT('',(-0.0367234522560336,0.0218219307450158,0.0195));
#5118=CARTESIAN_POINT('',(-0.0348915529905562,0.0218219307450158,0.0195));
#5119=CARTESIAN_POINT('',(-0.0349422350472193,0.0245190975865687,0.0195));
#5120=CARTESIAN_POINT('',(-0.033161017838405,0.0272162644281218,0.0195));
#5121=CARTESIAN_POINT('',(-0.033161017838405,0.0272162644281218,0.0195));
#5122=CARTESIAN_POINT('',(-0.0349422350472193,0.0245190975865687,0.0195));
#5123=CARTESIAN_POINT('',(-0.033161017838405,0.0275218258132214,0.0195));
#5124=CARTESIAN_POINT('',(-0.033161017838405,0.0278273871983211,0.0195));
#5125=CARTESIAN_POINT('',(-0.033161017838405,0.0278273871983211,0.0195));
#5126=CARTESIAN_POINT('',(-0.033161017838405,0.0275218258132214,0.0195));
#5127=CARTESIAN_POINT('',(-0.0353623819517314,0.0278273871983211,0.0195));
#5128=CARTESIAN_POINT('',(-0.0375637460650577,0.0278273871983211,0.0195));
#5129=CARTESIAN_POINT('',(-0.0375637460650577,0.0278273871983211,0.0195));
#5130=CARTESIAN_POINT('',(-0.0353623819517314,0.0278273871983211,0.0195));
#5131=CARTESIAN_POINT('',(-0.0375637460650577,0.0274762854144806,0.0195));
#5132=CARTESIAN_POINT('',(-0.0375637460650577,0.0271251836306401,0.0195));
#5133=CARTESIAN_POINT('',(-0.0375637460650577,0.0271251836306401,0.0195));
#5134=CARTESIAN_POINT('',(-0.0375637460650577,0.0274762854144806,0.0195));
#5135=CARTESIAN_POINT('',(-0.0358376180482687,0.0271251836306401,0.0195));
#5136=CARTESIAN_POINT('',(-0.0341114900314795,0.0271251836306401,0.0195));
#5137=CARTESIAN_POINT('',(-0.0341114900314795,0.0271251836306401,0.0195));
#5138=CARTESIAN_POINT('',(-0.0358376180482687,0.0271251836306401,0.0195));
#5139=CARTESIAN_POINT('',(-0.0358927072402938,0.0244258132214061,0.0195));
#5140=CARTESIAN_POINT('',(-0.0376739244491081,0.0217264428121721,0.0195));
#5141=CARTESIAN_POINT('',(-0.0376739244491081,0.0217264428121721,0.0195));
#5142=CARTESIAN_POINT('',(-0.0358927072402938,0.0244258132214061,0.0195));
#5143=CARTESIAN_POINT('',(-0.0376739244491081,0.0214208814270724,0.0195));
#5144=CARTESIAN_POINT('',(-0.0376739244491081,0.0214208814270724,0.0195));
#5145=CARTESIAN_POINT('',(-0.02497,0.01394,0.0195));
#5146=CARTESIAN_POINT('',(-0.00573540904266257,0.00999015916901104,0.01906));
#5147=CARTESIAN_POINT('',(-0.025338712302477,0.00888201348438528,0.0192));
#5148=CARTESIAN_POINT('',(-0.0253386727936679,0.00888158616156643,0.0192));
#5149=CARTESIAN_POINT('',(-0.025338712302477,0.00888201348438528,0.0185));
#5150=CARTESIAN_POINT('',(-0.0253386727936694,0.00888158616156635,0.0192));
#5151=CARTESIAN_POINT('',(-0.0253805551496653,0.00961993526470797,0.0192));
#5152=CARTESIAN_POINT('',(-0.0253805551496653,0.0103600647352921,0.0192));
#5153=CARTESIAN_POINT('',(-0.0253386727936694,0.0110984138384337,0.0192));
#5154=CARTESIAN_POINT('',(-0.0253386727936679,0.0110984138384336,0.0192));
#5155=CARTESIAN_POINT('',(-0.0253387312150307,0.0110979702363621,0.0192));
#5156=CARTESIAN_POINT('',(-0.0253387312150307,0.0110979702363621,0.0185));
#5157=CARTESIAN_POINT('',(-0.00573540904266257,0.00999015916901104,0.0185));
#5158=CARTESIAN_POINT('',(-0.0162115296224109,0.0194855323025084,0.0194999999999996));
#5159=CARTESIAN_POINT('',(-0.0264864963520558,0.00999000000008962,0.0192));
#5160=CARTESIAN_POINT('',(-0.0264860570158808,0.00998999998552728,0.0192));
#5161=CARTESIAN_POINT('',(-0.0264860570158808,0.00998999998552728,0.0185));
#5162=CARTESIAN_POINT('',(-0.0264860570140729,0.0099900000125049,0.0192));
#5163=CARTESIAN_POINT('',(-0.0261260820876182,0.00959819053700823,0.0192));
#5164=CARTESIAN_POINT('',(-0.025741093624299,0.00922969967000677,0.0192));
#5165=CARTESIAN_POINT('',(-0.0253386727936679,0.00888158616156643,0.0192));
#5166=CARTESIAN_POINT('',(-0.0162115296224109,0.0194855323025084,0.0185));
#5167=CARTESIAN_POINT('',(-0.0281532718811732,0.00578500101882341,0.0192));
#5168=CARTESIAN_POINT('',(-0.0281532718811732,0.00578500101882341,0.0185));
#5169=CARTESIAN_POINT('',(-0.0280673909087517,0.00563625081118576,0.0192));
#5170=CARTESIAN_POINT('',(-0.0280673909087517,0.00563625081118576,0.0185));
#5171=CARTESIAN_POINT('',(-0.0278324679931801,0.00537104835935262,0.0192));
#5172=CARTESIAN_POINT('',(-0.0278324679931801,0.00537104835935262,0.0185));
#5173=CARTESIAN_POINT('',(-0.0269115254249297,0.00490981838194681,0.0192));
#5174=CARTESIAN_POINT('',(-0.0269115254249297,0.00490981838194681,0.0185));
#5175=CARTESIAN_POINT('',(-0.0256482651982339,0.00482561287907731,0.0192));
#5176=CARTESIAN_POINT('',(-0.0256482651982339,0.00482561287907731,0.0185));
#5177=CARTESIAN_POINT('',(-0.0246703431588393,0.00495073053882686,0.0192));
#5178=CARTESIAN_POINT('',(-0.0246703431588393,0.00495073053882686,0.0185));
#5179=CARTESIAN_POINT('',(-0.0281532718811732,0.00578500101882341,0.0195));
#5180=CARTESIAN_POINT('',(-0.0281532718811732,0.00578500101882341,0.0192));
#5181=CARTESIAN_POINT('',(-0.0281532718811732,0.00578500101882341,0.0185));
#5182=CARTESIAN_POINT('',(-0.0281532718811732,0.00578500101882341,0.0192));
#5183=CARTESIAN_POINT('',(-0.0279963236231559,0.00551315866177791,0.0192));
#5184=CARTESIAN_POINT('',(-0.0274612420547843,0.00513024540570989,0.0192));
#5185=CARTESIAN_POINT('',(-0.0262442086228375,0.00483638898144821,0.0192));
#5186=CARTESIAN_POINT('',(-0.0252923295923814,0.00487115212278371,0.0192));
#5187=CARTESIAN_POINT('',(-0.0246703431596482,0.00495073053872337,0.0192));
#5188=CARTESIAN_POINT('',(-0.0246703431596483,0.00495073053872337,0.0192));
#5189=CARTESIAN_POINT('',(-0.0246703431596483,0.00495073053872337,0.0195));
#5190=CARTESIAN_POINT('',(-0.0246703431596483,0.00495073053872337,0.0185));
#5191=CARTESIAN_POINT('',(-0.0281532718811732,0.00578500101882341,0.0185));
#5192=CARTESIAN_POINT('',(-0.0281136923474022,0.00571644725539196,0.0185));
#5193=CARTESIAN_POINT('',(-0.0280206656249807,0.00558734622280659,0.0185));
#5194=CARTESIAN_POINT('',(-0.0278272494074003,0.00540699312204262,0.0185));
#5195=CARTESIAN_POINT('',(-0.0275649891386492,0.00523914109236013,0.0185));
#5196=CARTESIAN_POINT('',(-0.0272250177509285,0.00509192325121528,0.0185));
#5197=CARTESIAN_POINT('',(-0.0268753159013311,0.00499509058564131,0.0185));
#5198=CARTESIAN_POINT('',(-0.0265563328521775,0.00493772913390267,0.0185));
#5199=CARTESIAN_POINT('',(-0.0262143228871663,0.00489535137662545,0.0185));
#5200=CARTESIAN_POINT('',(-0.0257462383783149,0.00487213441349882,0.0185));
#5201=CARTESIAN_POINT('',(-0.02519334231582,0.00489300756923983,0.0185));
#5202=CARTESIAN_POINT('',(-0.024823427101485,0.00493114461696655,0.0185));
#5203=CARTESIAN_POINT('',(-0.0246703431588393,0.00495073053882686,0.0185));
#5204=CARTESIAN_POINT('',(-0.0271343069493108,0.00921844101193322,0.0192));
#5205=CARTESIAN_POINT('',(-0.0271343069493108,0.00921844101193322,0.0185));
#5206=CARTESIAN_POINT('',(-0.0277316230408129,0.00843409451277176,0.0192));
#5207=CARTESIAN_POINT('',(-0.0277316230408129,0.00843409451277176,0.0185));
#5208=CARTESIAN_POINT('',(-0.0282903290495378,0.0072979763134278,0.0192));
#5209=CARTESIAN_POINT('',(-0.0282903290495378,0.0072979763134278,0.0185));
#5210=CARTESIAN_POINT('',(-0.0283513634562425,0.00626980166519366,0.0192));
#5211=CARTESIAN_POINT('',(-0.0283513634562425,0.00626980166519366,0.0185));
#5212=CARTESIAN_POINT('',(-0.0282391528535948,0.00593375122646108,0.0192));
#5213=CARTESIAN_POINT('',(-0.0282391528535948,0.00593375122646108,0.0185));
#5214=CARTESIAN_POINT('',(-0.0281532718811732,0.00578500101882341,0.0192));
#5215=CARTESIAN_POINT('',(-0.0281532718811732,0.00578500101882341,0.0185));
#5216=CARTESIAN_POINT('',(-0.0271343069493108,0.00921844101193322,0.0195));
#5217=CARTESIAN_POINT('',(-0.0271343069493108,0.00921844101193322,0.0192));
#5218=CARTESIAN_POINT('',(-0.0271343069493108,0.00921844101193322,0.0185));
#5219=CARTESIAN_POINT('',(-0.0271343069493108,0.00921844101193322,0.0192));
#5220=CARTESIAN_POINT('',(-0.0275141577130008,0.00871965214462713,0.0192));
#5221=CARTESIAN_POINT('',(-0.0280177009977221,0.00791971597051493,0.0192));
#5222=CARTESIAN_POINT('',(-0.0283736040616462,0.00671240778464656,0.0192));
#5223=CARTESIAN_POINT('',(-0.0283123509731388,0.00606053408852978,0.0192));
#5224=CARTESIAN_POINT('',(-0.0281532718811732,0.00578500101882341,0.0192));
#5225=CARTESIAN_POINT('',(-0.0271343069493108,0.00921844101193322,0.0185));
#5226=CARTESIAN_POINT('',(-0.0272278108265211,0.00909565938962083,0.0185));
#5227=CARTESIAN_POINT('',(-0.0274457960858454,0.00879437194062375,0.0185));
#5228=CARTESIAN_POINT('',(-0.0277403208002216,0.00832598648272124,0.0185));
#5229=CARTESIAN_POINT('',(-0.0279542565747809,0.00790900492537467,0.0185));
#5230=CARTESIAN_POINT('',(-0.0280885613429291,0.00759162672868889,0.0185));
#5231=CARTESIAN_POINT('',(-0.0281983763931023,0.00728669857887598,0.0185));
#5232=CARTESIAN_POINT('',(-0.0282893677695977,0.00693543156058724,0.0185));
#5233=CARTESIAN_POINT('',(-0.0283318590731363,0.00656739878168888,0.0185));
#5234=CARTESIAN_POINT('',(-0.0283176250857301,0.0062563487117058,0.0185));
#5235=CARTESIAN_POINT('',(-0.0282581428276074,0.00599866880339532,0.0185));
#5236=CARTESIAN_POINT('',(-0.0281928514149444,0.00585355478225487,0.0185));
#5237=CARTESIAN_POINT('',(-0.0281532718811732,0.00578500101882341,0.0185));
#5238=CARTESIAN_POINT('',(-0.0271343069498977,0.00921844101138348,0.0192));
#5239=CARTESIAN_POINT('',(-0.0271343069498977,0.00921844101138348,0.0185));
#5240=CARTESIAN_POINT('',(-0.0265746352240033,0.00862099933494739,0.0192));
#5241=CARTESIAN_POINT('',(-0.0265746352240033,0.00862099933494739,0.0185));
#5242=CARTESIAN_POINT('',(-0.0259230594742476,0.00803496185299454,0.0192));
#5243=CARTESIAN_POINT('',(-0.0259230594742476,0.00803496185299454,0.0185));
#5244=CARTESIAN_POINT('',(-0.0252077049649584,0.00748562487081582,0.0192));
#5245=CARTESIAN_POINT('',(-0.0252077049649584,0.00748562487081582,0.0185));
#5246=CARTESIAN_POINT('',(-0.0252077049649584,0.00748562487081581,0.0195));
#5247=CARTESIAN_POINT('',(-0.0252077049649584,0.00748562487081581,0.0192));
#5248=CARTESIAN_POINT('',(-0.0252077049649584,0.00748562487081581,0.0185));
#5249=CARTESIAN_POINT('',(-0.0252077049649584,0.00748562487081581,0.0192));
#5250=CARTESIAN_POINT('',(-0.0258937597066801,0.00801246189572155,0.0192));
#5251=CARTESIAN_POINT('',(-0.0265428613160331,0.00858708113617773,0.0192));
#5252=CARTESIAN_POINT('',(-0.0271343069498977,0.00921844101138346,0.0192));
#5253=CARTESIAN_POINT('',(-0.02087,0.00999,0.0185));
#5254=CARTESIAN_POINT('',(-0.0267641370154349,0.0187721198672516,0.0195000000000003));
#5255=CARTESIAN_POINT('',(-0.0236782481761092,0.00512597147877598,0.0192));
#5256=CARTESIAN_POINT('',(-0.0236780285203506,0.00512635196240931,0.0192));
#5257=CARTESIAN_POINT('',(-0.0236780285203506,0.00512635196240931,0.0185));
#5258=CARTESIAN_POINT('',(-0.0236780285203506,0.00512635196240931,0.0192));
#5259=CARTESIAN_POINT('',(-0.0231587240970477,0.00524219465577273,0.0192));
#5260=CARTESIAN_POINT('',(-0.0226471074126717,0.00539135901186959,0.0192));
#5261=CARTESIAN_POINT('',(-0.0221444218548446,0.00556580892026632,0.0192));
#5262=CARTESIAN_POINT('',(-0.0221444218548465,0.00556580892026565,0.0192));
#5263=CARTESIAN_POINT('',(-0.0221448116815521,0.00556598836598603,0.0192));
#5264=CARTESIAN_POINT('',(-0.0221448116815521,0.00556598836598603,0.0185));
#5265=CARTESIAN_POINT('',(-0.0267641370154349,0.0187721198672516,0.0185));
#5266=CARTESIAN_POINT('',(-0.0103173925688345,0.00927658754940412,0.0194999999999993));
#5267=CARTESIAN_POINT('',(-0.0240638959788527,0.0066739503632869,0.0192));
#5268=CARTESIAN_POINT('',(-0.0240642509385934,0.00667422275750087,0.0192));
#5269=CARTESIAN_POINT('',(-0.0240638959788527,0.0066739503632869,0.0185));
#5270=CARTESIAN_POINT('',(-0.0240642509385934,0.00667422275750087,0.0192));
#5271=CARTESIAN_POINT('',(-0.0239639864020967,0.00615166033087493,0.0192));
#5272=CARTESIAN_POINT('',(-0.0238373686327922,0.00563403802476208,0.0192));
#5273=CARTESIAN_POINT('',(-0.0236780285017862,0.00512635196823585,0.0192));
#5274=CARTESIAN_POINT('',(-0.0103173925688345,0.00927658754940412,0.0185));
#5275=CARTESIAN_POINT('',(-0.0233339637885219,0.00417917155038907,0.0192));
#5276=CARTESIAN_POINT('',(-0.0233339637885219,0.00417917155038907,0.0185));
#5277=CARTESIAN_POINT('',(-0.0225367282570374,0.00436514064456321,0.0192));
#5278=CARTESIAN_POINT('',(-0.0225367282570374,0.00436514064456321,0.0185));
#5279=CARTESIAN_POINT('',(-0.0217034170358339,0.00463640305521994,0.0192));
#5280=CARTESIAN_POINT('',(-0.0217034170358339,0.00463640305521994,0.0185));
#5281=CARTESIAN_POINT('',(-0.02087,0.00498124974163195,0.0192));
#5282=CARTESIAN_POINT('',(-0.02087,0.00498124974163195,0.0185));
#5283=CARTESIAN_POINT('',(-0.02087,0.00498124974163194,0.0195));
#5284=CARTESIAN_POINT('',(-0.02087,0.00498124974163194,0.0192));
#5285=CARTESIAN_POINT('',(-0.02087,0.00498124974163194,0.0185));
#5286=CARTESIAN_POINT('',(-0.02087,0.00498124974163194,0.0192));
#5287=CARTESIAN_POINT('',(-0.0216692816175347,0.00465052741959411,0.0192));
#5288=CARTESIAN_POINT('',(-0.0224914672813364,0.00437569855664834,0.0192));
#5289=CARTESIAN_POINT('',(-0.0233339637885219,0.00417917155038906,0.0192));
#5290=CARTESIAN_POINT('',(-0.0233339637862625,0.00417917154070334,0.0192));
#5291=CARTESIAN_POINT('',(-0.0233339637862625,0.00417917154070334,0.0195));
#5292=CARTESIAN_POINT('',(-0.0233339637862625,0.00417917154070334,0.0185));
#5293=CARTESIAN_POINT('',(-0.02087,0.00999,0.0185));
#5294=CARTESIAN_POINT('',(-0.02087,0.00498124974163195,0.0192));
#5295=CARTESIAN_POINT('',(-0.02087,0.00498124974163195,0.0185));
#5296=CARTESIAN_POINT('',(-0.0200365829635964,0.00463640305498423,0.0192));
#5297=CARTESIAN_POINT('',(-0.0200365829635964,0.00463640305498423,0.0185));
#5298=CARTESIAN_POINT('',(-0.0192032717418236,0.00436514064419319,0.0192));
#5299=CARTESIAN_POINT('',(-0.0192032717418236,0.00436514064419319,0.0185));
#5300=CARTESIAN_POINT('',(-0.0184060362098433,0.00417917155000774,0.0192));
#5301=CARTESIAN_POINT('',(-0.0184060362098433,0.00417917155000774,0.0185));
#5302=CARTESIAN_POINT('',(-0.0184060362098433,0.00417917155000773,0.0195));
#5303=CARTESIAN_POINT('',(-0.0184060362098433,0.00417917155000773,0.0192));
#5304=CARTESIAN_POINT('',(-0.0184060362137372,0.00417917154070328,0.0185));
#5305=CARTESIAN_POINT('',(-0.0184060362098433,0.00417917155000773,0.0192));
#5306=CARTESIAN_POINT('',(-0.0192486686220036,0.00437573025836273,0.0192));
#5307=CARTESIAN_POINT('',(-0.0200706169532908,0.00465048545079189,0.0192));
#5308=CARTESIAN_POINT('',(-0.02087,0.00498124974163194,0.0192));
#5309=CARTESIAN_POINT('',(-0.02087,0.00999,0.0185));
#5310=CARTESIAN_POINT('',(-0.02087,0.00158000203764682,0.0192));
#5311=CARTESIAN_POINT('',(-0.02087,0.00158000203764682,0.0185));
#5312=CARTESIAN_POINT('',(-0.020698238055473,0.00158000203764682,0.0192));
#5313=CARTESIAN_POINT('',(-0.020698238055473,0.00158000203764682,0.0185));
#5314=CARTESIAN_POINT('',(-0.0203511045379249,0.00165085002430561,0.0192));
#5315=CARTESIAN_POINT('',(-0.0203511045379249,0.00165085002430561,0.0185));
#5316=CARTESIAN_POINT('',(-0.0194911963784173,0.00221779469268723,0.0192));
#5317=CARTESIAN_POINT('',(-0.0194911963784173,0.00221779469268723,0.0185));
#5318=CARTESIAN_POINT('',(-0.0187866421614933,0.00326970738499121,0.0192));
#5319=CARTESIAN_POINT('',(-0.0187866421614933,0.00326970738499121,0.0185));
#5320=CARTESIAN_POINT('',(-0.0184060362137372,0.00417917154070328,0.0192));
#5321=CARTESIAN_POINT('',(-0.0184060362137372,0.00417917154070328,0.0185));
#5322=CARTESIAN_POINT('',(-0.02087,0.00158000203764682,0.0195));
#5323=CARTESIAN_POINT('',(-0.02087,0.00158000203764682,0.0192));
#5324=CARTESIAN_POINT('',(-0.02087,0.00158000203764682,0.0185));
#5325=CARTESIAN_POINT('',(-0.02087,0.00158000203764682,0.0192));
#5326=CARTESIAN_POINT('',(-0.0205561034839619,0.00158000203764682,0.0192));
#5327=CARTESIAN_POINT('',(-0.0199569500925975,0.00185193964093529,0.0192));
#5328=CARTESIAN_POINT('',(-0.019093946247975,0.00275899329807744,0.0192));
#5329=CARTESIAN_POINT('',(-0.0186481124970134,0.00360072629073886,0.0192));
#5330=CARTESIAN_POINT('',(-0.0184060362098434,0.00417917155000773,0.0192));
#5331=CARTESIAN_POINT('',(-0.02087,0.00158000203764682,0.0185));
#5332=CARTESIAN_POINT('',(-0.0207908409324576,0.00158000203764682,0.0185));
#5333=CARTESIAN_POINT('',(-0.0206325227973732,0.00159601502620191,0.0185));
#5334=CARTESIAN_POINT('',(-0.0203796243216701,0.00167334183374842,0.0185));
#5335=CARTESIAN_POINT('',(-0.0201031300655127,0.001816539874049,0.0185));
#5336=CARTESIAN_POINT('',(-0.0198056499813306,0.00203735481180253,0.0185));
#5337=CARTESIAN_POINT('',(-0.0195469395082288,0.00229178916451728,0.0185));
#5338=CARTESIAN_POINT('',(-0.0193377715092483,0.00253935586259156,0.0185));
#5339=CARTESIAN_POINT('',(-0.0191300663123853,0.00281435630200013,0.0185));
#5340=CARTESIAN_POINT('',(-0.0188759175780932,0.00320812089622005,0.0185));
#5341=CARTESIAN_POINT('',(-0.0186175462315171,0.00369737950694264,0.0185));
#5342=CARTESIAN_POINT('',(-0.018465616277858,0.00403680400012123,0.0185));
#5343=CARTESIAN_POINT('',(-0.0184060362137372,0.00417917154070328,0.0185));
#5344=CARTESIAN_POINT('',(-0.0284374333231316,0.0230968606605345,0.01906));
#5345=CARTESIAN_POINT('',(-0.0176760993790757,0.0066739748817319,0.0192));
#5346=CARTESIAN_POINT('',(-0.0176757490611766,0.00667422275869783,0.0192));
#5347=CARTESIAN_POINT('',(-0.0176760993790757,0.0066739748817319,0.0185));
#5348=CARTESIAN_POINT('',(-0.0176757490611766,0.00667422275869783,0.0192));
#5349=CARTESIAN_POINT('',(-0.0182942369631233,0.00626877702301993,0.0192));
#5350=CARTESIAN_POINT('',(-0.0189352078864843,0.00589871228785661,0.0192));
#5351=CARTESIAN_POINT('',(-0.0195955781443962,0.00556580892064744,0.0192));
#5352=CARTESIAN_POINT('',(-0.0195955781440024,0.00556580891986615,0.0192));
#5353=CARTESIAN_POINT('',(-0.0195951647638231,0.00556598012691185,0.0192));
#5354=CARTESIAN_POINT('',(-0.0195951647638231,0.00556598012691185,0.0185));
#5355=CARTESIAN_POINT('',(-0.0284374333231316,0.0230968606605345,0.0185));
#5356=CARTESIAN_POINT('',(-0.0314226074241284,0.00927658754774286,0.0195000000000003));
#5357=CARTESIAN_POINT('',(-0.0180617518239167,0.00512597147873937,0.0192));
#5358=CARTESIAN_POINT('',(-0.0180619714980618,0.00512635196651661,0.0192));
#5359=CARTESIAN_POINT('',(-0.0180619714980618,0.00512635196651661,0.0185));
#5360=CARTESIAN_POINT('',(-0.0180619715009026,0.00512635195966768,0.0192));
#5361=CARTESIAN_POINT('',(-0.0179026420062705,0.00563400412550749,0.0192));
#5362=CARTESIAN_POINT('',(-0.0177760137870052,0.0061516593453082,0.0192));
#5363=CARTESIAN_POINT('',(-0.0176757490611766,0.00667422275869783,0.0192));
#5364=CARTESIAN_POINT('',(-0.0314226074241284,0.00927658754774286,0.0185));
#5365=CARTESIAN_POINT('',(-0.0282907031903968,-0.00288066193992237,0.0195));
#5366=CARTESIAN_POINT('',(-0.0174741341183084,0.0119506040809015,0.0192));
#5367=CARTESIAN_POINT('',(-0.0174742279127252,0.0119505499157821,0.0192));
#5368=CARTESIAN_POINT('',(-0.0174742279205976,0.01195054990442,0.0185));
#5369=CARTESIAN_POINT('',(-0.0174742279127252,0.0119505499157821,0.0192));
#5370=CARTESIAN_POINT('',(-0.018002925872174,0.0123367577131836,0.0192));
#5371=CARTESIAN_POINT('',(-0.0185529345647327,0.0126936935315457,0.0192));
#5372=CARTESIAN_POINT('',(-0.01912,0.0130210889132455,0.0192));
#5373=CARTESIAN_POINT('',(-0.01912,0.0130210889132455,0.0192));
#5374=CARTESIAN_POINT('',(-0.0191200389035499,0.0130210214555441,0.0195));
#5375=CARTESIAN_POINT('',(-0.0191200389175104,0.0130210214635953,0.0185));
#5376=CARTESIAN_POINT('',(-0.0282907031903968,-0.00288066193992237,0.0185));
#5377=CARTESIAN_POINT('',(-0.0357266718086461,0.00999881349272302,0.0195000000000002));
#5378=CARTESIAN_POINT('',(-0.0173700778718943,0.00999000003738819,0.0194999999999993));
#5379=CARTESIAN_POINT('',(-0.01737,0.00999,0.0192));
#5380=CARTESIAN_POINT('',(-0.017370077871884,0.00999000001593565,0.0185));
#5381=CARTESIAN_POINT('',(-0.01737,0.00999,0.0192));
#5382=CARTESIAN_POINT('',(-0.01737,0.0106447326833968,0.0192));
#5383=CARTESIAN_POINT('',(-0.0174041049268517,0.0112995224790702,0.0192));
#5384=CARTESIAN_POINT('',(-0.0174742279217171,0.0119505499148136,0.0192));
#5385=CARTESIAN_POINT('',(-0.0357266718086461,0.00999881349272302,0.0185));
#5386=CARTESIAN_POINT('',(-0.0357266717979033,0.00998118650683203,0.0194999999999993));
#5387=CARTESIAN_POINT('',(-0.0174741341183288,0.00802939591908361,0.0192));
#5388=CARTESIAN_POINT('',(-0.0174742279127249,0.00802945008421803,0.0192));
#5389=CARTESIAN_POINT('',(-0.0174742279127249,0.00802945008421803,0.0185));
#5390=CARTESIAN_POINT('',(-0.0174742279241486,0.00802945006261183,0.0192));
#5391=CARTESIAN_POINT('',(-0.01740411114002,0.00868041982586093,0.0192));
#5392=CARTESIAN_POINT('',(-0.01737,0.00933520923585037,0.0192));
#5393=CARTESIAN_POINT('',(-0.01737,0.00999,0.0192));
#5394=CARTESIAN_POINT('',(-0.0357266717979033,0.00998118650683203,0.0185));
#5395=CARTESIAN_POINT('',(-0.0282907031904007,0.0228606619399287,0.0195000000000007));
#5396=CARTESIAN_POINT('',(-0.0191200389035654,0.00695897854448265,0.0195000000000002));
#5397=CARTESIAN_POINT('',(-0.01912,0.00695891108675445,0.0192));
#5398=CARTESIAN_POINT('',(-0.0191200389175121,0.00695897853642155,0.0185));
#5399=CARTESIAN_POINT('',(-0.01912,0.00695891108675445,0.0192));
#5400=CARTESIAN_POINT('',(-0.0185529848575865,0.00728627743186154,0.0192));
#5401=CARTESIAN_POINT('',(-0.0180029727180391,0.00764320806644849,0.0192));
#5402=CARTESIAN_POINT('',(-0.0174742279127249,0.00802945008421803,0.0192));
#5403=CARTESIAN_POINT('',(-0.0282907031904007,0.0228606619399287,0.0185));
#5404=CARTESIAN_POINT('',(-0.0283059686129591,0.0228518484556987,0.0195000000000002));
#5405=CARTESIAN_POINT('',(-0.0208699999999778,0.00606879183815982,0.0192));
#5406=CARTESIAN_POINT('',(-0.0208699999828729,0.0060689001615838,0.0192));
#5407=CARTESIAN_POINT('',(-0.020869999987877,0.00606890014865102,0.0185));
#5408=CARTESIAN_POINT('',(-0.0208699999828729,0.0060689001615838,0.0192));
#5409=CARTESIAN_POINT('',(-0.0202711852493608,0.00633366212357633,0.0192));
#5410=CARTESIAN_POINT('',(-0.0196870654263303,0.00663151571021456,0.0192));
#5411=CARTESIAN_POINT('',(-0.01912,0.00695891108675445,0.0192));
#5412=CARTESIAN_POINT('',(-0.0283059686129591,0.0228518484556987,0.0185));
#5413=CARTESIAN_POINT('',(-0.0134340313918568,0.022851848446497,0.0195000000000005));
#5414=CARTESIAN_POINT('',(-0.0226199610316764,0.00695897850709445,0.0195000000000005));
#5415=CARTESIAN_POINT('',(-0.02262,0.00695891108675447,0.0192));
#5416=CARTESIAN_POINT('',(-0.022619961045558,0.0069589785151001,0.0185));
#5417=CARTESIAN_POINT('',(-0.02262,0.00695891108675447,0.0192));
#5418=CARTESIAN_POINT('',(-0.0220529848574783,0.00663154474158488,0.0192));
#5419=CARTESIAN_POINT('',(-0.0214688677906485,0.00633368557358951,0.0192));
#5420=CARTESIAN_POINT('',(-0.0208699999884742,0.00606890014891509,0.0192));
#5421=CARTESIAN_POINT('',(-0.0134340313918568,0.022851848446497,0.0185));
#5422=CARTESIAN_POINT('',(-0.0134492968042243,0.0228606619484074,0.0195000000000005));
#5423=CARTESIAN_POINT('',(-0.0242658658816512,0.00802939591904742,0.0192));
#5424=CARTESIAN_POINT('',(-0.0242657720759819,0.00802945006382651,0.0192));
#5425=CARTESIAN_POINT('',(-0.0242657720759819,0.00802945006382651,0.0185));
#5426=CARTESIAN_POINT('',(-0.0242657720622797,0.00802945006595918,0.0192));
#5427=CARTESIAN_POINT('',(-0.0237370741104824,0.00764324227557363,0.0192));
#5428=CARTESIAN_POINT('',(-0.0231870654263303,0.00728630646329418,0.0192));
#5429=CARTESIAN_POINT('',(-0.02262,0.00695891108675447,0.0192));
#5430=CARTESIAN_POINT('',(-0.0134492968042243,0.0228606619484074,0.0185));
#5431=CARTESIAN_POINT('',(-0.00601332820511001,0.00998118650680022,0.0195000000000002));
#5432=CARTESIAN_POINT('',(-0.024369922128111,0.00998999996261181,0.0194999999999994));
#5433=CARTESIAN_POINT('',(-0.02437,0.00999,0.0192));
#5434=CARTESIAN_POINT('',(-0.0243699221281181,0.00998999997731243,0.0185));
#5435=CARTESIAN_POINT('',(-0.02437,0.00999,0.0192));
#5436=CARTESIAN_POINT('',(-0.02437,0.00933526730944326,0.0192));
#5437=CARTESIAN_POINT('',(-0.0243358950727967,0.00868047750656915,0.0192));
#5438=CARTESIAN_POINT('',(-0.0242657720759819,0.00802945006382651,0.0192));
#5439=CARTESIAN_POINT('',(-0.00601332820511001,0.00998118650680022,0.0185));
#5440=CARTESIAN_POINT('',(-0.00601332819121392,0.00999881349271296,0.0194999999999994));
#5441=CARTESIAN_POINT('',(-0.0242658658816892,0.011950604080921,0.0192));
#5442=CARTESIAN_POINT('',(-0.0242657720794021,0.0119505499044203,0.0192));
#5443=CARTESIAN_POINT('',(-0.0242657720622796,0.011950549934041,0.0185));
#5444=CARTESIAN_POINT('',(-0.0242657720794021,0.0119505499044203,0.0192));
#5445=CARTESIAN_POINT('',(-0.0243358888611201,0.0112995801520275,0.0192));
#5446=CARTESIAN_POINT('',(-0.02437,0.0106447907530948,0.0192));
#5447=CARTESIAN_POINT('',(-0.02437,0.00999,0.0192));
#5448=CARTESIAN_POINT('',(-0.00601332819121392,0.00999881349271296,0.0185));
#5449=CARTESIAN_POINT('',(-0.0134492968061248,-0.0028806619454854,0.0195000000000004));
#5450=CARTESIAN_POINT('',(-0.0226199610964309,0.0130210214555109,0.0195000000000007));
#5451=CARTESIAN_POINT('',(-0.02262,0.0130210889132455,0.0192));
#5452=CARTESIAN_POINT('',(-0.0226199610782748,0.0130210214660049,0.0185));
#5453=CARTESIAN_POINT('',(-0.02262,0.0130210889132455,0.0192));
#5454=CARTESIAN_POINT('',(-0.0231870151425146,0.0126937225680803,0.0192));
#5455=CARTESIAN_POINT('',(-0.0237370272814789,0.0123367919324762,0.0192));
#5456=CARTESIAN_POINT('',(-0.0242657720875533,0.0119505499155788,0.0192));
#5457=CARTESIAN_POINT('',(-0.0134492968061248,-0.0028806619454854,0.0185));
#5458=CARTESIAN_POINT('',(-0.0134340313934308,-0.00287184844368147,0.0195000000000007));
#5459=CARTESIAN_POINT('',(-0.0208699999999582,0.0139112081618315,0.0192));
#5460=CARTESIAN_POINT('',(-0.02087,0.0139110998459888,0.0192));
#5461=CARTESIAN_POINT('',(-0.0208699999829139,0.0139110998384343,0.0185));
#5462=CARTESIAN_POINT('',(-0.0208699999888176,0.0139110998509331,0.0192));
#5463=CARTESIAN_POINT('',(-0.0214688147322313,0.0136463378858223,0.0192));
#5464=CARTESIAN_POINT('',(-0.0220529345647328,0.0133484842949454,0.0192));
#5465=CARTESIAN_POINT('',(-0.02262,0.0130210889132455,0.0192));
#5466=CARTESIAN_POINT('',(-0.0134340313934308,-0.00287184844368147,0.0185));
#5467=CARTESIAN_POINT('',(-0.025528470405034,0.000494467668411332,0.0194999999999993));
#5468=CARTESIAN_POINT('',(-0.0152535036478354,0.00999000000001138,0.0192));
#5469=CARTESIAN_POINT('',(-0.0152539429924573,0.00998999999460272,0.0192));
#5470=CARTESIAN_POINT('',(-0.0152539429924573,0.00998999999460272,0.0185));
#5471=CARTESIAN_POINT('',(-0.0152539429924573,0.00998999999460272,0.0192));
#5472=CARTESIAN_POINT('',(-0.0156139179170445,0.0103818094674462,0.0192));
#5473=CARTESIAN_POINT('',(-0.015998906378161,0.0107503003320659,0.0192));
#5474=CARTESIAN_POINT('',(-0.0164013272063302,0.0110984138384319,0.0192));
#5475=CARTESIAN_POINT('',(-0.0164013272063302,0.0110984138384319,0.0192));
#5476=CARTESIAN_POINT('',(-0.0164012876975304,0.011097986515749,0.0192));
#5477=CARTESIAN_POINT('',(-0.0164012876975304,0.011097986515749,0.0185));
#5478=CARTESIAN_POINT('',(-0.025528470405034,0.000494467668411332,0.0185));
#5479=CARTESIAN_POINT('',(-0.0255284703894879,0.0194855323156255,0.0195000000000006));
#5480=CARTESIAN_POINT('',(-0.0164012687849676,0.00888202976366756,0.0192));
#5481=CARTESIAN_POINT('',(-0.0164013272054086,0.00888158616236529,0.0192));
#5482=CARTESIAN_POINT('',(-0.0164012687849676,0.00888202976366756,0.0185));
#5483=CARTESIAN_POINT('',(-0.0164013272054086,0.00888158616236529,0.0192));
#5484=CARTESIAN_POINT('',(-0.0159989071368759,0.00922969901160817,0.0192));
#5485=CARTESIAN_POINT('',(-0.0156139419546307,0.00959816436970363,0.0192));
#5486=CARTESIAN_POINT('',(-0.0152539429978353,0.0099899999995437,0.0192));
#5487=CARTESIAN_POINT('',(-0.0255284703894879,0.0194855323156255,0.0185));
#5488=CARTESIAN_POINT('',(-0.0135867281188268,0.00578500101882343,0.0192));
#5489=CARTESIAN_POINT('',(-0.0135867281188268,0.00578500101882343,0.0185));
#5490=CARTESIAN_POINT('',(-0.0135008471465635,0.00593375122618696,0.0192));
#5491=CARTESIAN_POINT('',(-0.0135008471465635,0.00593375122618696,0.0185));
#5492=CARTESIAN_POINT('',(-0.0133886365440428,0.00626980166421827,0.0192));
#5493=CARTESIAN_POINT('',(-0.0133886365440428,0.00626980166421827,0.0185));
#5494=CARTESIAN_POINT('',(-0.0134496709496477,0.00729797630946405,0.0192));
#5495=CARTESIAN_POINT('',(-0.0134496709496477,0.00729797630946405,0.0185));
#5496=CARTESIAN_POINT('',(-0.0140083769552841,0.00843409450581573,0.0192));
#5497=CARTESIAN_POINT('',(-0.0140083769552841,0.00843409450581573,0.0185));
#5498=CARTESIAN_POINT('',(-0.0146056930440842,0.00921844100325998,0.0192));
#5499=CARTESIAN_POINT('',(-0.0146056930440842,0.00921844100325998,0.0185));
#5500=CARTESIAN_POINT('',(-0.0135867281188268,0.00578500101882344,0.0195));
#5501=CARTESIAN_POINT('',(-0.0135867281188268,0.00578500101882344,0.0192));
#5502=CARTESIAN_POINT('',(-0.0135867281188268,0.00578500101882344,0.0185));
#5503=CARTESIAN_POINT('',(-0.0135867281188268,0.00578500101882343,0.0192));
#5504=CARTESIAN_POINT('',(-0.0134297798608078,0.00605684337587191,0.0192));
#5505=CARTESIAN_POINT('',(-0.0133657080378178,0.00671169423520126,0.0192));
#5506=CARTESIAN_POINT('',(-0.0137197376251872,0.00791260431677896,0.0192));
#5507=CARTESIAN_POINT('',(-0.0142257829045546,0.00871957416730689,0.0192));
#5508=CARTESIAN_POINT('',(-0.0146056930501951,0.00921844101128438,0.0192));
#5509=CARTESIAN_POINT('',(-0.0146056930501951,0.00921844101128438,0.0192));
#5510=CARTESIAN_POINT('',(-0.0146056930501951,0.00921844101128438,0.0195));
#5511=CARTESIAN_POINT('',(-0.0146056930501951,0.00921844101128438,0.0185));
#5512=CARTESIAN_POINT('',(-0.0135867281188268,0.00578500101882343,0.0185));
#5513=CARTESIAN_POINT('',(-0.0135471485850557,0.00585355478225489,0.0185));
#5514=CARTESIAN_POINT('',(-0.0134818571723927,0.00599866880339535,0.0185));
#5515=CARTESIAN_POINT('',(-0.01342237491427,0.00625634871170581,0.0185));
#5516=CARTESIAN_POINT('',(-0.0134081409268638,0.00656739878168888,0.0185));
#5517=CARTESIAN_POINT('',(-0.0134506322304024,0.00693543156058725,0.0185));
#5518=CARTESIAN_POINT('',(-0.0135416236068978,0.00728669857887597,0.0185));
#5519=CARTESIAN_POINT('',(-0.013651438657071,0.00759162672868888,0.0185));
#5520=CARTESIAN_POINT('',(-0.0137857434252191,0.00790900492537468,0.0185));
#5521=CARTESIAN_POINT('',(-0.0139996791997784,0.00832598648272123,0.0185));
#5522=CARTESIAN_POINT('',(-0.0142942039123964,0.00879437193782743,0.0185));
#5523=CARTESIAN_POINT('',(-0.0145121891693262,0.0090956593838812,0.0185));
#5524=CARTESIAN_POINT('',(-0.0146056930440842,0.00921844100325998,0.0185));
#5525=CARTESIAN_POINT('',(-0.0170696568303466,0.0049507305374433,0.0192));
#5526=CARTESIAN_POINT('',(-0.0170696568303466,0.0049507305374433,0.0185));
#5527=CARTESIAN_POINT('',(-0.0160917347937905,0.00482561287917544,0.0192));
#5528=CARTESIAN_POINT('',(-0.0160917347937905,0.00482561287917544,0.0185));
#5529=CARTESIAN_POINT('',(-0.0148284745712302,0.00490981838322322,0.0192));
#5530=CARTESIAN_POINT('',(-0.0148284745712302,0.00490981838322322,0.0185));
#5531=CARTESIAN_POINT('',(-0.0139075320061178,0.00537104836008737,0.0192));
#5532=CARTESIAN_POINT('',(-0.0139075320061178,0.00537104836008737,0.0185));
#5533=CARTESIAN_POINT('',(-0.0136726090910902,0.00563625081145991,0.0192));
#5534=CARTESIAN_POINT('',(-0.0136726090910902,0.00563625081145991,0.0185));
#5535=CARTESIAN_POINT('',(-0.0135867281188268,0.00578500101882343,0.0192));
#5536=CARTESIAN_POINT('',(-0.0135867281188268,0.00578500101882343,0.0185));
#5537=CARTESIAN_POINT('',(-0.0170696568303466,0.0049507305374433,0.0195));
#5538=CARTESIAN_POINT('',(-0.0170696568303466,0.0049507305374433,0.0192));
#5539=CARTESIAN_POINT('',(-0.0170696568303466,0.0049507305374433,0.0185));
#5540=CARTESIAN_POINT('',(-0.0170696568303466,0.0049507305374433,0.0192));
#5541=CARTESIAN_POINT('',(-0.016447767619998,0.00487116456102366,0.0192));
#5542=CARTESIAN_POINT('',(-0.0155032309323492,0.0048350513727611,0.0192));
#5543=CARTESIAN_POINT('',(-0.0142797198449431,0.00513048437167928,0.0192));
#5544=CARTESIAN_POINT('',(-0.0137458072103411,0.00550946794989883,0.0192));
#5545=CARTESIAN_POINT('',(-0.0135867281188268,0.00578500101882343,0.0192));
#5546=CARTESIAN_POINT('',(-0.0170696568303466,0.0049507305374433,0.0185));
#5547=CARTESIAN_POINT('',(-0.0169165728914679,0.00493114461624003,0.0185));
#5548=CARTESIAN_POINT('',(-0.0165466576808792,0.00489300756911523,0.0185));
#5549=CARTESIAN_POINT('',(-0.0159937616216851,0.00487213441349884,0.0185));
#5550=CARTESIAN_POINT('',(-0.0155256771128338,0.00489535137662547,0.0185));
#5551=CARTESIAN_POINT('',(-0.0151836671478225,0.00493772913390268,0.0185));
#5552=CARTESIAN_POINT('',(-0.0148646840986689,0.00499509058564133,0.0185));
#5553=CARTESIAN_POINT('',(-0.0145149822490716,0.0050919232512153,0.0185));
#5554=CARTESIAN_POINT('',(-0.0141750108613509,0.00523914109236014,0.0185));
#5555=CARTESIAN_POINT('',(-0.0139127505925998,0.00540699312204264,0.0185));
#5556=CARTESIAN_POINT('',(-0.0137193343750194,0.00558734622280661,0.0185));
#5557=CARTESIAN_POINT('',(-0.013626307652598,0.00571644725539197,0.0185));
#5558=CARTESIAN_POINT('',(-0.0135867281188268,0.00578500101882343,0.0185));
#5559=CARTESIAN_POINT('',(-0.0170696568398646,0.00495073054032954,0.0192));
#5560=CARTESIAN_POINT('',(-0.0170696568398646,0.00495073054032954,0.0185));
#5561=CARTESIAN_POINT('',(-0.0168320930339959,0.00573414131048176,0.0192));
#5562=CARTESIAN_POINT('',(-0.0168320930339959,0.00573414131048176,0.0185));
#5563=CARTESIAN_POINT('',(-0.0166503575621147,0.00659144120263104,0.0192));
#5564=CARTESIAN_POINT('',(-0.0166503575621147,0.00659144120263104,0.0185));
#5565=CARTESIAN_POINT('',(-0.0165322950350414,0.00748562487081594,0.0192));
#5566=CARTESIAN_POINT('',(-0.0165322950350414,0.00748562487081594,0.0185));
#5567=CARTESIAN_POINT('',(-0.0165322950350413,0.00748562487081589,0.0195));
#5568=CARTESIAN_POINT('',(-0.0165322950350413,0.00748562487081589,0.0192));
#5569=CARTESIAN_POINT('',(-0.0165322950350414,0.00748562487081602,0.0185));
#5570=CARTESIAN_POINT('',(-0.0165322950350413,0.0074856248708159,0.0192));
#5571=CARTESIAN_POINT('',(-0.0166455219113253,0.00662806552423401,0.0192));
#5572=CARTESIAN_POINT('',(-0.0168186059662219,0.00577861742128144,0.0192));
#5573=CARTESIAN_POINT('',(-0.0170696568398644,0.0049507305403295,0.0192));
#5574=CARTESIAN_POINT('',(-0.02087,0.00999,0.0185));
#5575=CARTESIAN_POINT('',(-0.0146056930513426,0.0107615589899405,0.0192));
#5576=CARTESIAN_POINT('',(-0.0146056930513426,0.0107615589899405,0.0185));
#5577=CARTESIAN_POINT('',(-0.0151653647769584,0.0113590006659186,0.0192));
#5578=CARTESIAN_POINT('',(-0.0151653647769584,0.0113590006659186,0.0185));
#5579=CARTESIAN_POINT('',(-0.0158169405262807,0.0119450381474111,0.0192));
#5580=CARTESIAN_POINT('',(-0.0158169405262807,0.0119450381474111,0.0185));
#5581=CARTESIAN_POINT('',(-0.0165322950350414,0.012494375129184,0.0192));
#5582=CARTESIAN_POINT('',(-0.0165322950350414,0.012494375129184,0.0185));
#5583=CARTESIAN_POINT('',(-0.0165322950350413,0.0124943751291841,0.0195));
#5584=CARTESIAN_POINT('',(-0.0165322950350413,0.0124943751291841,0.0192));
#5585=CARTESIAN_POINT('',(-0.0165322950350413,0.0124943751291841,0.0185));
#5586=CARTESIAN_POINT('',(-0.0165322950350414,0.012494375129184,0.0192));
#5587=CARTESIAN_POINT('',(-0.0158462402937907,0.01196753810464,0.0192));
#5588=CARTESIAN_POINT('',(-0.0151971386848856,0.0113929188646331,0.0192));
#5589=CARTESIAN_POINT('',(-0.0146056930513426,0.0107615589899405,0.0192));
#5590=CARTESIAN_POINT('',(-0.0146056930440842,0.01076155899674,0.0192));
#5591=CARTESIAN_POINT('',(-0.0146056930440842,0.01076155899674,0.0195));
#5592=CARTESIAN_POINT('',(-0.0146056930440842,0.01076155899674,0.0185));
#5593=CARTESIAN_POINT('',(-0.02087,0.00999,0.0185));
#5594=CARTESIAN_POINT('',(-0.0165322950350414,0.0124943751291841,0.0192));
#5595=CARTESIAN_POINT('',(-0.0165322950350414,0.0124943751291841,0.0185));
#5596=CARTESIAN_POINT('',(-0.0166503575621954,0.0133885587979801,0.0192));
#5597=CARTESIAN_POINT('',(-0.0166503575621954,0.0133885587979801,0.0185));
#5598=CARTESIAN_POINT('',(-0.0168320930342449,0.0142458586906894,0.0192));
#5599=CARTESIAN_POINT('',(-0.0168320930342449,0.0142458586906894,0.0185));
#5600=CARTESIAN_POINT('',(-0.0170696568403516,0.0150292694612766,0.0192));
#5601=CARTESIAN_POINT('',(-0.0170696568403516,0.0150292694612766,0.0185));
#5602=CARTESIAN_POINT('',(-0.0170696568403515,0.0150292694612767,0.0195));
#5603=CARTESIAN_POINT('',(-0.0170696568403515,0.0150292694612767,0.0192));
#5604=CARTESIAN_POINT('',(-0.0170696568303466,0.0150292694625567,0.0185));
#5605=CARTESIAN_POINT('',(-0.0170696568403515,0.0150292694612767,0.0192));
#5606=CARTESIAN_POINT('',(-0.0168185654690419,0.0142012490321163,0.0192));
#5607=CARTESIAN_POINT('',(-0.0166455362798636,0.0133520433004089,0.0192));
#5608=CARTESIAN_POINT('',(-0.0165322950350413,0.0124943751291841,0.0192));
#5609=CARTESIAN_POINT('',(-0.02087,0.00999,0.0185));
#5610=CARTESIAN_POINT('',(-0.0135867281188268,0.0141949989811766,0.0192));
#5611=CARTESIAN_POINT('',(-0.0135867281188268,0.0141949989811766,0.0185));
#5612=CARTESIAN_POINT('',(-0.0136726090910902,0.0143437491885401,0.0192));
#5613=CARTESIAN_POINT('',(-0.0136726090910902,0.0143437491885401,0.0185));
#5614=CARTESIAN_POINT('',(-0.0139075320061178,0.0146089516399126,0.0192));
#5615=CARTESIAN_POINT('',(-0.0139075320061178,0.0146089516399126,0.0185));
#5616=CARTESIAN_POINT('',(-0.0148284745712302,0.0150701816167768,0.0192));
#5617=CARTESIAN_POINT('',(-0.0148284745712302,0.0150701816167768,0.0185));
#5618=CARTESIAN_POINT('',(-0.0160917347937909,0.0151543871208247,0.0192));
#5619=CARTESIAN_POINT('',(-0.0160917347937909,0.0151543871208247,0.0185));
#5620=CARTESIAN_POINT('',(-0.0170696568303466,0.0150292694625567,0.0192));
#5621=CARTESIAN_POINT('',(-0.0170696568303466,0.0150292694625567,0.0185));
#5622=CARTESIAN_POINT('',(-0.0135867281188268,0.0141949989811766,0.0195));
#5623=CARTESIAN_POINT('',(-0.0135867281188268,0.0141949989811766,0.0192));
#5624=CARTESIAN_POINT('',(-0.0135867281188268,0.0141949989811766,0.0185));
#5625=CARTESIAN_POINT('',(-0.0135867281188268,0.0141949989811766,0.0192));
#5626=CARTESIAN_POINT('',(-0.0137436763768459,0.014466841338225,0.0192));
#5627=CARTESIAN_POINT('',(-0.0142787579452202,0.0148497545942659,0.0192));
#5628=CARTESIAN_POINT('',(-0.015495791377212,0.0151436110187015,0.0192));
#5629=CARTESIAN_POINT('',(-0.016447670407541,0.0151088478765682,0.0192));
#5630=CARTESIAN_POINT('',(-0.0170696568403515,0.0150292694612767,0.0192));
#5631=CARTESIAN_POINT('',(-0.0135867281188268,0.0141949989811766,0.0185));
#5632=CARTESIAN_POINT('',(-0.0136263076525979,0.014263552744608,0.0185));
#5633=CARTESIAN_POINT('',(-0.0137193343750194,0.0143926537771934,0.0185));
#5634=CARTESIAN_POINT('',(-0.0139127505925997,0.0145730068779574,0.0185));
#5635=CARTESIAN_POINT('',(-0.0141750108613509,0.0147408589076399,0.0185));
#5636=CARTESIAN_POINT('',(-0.0145149822490716,0.0148880767487847,0.0185));
#5637=CARTESIAN_POINT('',(-0.014864684098669,0.0149849094143587,0.0185));
#5638=CARTESIAN_POINT('',(-0.0151836671478225,0.0150422708660974,0.0185));
#5639=CARTESIAN_POINT('',(-0.0155256771128338,0.0150846486233746,0.0185));
#5640=CARTESIAN_POINT('',(-0.0159937616216851,0.0151078655865011,0.0185));
#5641=CARTESIAN_POINT('',(-0.0165466576808792,0.0150869924308848,0.0185));
#5642=CARTESIAN_POINT('',(-0.0169165728914679,0.01504885538376,0.0185));
#5643=CARTESIAN_POINT('',(-0.0170696568303466,0.0150292694625567,0.0185));
#5644=CARTESIAN_POINT('',(-0.013415860880648,0.0135028663221725,0.0192));
#5645=CARTESIAN_POINT('',(-0.013415860880648,0.0135028663221725,0.0185));
#5646=CARTESIAN_POINT('',(-0.0134180615206438,0.0137929955146145,0.0192));
#5647=CARTESIAN_POINT('',(-0.0134180615206438,0.0137929955146145,0.0185));
#5648=CARTESIAN_POINT('',(-0.0134799183180171,0.0140099989794278,0.0192));
#5649=CARTESIAN_POINT('',(-0.0134799183180171,0.0140099989794278,0.0185));
#5650=CARTESIAN_POINT('',(-0.0135867281188268,0.0141949989811766,0.0192));
#5651=CARTESIAN_POINT('',(-0.0135867281188268,0.0141949989811766,0.0185));
#5652=CARTESIAN_POINT('',(-0.0134158608806392,0.0135028663210162,0.0195));
#5653=CARTESIAN_POINT('',(-0.0134158608806392,0.0135028663210162,0.0192));
#5654=CARTESIAN_POINT('',(-0.0134158608806392,0.0135028663210162,0.0185));
#5655=CARTESIAN_POINT('',(-0.013415860880648,0.0135028663221725,0.0192));
#5656=CARTESIAN_POINT('',(-0.0134176853986625,0.013743408136897,0.0192));
#5657=CARTESIAN_POINT('',(-0.0134662959262835,0.0139864043048246,0.0192));
#5658=CARTESIAN_POINT('',(-0.0135867281188268,0.0141949989811766,0.0192));
#5659=CARTESIAN_POINT('',(-0.013415860880648,0.0135028663221725,0.0185));
#5660=CARTESIAN_POINT('',(-0.0134164305784574,0.0135779744569365,0.0185));
#5661=CARTESIAN_POINT('',(-0.0134283506625338,0.0137495385076653,0.0185));
#5662=CARTESIAN_POINT('',(-0.0134818571723927,0.0139813311966047,0.0185));
#5663=CARTESIAN_POINT('',(-0.0135471485850557,0.0141264452177451,0.0185));
#5664=CARTESIAN_POINT('',(-0.0135867281188268,0.0141949989811766,0.0185));
#5665=CARTESIAN_POINT('',(-0.0132697439836848,0.01201,0.0195));
#5666=CARTESIAN_POINT('',(-0.014407182263518,0.0110321277386233,0.0195));
#5667=CARTESIAN_POINT('',(-0.014407182263518,0.0110321277386233,0.0192));
#5668=CARTESIAN_POINT('',(-0.0144071822586765,0.0110321277454844,0.0185));
#5669=CARTESIAN_POINT('',(-0.0132697439836848,0.01201,0.0192));
#5670=CARTESIAN_POINT('',(-0.0132697439836848,0.01201,0.0185));
#5671=CARTESIAN_POINT('',(-0.0314226074098251,0.0107034124556018,0.0194999999999982));
#5672=CARTESIAN_POINT('',(-0.0176761040211591,0.0133060496367207,0.0192));
#5673=CARTESIAN_POINT('',(-0.0176757490611766,0.0133057772413022,0.0192));
#5674=CARTESIAN_POINT('',(-0.0176761040211591,0.0133060496367207,0.0185));
#5675=CARTESIAN_POINT('',(-0.0176757490611762,0.0133057772413002,0.0192));
#5676=CARTESIAN_POINT('',(-0.0177760135978098,0.0138283396688587,0.0192));
#5677=CARTESIAN_POINT('',(-0.0179026313673385,0.0143459619758873,0.0192));
#5678=CARTESIAN_POINT('',(-0.0180619714986927,0.014853648033291,0.0192));
#5679=CARTESIAN_POINT('',(-0.0180619714981243,0.0148536480334694,0.0192));
#5680=CARTESIAN_POINT('',(-0.0180617518239467,0.014854028521254,0.0192));
#5681=CARTESIAN_POINT('',(-0.0180619714981243,0.0148536480334694,0.0185));
#5682=CARTESIAN_POINT('',(-0.0314226074098251,0.0107034124556018,0.0185));
#5683=CARTESIAN_POINT('',(-0.0284371576342367,-0.00311701982940485,0.01906));
#5684=CARTESIAN_POINT('',(-0.0195951883184603,0.0144140116340198,0.0192));
#5685=CARTESIAN_POINT('',(-0.0195955781440024,0.0144141910801338,0.0192));
#5686=CARTESIAN_POINT('',(-0.0195951883184603,0.0144140116340198,0.0185));
#5687=CARTESIAN_POINT('',(-0.0195955781443963,0.0144141910793526,0.0192));
#5688=CARTESIAN_POINT('',(-0.0189352078864844,0.0140812877121434,0.0192));
#5689=CARTESIAN_POINT('',(-0.0182942369631234,0.0137112229769801,0.0192));
#5690=CARTESIAN_POINT('',(-0.0176757490611767,0.0133057772413022,0.0192));
#5691=CARTESIAN_POINT('',(-0.0284371576342367,-0.00311701982940485,0.0185));
#5692=CARTESIAN_POINT('',(-0.02087,0.014998750258368,0.0192));
#5693=CARTESIAN_POINT('',(-0.02087,0.014998750258368,0.0185));
#5694=CARTESIAN_POINT('',(-0.0217034170364034,0.0153435969450157,0.0192));
#5695=CARTESIAN_POINT('',(-0.0217034170364034,0.0153435969450157,0.0185));
#5696=CARTESIAN_POINT('',(-0.0225367282581761,0.0156148593558067,0.0192));
#5697=CARTESIAN_POINT('',(-0.0225367282581761,0.0156148593558067,0.0185));
#5698=CARTESIAN_POINT('',(-0.0233339637901563,0.0158008284499922,0.0192));
#5699=CARTESIAN_POINT('',(-0.0233339637901563,0.0158008284499922,0.0185));
#5700=CARTESIAN_POINT('',(-0.0233339637901564,0.0158008284499922,0.0195));
#5701=CARTESIAN_POINT('',(-0.0233339637901564,0.0158008284499922,0.0192));
#5702=CARTESIAN_POINT('',(-0.0233339637901564,0.0158008284499922,0.0185));
#5703=CARTESIAN_POINT('',(-0.0233339637901564,0.0158008284499922,0.0192));
#5704=CARTESIAN_POINT('',(-0.0224913313779962,0.0156042697416372,0.0192));
#5705=CARTESIAN_POINT('',(-0.0216693830467091,0.0153295145492081,0.0192));
#5706=CARTESIAN_POINT('',(-0.02087,0.0149987502583681,0.0192));
#5707=CARTESIAN_POINT('',(-0.02087,0.0149987502583681,0.0192));
#5708=CARTESIAN_POINT('',(-0.02087,0.0149987502583681,0.0195));
#5709=CARTESIAN_POINT('',(-0.02087,0.0149987502583681,0.0185));
#5710=CARTESIAN_POINT('',(-0.02087,0.00999,0.0185));
#5711=CARTESIAN_POINT('',(-0.0154486071215374,0.0125229802138243,0.0194999999999991));
#5712=CARTESIAN_POINT('',(-0.022976715559101,0.0165538827997322,0.0192));
#5713=CARTESIAN_POINT('',(-0.0229765628482925,0.0165538407355604,0.0192));
#5714=CARTESIAN_POINT('',(-0.0229767155594397,0.0165538828005219,0.0185));
#5715=CARTESIAN_POINT('',(-0.0229765628482926,0.0165538407355604,0.0192));
#5716=CARTESIAN_POINT('',(-0.0231084137246119,0.0163091543841603,0.0192));
#5717=CARTESIAN_POINT('',(-0.0232266551776236,0.0160572441407046,0.0192));
#5718=CARTESIAN_POINT('',(-0.0233339637901564,0.0158008284499922,0.0192));
#5719=CARTESIAN_POINT('',(-0.0154486071215374,0.0125229802138243,0.0185));
#5720=CARTESIAN_POINT('',(-0.0225782873383161,0.018,0.0195));
#5721=CARTESIAN_POINT('',(-0.0211251067142158,0.0183718414631793,0.0192));
#5722=CARTESIAN_POINT('',(-0.0211251193273657,0.0183718907527088,0.0192));
#5723=CARTESIAN_POINT('',(-0.0211251067142158,0.0183718414631793,0.0185));
#5724=CARTESIAN_POINT('',(-0.0225782873383161,0.018,0.0192));
#5725=CARTESIAN_POINT('',(-0.0225782873383161,0.018,0.0185));
#5726=CARTESIAN_POINT('',(-0.0208686098466827,0.0172189538724614,0.0195));
#5727=CARTESIAN_POINT('',(-0.02087,0.0183999979623531,0.0195));
#5728=CARTESIAN_POINT('',(-0.02087,0.0183999979623531,0.0192));
#5729=CARTESIAN_POINT('',(-0.02087,0.0183999979623531,0.0185));
#5730=CARTESIAN_POINT('',(-0.02087,0.0183999979623531,0.0192));
#5731=CARTESIAN_POINT('',(-0.0209557092375488,0.0183999979623531,0.0192));
#5732=CARTESIAN_POINT('',(-0.0210413659274955,0.0183902533509734,0.0192));
#5733=CARTESIAN_POINT('',(-0.0211251193273657,0.0183718907527088,0.0192));
#5734=CARTESIAN_POINT('',(-0.0208686098466827,0.0172189538724614,0.0185));
#5735=CARTESIAN_POINT('',(-0.0184060362095286,0.01580082844924,0.0192));
#5736=CARTESIAN_POINT('',(-0.0184060362095286,0.01580082844924,0.0185));
#5737=CARTESIAN_POINT('',(-0.0187866421574208,0.0167102926081509,0.0192));
#5738=CARTESIAN_POINT('',(-0.0187866421574208,0.0167102926081509,0.0185));
#5739=CARTESIAN_POINT('',(-0.0194911963753919,0.0177622053046253,0.0192));
#5740=CARTESIAN_POINT('',(-0.0194911963753919,0.0177622053046253,0.0185));
#5741=CARTESIAN_POINT('',(-0.0203511045369376,0.0183291499754536,0.0192));
#5742=CARTESIAN_POINT('',(-0.0203511045369376,0.0183291499754536,0.0185));
#5743=CARTESIAN_POINT('',(-0.0206982380551564,0.0183999979623531,0.0192));
#5744=CARTESIAN_POINT('',(-0.0206982380551564,0.0183999979623531,0.0185));
#5745=CARTESIAN_POINT('',(-0.02087,0.0183999979623531,0.0192));
#5746=CARTESIAN_POINT('',(-0.02087,0.0183999979623531,0.0185));
#5747=CARTESIAN_POINT('',(-0.0184060362095286,0.01580082844924,0.0195));
#5748=CARTESIAN_POINT('',(-0.0184060362095286,0.01580082844924,0.0192));
#5749=CARTESIAN_POINT('',(-0.0184060362097112,0.0158008284500231,0.0185));
#5750=CARTESIAN_POINT('',(-0.0184060362095286,0.01580082844924,0.0192));
#5751=CARTESIAN_POINT('',(-0.0186480746578955,0.0163791832938955,0.0192));
#5752=CARTESIAN_POINT('',(-0.0190890680637222,0.0172152326574252,0.0192));
#5753=CARTESIAN_POINT('',(-0.019956676090919,0.0181271078450024,0.0192));
#5754=CARTESIAN_POINT('',(-0.0205518418160688,0.0183999979623531,0.0192));
#5755=CARTESIAN_POINT('',(-0.02087,0.0183999979623531,0.0192));
#5756=CARTESIAN_POINT('',(-0.0184060362095286,0.01580082844924,0.0185));
#5757=CARTESIAN_POINT('',(-0.0184656162749638,0.0159431959934126,0.0185));
#5758=CARTESIAN_POINT('',(-0.0186175462299745,0.0162826204901364,0.0185));
#5759=CARTESIAN_POINT('',(-0.0188759175780932,0.0167718791037799,0.0185));
#5760=CARTESIAN_POINT('',(-0.0191300663123853,0.0171656436979999,0.0185));
#5761=CARTESIAN_POINT('',(-0.0193377715092483,0.0174406441374084,0.0185));
#5762=CARTESIAN_POINT('',(-0.0195469395082288,0.0176882108354826,0.0185));
#5763=CARTESIAN_POINT('',(-0.0198056499813307,0.0179426451881974,0.0185));
#5764=CARTESIAN_POINT('',(-0.0201031300655127,0.018163460125951,0.0185));
#5765=CARTESIAN_POINT('',(-0.0203796243216701,0.0183066581662515,0.0185));
#5766=CARTESIAN_POINT('',(-0.0206325227973732,0.018383984973798,0.0185));
#5767=CARTESIAN_POINT('',(-0.0207908409324576,0.0183999979623531,0.0185));
#5768=CARTESIAN_POINT('',(-0.02087,0.0183999979623531,0.0185));
#5769=CARTESIAN_POINT('',(-0.0238007254098555,0.0171307214708442,0.0192));
#5770=CARTESIAN_POINT('',(-0.0238007254098555,0.0171307214708442,0.0185));
#5771=CARTESIAN_POINT('',(-0.0239939809280071,0.0167838896219945,0.0192));
#5772=CARTESIAN_POINT('',(-0.0239939809280071,0.0167838896219945,0.0185));
#5773=CARTESIAN_POINT('',(-0.0241731201340572,0.0164026746436469,0.0192));
#5774=CARTESIAN_POINT('',(-0.0241731201340572,0.0164026746436469,0.0185));
#5775=CARTESIAN_POINT('',(-0.024335572258791,0.0159925472295273,0.0192));
#5776=CARTESIAN_POINT('',(-0.024335572258791,0.0159925472295273,0.0185));
#5777=CARTESIAN_POINT('',(-0.0243355722587908,0.0159925472295273,0.0195));
#5778=CARTESIAN_POINT('',(-0.0243355722587908,0.0159925472295273,0.0192));
#5779=CARTESIAN_POINT('',(-0.0243355722587908,0.0159925472295273,0.0192));
#5780=CARTESIAN_POINT('',(-0.0241810409409525,0.0163826777365266,0.0192));
#5781=CARTESIAN_POINT('',(-0.0240049958236829,0.0167641214069974,0.0192));
#5782=CARTESIAN_POINT('',(-0.0238007254098554,0.0171307214708441,0.0192));
#5783=CARTESIAN_POINT('',(-0.0238007254098554,0.0171307214708441,0.0192));
#5784=CARTESIAN_POINT('',(-0.0238007254098554,0.0171307214708441,0.0195));
#5785=CARTESIAN_POINT('',(-0.0243355722587908,0.0159925472295273,0.0192));
#5786=CARTESIAN_POINT('',(-0.0243355722587908,0.0159925472295273,0.0185));
#5787=CARTESIAN_POINT('',(-0.0256469630915246,0.0161859955091495,0.0192));
#5788=CARTESIAN_POINT('',(-0.0256469630915246,0.0161859955091495,0.0185));
#5789=CARTESIAN_POINT('',(-0.0279607368062645,0.0160402871698316,0.0192));
#5790=CARTESIAN_POINT('',(-0.0279607368062645,0.0160402871698316,0.0185));
#5791=CARTESIAN_POINT('',(-0.0290713759822648,0.0148679846045249,0.0192));
#5792=CARTESIAN_POINT('',(-0.0290713759822648,0.0148679846045249,0.0185));
#5793=CARTESIAN_POINT('',(-0.0292549819270568,0.0140991319802671,0.0192));
#5794=CARTESIAN_POINT('',(-0.0292549819270568,0.0140991319802671,0.0185));
#5795=CARTESIAN_POINT('',(-0.0292549819270569,0.0140991319802671,0.0195));
#5796=CARTESIAN_POINT('',(-0.0292549819270569,0.0140991319802671,0.0192));
#5797=CARTESIAN_POINT('',(-0.0292549819270569,0.0140991319802671,0.0192));
#5798=CARTESIAN_POINT('',(-0.0291416918534573,0.0145735358482249,0.0192));
#5799=CARTESIAN_POINT('',(-0.0285867803318248,0.0154228024626504,0.0192));
#5800=CARTESIAN_POINT('',(-0.0272137909783468,0.016001656799085,0.0192));
#5801=CARTESIAN_POINT('',(-0.0257736067599256,0.0161424619906782,0.0192));
#5802=CARTESIAN_POINT('',(-0.0248131236392,0.0160629926609467,0.0192));
#5803=CARTESIAN_POINT('',(-0.0243355722587908,0.0159925472295273,0.0192));
#5804=CARTESIAN_POINT('',(-0.0287142142303571,0.0127,0.0195));
#5805=CARTESIAN_POINT('',(-0.0286241065369282,0.0112027089115389,0.0195));
#5806=CARTESIAN_POINT('',(-0.0286241065369282,0.0112027089115389,0.0192));
#5807=CARTESIAN_POINT('',(-0.0287142142303571,0.0127,0.0192));
#5808=CARTESIAN_POINT('',(-0.0286241065369282,0.0112027089115389,0.0192));
#5809=CARTESIAN_POINT('',(-0.0286241065369282,0.0112027089115389,0.0185));
#5810=CARTESIAN_POINT('',(-0.0283997286122934,0.0108038674689191,0.0192));
#5811=CARTESIAN_POINT('',(-0.0283997286122934,0.0108038674689191,0.0185));
#5812=CARTESIAN_POINT('',(-0.0281235810856296,0.0103969391312654,0.0192));
#5813=CARTESIAN_POINT('',(-0.0281235810856296,0.0103969391312654,0.0185));
#5814=CARTESIAN_POINT('',(-0.0278011445175821,0.00999000000000002,0.0192));
#5815=CARTESIAN_POINT('',(-0.0278011445175821,0.00999000000000002,0.0185));
#5816=CARTESIAN_POINT('',(-0.0278011445175821,0.00999,0.0195));
#5817=CARTESIAN_POINT('',(-0.0278011445175821,0.00999,0.0192));
#5818=CARTESIAN_POINT('',(-0.0278011445175821,0.00999,0.0192));
#5819=CARTESIAN_POINT('',(-0.0281049774530455,0.0103734599516922,0.0192));
#5820=CARTESIAN_POINT('',(-0.0283841793675914,0.0107762280155338,0.0192));
#5821=CARTESIAN_POINT('',(-0.0286241065369282,0.0112027089115389,0.0192));
#5822=CARTESIAN_POINT('',(-0.0278011445175821,0.00998999999999999,0.0192));
#5823=CARTESIAN_POINT('',(-0.0278011445175821,0.00998999999999999,0.0185));
#5824=CARTESIAN_POINT('',(-0.0285103458660358,0.0090949347089272,0.0192));
#5825=CARTESIAN_POINT('',(-0.0285103458660358,0.0090949347089272,0.0185));
#5826=CARTESIAN_POINT('',(-0.0294746736349722,0.00730546319235726,0.0192));
#5827=CARTESIAN_POINT('',(-0.0294746736349722,0.00730546319235726,0.0185));
#5828=CARTESIAN_POINT('',(-0.0292859740461186,0.00513103511898042,0.0192));
#5829=CARTESIAN_POINT('',(-0.0292859740461186,0.00513103511898042,0.0185));
#5830=CARTESIAN_POINT('',(-0.027497213890299,0.00388040244466124,0.0192));
#5831=CARTESIAN_POINT('',(-0.027497213890299,0.00388040244466124,0.0185));
#5832=CARTESIAN_POINT('',(-0.0254653222131325,0.00382079903184995,0.0192));
#5833=CARTESIAN_POINT('',(-0.0254653222131325,0.00382079903184995,0.0185));
#5834=CARTESIAN_POINT('',(-0.0243355722587909,0.00398745277047271,0.0192));
#5835=CARTESIAN_POINT('',(-0.0243355722587909,0.00398745277047271,0.0185));
#5836=CARTESIAN_POINT('',(-0.0243355722587909,0.00398745277047271,0.0195));
#5837=CARTESIAN_POINT('',(-0.0243355722587909,0.00398745277047271,0.0192));
#5838=CARTESIAN_POINT('',(-0.0243355722587909,0.00398745277047271,0.0192));
#5839=CARTESIAN_POINT('',(-0.0247599446517267,0.00392485197497876,0.0192));
#5840=CARTESIAN_POINT('',(-0.025607783702014,0.00384804811896143,0.0192));
#5841=CARTESIAN_POINT('',(-0.0268952157661046,0.00393208122963826,0.0192));
#5842=CARTESIAN_POINT('',(-0.0281386977607554,0.00431566902003934,0.0192));
#5843=CARTESIAN_POINT('',(-0.0291357657695848,0.00521133718930016,0.0192));
#5844=CARTESIAN_POINT('',(-0.0294191136036324,0.00652323331664112,0.0192));
#5845=CARTESIAN_POINT('',(-0.0291324181333598,0.00779074980405508,0.0192));
#5846=CARTESIAN_POINT('',(-0.0285641401796772,0.00894868262358772,0.0192));
#5847=CARTESIAN_POINT('',(-0.0280681297380666,0.00965304462814952,0.0192));
#5848=CARTESIAN_POINT('',(-0.0278011445175821,0.00999,0.0192));
#5849=CARTESIAN_POINT('',(-0.024335572258791,0.00398745277047266,0.0192));
#5850=CARTESIAN_POINT('',(-0.024335572258791,0.00398745277047266,0.0185));
#5851=CARTESIAN_POINT('',(-0.0239150236529032,0.00292573374077715,0.0192));
#5852=CARTESIAN_POINT('',(-0.0239150236529032,0.00292573374077715,0.0185));
#5853=CARTESIAN_POINT('',(-0.0228474597446731,0.00119586563701856,0.0192));
#5854=CARTESIAN_POINT('',(-0.0228474597446731,0.00119586563701856,0.0185));
#5855=CARTESIAN_POINT('',(-0.02087,0.000272070237960988,0.0192));
#5856=CARTESIAN_POINT('',(-0.02087,0.000272070237960988,0.0185));
#5857=CARTESIAN_POINT('',(-0.0188925402553269,0.00119586563701859,0.0192));
#5858=CARTESIAN_POINT('',(-0.0188925402553269,0.00119586563701859,0.0185));
#5859=CARTESIAN_POINT('',(-0.0178249763470968,0.00292573374077721,0.0192));
#5860=CARTESIAN_POINT('',(-0.0178249763470968,0.00292573374077721,0.0185));
#5861=CARTESIAN_POINT('',(-0.017404427741209,0.00398745277047272,0.0192));
#5862=CARTESIAN_POINT('',(-0.017404427741209,0.00398745277047272,0.0185));
#5863=CARTESIAN_POINT('',(-0.0174044277412088,0.00398745277047267,0.0195));
#5864=CARTESIAN_POINT('',(-0.0174044277412088,0.00398745277047267,0.0192));
#5865=CARTESIAN_POINT('',(-0.0174044277412088,0.00398745277047267,0.0192));
#5866=CARTESIAN_POINT('',(-0.0175624000584818,0.00358863509977851,0.0192));
#5867=CARTESIAN_POINT('',(-0.0179198054932061,0.00281598301590065,0.0192));
#5868=CARTESIAN_POINT('',(-0.0186362963338564,0.00174305069809002,0.0192));
#5869=CARTESIAN_POINT('',(-0.0195902341022507,0.000857957596774454,0.0192));
#5870=CARTESIAN_POINT('',(-0.0208644394946064,0.000442305456457818,0.0192));
#5871=CARTESIAN_POINT('',(-0.0221422487850338,0.000852867097735783,0.0192));
#5872=CARTESIAN_POINT('',(-0.0230966025277136,0.00173491090184875,0.0192));
#5873=CARTESIAN_POINT('',(-0.0238152627884634,0.00280602045591482,0.0192));
#5874=CARTESIAN_POINT('',(-0.024177252957069,0.0035877591011729,0.0192));
#5875=CARTESIAN_POINT('',(-0.0243355722587909,0.00398745277047271,0.0192));
#5876=CARTESIAN_POINT('',(-0.0174044277412088,0.00398745277047267,0.0192));
#5877=CARTESIAN_POINT('',(-0.0174044277412088,0.00398745277047267,0.0185));
#5878=CARTESIAN_POINT('',(-0.0162746777868672,0.00382079903184995,0.0192));
#5879=CARTESIAN_POINT('',(-0.0162746777868672,0.00382079903184995,0.0185));
#5880=CARTESIAN_POINT('',(-0.0142427861097009,0.0038804024446613,0.0192));
#5881=CARTESIAN_POINT('',(-0.0142427861097009,0.0038804024446613,0.0185));
#5882=CARTESIAN_POINT('',(-0.0124540259538813,0.00513103511898054,0.0192));
#5883=CARTESIAN_POINT('',(-0.0124540259538813,0.00513103511898054,0.0185));
#5884=CARTESIAN_POINT('',(-0.0122653263650279,0.00730546319235735,0.0192));
#5885=CARTESIAN_POINT('',(-0.0122653263650279,0.00730546319235735,0.0185));
#5886=CARTESIAN_POINT('',(-0.0132296541339642,0.00909493470892725,0.0192));
#5887=CARTESIAN_POINT('',(-0.0132296541339642,0.00909493470892725,0.0185));
#5888=CARTESIAN_POINT('',(-0.0139388554824179,0.00999000000000001,0.0192));
#5889=CARTESIAN_POINT('',(-0.0139388554824179,0.00999000000000001,0.0185));
#5890=CARTESIAN_POINT('',(-0.013938855482418,0.00999,0.0195));
#5891=CARTESIAN_POINT('',(-0.013938855482418,0.00999,0.0192));
#5892=CARTESIAN_POINT('',(-0.013938855482418,0.00999,0.0192));
#5893=CARTESIAN_POINT('',(-0.0136724554067552,0.0096537831247998,0.0192));
#5894=CARTESIAN_POINT('',(-0.0131820217911919,0.00895793489693917,0.0192));
#5895=CARTESIAN_POINT('',(-0.0126110805677518,0.00780096946845172,0.0192));
#5896=CARTESIAN_POINT('',(-0.0123215363414953,0.00653228857673509,0.0192));
#5897=CARTESIAN_POINT('',(-0.0125986737250216,0.00522096826715768,0.0192));
#5898=CARTESIAN_POINT('',(-0.0135931351814015,0.00431963378109472,0.0192));
#5899=CARTESIAN_POINT('',(-0.0148341843943538,0.00393416109779372,0.0192));
#5900=CARTESIAN_POINT('',(-0.0161211226087861,0.00384733783232714,0.0192));
#5901=CARTESIAN_POINT('',(-0.0169791232190024,0.00392471447302334,0.0192));
#5902=CARTESIAN_POINT('',(-0.0174044277412088,0.00398745277047267,0.0192));
#5903=CARTESIAN_POINT('',(-0.0222710672223095,0.0165981405068663,0.01906));
#5904=CARTESIAN_POINT('',(-0.0135352207968474,0.0105336795531887,0.0192));
#5905=CARTESIAN_POINT('',(-0.0135355340299406,0.0105337359141023,0.0192));
#5906=CARTESIAN_POINT('',(-0.0135355340299406,0.0105337359141023,0.0192));
#5907=CARTESIAN_POINT('',(-0.0136638516262386,0.0103480300269511,0.0192));
#5908=CARTESIAN_POINT('',(-0.0137986749955461,0.0101669182878153,0.0192));
#5909=CARTESIAN_POINT('',(-0.013938855482418,0.00999,0.0192));
#5910=CARTESIAN_POINT('',(-0.0132697439836848,0.01201,0.0195));
#5911=CARTESIAN_POINT('',(-0.0124250846265649,0.0132495767706882,0.0195));
#5912=CARTESIAN_POINT('',(-0.0124250846265649,0.0132495767706882,0.0192));
#5913=CARTESIAN_POINT('',(-0.0132697439836848,0.01201,0.0192));
#5914=CARTESIAN_POINT('',(-0.0124250846265649,0.0132495767706882,0.0192));
#5915=CARTESIAN_POINT('',(-0.0124250846265649,0.0132495767706882,0.0185));
#5916=CARTESIAN_POINT('',(-0.0123461606833147,0.0142789676269257,0.0192));
#5917=CARTESIAN_POINT('',(-0.0123461606833147,0.0142789676269257,0.0185));
#5918=CARTESIAN_POINT('',(-0.0132248311605931,0.0159352227297209,0.0192));
#5919=CARTESIAN_POINT('',(-0.0132248311605931,0.0159352227297209,0.0185));
#5920=CARTESIAN_POINT('',(-0.0158682126527895,0.0162191601953698,0.0192));
#5921=CARTESIAN_POINT('',(-0.0158682126527895,0.0162191601953698,0.0185));
#5922=CARTESIAN_POINT('',(-0.0174044277412088,0.0159925472295273,0.0192));
#5923=CARTESIAN_POINT('',(-0.0174044277412088,0.0159925472295273,0.0185));
#5924=CARTESIAN_POINT('',(-0.0174044277412088,0.0159925472295274,0.0195));
#5925=CARTESIAN_POINT('',(-0.0174044277412088,0.0159925472295274,0.0192));
#5926=CARTESIAN_POINT('',(-0.0174044277412088,0.0159925472295274,0.0192));
#5927=CARTESIAN_POINT('',(-0.0168562460901145,0.0160734116024341,0.0192));
#5928=CARTESIAN_POINT('',(-0.0157517916295012,0.0161520329395509,0.0192));
#5929=CARTESIAN_POINT('',(-0.0140994055303184,0.0159239656389163,0.0192));
#5930=CARTESIAN_POINT('',(-0.0126222365875081,0.0149637659359236,0.0192));
#5931=CARTESIAN_POINT('',(-0.012382403347412,0.0138062610503022,0.0192));
#5932=CARTESIAN_POINT('',(-0.0124250846265649,0.0132495767706882,0.0192));
#5933=CARTESIAN_POINT('',(-0.017404427741209,0.0159925472295273,0.0192));
#5934=CARTESIAN_POINT('',(-0.017404427741209,0.0159925472295273,0.0185));
#5935=CARTESIAN_POINT('',(-0.0179159320359203,0.0172838934279519,0.0192));
#5936=CARTESIAN_POINT('',(-0.0179159320359203,0.0172838934279519,0.0185));
#5937=CARTESIAN_POINT('',(-0.0192763438679118,0.0192788549171201,0.0192));
#5938=CARTESIAN_POINT('',(-0.0192763438679118,0.0192788549171201,0.0185));
#5939=CARTESIAN_POINT('',(-0.0209329645628521,0.0195473202709573,0.0192));
#5940=CARTESIAN_POINT('',(-0.0209329645628521,0.0195473202709573,0.0185));
#5941=CARTESIAN_POINT('',(-0.0217203851316368,0.0192304486189089,0.0192));
#5942=CARTESIAN_POINT('',(-0.0217203851316368,0.0192304486189089,0.0185));
#5943=CARTESIAN_POINT('',(-0.0217203851316368,0.0192304486189088,0.0195));
#5944=CARTESIAN_POINT('',(-0.0217203851316368,0.0192304486189088,0.0192));
#5945=CARTESIAN_POINT('',(-0.0217203851316368,0.0192304486189088,0.0192));
#5946=CARTESIAN_POINT('',(-0.0212506292641658,0.0194194865024565,0.0192));
#5947=CARTESIAN_POINT('',(-0.020194156972391,0.0194697475670388,0.0192));
#5948=CARTESIAN_POINT('',(-0.0189069335063855,0.0185772063604948,0.0192));
#5949=CARTESIAN_POINT('',(-0.0180186975191001,0.0173620053962875,0.0192));
#5950=CARTESIAN_POINT('',(-0.017589201084277,0.0164590268986294,0.0192));
#5951=CARTESIAN_POINT('',(-0.0174044277412088,0.0159925472295274,0.0192));
#5952=CARTESIAN_POINT('',(-0.0103173925853538,0.0107034124544639,0.0194999999999998));
#5953=CARTESIAN_POINT('',(-0.023678248176075,0.014854028521216,0.0192));
#5954=CARTESIAN_POINT('',(-0.0236780284962067,0.0148536480495413,0.0192));
#5955=CARTESIAN_POINT('',(-0.0236780284962067,0.0148536480495413,0.0185));
#5956=CARTESIAN_POINT('',(-0.0236780284962067,0.0148536480495413,0.0192));
#5957=CARTESIAN_POINT('',(-0.023837357992203,0.0143459958807579,0.0192));
#5958=CARTESIAN_POINT('',(-0.0239639862124291,0.013828340657859,0.0192));
#5959=CARTESIAN_POINT('',(-0.0240642509388234,0.0133057772413005,0.0192));
#5960=CARTESIAN_POINT('',(-0.0240642509388234,0.0133057772413005,0.0192));
#5961=CARTESIAN_POINT('',(-0.0240639006209197,0.0133060251182708,0.0192));
#5962=CARTESIAN_POINT('',(-0.0240639006209197,0.0133060251182708,0.0185));
#5963=CARTESIAN_POINT('',(-0.0103173925853538,0.0107034124544639,0.0185));
#5964=CARTESIAN_POINT('',(-0.0267641370153946,0.00120788013288303,0.0194999999999992));
#5965=CARTESIAN_POINT('',(-0.0221448352361888,0.0144140198730821,0.0192));
#5966=CARTESIAN_POINT('',(-0.0221444218548465,0.0144141910797343,0.0192));
#5967=CARTESIAN_POINT('',(-0.0221448352361888,0.0144140198730821,0.0185));
#5968=CARTESIAN_POINT('',(-0.0221444218548446,0.0144141910797337,0.0192));
#5969=CARTESIAN_POINT('',(-0.022647106460054,0.0145886406575377,0.0192));
#5970=CARTESIAN_POINT('',(-0.0231586894118187,0.0147377976059616,0.0192));
#5971=CARTESIAN_POINT('',(-0.0236780284998906,0.0148536480330266,0.0192));
#5972=CARTESIAN_POINT('',(-0.0267641370153946,0.00120788013288303,0.0185));
#5973=CARTESIAN_POINT('',(-0.0246703431588393,0.0150292694611731,0.0192));
#5974=CARTESIAN_POINT('',(-0.0246703431588393,0.0150292694611731,0.0185));
#5975=CARTESIAN_POINT('',(-0.0256482651982336,0.0151543871209226,0.0192));
#5976=CARTESIAN_POINT('',(-0.0256482651982336,0.0151543871209226,0.0185));
#5977=CARTESIAN_POINT('',(-0.0269115254249298,0.0150701816180532,0.0192));
#5978=CARTESIAN_POINT('',(-0.0269115254249298,0.0150701816180532,0.0185));
#5979=CARTESIAN_POINT('',(-0.0278324679931801,0.0146089516406473,0.0192));
#5980=CARTESIAN_POINT('',(-0.0278324679931801,0.0146089516406473,0.0185));
#5981=CARTESIAN_POINT('',(-0.0280673909087516,0.0143437491888142,0.0192));
#5982=CARTESIAN_POINT('',(-0.0280673909087516,0.0143437491888142,0.0185));
#5983=CARTESIAN_POINT('',(-0.0281532718811732,0.0141949989811766,0.0192));
#5984=CARTESIAN_POINT('',(-0.0281532718811732,0.0141949989811766,0.0185));
#5985=CARTESIAN_POINT('',(-0.0246703431588393,0.0150292694611731,0.0195));
#5986=CARTESIAN_POINT('',(-0.0246703431588393,0.0150292694611731,0.0192));
#5987=CARTESIAN_POINT('',(-0.0246703431596088,0.0150292694614064,0.0185));
#5988=CARTESIAN_POINT('',(-0.0246703431588393,0.0150292694611731,0.0192));
#5989=CARTESIAN_POINT('',(-0.0252922323708962,0.0151088354385226,0.0192));
#5990=CARTESIAN_POINT('',(-0.026236769061444,0.0151449486279401,0.0192));
#5991=CARTESIAN_POINT('',(-0.0274602801525653,0.014849515629649,0.0192));
#5992=CARTESIAN_POINT('',(-0.0279941927892075,0.0144705320508829,0.0192));
#5993=CARTESIAN_POINT('',(-0.0281532718811733,0.0141949989811766,0.0192));
#5994=CARTESIAN_POINT('',(-0.0281532718811732,0.0141949989811766,0.0192));
#5995=CARTESIAN_POINT('',(-0.0281532718811732,0.0141949989811766,0.0195));
#5996=CARTESIAN_POINT('',(-0.0281532718811732,0.0141949989811766,0.0185));
#5997=CARTESIAN_POINT('',(-0.0246703431588393,0.0150292694611731,0.0185));
#5998=CARTESIAN_POINT('',(-0.0248234271014849,0.0150488553830334,0.0185));
#5999=CARTESIAN_POINT('',(-0.02519334231582,0.0150869924307602,0.0185));
#6000=CARTESIAN_POINT('',(-0.0257462383783149,0.0151078655865011,0.0185));
#6001=CARTESIAN_POINT('',(-0.0262143228871663,0.0150846486233746,0.0185));
#6002=CARTESIAN_POINT('',(-0.0265563328521775,0.0150422708660973,0.0185));
#6003=CARTESIAN_POINT('',(-0.0268753159013311,0.0149849094143587,0.0185));
#6004=CARTESIAN_POINT('',(-0.0272250177509284,0.0148880767487847,0.0185));
#6005=CARTESIAN_POINT('',(-0.0275649891386491,0.0147408589076399,0.0185));
#6006=CARTESIAN_POINT('',(-0.0278272494074003,0.0145730068779573,0.0185));
#6007=CARTESIAN_POINT('',(-0.0280206656249807,0.0143926537771934,0.0185));
#6008=CARTESIAN_POINT('',(-0.0281136923474021,0.014263552744608,0.0185));
#6009=CARTESIAN_POINT('',(-0.0281532718811732,0.0141949989811766,0.0185));
#6010=CARTESIAN_POINT('',(-0.024670343159609,0.0150292694614065,0.0192));
#6011=CARTESIAN_POINT('',(-0.024670343159609,0.0150292694614065,0.0185));
#6012=CARTESIAN_POINT('',(-0.024907906965735,0.0142458586907842,0.0192));
#6013=CARTESIAN_POINT('',(-0.024907906965735,0.0142458586907842,0.0185));
#6014=CARTESIAN_POINT('',(-0.0250896424377981,0.0133885587980296,0.0192));
#6015=CARTESIAN_POINT('',(-0.0250896424377981,0.0133885587980296,0.0185));
#6016=CARTESIAN_POINT('',(-0.0252077049649586,0.0124943751291842,0.0192));
#6017=CARTESIAN_POINT('',(-0.0252077049649586,0.0124943751291842,0.0185));
#6018=CARTESIAN_POINT('',(-0.0252077049649584,0.0124943751291842,0.0195));
#6019=CARTESIAN_POINT('',(-0.0252077049649584,0.0124943751291842,0.0192));
#6020=CARTESIAN_POINT('',(-0.0252077049649584,0.0124943751291842,0.0185));
#6021=CARTESIAN_POINT('',(-0.0252077049649584,0.0124943751291842,0.0192));
#6022=CARTESIAN_POINT('',(-0.0250944780885967,0.0133519344763547,0.0192));
#6023=CARTESIAN_POINT('',(-0.0249213940335348,0.0142013825799197,0.0192));
#6024=CARTESIAN_POINT('',(-0.0246703431596088,0.0150292694614064,0.0192));
#6025=CARTESIAN_POINT('',(-0.02087,0.00999,0.0185));
#6026=CARTESIAN_POINT('',(-0.0252077049649583,0.0124943751291842,0.0192));
#6027=CARTESIAN_POINT('',(-0.0252077049649583,0.0124943751291842,0.0185));
#6028=CARTESIAN_POINT('',(-0.0259230594742475,0.0119450381470055,0.0192));
#6029=CARTESIAN_POINT('',(-0.0259230594742475,0.0119450381470055,0.0185));
#6030=CARTESIAN_POINT('',(-0.0265746352240033,0.0113590006650526,0.0192));
#6031=CARTESIAN_POINT('',(-0.0265746352240033,0.0113590006650526,0.0185));
#6032=CARTESIAN_POINT('',(-0.0271343069498977,0.0107615589886165,0.0192));
#6033=CARTESIAN_POINT('',(-0.0271343069498977,0.0107615589886165,0.0185));
#6034=CARTESIAN_POINT('',(-0.0271343069498049,0.0107615589887156,0.0195));
#6035=CARTESIAN_POINT('',(-0.0271343069498049,0.0107615589887156,0.0192));
#6036=CARTESIAN_POINT('',(-0.0271343069493108,0.0107615589880668,0.0185));
#6037=CARTESIAN_POINT('',(-0.0271343069498049,0.0107615589887156,0.0192));
#6038=CARTESIAN_POINT('',(-0.0265427659089542,0.0113930207095211,0.0192));
#6039=CARTESIAN_POINT('',(-0.0258938467668453,0.0119674712487994,0.0192));
#6040=CARTESIAN_POINT('',(-0.0252077049649584,0.0124943751291842,0.0192));
#6041=CARTESIAN_POINT('',(-0.02087,0.00999,0.0185));
#6042=CARTESIAN_POINT('',(-0.0205563747016126,0.0158090955884823,0.0195000000000004));
#6043=CARTESIAN_POINT('',(-0.0276977722663715,0.0115968926850377,0.0192));
#6044=CARTESIAN_POINT('',(-0.0276975522962507,0.011597095446317,0.0192));
#6045=CARTESIAN_POINT('',(-0.0276977722694396,0.011596892685491,0.0185));
#6046=CARTESIAN_POINT('',(-0.0276975522962507,0.011597095446317,0.0192));
#6047=CARTESIAN_POINT('',(-0.0275280061216066,0.0113068643392691,0.0192));
#6048=CARTESIAN_POINT('',(-0.0273379470934968,0.0110289625227803,0.0192));
#6049=CARTESIAN_POINT('',(-0.0271343069498049,0.0107615589887156,0.0192));
#6050=CARTESIAN_POINT('',(-0.0205563747016126,0.0158090955884823,0.0185));
#6051=CARTESIAN_POINT('',(-0.0287142142303571,0.0127,0.0195));
#6052=CARTESIAN_POINT('',(-0.0281984613935326,0.0141085449979704,0.0195));
#6053=CARTESIAN_POINT('',(-0.0281984613935326,0.0141085449979704,0.0192));
#6054=CARTESIAN_POINT('',(-0.0281984614001444,0.0141085449839084,0.0185));
#6055=CARTESIAN_POINT('',(-0.0287142142303571,0.0127,0.0192));
#6056=CARTESIAN_POINT('',(-0.0287142142303571,0.0127,0.0185));
#6057=CARTESIAN_POINT('',(-0.0252077049649586,0.00748562487081579,0.0192));
#6058=CARTESIAN_POINT('',(-0.0252077049649586,0.00748562487081579,0.0185));
#6059=CARTESIAN_POINT('',(-0.0250896424378046,0.00659144120201983,0.0192));
#6060=CARTESIAN_POINT('',(-0.0250896424378046,0.00659144120201983,0.0185));
#6061=CARTESIAN_POINT('',(-0.0249079069657551,0.00573414130931051,0.0192));
#6062=CARTESIAN_POINT('',(-0.0249079069657551,0.00573414130931051,0.0185));
#6063=CARTESIAN_POINT('',(-0.0246703431596484,0.00495073053872334,0.0192));
#6064=CARTESIAN_POINT('',(-0.0246703431596484,0.00495073053872334,0.0185));
#6065=CARTESIAN_POINT('',(-0.0246703431596483,0.00495073053872337,0.0192));
#6066=CARTESIAN_POINT('',(-0.0249214345309579,0.00577875096788373,0.0192));
#6067=CARTESIAN_POINT('',(-0.025094463720136,0.00662795669959111,0.0192));
#6068=CARTESIAN_POINT('',(-0.0252077049649584,0.00748562487081581,0.0192));
#6069=CARTESIAN_POINT('',(-0.02087,0.00999,0.0185));
#6070=CARTESIAN_POINT('',(-0.0133028423656801,0.0230970198295441,0.01906));
#6071=CARTESIAN_POINT('',(-0.0221444218548465,0.00556580892026565,0.0192));
#6072=CARTESIAN_POINT('',(-0.0228047921127728,0.00589871228744583,0.0192));
#6073=CARTESIAN_POINT('',(-0.0234457630361494,0.00626877702258189,0.0192));
#6074=CARTESIAN_POINT('',(-0.0240642509381137,0.0066742227582326,0.0192));
#6075=CARTESIAN_POINT('',(-0.0133028423656801,0.0230970198295441,0.0185));
#6076=CARTESIAN_POINT('',(-0.0233339637862625,0.00417917154070334,0.0192));
#6077=CARTESIAN_POINT('',(-0.0233339637862625,0.00417917154070334,0.0185));
#6078=CARTESIAN_POINT('',(-0.0229533578385064,0.0032697073849912,0.0192));
#6079=CARTESIAN_POINT('',(-0.0229533578385064,0.0032697073849912,0.0185));
#6080=CARTESIAN_POINT('',(-0.0222488036215823,0.00221779469268726,0.0192));
#6081=CARTESIAN_POINT('',(-0.0222488036215823,0.00221779469268726,0.0185));
#6082=CARTESIAN_POINT('',(-0.021388895462075,0.0016508500243056,0.0192));
#6083=CARTESIAN_POINT('',(-0.021388895462075,0.0016508500243056,0.0185));
#6084=CARTESIAN_POINT('',(-0.0210417619445264,0.00158000203764683,0.0192));
#6085=CARTESIAN_POINT('',(-0.0210417619445264,0.00158000203764683,0.0185));
#6086=CARTESIAN_POINT('',(-0.02087,0.00158000203764682,0.0192));
#6087=CARTESIAN_POINT('',(-0.02087,0.00158000203764682,0.0185));
#6088=CARTESIAN_POINT('',(-0.0233339637862625,0.00417917154070334,0.0192));
#6089=CARTESIAN_POINT('',(-0.0230919253379445,0.00360081669799215,0.0192));
#6090=CARTESIAN_POINT('',(-0.0226509319325672,0.00276476733755059,0.0192));
#6091=CARTESIAN_POINT('',(-0.0217833239066848,0.00185289215350402,0.0192));
#6092=CARTESIAN_POINT('',(-0.0211881581830286,0.00158000203764684,0.0192));
#6093=CARTESIAN_POINT('',(-0.02087,0.00158000203764682,0.0192));
#6094=CARTESIAN_POINT('',(-0.0233339637862625,0.00417917154070334,0.0185));
#6095=CARTESIAN_POINT('',(-0.0232743837221417,0.00403680400012125,0.0185));
#6096=CARTESIAN_POINT('',(-0.0231224537684827,0.00369737950694265,0.0185));
#6097=CARTESIAN_POINT('',(-0.0228640824219065,0.00320812089622004,0.0185));
#6098=CARTESIAN_POINT('',(-0.0226099336876145,0.00281435630200011,0.0185));
#6099=CARTESIAN_POINT('',(-0.0224022284907514,0.00253935586259154,0.0185));
#6100=CARTESIAN_POINT('',(-0.0221930604917709,0.00229178916451727,0.0185));
#6101=CARTESIAN_POINT('',(-0.021934350018669,0.00203735481180252,0.0185));
#6102=CARTESIAN_POINT('',(-0.021636869934487,0.00181653987404898,0.0185));
#6103=CARTESIAN_POINT('',(-0.0213603756783296,0.00167334183374842,0.0185));
#6104=CARTESIAN_POINT('',(-0.0211074772026265,0.00159601502620192,0.0185));
#6105=CARTESIAN_POINT('',(-0.0209491590675421,0.00158000203764682,0.0185));
#6106=CARTESIAN_POINT('',(-0.02087,0.00158000203764682,0.0185));
#6107=CARTESIAN_POINT('',(-0.0149758629787291,0.0187721198865753,0.0195000000000001));
#6108=CARTESIAN_POINT('',(-0.0195955781440024,0.00556580891986615,0.0192));
#6109=CARTESIAN_POINT('',(-0.019092893538504,0.00539135934200576,0.0192));
#6110=CARTESIAN_POINT('',(-0.0185813105864382,0.005242202393556,0.0192));
#6111=CARTESIAN_POINT('',(-0.0180619714980618,0.00512635196651661,0.0192));
#6112=CARTESIAN_POINT('',(-0.0149758629787291,0.0187721198865753,0.0185));
#6113=CARTESIAN_POINT('',(-0.0283059686129501,-0.00287184845568153,0.0195000000000007));
#6114=CARTESIAN_POINT('',(-0.01912,0.0130210889132455,0.0192));
#6115=CARTESIAN_POINT('',(-0.0196870151388851,0.0133484552563154,0.0192));
#6116=CARTESIAN_POINT('',(-0.0202711322021477,0.0136463144219523,0.0192));
#6117=CARTESIAN_POINT('',(-0.02087,0.0139110998459888,0.0192));
#6118=CARTESIAN_POINT('',(-0.0283059686129501,-0.00287184845568153,0.0185));
#6119=CARTESIAN_POINT('',(-0.0360045909574514,0.00998984083099034,0.01906));
#6120=CARTESIAN_POINT('',(-0.0164013272063302,0.0110984138384319,0.0192));
#6121=CARTESIAN_POINT('',(-0.0163594448503504,0.0103600647355739,0.0192));
#6122=CARTESIAN_POINT('',(-0.0163594448503347,0.00961993526527462,0.0192));
#6123=CARTESIAN_POINT('',(-0.0164013272062821,0.00888158616241484,0.0192));
#6124=CARTESIAN_POINT('',(-0.0360045909574514,0.00998984083099034,0.0185));
#6125=CARTESIAN_POINT('',(-0.0165322950350413,0.00748562487081602,0.0192));
#6126=CARTESIAN_POINT('',(-0.0165322950350413,0.00748562487081602,0.0185));
#6127=CARTESIAN_POINT('',(-0.0158169405257918,0.00803496185296431,0.0192));
#6128=CARTESIAN_POINT('',(-0.0158169405257918,0.00803496185296431,0.0185));
#6129=CARTESIAN_POINT('',(-0.0151653647760686,0.00862099933488264,0.0192));
#6130=CARTESIAN_POINT('',(-0.0151653647760686,0.00862099933488264,0.0185));
#6131=CARTESIAN_POINT('',(-0.0146056930501951,0.00921844101128438,0.0192));
#6132=CARTESIAN_POINT('',(-0.0146056930501951,0.00921844101128438,0.0185));
#6133=CARTESIAN_POINT('',(-0.0146056930501951,0.00921844101128438,0.0192));
#6134=CARTESIAN_POINT('',(-0.0151972340910457,0.00858697929047898,0.0192));
#6135=CARTESIAN_POINT('',(-0.0158461532331546,0.00801252875120073,0.0192));
#6136=CARTESIAN_POINT('',(-0.0165322950350414,0.00748562487081602,0.0192));
#6137=CARTESIAN_POINT('',(-0.02087,0.00999,0.0185));
#6138=CARTESIAN_POINT('',(-0.0219538367321132,0.0163614234380676,0.0195));
#6139=CARTESIAN_POINT('',(-0.0146056930440842,0.01076155899674,0.0192));
#6140=CARTESIAN_POINT('',(-0.0145379170671826,0.0108505568507914,0.0192));
#6141=CARTESIAN_POINT('',(-0.0144716798895228,0.0109407256468196,0.0192));
#6142=CARTESIAN_POINT('',(-0.014407182263518,0.0110321277386233,0.0192));
#6143=CARTESIAN_POINT('',(-0.0219533162776225,0.0163604666897374,0.0184999999999969));
#6144=CARTESIAN_POINT('',(-0.0149758629787077,0.00120788011335324,0.0195000000000003));
#6145=CARTESIAN_POINT('',(-0.0180619714981243,0.0148536480334694,0.0192));
#6146=CARTESIAN_POINT('',(-0.0185812759146944,0.0147378053407643,0.0192));
#6147=CARTESIAN_POINT('',(-0.0190928925925084,0.014588640986289,0.0192));
#6148=CARTESIAN_POINT('',(-0.0195955781440024,0.0144141910801338,0.0192));
#6149=CARTESIAN_POINT('',(-0.0149758629787077,0.00120788011335324,0.0185));
#6150=CARTESIAN_POINT('',(-0.0184060362097112,0.0158008284500231,0.0192));
#6151=CARTESIAN_POINT('',(-0.0184060362097112,0.0158008284500231,0.0185));
#6152=CARTESIAN_POINT('',(-0.0192032717417316,0.0156148593558367,0.0192));
#6153=CARTESIAN_POINT('',(-0.0192032717417316,0.0156148593558367,0.0185));
#6154=CARTESIAN_POINT('',(-0.0200365829635504,0.0153435969450348,0.0192));
#6155=CARTESIAN_POINT('',(-0.0200365829635504,0.0153435969450348,0.0185));
#6156=CARTESIAN_POINT('',(-0.02087,0.0149987502583681,0.0192));
#6157=CARTESIAN_POINT('',(-0.02087,0.0149987502583681,0.0185));
#6158=CARTESIAN_POINT('',(-0.02087,0.0149987502583681,0.0192));
#6159=CARTESIAN_POINT('',(-0.0200707183819166,0.0153294725806329,0.0192));
#6160=CARTESIAN_POINT('',(-0.0192485327175018,0.0156043014437419,0.0192));
#6161=CARTESIAN_POINT('',(-0.0184060362097113,0.0158008284500231,0.0192));
#6162=CARTESIAN_POINT('',(-0.02087,0.00999,0.0185));
#6163=CARTESIAN_POINT('',(-0.0225782873383161,0.018,0.0195));
#6164=CARTESIAN_POINT('',(-0.0225782873383161,0.018,0.0192));
#6165=CARTESIAN_POINT('',(-0.0133025666769241,-0.00311686066043514,0.01906));
#6166=CARTESIAN_POINT('',(-0.0240642509388242,0.0133057772413017,0.0192));
#6167=CARTESIAN_POINT('',(-0.0234457630366406,0.0137112229771349,0.0192));
#6168=CARTESIAN_POINT('',(-0.0228047921130259,0.0140812877124266,0.0192));
#6169=CARTESIAN_POINT('',(-0.0221444218548465,0.0144141910797343,0.0192));
#6170=CARTESIAN_POINT('',(-0.0133025666769241,-0.00311686066043514,0.0185));
#6171=CARTESIAN_POINT('',(-0.027149711147677,0.013615382093065,0.0195));
#6172=CARTESIAN_POINT('',(-0.0281532718811732,0.0141949989811766,0.0192));
#6173=CARTESIAN_POINT('',(-0.0281695350381924,0.0141668303669279,0.0192));
#6174=CARTESIAN_POINT('',(-0.0281846204662346,0.0141379814898204,0.0192));
#6175=CARTESIAN_POINT('',(-0.0281984613935326,0.0141085449979704,0.0192));
#6176=CARTESIAN_POINT('',(-0.0271494157422716,0.013615245924623,0.0184999999999988));
#6177=CARTESIAN_POINT('',(-0.0162115296036985,0.000494467677728799,0.0194999999999992));
#6178=CARTESIAN_POINT('',(-0.0253386727936679,0.0110984138384336,0.0192));
#6179=CARTESIAN_POINT('',(-0.0257410928676476,0.0107503009845331,0.0192));
#6180=CARTESIAN_POINT('',(-0.026126058054886,0.0103818356212417,0.0192));
#6181=CARTESIAN_POINT('',(-0.0264860570158808,0.00998999998552728,0.0192));
#6182=CARTESIAN_POINT('',(-0.0162115296036985,0.000494467677728799,0.0185));
#6183=CARTESIAN_POINT('',(-0.02497,0.01394,0.0195));
#6184=CARTESIAN_POINT('',(-0.0245498418327392,0.00786544232694813,0.0195));
#6185=CARTESIAN_POINT('',(-0.0246258441733531,0.00857105406203957,0.0195));
#6186=CARTESIAN_POINT('',(-0.02467,0.00928025518620566,0.0195));
#6187=CARTESIAN_POINT('',(-0.02467,0.00999,0.0195));
#6188=CARTESIAN_POINT('',(-0.0245498418327392,0.00786544232694813,0.0195));
#6189=CARTESIAN_POINT('',(-0.02467,0.00999,0.0195));
#6190=CARTESIAN_POINT('',(-0.02467,0.00999,0.0195));
#6191=CARTESIAN_POINT('',(-0.02467,0.0106997374929032,0.0195));
#6192=CARTESIAN_POINT('',(-0.0246258478765527,0.0114089115473794,0.0195));
#6193=CARTESIAN_POINT('',(-0.0245498418330021,0.0121145576728598,0.0195));
#6194=CARTESIAN_POINT('',(-0.0245498418330021,0.0121145576728598,0.0195));
#6195=CARTESIAN_POINT('',(-0.0245498418330021,0.0121145576728598,0.0195));
#6196=CARTESIAN_POINT('',(-0.0239767653148168,0.0125331834970335,0.0195));
#6197=CARTESIAN_POINT('',(-0.023384657038887,0.0129260241275204,0.0195));
#6198=CARTESIAN_POINT('',(-0.02277,0.0132808965343809,0.0195));
#6199=CARTESIAN_POINT('',(-0.02277,0.0132808965343809,0.0195));
#6200=CARTESIAN_POINT('',(-0.02277,0.0132808965343809,0.0195));
#6201=CARTESIAN_POINT('',(-0.022155349301065,0.0136357652808687,0.0195));
#6202=CARTESIAN_POINT('',(-0.0215191104928052,0.0139521154485181,0.0195));
#6203=CARTESIAN_POINT('',(-0.0208699999997118,0.0142391153455909,0.0195));
#6204=CARTESIAN_POINT('',(-0.0208699999997118,0.0142391153455909,0.0195));
#6205=CARTESIAN_POINT('',(-0.0208699999997118,0.0142391153455909,0.0195));
#6206=CARTESIAN_POINT('',(-0.0202209211422994,0.0139521294346613,0.0195));
#6207=CARTESIAN_POINT('',(-0.0195846570387961,0.013635768941189,0.0195));
#6208=CARTESIAN_POINT('',(-0.01897,0.0132808965343809,0.0195));
#6209=CARTESIAN_POINT('',(-0.01897,0.0132808965343809,0.0195));
#6210=CARTESIAN_POINT('',(-0.01897,0.0132808965343809,0.0195));
#6211=CARTESIAN_POINT('',(-0.0183553493010649,0.012926027787893,0.0195));
#6212=CARTESIAN_POINT('',(-0.0177632626152591,0.0125332039008911,0.0195));
#6213=CARTESIAN_POINT('',(-0.0171901581669637,0.0121145576725457,0.0195));
#6214=CARTESIAN_POINT('',(-0.0171901581669637,0.0121145576725457,0.0195));
#6215=CARTESIAN_POINT('',(-0.0171901581669637,0.0121145576725457,0.0195));
#6216=CARTESIAN_POINT('',(-0.0171141558276508,0.0114089459375024,0.0195));
#6217=CARTESIAN_POINT('',(-0.01707,0.0106997448136163,0.0195));
#6218=CARTESIAN_POINT('',(-0.01707,0.00999,0.0195));
#6219=CARTESIAN_POINT('',(-0.01707,0.00999,0.0195));
#6220=CARTESIAN_POINT('',(-0.01707,0.00999,0.0195));
#6221=CARTESIAN_POINT('',(-0.01707,0.00928026250712431,0.0195));
#6222=CARTESIAN_POINT('',(-0.0171141521223591,0.00857108845256416,0.0195));
#6223=CARTESIAN_POINT('',(-0.0171901581672367,0.00786544232725484,0.0195));
#6224=CARTESIAN_POINT('',(-0.0171901581672367,0.00786544232725484,0.0195));
#6225=CARTESIAN_POINT('',(-0.0171901581672367,0.00786544232725484,0.0195));
#6226=CARTESIAN_POINT('',(-0.0177632346846585,0.00744681650209177,0.0195));
#6227=CARTESIAN_POINT('',(-0.0183553429611496,0.00705397587245874,0.0195));
#6228=CARTESIAN_POINT('',(-0.01897,0.00669910346561912,0.0195));
#6229=CARTESIAN_POINT('',(-0.01897,0.00669910346561912,0.0195));
#6230=CARTESIAN_POINT('',(-0.01897,0.00669910346561912,0.0195));
#6231=CARTESIAN_POINT('',(-0.0195846506987781,0.00634423471922197,0.0195));
#6232=CARTESIAN_POINT('',(-0.0202208895072787,0.00602788455255511,0.0195));
#6233=CARTESIAN_POINT('',(-0.0208699999997018,0.00574088465441311,0.0195));
#6234=CARTESIAN_POINT('',(-0.0208699999997018,0.00574088465441311,0.0195));
#6235=CARTESIAN_POINT('',(-0.0208699999997018,0.00574088465441311,0.0195));
#6236=CARTESIAN_POINT('',(-0.0215190788578063,0.00602787056424014,0.0195));
#6237=CARTESIAN_POINT('',(-0.02215534296105,0.00634423105872189,0.0195));
#6238=CARTESIAN_POINT('',(-0.02277,0.00669910346561913,0.0195));
#6239=CARTESIAN_POINT('',(-0.02277,0.00669910346561913,0.0195));
#6240=CARTESIAN_POINT('',(-0.02277,0.00669910346561913,0.0195));
#6241=CARTESIAN_POINT('',(-0.0233846506987782,0.00705397221201609,0.0195));
#6242=CARTESIAN_POINT('',(-0.0239767373838533,0.00744679609971769,0.0195));
#6243=CARTESIAN_POINT('',(-0.0245498418327392,0.00786544232694813,0.0195));
#6244=CARTESIAN_POINT('',(-0.0167555062894995,0.00817853321600434,0.0195));
#6245=CARTESIAN_POINT('',(-0.016640622745113,0.00938344567169376,0.0195));
#6246=CARTESIAN_POINT('',(-0.016640622745113,0.0105965543283063,0.0195));
#6247=CARTESIAN_POINT('',(-0.0167555062894995,0.0118014667839957,0.0195));
#6248=CARTESIAN_POINT('',(-0.0167555062894995,0.00817853321600434,0.0195));
#6249=CARTESIAN_POINT('',(-0.0167555062894995,0.0118014667839957,0.0195));
#6250=CARTESIAN_POINT('',(-0.0167555062894996,0.0118014667839957,0.0195));
#6251=CARTESIAN_POINT('',(-0.0164234780262819,0.0115142462555574,0.0195));
#6252=CARTESIAN_POINT('',(-0.0157501923302673,0.0109491816298235,0.0195));
#6253=CARTESIAN_POINT('',(-0.0151435547967791,0.0103132706519198,0.0195));
#6254=CARTESIAN_POINT('',(-0.0148465499088127,0.00998999999988896,0.0195));
#6255=CARTESIAN_POINT('',(-0.0148465499088127,0.00998999999988896,0.0195));
#6256=CARTESIAN_POINT('',(-0.0148465499088127,0.00998999999988896,0.0195));
#6257=CARTESIAN_POINT('',(-0.0151435430200323,0.00966674216644056,0.0195));
#6258=CARTESIAN_POINT('',(-0.0157501847519027,0.00903082463630801,0.0195));
#6259=CARTESIAN_POINT('',(-0.0164234754052756,0.00846575601173925,0.0195));
#6260=CARTESIAN_POINT('',(-0.0167555062894995,0.00817853321600434,0.0195));
#6261=CARTESIAN_POINT('',(-0.0249844937105079,0.011801466783914,0.0195));
#6262=CARTESIAN_POINT('',(-0.0250993772548839,0.0105965543282787,0.0195));
#6263=CARTESIAN_POINT('',(-0.0250993772548839,0.00938344567172137,0.0195));
#6264=CARTESIAN_POINT('',(-0.0249844937105079,0.00817853321608605,0.0195));
#6265=CARTESIAN_POINT('',(-0.0249844937105079,0.011801466783914,0.0195));
#6266=CARTESIAN_POINT('',(-0.0249844937105079,0.00817853321608605,0.0195));
#6267=CARTESIAN_POINT('',(-0.0249844937105079,0.00817853321608605,0.0195));
#6268=CARTESIAN_POINT('',(-0.0253165219736895,0.00846575374444745,0.0195));
#6269=CARTESIAN_POINT('',(-0.0259898076695563,0.00903081837010109,0.0195));
#6270=CARTESIAN_POINT('',(-0.0265964452030908,0.00966672934774799,0.0195));
#6271=CARTESIAN_POINT('',(-0.0268934500907492,0.00998999999995551,0.0195));
#6272=CARTESIAN_POINT('',(-0.0268934500907492,0.00998999999995552,0.0195));
#6273=CARTESIAN_POINT('',(-0.0268934500907492,0.00998999999995552,0.0195));
#6274=CARTESIAN_POINT('',(-0.0265964569800594,0.0103132578338346,0.0195));
#6275=CARTESIAN_POINT('',(-0.0259898152479644,0.0109491753636511,0.0195));
#6276=CARTESIAN_POINT('',(-0.0253165245947247,0.01151424398823,0.0195));
#6277=CARTESIAN_POINT('',(-0.0249844937105079,0.011801466783914,0.0195));
#6278=CARTESIAN_POINT('',(-0.0287142142303571,0.0127,0.0195));
#6279=CARTESIAN_POINT('',(-0.028090425929263,0.0116748716395406,0.0195));
#6280=CARTESIAN_POINT('',(-0.0286294363921065,0.0138970015531074,0.0195));
#6281=CARTESIAN_POINT('',(-0.0286294363921065,0.0138970015531074,0.0195));
#6282=CARTESIAN_POINT('',(-0.0285588580056456,0.014047105670078,0.0195));
#6283=CARTESIAN_POINT('',(-0.0284960303628793,0.0142013238761365,0.0195));
#6284=CARTESIAN_POINT('',(-0.0284130795023085,0.0143449989811766,0.0195));
#6285=CARTESIAN_POINT('',(-0.0284130795023085,0.0143449989811766,0.0195));
#6286=CARTESIAN_POINT('',(-0.0284130795023085,0.0143449989811766,0.0195));
#6287=CARTESIAN_POINT('',(-0.0282241186711648,0.0146722887413577,0.0195));
#6288=CARTESIAN_POINT('',(-0.027599328580109,0.0151340604858571,0.0195));
#6289=CARTESIAN_POINT('',(-0.0261344787065322,0.0154763233256783,0.0195));
#6290=CARTESIAN_POINT('',(-0.0250151436268599,0.0153758294695035,0.0195));
#6291=CARTESIAN_POINT('',(-0.0242753587931832,0.0152811796473509,0.0195));
#6292=CARTESIAN_POINT('',(-0.0242753587931832,0.0152811796473509,0.0195));
#6293=CARTESIAN_POINT('',(-0.0242753587931832,0.0152811796473509,0.0195));
#6294=CARTESIAN_POINT('',(-0.0245949309397009,0.0143238533806758,0.0195));
#6295=CARTESIAN_POINT('',(-0.0248010206305595,0.0133329922099544,0.0195));
#6296=CARTESIAN_POINT('',(-0.0249261288991451,0.0123318071117896,0.0195));
#6297=CARTESIAN_POINT('',(-0.0249261288991451,0.0123318071117896,0.0195));
#6298=CARTESIAN_POINT('',(-0.0249261288991451,0.0123318071117896,0.0195));
#6299=CARTESIAN_POINT('',(-0.0257307463519723,0.0117227769009294,0.0195));
#6300=CARTESIAN_POINT('',(-0.0264855592955377,0.0110491085847738,0.0195));
#6301=CARTESIAN_POINT('',(-0.0271549753871848,0.0102935374002221,0.0195));
#6302=CARTESIAN_POINT('',(-0.0271549753871848,0.0102935374002221,0.0195));
#6303=CARTESIAN_POINT('',(-0.0271549753871848,0.0102935374002221,0.0195));
#6304=CARTESIAN_POINT('',(-0.0274922398785506,0.0107364054676618,0.0195));
#6305=CARTESIAN_POINT('',(-0.0278095975183296,0.0111941463104863,0.0195));
#6306=CARTESIAN_POINT('',(-0.028090425929263,0.0116748716395406,0.0195));
#6307=CARTESIAN_POINT('',(-0.021358470602273,0.0144589894689683,0.0195));
#6308=CARTESIAN_POINT('',(-0.0224593971703773,0.0139560253090571,0.0195));
#6309=CARTESIAN_POINT('',(-0.0235099800845065,0.0133494709807785,0.0195));
#6310=CARTESIAN_POINT('',(-0.0244960231082349,0.0126475226850546,0.0195));
#6311=CARTESIAN_POINT('',(-0.021358470602273,0.0144589894689683,0.0195));
#6312=CARTESIAN_POINT('',(-0.0244960231082349,0.0126475226850546,0.0195));
#6313=CARTESIAN_POINT('',(-0.0244960231082349,0.0126475226850546,0.0195));
#6314=CARTESIAN_POINT('',(-0.0244132969657764,0.0130786778599249,0.0195));
#6315=CARTESIAN_POINT('',(-0.0242605794931137,0.0139442926893769,0.0195));
#6316=CARTESIAN_POINT('',(-0.0240131831986935,0.0147876116931302,0.0195));
#6317=CARTESIAN_POINT('',(-0.0238817250454129,0.0152064607969941,0.0195));
#6318=CARTESIAN_POINT('',(-0.0238817250454129,0.0152064607969941,0.0195));
#6319=CARTESIAN_POINT('',(-0.0238817250454129,0.0152064607969941,0.0195));
#6320=CARTESIAN_POINT('',(-0.0234532789939564,0.0151108861353273,0.0195));
#6321=CARTESIAN_POINT('',(-0.0225992373923762,0.0149034777492455,0.0195));
#6322=CARTESIAN_POINT('',(-0.0217732282819896,0.0146029252516991,0.0195));
#6323=CARTESIAN_POINT('',(-0.021358470602273,0.0144589894689683,0.0195));
#6324=CARTESIAN_POINT('',(-0.0168138711008545,0.00764819288821075,0.0195));
#6325=CARTESIAN_POINT('',(-0.0160092536479175,0.00825722309915409,0.0195));
#6326=CARTESIAN_POINT('',(-0.0152544407042551,0.00893089141540949,0.0195));
#6327=CARTESIAN_POINT('',(-0.0145850246125415,0.00968646260008684,0.0195));
#6328=CARTESIAN_POINT('',(-0.0168138711008545,0.00764819288821075,0.0195));
#6329=CARTESIAN_POINT('',(-0.0145850246125415,0.00968646260008684,0.0195));
#6330=CARTESIAN_POINT('',(-0.0145850246125415,0.00968646260008684,0.0195));
#6331=CARTESIAN_POINT('',(-0.0141331630459069,0.00909311505133507,0.0195));
#6332=CARTESIAN_POINT('',(-0.013486465273352,0.00817398936557677,0.0195));
#6333=CARTESIAN_POINT('',(-0.0130504486506013,0.00673426074220782,0.0195));
#6334=CARTESIAN_POINT('',(-0.0131379596665341,0.0059622907790286,0.0195));
#6335=CARTESIAN_POINT('',(-0.0133269204976915,0.00563500101882344,0.0195));
#6336=CARTESIAN_POINT('',(-0.0133269204976915,0.00563500101882344,0.0195));
#6337=CARTESIAN_POINT('',(-0.0133269204976915,0.00563500101882344,0.0195));
#6338=CARTESIAN_POINT('',(-0.013515881328849,0.00530771125861832,0.0195));
#6339=CARTESIAN_POINT('',(-0.0141406714199544,0.00484593951411996,0.0195));
#6340=CARTESIAN_POINT('',(-0.0156055212937227,0.00450367667420987,0.0195));
#6341=CARTESIAN_POINT('',(-0.0167248563731376,0.00460417053093406,0.0195));
#6342=CARTESIAN_POINT('',(-0.0174646412069471,0.00469882035225754,0.0195));
#6343=CARTESIAN_POINT('',(-0.0174646412069471,0.00469882035225754,0.0195));
#6344=CARTESIAN_POINT('',(-0.0174646412069471,0.00469882035225754,0.0195));
#6345=CARTESIAN_POINT('',(-0.0171450690603536,0.00565614661905408,0.0195));
#6346=CARTESIAN_POINT('',(-0.0169389793694573,0.00664700778990837,0.0195));
#6347=CARTESIAN_POINT('',(-0.0168138711008545,0.00764819288821075,0.0195));
#6348=CARTESIAN_POINT('',(-0.020381529397802,0.0055210105309975,0.0195));
#6349=CARTESIAN_POINT('',(-0.0192806028296452,0.00602397469092676,0.0195));
#6350=CARTESIAN_POINT('',(-0.0182300199154678,0.00663052901923311,0.0195));
#6351=CARTESIAN_POINT('',(-0.0172439768916976,0.00733247731499342,0.0195));
#6352=CARTESIAN_POINT('',(-0.020381529397802,0.0055210105309975,0.0195));
#6353=CARTESIAN_POINT('',(-0.0172439768916976,0.00733247731499342,0.0195));
#6354=CARTESIAN_POINT('',(-0.0172439768916976,0.00733247731499341,0.0195));
#6355=CARTESIAN_POINT('',(-0.0173267030342046,0.00690132214005322,0.0195));
#6356=CARTESIAN_POINT('',(-0.0174794205068629,0.00603570731043282,0.0195));
#6357=CARTESIAN_POINT('',(-0.017726816801529,0.00519238830659112,0.0195));
#6358=CARTESIAN_POINT('',(-0.0178582749545023,0.00477353920254852,0.0195));
#6359=CARTESIAN_POINT('',(-0.0178582749545023,0.00477353920254852,0.0195));
#6360=CARTESIAN_POINT('',(-0.0178582749545023,0.00477353920254852,0.0195));
#6361=CARTESIAN_POINT('',(-0.0182867210058509,0.00486911386488954,0.0195));
#6362=CARTESIAN_POINT('',(-0.0191407626075929,0.00507652225061868,0.0195));
#6363=CARTESIAN_POINT('',(-0.0199667717180374,0.0053770747482863,0.0195));
#6364=CARTESIAN_POINT('',(-0.020381529397802,0.0055210105309975,0.0195));
#6365=CARTESIAN_POINT('',(-0.0225782873383161,0.018,0.0195));
#6366=CARTESIAN_POINT('',(-0.0231161180114824,0.0169272753535964,0.0195));
#6367=CARTESIAN_POINT('',(-0.0215331031382882,0.0185895676280225,0.0195));
#6368=CARTESIAN_POINT('',(-0.0215331031382882,0.0185895676280225,0.0195));
#6369=CARTESIAN_POINT('',(-0.0213137607221745,0.0186376575763198,0.0195));
#6370=CARTESIAN_POINT('',(-0.0210947417935829,0.0186999979623531,0.0195));
#6371=CARTESIAN_POINT('',(-0.02087,0.0186999979623531,0.0195));
#6372=CARTESIAN_POINT('',(-0.02087,0.0186999979623531,0.0195));
#6373=CARTESIAN_POINT('',(-0.02087,0.0186999979623531,0.0195));
#6374=CARTESIAN_POINT('',(-0.0204920783377128,0.0186999979623531,0.0195));
#6375=CARTESIAN_POINT('',(-0.0197797772306985,0.0183897997437156,0.0195));
#6376=CARTESIAN_POINT('',(-0.0187509439798536,0.0172923339603785,0.0195));
#6377=CARTESIAN_POINT('',(-0.0182783066723891,0.0162727144179478,0.0195));
#6378=CARTESIAN_POINT('',(-0.0179903834059984,0.015584717047573,0.0195));
#6379=CARTESIAN_POINT('',(-0.0179903834059984,0.015584717047573,0.0195));
#6380=CARTESIAN_POINT('',(-0.0179903834059984,0.015584717047573,0.0195));
#6381=CARTESIAN_POINT('',(-0.0189792383459082,0.0153828115114617,0.0195));
#6382=CARTESIAN_POINT('',(-0.0199403941368059,0.0150658598338426,0.0195));
#6383=CARTESIAN_POINT('',(-0.02087,0.0146736142235788,0.0195));
#6384=CARTESIAN_POINT('',(-0.02087,0.0146736142235788,0.0195));
#6385=CARTESIAN_POINT('',(-0.02087,0.0146736142235788,0.0195));
#6386=CARTESIAN_POINT('',(-0.0217997443606905,0.0150659182726253,0.0195));
#6387=CARTESIAN_POINT('',(-0.0227605647079885,0.0153827712987803,0.0195));
#6388=CARTESIAN_POINT('',(-0.0237496165940013,0.0155847170475729,0.0195));
#6389=CARTESIAN_POINT('',(-0.0237496165940013,0.0155847170475729,0.0195));
#6390=CARTESIAN_POINT('',(-0.0237496165940013,0.0155847170475729,0.0195));
#6391=CARTESIAN_POINT('',(-0.0235584387210301,0.0160415397126078,0.0195));
#6392=CARTESIAN_POINT('',(-0.0233510249751217,0.0164913394731843,0.0195));
#6393=CARTESIAN_POINT('',(-0.0231161180114824,0.0169272753535964,0.0195));
#6394=CARTESIAN_POINT('',(-0.020381529397802,0.0144589894690025,0.0195));
#6395=CARTESIAN_POINT('',(-0.0199667749921535,0.0146029241154784,0.0195));
#6396=CARTESIAN_POINT('',(-0.0191407718236413,0.0149034743193508,0.0195));
#6397=CARTESIAN_POINT('',(-0.0182867379956214,0.0151108823451538,0.0195));
#6398=CARTESIAN_POINT('',(-0.0178582749548123,0.0152064607973838,0.0195));
#6399=CARTESIAN_POINT('',(-0.020381529397802,0.0144589894690025,0.0195));
#6400=CARTESIAN_POINT('',(-0.0178582749548123,0.0152064607973838,0.0195));
#6401=CARTESIAN_POINT('',(-0.0178582749548123,0.0152064607973838,0.0195));
#6402=CARTESIAN_POINT('',(-0.0177268220139689,0.0147876283017969,0.0195));
#6403=CARTESIAN_POINT('',(-0.0174794221444547,0.0139443023857763,0.0195));
#6404=CARTESIAN_POINT('',(-0.0173267036872759,0.0130786812635304,0.0195));
#6405=CARTESIAN_POINT('',(-0.0172439768917647,0.0126475226850543,0.0195));
#6406=CARTESIAN_POINT('',(-0.0172439768917647,0.0126475226850543,0.0195));
#6407=CARTESIAN_POINT('',(-0.0172439768917647,0.0126475226850543,0.0195));
#6408=CARTESIAN_POINT('',(-0.0182300199155156,0.0133494709807943,0.0195));
#6409=CARTESIAN_POINT('',(-0.0192806028296703,0.0139560253090847,0.0195));
#6410=CARTESIAN_POINT('',(-0.020381529397802,0.0144589894690025,0.0195));
#6411=CARTESIAN_POINT('',(-0.0174646412069472,0.0152811796477425,0.0195));
#6412=CARTESIAN_POINT('',(-0.0167248563731377,0.0153758294690661,0.0195));
#6413=CARTESIAN_POINT('',(-0.0156055212937228,0.0154763233257901,0.0195));
#6414=CARTESIAN_POINT('',(-0.0141406714199544,0.0151340604858801,0.0195));
#6415=CARTESIAN_POINT('',(-0.013515881328849,0.0146722887413817,0.0195));
#6416=CARTESIAN_POINT('',(-0.0133269204976915,0.0143449989811766,0.0195));
#6417=CARTESIAN_POINT('',(-0.0174646412069472,0.0152811796477425,0.0195));
#6418=CARTESIAN_POINT('',(-0.0133269204976915,0.0143449989811766,0.0195));
#6419=CARTESIAN_POINT('',(-0.0133269204976915,0.0143449989811766,0.0195));
#6420=CARTESIAN_POINT('',(-0.0132282848917664,0.014174157100279,0.0195));
#6421=CARTESIAN_POINT('',(-0.0131031918655619,0.013793225043065,0.0195));
#6422=CARTESIAN_POINT('',(-0.0131150470708413,0.0133967125537697,0.0195));
#6423=CARTESIAN_POINT('',(-0.0131135534200261,0.0131997917917955,0.0195));
#6424=CARTESIAN_POINT('',(-0.0131135534200261,0.0131997917917955,0.0195));
#6425=CARTESIAN_POINT('',(-0.0132697439836848,0.01201,0.0195));
#6426=CARTESIAN_POINT('',(-0.0140141401206146,0.0110687909948773,0.0195));
#6427=CARTESIAN_POINT('',(-0.0140141401206146,0.0110687909948773,0.0195));
#6428=CARTESIAN_POINT('',(-0.0141991901006249,0.0108065494777362,0.0195));
#6429=CARTESIAN_POINT('',(-0.0143905631440861,0.0105488882510466,0.0195));
#6430=CARTESIAN_POINT('',(-0.0145850246125415,0.0102935373999131,0.0195));
#6431=CARTESIAN_POINT('',(-0.0145850246125415,0.0102935373999131,0.0195));
#6432=CARTESIAN_POINT('',(-0.0145850246125415,0.0102935373999131,0.0195));
#6433=CARTESIAN_POINT('',(-0.0152543074060006,0.0110489581306032,0.0195));
#6434=CARTESIAN_POINT('',(-0.0160093735061357,0.0117228676238046,0.0195));
#6435=CARTESIAN_POINT('',(-0.0168138711008545,0.0123318071117892,0.0195));
#6436=CARTESIAN_POINT('',(-0.0168138711008545,0.0123318071117892,0.0195));
#6437=CARTESIAN_POINT('',(-0.0168138711008545,0.0123318071117892,0.0195));
#6438=CARTESIAN_POINT('',(-0.0169389980087351,0.0133331413718328,0.0195));
#6439=CARTESIAN_POINT('',(-0.0171450054125058,0.0143236627142776,0.0195));
#6440=CARTESIAN_POINT('',(-0.0174646412069472,0.0152811796477425,0.0195));
#6441=CARTESIAN_POINT('',(-0.02087,0.00530638577642122,0.0195));
#6442=CARTESIAN_POINT('',(-0.0199402556391822,0.00491408172732103,0.0195));
#6443=CARTESIAN_POINT('',(-0.0189794352917491,0.00459722870113181,0.0195));
#6444=CARTESIAN_POINT('',(-0.0179903834055941,0.00439528295234439,0.0195));
#6445=CARTESIAN_POINT('',(-0.02087,0.00530638577642122,0.0195));
#6446=CARTESIAN_POINT('',(-0.0179903834055941,0.0043952829523444,0.0195));
#6447=CARTESIAN_POINT('',(-0.0179903834055941,0.00439528295234439,0.0195));
#6448=CARTESIAN_POINT('',(-0.0182783066727691,0.00370728558226912,0.0195));
#6449=CARTESIAN_POINT('',(-0.0187509439796291,0.00268766603978656,0.0195));
#6450=CARTESIAN_POINT('',(-0.0197797772306469,0.00159020025632766,0.0195));
#6451=CARTESIAN_POINT('',(-0.0204920783376851,0.00128000203764682,0.0195));
#6452=CARTESIAN_POINT('',(-0.02087,0.00128000203764682,0.0195));
#6453=CARTESIAN_POINT('',(-0.02087,0.00128000203764682,0.0195));
#6454=CARTESIAN_POINT('',(-0.02087,0.00128000203764682,0.0195));
#6455=CARTESIAN_POINT('',(-0.0212479216623149,0.00128000203764684,0.0195));
#6456=CARTESIAN_POINT('',(-0.021960222769353,0.00159020025632787,0.0195));
#6457=CARTESIAN_POINT('',(-0.0229890560203707,0.0026876660397867,0.0195));
#6458=CARTESIAN_POINT('',(-0.0234616933272307,0.0037072855822692,0.0195));
#6459=CARTESIAN_POINT('',(-0.0237496165944057,0.00439528295234445,0.0195));
#6460=CARTESIAN_POINT('',(-0.0237496165944057,0.00439528295234445,0.0195));
#6461=CARTESIAN_POINT('',(-0.0237496165944057,0.00439528295234445,0.0195));
#6462=CARTESIAN_POINT('',(-0.022760761654353,0.00459718848845076,0.0195));
#6463=CARTESIAN_POINT('',(-0.0217996058633216,0.00491414016610359,0.0195));
#6464=CARTESIAN_POINT('',(-0.02087,0.00530638577642122,0.0195));
#6465=CARTESIAN_POINT('',(-0.021358470602273,0.00552101053103175,0.0195));
#6466=CARTESIAN_POINT('',(-0.0217732250079806,0.00537707588449927,0.0195));
#6467=CARTESIAN_POINT('',(-0.022599228176648,0.00507652568066679,0.0195));
#6468=CARTESIAN_POINT('',(-0.0234532620047376,0.004869117654507,0.0195));
#6469=CARTESIAN_POINT('',(-0.0238817250457659,0.00477353920292419,0.0195));
#6470=CARTESIAN_POINT('',(-0.021358470602273,0.00552101053103175,0.0195));
#6471=CARTESIAN_POINT('',(-0.0238817250457659,0.00477353920292419,0.0195));
#6472=CARTESIAN_POINT('',(-0.0238817250457659,0.00477353920292419,0.0195));
#6473=CARTESIAN_POINT('',(-0.024013177985891,0.00519237169866669,0.0195));
#6474=CARTESIAN_POINT('',(-0.0242605778557115,0.00603569761444765,0.0195));
#6475=CARTESIAN_POINT('',(-0.0244132963127704,0.00690131873659183,0.0195));
#6476=CARTESIAN_POINT('',(-0.0244960231083021,0.00733247731499319,0.0195));
#6477=CARTESIAN_POINT('',(-0.0244960231083021,0.00733247731499319,0.0195));
#6478=CARTESIAN_POINT('',(-0.0244960231083021,0.00733247731499319,0.0195));
#6479=CARTESIAN_POINT('',(-0.0235099800845544,0.00663052901924892,0.0195));
#6480=CARTESIAN_POINT('',(-0.0224593971704023,0.0060239746909544,0.0195));
#6481=CARTESIAN_POINT('',(-0.021358470602273,0.00552101053103175,0.0195));
#6482=CARTESIAN_POINT('',(-0.0242753587931832,0.00469882035264907,0.0195));
#6483=CARTESIAN_POINT('',(-0.02501514362686,0.00460417053049644,0.0195));
#6484=CARTESIAN_POINT('',(-0.0261344787065325,0.00450367667432172,0.0195));
#6485=CARTESIAN_POINT('',(-0.027599328580109,0.00484593951414299,0.0195));
#6486=CARTESIAN_POINT('',(-0.028224118671165,0.00530771125864222,0.0195));
#6487=CARTESIAN_POINT('',(-0.0284130795023086,0.00563500101882343,0.0195));
#6488=CARTESIAN_POINT('',(-0.0242753587931832,0.00469882035264907,0.0195));
#6489=CARTESIAN_POINT('',(-0.0284130795023086,0.00563500101882342,0.0195));
#6490=CARTESIAN_POINT('',(-0.0284130795023086,0.00563500101882342,0.0195));
#6491=CARTESIAN_POINT('',(-0.0286020403334522,0.00596229077900462,0.0195));
#6492=CARTESIAN_POINT('',(-0.0286895513494104,0.00673426074214141,0.0195));
#6493=CARTESIAN_POINT('',(-0.0282535347266788,0.00817398936529976,0.0195));
#6494=CARTESIAN_POINT('',(-0.0276068369544709,0.00909311505155572,0.0195));
#6495=CARTESIAN_POINT('',(-0.0271549753871848,0.00968646259977795,0.0195));
#6496=CARTESIAN_POINT('',(-0.0271549753871848,0.00968646259977795,0.0195));
#6497=CARTESIAN_POINT('',(-0.0271549753871849,0.00968646259977795,0.0195));
#6498=CARTESIAN_POINT('',(-0.0264856925937928,0.00893104186921403,0.0195));
#6499=CARTESIAN_POINT('',(-0.0257306264937536,0.00825713237611159,0.0195));
#6500=CARTESIAN_POINT('',(-0.0249261288991452,0.00764819288821045,0.0195));
#6501=CARTESIAN_POINT('',(-0.0249261288991451,0.00764819288821045,0.0195));
#6502=CARTESIAN_POINT('',(-0.0249261288991451,0.00764819288821045,0.0195));
#6503=CARTESIAN_POINT('',(-0.0248010019912816,0.00664685862830387,0.0195));
#6504=CARTESIAN_POINT('',(-0.0245949945875489,0.00565633728599333,0.0195));
#6505=CARTESIAN_POINT('',(-0.0242753587931832,0.00469882035264907,0.0195));
#6506=CARTESIAN_POINT('',(-0.0143249237209088,0.00999,0.0195));
#6507=CARTESIAN_POINT('',(-0.0140898025995869,0.0102740004673773,0.0195));
#6508=CARTESIAN_POINT('',(-0.0138682690331155,0.0105690956188169,0.0195));
#6509=CARTESIAN_POINT('',(-0.0136657537840261,0.0108772263076706,0.0195));
#6510=CARTESIAN_POINT('',(-0.0143249237209088,0.00999,0.0195));
#6511=CARTESIAN_POINT('',(-0.0136657537840261,0.0108772263076706,0.0195));
#6512=CARTESIAN_POINT('',(-0.0132697439836848,0.01201,0.0195));
#6513=CARTESIAN_POINT('',(-0.0127438642255139,0.0130886336171036,0.0195));
#6514=CARTESIAN_POINT('',(-0.0127438642255139,0.0130886336171036,0.0195));
#6515=CARTESIAN_POINT('',(-0.0127067919352018,0.013360501711017,0.0195));
#6516=CARTESIAN_POINT('',(-0.0126991080862864,0.0139143913460738,0.0195));
#6517=CARTESIAN_POINT('',(-0.0129998091884449,0.0146925750054578,0.0195));
#6518=CARTESIAN_POINT('',(-0.0136076832022789,0.0152608023928649,0.0195));
#6519=CARTESIAN_POINT('',(-0.0146198663562749,0.0157087156398415,0.0195));
#6520=CARTESIAN_POINT('',(-0.0159811415919714,0.0158548590461937,0.0195));
#6521=CARTESIAN_POINT('',(-0.017060780308951,0.0157491776985361,0.0195));
#6522=CARTESIAN_POINT('',(-0.0175974618604543,0.0156582023274,0.0195));
#6523=CARTESIAN_POINT('',(-0.0175974618604543,0.0156582023274,0.0195));
#6524=CARTESIAN_POINT('',(-0.0175974618604543,0.0156582023274,0.0195));
#6525=CARTESIAN_POINT('',(-0.0177703512467704,0.0161236102775567,0.0195));
#6526=CARTESIAN_POINT('',(-0.018173568013877,0.0170262266549498,0.0195));
#6527=CARTESIAN_POINT('',(-0.0190131676367517,0.018252870552708,0.0195));
#6528=CARTESIAN_POINT('',(-0.0202585363069844,0.0191979054973566,0.0195));
#6529=CARTESIAN_POINT('',(-0.0213148526938804,0.0191029028505226,0.0195));
#6530=CARTESIAN_POINT('',(-0.0217649273633277,0.0188822956143419,0.0195));
#6531=CARTESIAN_POINT('',(-0.0217649273633277,0.0188822956143419,0.0195));
#6532=CARTESIAN_POINT('',(-0.0225782873383161,0.018,0.0195));
#6533=CARTESIAN_POINT('',(-0.0234369279019872,0.0171617062672197,0.0195));
#6534=CARTESIAN_POINT('',(-0.0234369279019872,0.0171617062672197,0.0195));
#6535=CARTESIAN_POINT('',(-0.0237199048339529,0.0166844751555529,0.0195));
#6536=CARTESIAN_POINT('',(-0.0239493926523126,0.0161781384970542,0.0195));
#6537=CARTESIAN_POINT('',(-0.0241425381395454,0.0156582023273999,0.0195));
#6538=CARTESIAN_POINT('',(-0.0241425381395454,0.0156582023273999,0.0195));
#6539=CARTESIAN_POINT('',(-0.0241425381395454,0.0156582023273999,0.0195));
#6540=CARTESIAN_POINT('',(-0.0246152390544724,0.0157383320450163,0.0195));
#6541=CARTESIAN_POINT('',(-0.0255659410030079,0.0158397470238431,0.0195));
#6542=CARTESIAN_POINT('',(-0.0269985125182917,0.0157415956906908,0.0195));
#6543=CARTESIAN_POINT('',(-0.0283931665428772,0.0152170520388009,0.0195));
#6544=CARTESIAN_POINT('',(-0.0289196923267902,0.0143452253309529,0.0195));
#6545=CARTESIAN_POINT('',(-0.0289953845801394,0.0138665947172876,0.0195));
#6546=CARTESIAN_POINT('',(-0.0289953845801394,0.0138665947172876,0.0195));
#6547=CARTESIAN_POINT('',(-0.0287142142303571,0.0127,0.0195));
#6548=CARTESIAN_POINT('',(-0.028459287730686,0.0115273907386663,0.0195));
#6549=CARTESIAN_POINT('',(-0.028459287730686,0.0115273907386663,0.0195));
#6550=CARTESIAN_POINT('',(-0.0281701747900419,0.0109774363205109,0.0195));
#6551=CARTESIAN_POINT('',(-0.0278111086164669,0.0104683635271848,0.0195));
#6552=CARTESIAN_POINT('',(-0.0274150762790913,0.00999,0.0195));
#6553=CARTESIAN_POINT('',(-0.0274150762790913,0.00999,0.0195));
#6554=CARTESIAN_POINT('',(-0.0274150762790913,0.00999,0.0195));
#6555=CARTESIAN_POINT('',(-0.0276826927236392,0.00966674875442002,0.0195));
#6556=CARTESIAN_POINT('',(-0.0281800041436256,0.0089964800049655,0.0195));
#6557=CARTESIAN_POINT('',(-0.0287731912547319,0.00788189962214292,0.0195));
#6558=CARTESIAN_POINT('',(-0.0291137849372199,0.0066610886537541,0.0195));
#6559=CARTESIAN_POINT('',(-0.0288905671793944,0.00535478068673513,0.0195));
#6560=CARTESIAN_POINT('',(-0.0278716394401437,0.00451381277473947,0.0195));
#6561=CARTESIAN_POINT('',(-0.0266367182086441,0.00419806300075714,0.0195));
#6562=CARTESIAN_POINT('',(-0.0253822807874502,0.00415679338864257,0.0195));
#6563=CARTESIAN_POINT('',(-0.02455571771013,0.00425175769325942,0.0195));
#6564=CARTESIAN_POINT('',(-0.0241425381395454,0.00432179767260009,0.0195));
#6565=CARTESIAN_POINT('',(-0.0241425381395454,0.00432179767260009,0.0195));
#6566=CARTESIAN_POINT('',(-0.0241425381395454,0.00432179767260009,0.0195));
#6567=CARTESIAN_POINT('',(-0.0239964025713422,0.00392840941036111,0.0195));
#6568=CARTESIAN_POINT('',(-0.0236645885169452,0.00316259071233347,0.0195));
#6569=CARTESIAN_POINT('',(-0.0229959271464142,0.0020915854135067,0.0195));
#6570=CARTESIAN_POINT('',(-0.0221089706758148,0.00118621714790925,0.0195));
#6571=CARTESIAN_POINT('',(-0.0208660659122977,0.000726375413252383,0.0195));
#6572=CARTESIAN_POINT('',(-0.0196283024671166,0.00118830876406614,0.0195));
#6573=CARTESIAN_POINT('',(-0.0187373945258588,0.00209990703522636,0.0195));
#6574=CARTESIAN_POINT('',(-0.0180744352827663,0.00316564690338088,0.0195));
#6575=CARTESIAN_POINT('',(-0.017743395244357,0.00392895367847877,0.0195));
#6576=CARTESIAN_POINT('',(-0.0175974618604543,0.00432179767260005,0.0195));
#6577=CARTESIAN_POINT('',(-0.0175974618604543,0.00432179767260005,0.0195));
#6578=CARTESIAN_POINT('',(-0.0175974618604543,0.00432179767260005,0.0195));
#6579=CARTESIAN_POINT('',(-0.017183709847703,0.00425166065594104,0.0195));
#6580=CARTESIAN_POINT('',(-0.0163545843733194,0.00415611070736794,0.0195));
#6581=CARTESIAN_POINT('',(-0.0150927358916822,0.00419968579136371,0.0195));
#6582=CARTESIAN_POINT('',(-0.0138651857385948,0.00451512849415506,0.0195));
#6583=CARTESIAN_POINT('',(-0.0128454987329032,0.00536159472651726,0.0195));
#6584=CARTESIAN_POINT('',(-0.0126266630269727,0.00666449598932675,0.0195));
#6585=CARTESIAN_POINT('',(-0.0129706763172146,0.00789184403446926,0.0195));
#6586=CARTESIAN_POINT('',(-0.013562154495316,0.00899885351473837,0.0195));
#6587=CARTESIAN_POINT('',(-0.014057677534227,0.00966719598521941,0.0195));
#6588=CARTESIAN_POINT('',(-0.0143249237209088,0.00999,0.0195));
#6589=CARTESIAN_POINT('',(-6.93889390390723E-18,0.,0.0185));
#6590=CARTESIAN_POINT('',(-6.93889390390723E-18,0.,0.0185));
#6591=CARTESIAN_POINT('',(-6.93889390390723E-18,0.,0.0185));
#6592=CARTESIAN_POINT('',(-6.93889390390723E-18,0.,0.0185));
#6593=CARTESIAN_POINT('',(-6.93889390390723E-18,0.,0.0185));
#6594=CARTESIAN_POINT('',(-6.93889390390723E-18,0.,0.0185));
#6595=CARTESIAN_POINT('',(-6.93889390390723E-18,0.,0.0185));
#6596=CARTESIAN_POINT('',(-6.93889390390723E-18,0.,0.0185));
#6597=CARTESIAN_POINT('',(-6.93889390390723E-18,0.,0.0185));
#6598=CARTESIAN_POINT('',(-6.93889390390723E-18,0.,0.0185));
#6599=CARTESIAN_POINT('',(-6.93889390390723E-18,0.,0.0185));
#6600=CARTESIAN_POINT('',(-6.93889390390723E-18,0.,0.0185));
#6601=CARTESIAN_POINT('',(-6.93889390390723E-18,0.,0.0185));
#6602=CARTESIAN_POINT('',(-0.04025,0.0295,0.0175));
#6603=CARTESIAN_POINT('',(-0.04025,0.0295,0.0185));
#6604=CARTESIAN_POINT('',(-0.04025,-0.0295,0.0175));
#6605=CARTESIAN_POINT('',(-0.04025,-0.0295,0.0185));
#6606=CARTESIAN_POINT('',(-0.04025,0.,0.0185));
#6607=CARTESIAN_POINT('',(-0.04025,0.0295,0.0185));
#6608=CARTESIAN_POINT('',(-0.04025,-0.0295,0.0185));
#6609=CARTESIAN_POINT('',(-0.04025,0.0295,0.0185));
#6610=CARTESIAN_POINT('',(-0.04025,0.0295,0.0185));
#6611=CARTESIAN_POINT('',(-0.04025,-0.0295,0.0185));
#6612=CARTESIAN_POINT('',(-0.04025,-0.0295,0.0185));
#6613=CARTESIAN_POINT('',(-6.93889390390723E-18,0.0295,0.0185));
#6614=CARTESIAN_POINT('',(0.04025,0.0295,0.0185));
#6615=CARTESIAN_POINT('',(-6.93889390390723E-18,-0.0295,0.0185));
#6616=CARTESIAN_POINT('',(0.04025,-0.0295,0.0185));
#6617=CARTESIAN_POINT('',(0.04025,0.,0.0185));
#6618=CARTESIAN_POINT('',(0.04025,-0.0295,0.0185));
#6619=CARTESIAN_POINT('',(0.04025,-0.0295,0.0185));
#6620=CARTESIAN_POINT('',(0.04025,-0.0295,0.0185));
#6621=CARTESIAN_POINT('',(0.04025,-0.0295,0.0175));
#6622=CARTESIAN_POINT('',(-0.03525,0.02,0.019));
#6623=CARTESIAN_POINT('',(-0.03925,0.02,0.019));
#6624=CARTESIAN_POINT('',(-0.03125,0.02,0.019));
#6625=CARTESIAN_POINT('',(-0.03925,0.0205,0.019));
#6626=CARTESIAN_POINT('',(-0.03975,0.0205,0.019));
#6627=CARTESIAN_POINT('',(-0.03125,0.0205,0.019));
#6628=CARTESIAN_POINT('',(-0.03075,0.0205,0.019));
#6629=CARTESIAN_POINT('',(-0.03975,0.0245,0.019));
#6630=CARTESIAN_POINT('',(-0.03975,0.0285,0.019));
#6631=CARTESIAN_POINT('',(-0.03075,0.,0.019));
#6632=CARTESIAN_POINT('',(-0.03075,0.0285,0.019));
#6633=CARTESIAN_POINT('',(-0.03925,0.0285,0.019));
#6634=CARTESIAN_POINT('',(-0.03925,0.029,0.019));
#6635=CARTESIAN_POINT('',(-0.03125,0.0285,0.019));
#6636=CARTESIAN_POINT('',(-0.03125,0.029,0.019));
#6637=CARTESIAN_POINT('',(-6.93889390390723E-18,0.029,0.019));
#6638=CARTESIAN_POINT('',(-0.0287142142303571,0.0127,0.0192));
#6639=CARTESIAN_POINT('',(-0.0292549819270569,0.0140991319802671,0.0192));
#6640=CARTESIAN_POINT('',(-0.0292549819270568,0.0140991319802671,0.0193721022633406));
#6641=CARTESIAN_POINT('',(-0.029119967071581,0.0139815838787927,0.0195));
#6642=CARTESIAN_POINT('',(-0.0289953845801394,0.0138665947172876,0.0195));
#6643=CARTESIAN_POINT('',(-0.0286241065369282,0.0112027089115389,0.0192));
#6644=CARTESIAN_POINT('',(-0.0286241065369282,0.0112027089115389,0.0193765344453688));
#6645=CARTESIAN_POINT('',(-0.0285328196021586,0.0113698650628962,0.0195));
#6646=CARTESIAN_POINT('',(-0.028459287730686,0.0115273907386663,0.0195));
#6647=CARTESIAN_POINT('',(-0.0274079502831847,0.00998140110270919,0.0195));
#6648=CARTESIAN_POINT('',(-0.0276388478653656,0.00978986440506872,0.0195));
#6649=CARTESIAN_POINT('',(-0.0276388478653656,0.00978986440506872,0.0192));
#6650=CARTESIAN_POINT('',(-0.0278088257231725,0.0104646566347002,0.0195));
#6651=CARTESIAN_POINT('',(-0.028050188009898,0.0102857351430111,0.0194999999999985));
#6652=CARTESIAN_POINT('',(-0.0280501880067569,0.0102857351456172,0.0192));
#6653=CARTESIAN_POINT('',(-0.0281743426730163,0.0109832013595864,0.0195));
#6654=CARTESIAN_POINT('',(-0.0284273806335611,0.0108197236451641,0.0194999999999356));
#6655=CARTESIAN_POINT('',(-0.0284273806443444,0.0108197236396128,0.0192));
#6656=CARTESIAN_POINT('',(-0.0284644559110397,0.011537241116737,0.0195));
#6657=CARTESIAN_POINT('',(-0.0287302247064835,0.0113980759365792,0.0195));
#6658=CARTESIAN_POINT('',(-0.0287302247064835,0.0113980759365792,0.0192));
#6659=CARTESIAN_POINT('',(-0.0278011445175821,0.00999,0.0192));
#6660=CARTESIAN_POINT('',(-0.0278011445175821,0.00999,0.0193825496321584));
#6661=CARTESIAN_POINT('',(-0.027594695381799,0.00999,0.0195));
#6662=CARTESIAN_POINT('',(-0.0274150762790913,0.00999,0.0195));
#6663=CARTESIAN_POINT('',(-0.0290005519863343,0.0138321795588296,0.0195));
#6664=CARTESIAN_POINT('',(-0.0292975634874744,0.0138744189739593,0.0195));
#6665=CARTESIAN_POINT('',(-0.0292975634874744,0.0138744189739593,0.0192));
#6666=CARTESIAN_POINT('',(-0.028966157518819,0.0140740285394304,0.0195));
#6667=CARTESIAN_POINT('',(-0.0292585864569005,0.0141484908482583,0.0195000000000072));
#6668=CARTESIAN_POINT('',(-0.0292585864261666,0.014148490843882,0.0192));
#6669=CARTESIAN_POINT('',(-0.0288165464865463,0.0145466329134272,0.0195));
#6670=CARTESIAN_POINT('',(-0.0290862297905618,0.0146971120939704,0.0194999999999967));
#6671=CARTESIAN_POINT('',(-0.0290862298044621,0.0146971120959405,0.0192));
#6672=CARTESIAN_POINT('',(-0.0281633509114162,0.0152983622544011,0.0195));
#6673=CARTESIAN_POINT('',(-0.0283251369406412,0.0155678200280065,0.0195000000000019));
#6674=CARTESIAN_POINT('',(-0.0283251369326073,0.0155678200269083,0.0192));
#6675=CARTESIAN_POINT('',(-0.0269963958687242,0.0157454078038412,0.0195));
#6676=CARTESIAN_POINT('',(-0.0270502531464177,0.0160434992760124,0.0194999999999988));
#6677=CARTESIAN_POINT('',(-0.0270502531492208,0.0160434992760445,0.0192));
#6678=CARTESIAN_POINT('',(-0.025539530696767,0.015839543371008,0.0195));
#6679=CARTESIAN_POINT('',(-0.0255296410600583,0.0161409298869948,0.0195000000000021));
#6680=CARTESIAN_POINT('',(-0.0255296410590473,0.0161409298881903,0.0192));
#6681=CARTESIAN_POINT('',(-0.0245835577249657,0.0157343655250297,0.0195));
#6682=CARTESIAN_POINT('',(-0.0245448727950494,0.0160321240875194,0.0194999999999959));
#6683=CARTESIAN_POINT('',(-0.0245448727955396,0.0160321240847084,0.0192));
#6684=CARTESIAN_POINT('',(-0.0241087523803051,0.0156524233044373,0.0195));
#6685=CARTESIAN_POINT('',(-0.0240577324004114,0.0159480530756912,0.0195));
#6686=CARTESIAN_POINT('',(-0.0240577324004114,0.0159480530756912,0.0192));
#6687=CARTESIAN_POINT('',(-0.0243355722587908,0.0159925472295273,0.0192));
#6688=CARTESIAN_POINT('',(-0.0243355722587908,0.0159925472295273,0.0193825496321584));
#6689=CARTESIAN_POINT('',(-0.024232347690899,0.0158137570333499,0.0195));
#6690=CARTESIAN_POINT('',(-0.0241425381395454,0.0156582023273999,0.0195));
#6691=CARTESIAN_POINT('',(-0.0240830258498954,0.00433204650192523,0.0195));
#6692=CARTESIAN_POINT('',(-0.0240313393214082,0.00403653253817235,0.0195));
#6693=CARTESIAN_POINT('',(-0.0240313393214082,0.00403653253817235,0.0192));
#6694=CARTESIAN_POINT('',(-0.024500973188199,0.00425894590259924,0.0195));
#6695=CARTESIAN_POINT('',(-0.0244600860460273,0.00396154308445033,0.0195));
#6696=CARTESIAN_POINT('',(-0.0244600860465512,0.00396154308744898,0.0192));
#6697=CARTESIAN_POINT('',(-0.0253389937145106,0.00415902767097597,0.0195));
#6698=CARTESIAN_POINT('',(-0.0253225491740639,0.00385844338107568,0.0195));
#6699=CARTESIAN_POINT('',(-0.0253225491738204,0.00385844337968146,0.0192));
#6700=CARTESIAN_POINT('',(-0.0266069604969223,0.00419094505035885,0.0195));
#6701=CARTESIAN_POINT('',(-0.0266427579016311,0.00389101304133695,0.0195));
#6702=CARTESIAN_POINT('',(-0.0266427579016977,0.00389101304171875,0.0192));
#6703=CARTESIAN_POINT('',(-0.0276561994971935,0.00446179432045838,0.0195));
#6704=CARTESIAN_POINT('',(-0.0277656450594938,0.0041767117253995,0.0195));
#6705=CARTESIAN_POINT('',(-0.0277656450594858,0.00417671172535231,0.0192));
#6706=CARTESIAN_POINT('',(-0.0283727584690402,0.00491880951773528,0.0195));
#6707=CARTESIAN_POINT('',(-0.0285697277585015,0.00468628082995143,0.0195));
#6708=CARTESIAN_POINT('',(-0.0285697277585026,0.00468628082996002,0.0192));
#6709=CARTESIAN_POINT('',(-0.028793937138922,0.00541808018814409,0.0195));
#6710=CARTESIAN_POINT('',(-0.0290596342003306,0.00526514448206316,0.0195));
#6711=CARTESIAN_POINT('',(-0.0290596342003317,0.00526514448206203,0.0192));
#6712=CARTESIAN_POINT('',(-0.0290127426888063,0.00602635068046175,0.0195));
#6713=CARTESIAN_POINT('',(-0.0293125293374647,0.00597183304103372,0.0195));
#6714=CARTESIAN_POINT('',(-0.0293125293374592,0.00597183304102968,0.0192));
#6715=CARTESIAN_POINT('',(-0.0290504316830271,0.00688480268316069,0.0195));
#6716=CARTESIAN_POINT('',(-0.0293520414093351,0.006933365984339,0.0195));
#6717=CARTESIAN_POINT('',(-0.0293520414093646,0.00693336598436341,0.0192));
#6718=CARTESIAN_POINT('',(-0.0287611863496912,0.00791797369053206,0.0195));
#6719=CARTESIAN_POINT('',(-0.0290388476197525,0.00803665647398496,0.0195000000000001));
#6720=CARTESIAN_POINT('',(-0.0290388476195142,0.00803665647378546,0.0192));
#6721=CARTESIAN_POINT('',(-0.0281513021701347,0.0090407276253545,0.0195));
#6722=CARTESIAN_POINT('',(-0.0284032848780544,0.00920551063555207,0.0194999999999995));
#6723=CARTESIAN_POINT('',(-0.0284032848789245,0.00920551063628087,0.0192));
#6724=CARTESIAN_POINT('',(-0.0276473724058304,0.00971260713461681,0.0195));
#6725=CARTESIAN_POINT('',(-0.0278844528255574,0.00989675841129911,0.019500000000001));
#6726=CARTESIAN_POINT('',(-0.0278844528236861,0.00989675840973158,0.0192));
#6727=CARTESIAN_POINT('',(-0.0273766870237863,0.0100361247559394,0.0195));
#6728=CARTESIAN_POINT('',(-0.0276067726290702,0.010228636091297,0.0195));
#6729=CARTESIAN_POINT('',(-0.0276067726290702,0.010228636091297,0.0192));
#6730=CARTESIAN_POINT('',(-0.0243355722587909,0.00398745277047271,0.0192));
#6731=CARTESIAN_POINT('',(-0.0243355722587909,0.00398745277047271,0.0193825496321584));
#6732=CARTESIAN_POINT('',(-0.0242323476909004,0.00416624296665083,0.0195000000000001));
#6733=CARTESIAN_POINT('',(-0.0241425381395454,0.00432179767260009,0.0195));
#6734=CARTESIAN_POINT('',(-0.0241459871386966,0.0156489055215786,0.0195));
#6735=CARTESIAN_POINT('',(-0.0244273002221881,0.0157531309937843,0.0195));
#6736=CARTESIAN_POINT('',(-0.0244273002221881,0.0157531309937843,0.0192));
#6737=CARTESIAN_POINT('',(-0.02395231170076,0.0161716513978492,0.0195));
#6738=CARTESIAN_POINT('',(-0.0242285676349072,0.0162895265310146,0.0195000000000055));
#6739=CARTESIAN_POINT('',(-0.0242285676310358,0.01628952652958,0.0192));
#6740=CARTESIAN_POINT('',(-0.0237174357203859,0.0166901094017079,0.0195));
#6741=CARTESIAN_POINT('',(-0.0239869704317817,0.0168238049434175,0.0195));
#6742=CARTESIAN_POINT('',(-0.0239869704394309,0.0168238049479684,0.0192));
#6743=CARTESIAN_POINT('',(-0.0234318539568536,0.0171702501203755,0.0195));
#6744=CARTESIAN_POINT('',(-0.0236896928534289,0.0173236095133477,0.0195));
#6745=CARTESIAN_POINT('',(-0.0236896928534289,0.0173236095133477,0.0192));
#6746=CARTESIAN_POINT('',(-0.0238007254098554,0.0171307214708441,0.0192));
#6747=CARTESIAN_POINT('',(-0.0238007254098554,0.0171307214708441,0.0193767020165188));
#6748=CARTESIAN_POINT('',(-0.0236097071089095,0.0171410972099998,0.0195000000000001));
#6749=CARTESIAN_POINT('',(-0.0234369279019872,0.0171617062672197,0.0195));
#6750=CARTESIAN_POINT('',(-0.017576581462184,0.00437846124193698,0.0195));
#6751=CARTESIAN_POINT('',(-0.0172948155981573,0.00427546610676391,0.0195));
#6752=CARTESIAN_POINT('',(-0.0172948155981573,0.00427546610676391,0.0192));
#6753=CARTESIAN_POINT('',(-0.0177222481552851,0.00397995792986406,0.0195));
#6754=CARTESIAN_POINT('',(-0.017444246188527,0.00386666582459732,0.0194999999999958));
#6755=CARTESIAN_POINT('',(-0.0174442461913855,0.00386666582564198,0.0192));
#6756=CARTESIAN_POINT('',(-0.0180547266915576,0.00320425174936638,0.0195));
#6757=CARTESIAN_POINT('',(-0.0177861907903013,0.00306820099419711,0.0195000000000019));
#6758=CARTESIAN_POINT('',(-0.0177861907889723,0.00306820099371138,0.0192));
#6759=CARTESIAN_POINT('',(-0.0187163513441297,0.00212211899433763,0.0195));
#6760=CARTESIAN_POINT('',(-0.0184745013072632,0.00194115152795915,0.0194999999999995));
#6761=CARTESIAN_POINT('',(-0.0184745013076271,0.00194115152809222,0.0192));
#6762=CARTESIAN_POINT('',(-0.0194755331927684,0.00134887600051038,0.0195));
#6763=CARTESIAN_POINT('',(-0.0192833672044207,0.00111155206569739,0.0195000000000001));
#6764=CARTESIAN_POINT('',(-0.0192833672043758,0.00111155206568077,0.0192));
#6765=CARTESIAN_POINT('',(-0.0202295994494489,0.00095682532622,0.0195));
#6766=CARTESIAN_POINT('',(-0.0201267083434501,0.000669980573889275,0.0195));
#6767=CARTESIAN_POINT('',(-0.0201267083434581,0.000669980573892559,0.0192));
#6768=CARTESIAN_POINT('',(-0.0208725698683284,0.000841709233774671,0.0195));
#6769=CARTESIAN_POINT('',(-0.0208729721924209,0.000535140975843413,0.0195));
#6770=CARTESIAN_POINT('',(-0.0208729721924205,0.000535140975841915,0.0192));
#6771=CARTESIAN_POINT('',(-0.02150875034199,0.000956353315244562,0.0195));
#6772=CARTESIAN_POINT('',(-0.0216114300056202,0.00066947164207701,0.0195));
#6773=CARTESIAN_POINT('',(-0.0216114300056139,0.000669471642079723,0.0192));
#6774=CARTESIAN_POINT('',(-0.0222710360813674,0.00135293969015584,0.0195));
#6775=CARTESIAN_POINT('',(-0.0224638979970335,0.00111601965573387,0.0195));
#6776=CARTESIAN_POINT('',(-0.0224638979970694,0.00111601965572048,0.0192));
#6777=CARTESIAN_POINT('',(-0.0230211657535369,0.00212001900043606,0.0195));
#6778=CARTESIAN_POINT('',(-0.0232627786940293,0.00193889867864212,0.0195000000000001));
#6779=CARTESIAN_POINT('',(-0.0232627786937373,0.00193889867874899,0.0192));
#6780=CARTESIAN_POINT('',(-0.0236885570935125,0.00320957116071128,0.0195));
#6781=CARTESIAN_POINT('',(-0.0239572547204166,0.00307373923943805,0.0194999999999995));
#6782=CARTESIAN_POINT('',(-0.0239572547214833,0.003073739239048,0.0192));
#6783=CARTESIAN_POINT('',(-0.0240184569346671,0.00398192689294861,0.0195));
#6784=CARTESIAN_POINT('',(-0.0242964768282744,0.00386868486506445,0.019500000000001));
#6785=CARTESIAN_POINT('',(-0.0242964768259803,0.00386868486590332,0.0192));
#6786=CARTESIAN_POINT('',(-0.02416328872228,0.00437810612089615,0.0195));
#6787=CARTESIAN_POINT('',(-0.0244450512318581,0.00427510180935404,0.0195));
#6788=CARTESIAN_POINT('',(-0.0244450512318581,0.00427510180935404,0.0192));
#6789=CARTESIAN_POINT('',(-0.0174044277412088,0.00398745277047267,0.0192));
#6790=CARTESIAN_POINT('',(-0.0174044277412088,0.00398745277047267,0.0193825496321584));
#6791=CARTESIAN_POINT('',(-0.0175076523090993,0.00416624296665075,0.0195));
#6792=CARTESIAN_POINT('',(-0.0175974618604543,0.00432179767260004,0.0195));
#6793=CARTESIAN_POINT('',(-0.0225782873383161,0.018,0.0192));
#6794=CARTESIAN_POINT('',(-0.0217203851316368,0.0192304486189088,0.0192));
#6795=CARTESIAN_POINT('',(-0.0217203851316368,0.0192304486189088,0.0193728069885391));
#6796=CARTESIAN_POINT('',(-0.0217404495028114,0.0190507511158165,0.0195));
#6797=CARTESIAN_POINT('',(-0.0217649273633277,0.0188822956143419,0.0195));
#6798=CARTESIAN_POINT('',(-0.0143635556122884,0.0100364147400118,0.0195));
#6799=CARTESIAN_POINT('',(-0.014133476276749,0.0102289335685916,0.0195));
#6800=CARTESIAN_POINT('',(-0.014133476276749,0.0102289335685916,0.0192));
#6801=CARTESIAN_POINT('',(-0.0140912749670914,0.00971101202726503,0.0195));
#6802=CARTESIAN_POINT('',(-0.0138541601424574,0.00989512274011696,0.0194999999999349));
#6803=CARTESIAN_POINT('',(-0.0138541601448383,0.00989512273819364,0.0192));
#6804=CARTESIAN_POINT('',(-0.0135857329770444,0.00903522407839036,0.0195));
#6805=CARTESIAN_POINT('',(-0.0133336416162568,0.00919975761313544,0.0195000000000303));
#6806=CARTESIAN_POINT('',(-0.0133336416151499,0.00919975761402968,0.0192));
#6807=CARTESIAN_POINT('',(-0.0129793908472081,0.0079211739439787,0.0195));
#6808=CARTESIAN_POINT('',(-0.0127017434056268,0.00804013848661827,0.0194999999999917));
#6809=CARTESIAN_POINT('',(-0.01270174340593,0.00804013848637344,0.0192));
#6810=CARTESIAN_POINT('',(-0.0126893336955748,0.00687708168005197,0.0195));
#6811=CARTESIAN_POINT('',(-0.0123877221449276,0.00692484034029833,0.019500000000001));
#6812=CARTESIAN_POINT('',(-0.01238772214489,0.00692484034032843,0.0192));
#6813=CARTESIAN_POINT('',(-0.0127268409804088,0.00602801580848471,0.0195));
#6814=CARTESIAN_POINT('',(-0.0124269805849486,0.00597369974393775,0.0194999999999998));
#6815=CARTESIAN_POINT('',(-0.0124269805849555,0.00597369974393253,0.0192));
#6816=CARTESIAN_POINT('',(-0.0129486327294065,0.00541362904563056,0.0195));
#6817=CARTESIAN_POINT('',(-0.0126833379920904,0.00525999649378025,0.0195000000000001));
#6818=CARTESIAN_POINT('',(-0.0126833379920888,0.00525999649377986,0.0192));
#6819=CARTESIAN_POINT('',(-0.0133660076531838,0.00492000263478287,0.0195));
#6820=CARTESIAN_POINT('',(-0.0131689006681556,0.00468763860104335,0.0195));
#6821=CARTESIAN_POINT('',(-0.0131689006681548,0.00468763860105011,0.0192));
#6822=CARTESIAN_POINT('',(-0.0140906043983404,0.00445813700699512,0.0195));
#6823=CARTESIAN_POINT('',(-0.0139818565876985,0.00417265367139484,0.0195));
#6824=CARTESIAN_POINT('',(-0.0139818565877048,0.00417265367135705,0.0192));
#6825=CARTESIAN_POINT('',(-0.0151299794038449,0.00419204530990441,0.0195));
#6826=CARTESIAN_POINT('',(-0.0150939310742762,0.00389224220465756,0.0195));
#6827=CARTESIAN_POINT('',(-0.0150939310742227,0.00389224220496385,0.0192));
#6828=CARTESIAN_POINT('',(-0.0164072549233808,0.00415884353535539,0.0195));
#6829=CARTESIAN_POINT('',(-0.0164239698423643,0.00385822860388463,0.0195));
#6830=CARTESIAN_POINT('',(-0.0164239698425598,0.00385822860276609,0.0192));
#6831=CARTESIAN_POINT('',(-0.01724108452883,0.00425931975833474,0.0195));
#6832=CARTESIAN_POINT('',(-0.0172820240027123,0.00396192645376819,0.0195));
#6833=CARTESIAN_POINT('',(-0.0172820240022917,0.00396192645617393,0.0192));
#6834=CARTESIAN_POINT('',(-0.0176566016984936,0.00433198136495678,0.0195));
#6835=CARTESIAN_POINT('',(-0.0177082786027878,0.00403646571805705,0.0195));
#6836=CARTESIAN_POINT('',(-0.0177082786027878,0.00403646571805705,0.0192));
#6837=CARTESIAN_POINT('',(-0.013938855482418,0.00999,0.0192));
#6838=CARTESIAN_POINT('',(-0.013938855482418,0.00999,0.0193825496321584));
#6839=CARTESIAN_POINT('',(-0.014145304618201,0.00999,0.0195));
#6840=CARTESIAN_POINT('',(-0.0143249237209088,0.00999,0.0195));
#6841=CARTESIAN_POINT('',(-0.0217971697009975,0.0188661975704903,0.0195));
#6842=CARTESIAN_POINT('',(-0.0219331322514429,0.0191336189325323,0.0195));
#6843=CARTESIAN_POINT('',(-0.0219331322514429,0.0191336189325323,0.0192));
#6844=CARTESIAN_POINT('',(-0.0215711742451928,0.0189810983459393,0.0195));
#6845=CARTESIAN_POINT('',(-0.0216798797885472,0.019262377740098,0.0194999999999789));
#6846=CARTESIAN_POINT('',(-0.0216798797811063,0.0192623777254374,0.0192));
#6847=CARTESIAN_POINT('',(-0.0210846675431365,0.0191401151236028,0.0195));
#6848=CARTESIAN_POINT('',(-0.0211219071015914,0.0194467985151938,0.0195000000000098));
#6849=CARTESIAN_POINT('',(-0.021121907105042,0.0194467985219978,0.0192));
#6850=CARTESIAN_POINT('',(-0.0203182039111857,0.0190674593224477,0.0195));
#6851=CARTESIAN_POINT('',(-0.0202263646473216,0.0193608279216225,0.0194999999999974));
#6852=CARTESIAN_POINT('',(-0.0202263646464059,0.0193608279197995,0.0192));
#6853=CARTESIAN_POINT('',(-0.0196324826184589,0.018719495594848,0.0195));
#6854=CARTESIAN_POINT('',(-0.0194579895738354,0.0189671596148707,0.0195000000000007));
#6855=CARTESIAN_POINT('',(-0.0194579895740478,0.0189671596153586,0.0192));
#6856=CARTESIAN_POINT('',(-0.0188738319957662,0.0180512106515031,0.0195));
#6857=CARTESIAN_POINT('',(-0.0186394575282434,0.018243908866494,0.0194999999999993));
#6858=CARTESIAN_POINT('',(-0.0186394575282606,0.01824390886616,0.0192));
#6859=CARTESIAN_POINT('',(-0.0181601711241619,0.0170047613370304,0.0195));
#6860=CARTESIAN_POINT('',(-0.01789492377531,0.0171476754646713,0.0195000000000025));
#6861=CARTESIAN_POINT('',(-0.0178949237740929,0.0171476754652381,0.0192));
#6862=CARTESIAN_POINT('',(-0.0177580372554044,0.0160947545791276,0.0195));
#6863=CARTESIAN_POINT('',(-0.0174809835778848,0.0162105579238703,0.0194999999999951));
#6864=CARTESIAN_POINT('',(-0.0174809835805486,0.0162105579228905,0.0192));
#6865=CARTESIAN_POINT('',(-0.0175851089294207,0.0156247904515609,0.0195));
#6866=CARTESIAN_POINT('',(-0.0173035639731871,0.0157283879303885,0.0195));
#6867=CARTESIAN_POINT('',(-0.0173035639731871,0.0157283879303885,0.0192));
#6868=CARTESIAN_POINT('',(-0.0174044277412088,0.0159925472295274,0.0192));
#6869=CARTESIAN_POINT('',(-0.0174044277412088,0.0159925472295274,0.0193825496321584));
#6870=CARTESIAN_POINT('',(-0.0175076523091017,0.0158137570333506,0.0194999999999999));
#6871=CARTESIAN_POINT('',(-0.0175974618604543,0.0156582023274,0.0195));
#6872=CARTESIAN_POINT('',(-0.0136621130369094,0.0108827703594609,0.0195));
#6873=CARTESIAN_POINT('',(-0.0134112871963955,0.0107181909022663,0.0195));
#6874=CARTESIAN_POINT('',(-0.0134112871963955,0.0107181909022663,0.0192));
#6875=CARTESIAN_POINT('',(-0.0138666834783672,0.0105709966265277,0.0195));
#6876=CARTESIAN_POINT('',(-0.0136228971481427,0.010395688667748,0.0194999999999758));
#6877=CARTESIAN_POINT('',(-0.0136228971444997,0.0103956886653584,0.0192));
#6878=CARTESIAN_POINT('',(-0.0140920034860858,0.0102710093246854,0.0195));
#6879=CARTESIAN_POINT('',(-0.0138548336418204,0.0100870399136689,0.0195));
#6880=CARTESIAN_POINT('',(-0.0138548336439089,0.010087039915399,0.0192));
#6881=CARTESIAN_POINT('',(-0.014329140217339,0.00998490992204707,0.0195));
#6882=CARTESIAN_POINT('',(-0.0140981666475251,0.00979346486453083,0.0195));
#6883=CARTESIAN_POINT('',(-0.0140981666475251,0.00979346486453083,0.0192));
#6884=CARTESIAN_POINT('',(-0.0135355340299406,0.0105337359141023,0.0192));
#6885=CARTESIAN_POINT('',(-0.0135355340299406,0.0105337359141023,0.019377329060451));
#6886=CARTESIAN_POINT('',(-0.0136096828417743,0.0107118607928699,0.0195));
#6887=CARTESIAN_POINT('',(-0.0136657537840261,0.0108772263076706,0.0195));
#6888=CARTESIAN_POINT('',(-0.0176360873079177,0.0156515870083406,0.0195));
#6889=CARTESIAN_POINT('',(-0.0176872329548052,0.0159471950643954,0.0195));
#6890=CARTESIAN_POINT('',(-0.0176872329548052,0.0159471950643954,0.0192));
#6891=CARTESIAN_POINT('',(-0.0170935187597793,0.0157454613802611,0.0195));
#6892=CARTESIAN_POINT('',(-0.0171305832928305,0.0160435057290492,0.0195));
#6893=CARTESIAN_POINT('',(-0.0171305832920886,0.0160435057247655,0.0192));
#6894=CARTESIAN_POINT('',(-0.0159993345787057,0.0158560188959025,0.0195));
#6895=CARTESIAN_POINT('',(-0.0160034171189028,0.0161575220515352,0.0194999999999998));
#6896=CARTESIAN_POINT('',(-0.0160034171191396,0.0161575220535572,0.0192));
#6897=CARTESIAN_POINT('',(-0.0146208146940655,0.0157106764114213,0.0195));
#6898=CARTESIAN_POINT('',(-0.014556861002836,0.0160089736609444,0.0195000000000005));
#6899=CARTESIAN_POINT('',(-0.0145568610031122,0.0160089736607385,0.0192));
#6900=CARTESIAN_POINT('',(-0.0135963946003614,0.0152551184804566,0.0195));
#6901=CARTESIAN_POINT('',(-0.0134334436599095,0.0155141139842213,0.0194999999999992));
#6902=CARTESIAN_POINT('',(-0.013433443659365,0.0155141139841874,0.0192));
#6903=CARTESIAN_POINT('',(-0.0129855399599402,0.0146744213263744,0.0195));
#6904=CARTESIAN_POINT('',(-0.0127269278943548,0.0148472188337418,0.019500000000003));
#6905=CARTESIAN_POINT('',(-0.0127269278964617,0.0148472188340401,0.0192));
#6906=CARTESIAN_POINT('',(-0.0126928097970867,0.0138809759289621,0.0195));
#6907=CARTESIAN_POINT('',(-0.0123876929357131,0.0139219742721708,0.0194999999999886));
#6908=CARTESIAN_POINT('',(-0.0123876929278302,0.0139219742710114,0.0192));
#6909=CARTESIAN_POINT('',(-0.0127091413255323,0.0133211768038109,0.0195));
#6910=CARTESIAN_POINT('',(-0.0124087962449941,0.0133013752301376,0.0195000000000245));
#6911=CARTESIAN_POINT('',(-0.0124087962619831,0.0133013752326439,0.0192));
#6912=CARTESIAN_POINT('',(-0.0127493607097939,0.0130500237395634,0.0195));
#6913=CARTESIAN_POINT('',(-0.0124526073776665,0.0130060071532429,0.0195));
#6914=CARTESIAN_POINT('',(-0.0124526073776665,0.0130060071532429,0.0192));
#6915=CARTESIAN_POINT('',(-0.0124250846265649,0.0132495767706882,0.0192));
#6916=CARTESIAN_POINT('',(-0.0124250846265649,0.0132495767706882,0.0193745491673886));
#6917=CARTESIAN_POINT('',(-0.0125922185122174,0.0131696256582852,0.0195));
#6918=CARTESIAN_POINT('',(-0.0127438642255138,0.0130886336171038,0.0195));
#6919=CARTESIAN_POINT('',(-0.0132697439836848,0.01201,0.0192));
#6920=CARTESIAN_POINT('',(-0.0174703863628334,0.0152983483756383,0.0195));
#6921=CARTESIAN_POINT('',(-0.0171859618233076,0.015393756348657,0.0195));
#6922=CARTESIAN_POINT('',(-0.0171859618233076,0.015393756348657,0.0192));
#6923=CARTESIAN_POINT('',(-0.0171466771570072,0.0143333258473412,0.0195));
#6924=CARTESIAN_POINT('',(-0.0168544017154138,0.0144053291798135,0.0194999999999663));
#6925=CARTESIAN_POINT('',(-0.0168544017102318,0.0144053291815882,0.0192));
#6926=CARTESIAN_POINT('',(-0.0169366635697419,0.0133226433730506,0.0195));
#6927=CARTESIAN_POINT('',(-0.0166410295973298,0.0133763908242934,0.01950000000001));
#6928=CARTESIAN_POINT('',(-0.0166410295988163,0.0133763908240973,0.0192));
#6929=CARTESIAN_POINT('',(-0.0168116382293927,0.0123138649997198,0.0195));
#6930=CARTESIAN_POINT('',(-0.0165139160918192,0.0123507638994141,0.0195));
#6931=CARTESIAN_POINT('',(-0.0165139160918192,0.0123507638994141,0.0192));
#6932=CARTESIAN_POINT('',(-0.0165322950350413,0.0124943751291841,0.0192));
#6933=CARTESIAN_POINT('',(-0.0165322950350413,0.0124943751291841,0.0193652839674136));
#6934=CARTESIAN_POINT('',(-0.0166728309810419,0.0124132366629303,0.0194999999999999));
#6935=CARTESIAN_POINT('',(-0.0168138711008545,0.0123318071117892,0.0195));
#6936=CARTESIAN_POINT('',(-0.0170696568403515,0.0150292694612767,0.0192));
#6937=CARTESIAN_POINT('',(-0.0170696568403515,0.0150292694612767,0.0193033979272894));
#6938=CARTESIAN_POINT('',(-0.0172072922619135,0.0151184194067156,0.01946561273685));
#6939=CARTESIAN_POINT('',(-0.0173786981607049,0.0152272097782156,0.0195));
#6940=CARTESIAN_POINT('',(-0.0174646412069472,0.0152811796477425,0.0195));
#6941=CARTESIAN_POINT('',(-0.0133269204976915,0.0143449989811766,0.0195));
#6942=CARTESIAN_POINT('',(-0.0135867281188268,0.0141949989811766,0.0195));
#6943=CARTESIAN_POINT('',(-0.0135867281188268,0.0141949989811766,0.0192));
#6944=CARTESIAN_POINT('',(-0.0135170155843853,0.0146742533275808,0.0195));
#6945=CARTESIAN_POINT('',(-0.0137381322605478,0.0144572386252796,0.0195));
#6946=CARTESIAN_POINT('',(-0.0137381322510926,0.0144572386307368,0.0192));
#6947=CARTESIAN_POINT('',(-0.0141468846673725,0.0151374457802423,0.0195));
#6948=CARTESIAN_POINT('',(-0.014255289516014,0.0148479574617181,0.0195));
#6949=CARTESIAN_POINT('',(-0.0142552895203118,0.0148479574592376,0.0192));
#6950=CARTESIAN_POINT('',(-0.015621382303155,0.0154779622418464,0.0195));
#6951=CARTESIAN_POINT('',(-0.015632381945542,0.0151755232064978,0.0195));
#6952=CARTESIAN_POINT('',(-0.0156323819429634,0.0151755232079863,0.0192));
#6953=CARTESIAN_POINT('',(-0.016747066964017,0.0153729877935389,0.0195));
#6954=CARTESIAN_POINT('',(-0.0167089945976312,0.0150754134416234,0.0195));
#6955=CARTESIAN_POINT('',(-0.0167089945976313,0.0150754134416228,0.0192));
#6956=CARTESIAN_POINT('',(-0.0174912728283346,0.0152777723351149,0.0195));
#6957=CARTESIAN_POINT('',(-0.017453200461949,0.0149801979831996,0.0195));
#6958=CARTESIAN_POINT('',(-0.017453200461949,0.0149801979831996,0.0192));
#6959=CARTESIAN_POINT('',(-0.0133269204976915,0.0143449989811766,0.0192));
#6960=CARTESIAN_POINT('',(-0.0168283318285978,0.0123427412273587,0.0195));
#6961=CARTESIAN_POINT('',(-0.0166475160239833,0.0125821272018885,0.0195));
#6962=CARTESIAN_POINT('',(-0.0166475160239833,0.0125821272018885,0.0192));
#6963=CARTESIAN_POINT('',(-0.0160150646024178,0.0117284547485991,0.0195));
#6964=CARTESIAN_POINT('',(-0.0158206657048534,0.0119575809831262,0.0195000000000225));
#6965=CARTESIAN_POINT('',(-0.0158206657059018,0.0119575809816961,0.0192));
#6966=CARTESIAN_POINT('',(-0.0152450146454644,0.011040679434172,0.0195));
#6967=CARTESIAN_POINT('',(-0.0150364741300113,0.0112577434062578,0.0195000000000797));
#6968=CARTESIAN_POINT('',(-0.0150364741259018,0.0112577434097954,0.0192));
#6969=CARTESIAN_POINT('',(-0.0145730628841588,0.0102800163548233,0.0195));
#6970=CARTESIAN_POINT('',(-0.0143482257166534,0.0104786321852804,0.0195));
#6971=CARTESIAN_POINT('',(-0.0143482257166534,0.0104786321852804,0.0192));
#6972=CARTESIAN_POINT('',(-0.0146056930440842,0.01076155899674,0.0192));
#6973=CARTESIAN_POINT('',(-0.0146056930440842,0.01076155899674,0.0193033979309811));
#6974=CARTESIAN_POINT('',(-0.0145973046464489,0.0105977882384299,0.0194656127356239));
#6975=CARTESIAN_POINT('',(-0.0145887923675321,0.0103949511976473,0.0195));
#6976=CARTESIAN_POINT('',(-0.0145850246125415,0.0102935373999131,0.0195));
#6977=CARTESIAN_POINT('',(-0.0135867281188268,0.0141949989811766,0.0192));
#6978=CARTESIAN_POINT('',(-0.0135867281188268,0.0141949989811766,0.0195));
#6979=CARTESIAN_POINT('',(-0.0133269204976915,0.0143449989811766,0.0195));
#6980=CARTESIAN_POINT('',(-0.0135076969256621,0.0140581129392325,0.0192));
#6981=CARTESIAN_POINT('',(-0.0135076969259325,0.0140581129391004,0.0195000000000204));
#6982=CARTESIAN_POINT('',(-0.013227693072474,0.0141731320517175,0.0195));
#6983=CARTESIAN_POINT('',(-0.0134060462907071,0.013760757254201,0.0192));
#6984=CARTESIAN_POINT('',(-0.0134060462905643,0.0137607572542588,0.0194999999999796));
#6985=CARTESIAN_POINT('',(-0.0131024711172619,0.013789696210631,0.0195));
#6986=CARTESIAN_POINT('',(-0.0134149936317764,0.013388529485952,0.0192));
#6987=CARTESIAN_POINT('',(-0.0134149936317916,0.0133885294859684,0.0195000000000204));
#6988=CARTESIAN_POINT('',(-0.0131150022613168,0.0133908049309104,0.0195));
#6989=CARTESIAN_POINT('',(-0.0134134910190563,0.013190427199406,0.0192));
#6990=CARTESIAN_POINT('',(-0.0134134910190563,0.013190427199406,0.0195));
#6991=CARTESIAN_POINT('',(-0.0131134996485967,0.0131927026443644,0.0195));
#6992=CARTESIAN_POINT('',(-0.0134158608806392,0.0135028663210162,0.0192));
#6993=CARTESIAN_POINT('',(-0.0134158608806392,0.0135028663210162,0.0192977233628291));
#6994=CARTESIAN_POINT('',(-0.0133142340273234,0.0134124072431321,0.0194649454751323));
#6995=CARTESIAN_POINT('',(-0.0131772465355512,0.0132717604414573,0.0195));
#6996=CARTESIAN_POINT('',(-0.0131135534200261,0.0131997917917955,0.0195));
#6997=CARTESIAN_POINT('',(-0.0145885248877281,0.010288941125622,0.0195));
#6998=CARTESIAN_POINT('',(-0.0148271956528086,0.0104706999380517,0.0195));
#6999=CARTESIAN_POINT('',(-0.0148271956528086,0.0104706999380517,0.0192));
#7000=CARTESIAN_POINT('',(-0.0143917316383539,0.0105473538802119,0.0195));
#7001=CARTESIAN_POINT('',(-0.0146304024034337,0.0107291126926411,0.0195));
#7002=CARTESIAN_POINT('',(-0.0146304024034341,0.0107291126926414,0.0192));
#7003=CARTESIAN_POINT('',(-0.01419808346271,0.0108081177373263,0.0195));
#7004=CARTESIAN_POINT('',(-0.0144432009801317,0.0109810842156826,0.0194999999999681));
#7005=CARTESIAN_POINT('',(-0.0144432009801555,0.0109810842157007,0.0192));
#7006=CARTESIAN_POINT('',(-0.0140108091546612,0.011073511436161,0.0195));
#7007=CARTESIAN_POINT('',(-0.0142559266721068,0.0112464779145355,0.0195));
#7008=CARTESIAN_POINT('',(-0.0142559266721068,0.0112464779145355,0.0192));
#7009=CARTESIAN_POINT('',(-0.014407182263518,0.0110321277386233,0.0192));
#7010=CARTESIAN_POINT('',(-0.014407182263518,0.0110321277386233,0.0193854643372901));
#7011=CARTESIAN_POINT('',(-0.0141947927357207,0.0110427677008537,0.0195));
#7012=CARTESIAN_POINT('',(-0.0140141401206146,0.0110687909948773,0.0195));
#7013=CARTESIAN_POINT('',(-0.0132697439836848,0.01201,0.0192));
#7014=CARTESIAN_POINT('',(-0.0208866995857204,0.0146665579237815,0.0195));
#7015=CARTESIAN_POINT('',(-0.0210036060186657,0.0149428419912484,0.0195));
#7016=CARTESIAN_POINT('',(-0.0210036060186657,0.0149428419912484,0.0192));
#7017=CARTESIAN_POINT('',(-0.0199480782769431,0.0150637247622841,0.0195));
#7018=CARTESIAN_POINT('',(-0.0200493079679409,0.0153466422633379,0.0195000000000275));
#7019=CARTESIAN_POINT('',(-0.0200493079672198,0.0153466422616874,0.0192));
#7020=CARTESIAN_POINT('',(-0.018967422404253,0.0153867199299321,0.0195));
#7021=CARTESIAN_POINT('',(-0.0190511350605417,0.015675853300107,0.0195000000000075));
#7022=CARTESIAN_POINT('',(-0.0190511350616151,0.0156758533054039,0.0192));
#7023=CARTESIAN_POINT('',(-0.0179726929732762,0.0155883156856808,0.0195));
#7024=CARTESIAN_POINT('',(-0.018032280744303,0.015882338299682,0.0195));
#7025=CARTESIAN_POINT('',(-0.018032280744303,0.015882338299682,0.0192));
#7026=CARTESIAN_POINT('',(-0.0184060362095286,0.01580082844924,0.0192));
#7027=CARTESIAN_POINT('',(-0.0184060362095286,0.01580082844924,0.0193033979269226));
#7028=CARTESIAN_POINT('',(-0.0182600123820043,0.0157262076515969,0.0194656127369837));
#7029=CARTESIAN_POINT('',(-0.0180800942069674,0.0156321609740888,0.0195));
#7030=CARTESIAN_POINT('',(-0.0179903834059984,0.015584717047573,0.0195));
#7031=CARTESIAN_POINT('',(-0.02087,0.0149987502583681,0.0192));
#7032=CARTESIAN_POINT('',(-0.02087,0.0149987502583681,0.0193652839674135));
#7033=CARTESIAN_POINT('',(-0.02087,0.0148364733258598,0.0195));
#7034=CARTESIAN_POINT('',(-0.02087,0.0146736142235788,0.0195));
#7035=CARTESIAN_POINT('',(-0.0237673577264502,0.015588325960575,0.0195));
#7036=CARTESIAN_POINT('',(-0.0237077711850352,0.0158823488237714,0.0195));
#7037=CARTESIAN_POINT('',(-0.0237077711850352,0.0158823488237714,0.0192));
#7038=CARTESIAN_POINT('',(-0.0227697690989435,0.0153861550920971,0.0195));
#7039=CARTESIAN_POINT('',(-0.0226859880931546,0.0156752747155815,0.0194999999999201));
#7040=CARTESIAN_POINT('',(-0.0226859880921666,0.0156752747210352,0.0192));
#7041=CARTESIAN_POINT('',(-0.0217894856074595,0.0150626909566629,0.0195));
#7042=CARTESIAN_POINT('',(-0.0216882152795794,0.0153455912127459,0.0195000000001683));
#7043=CARTESIAN_POINT('',(-0.0216882152799848,0.015345591211227,0.0192));
#7044=CARTESIAN_POINT('',(-0.0208533452394217,0.0146665768909545,0.0195));
#7045=CARTESIAN_POINT('',(-0.020736439555142,0.0149428612752093,0.0195));
#7046=CARTESIAN_POINT('',(-0.020736439555142,0.0149428612752093,0.0192));
#7047=CARTESIAN_POINT('',(-0.0233339637901564,0.0158008284499922,0.0192));
#7048=CARTESIAN_POINT('',(-0.0233339637901564,0.0158008284499922,0.0193033979272414));
#7049=CARTESIAN_POINT('',(-0.0234799876182124,0.015726207651189,0.0194656127368197));
#7050=CARTESIAN_POINT('',(-0.0236599057928969,0.0156321609741603,0.0195));
#7051=CARTESIAN_POINT('',(-0.0237496165940013,0.015584717047573,0.0195));
#7052=CARTESIAN_POINT('',(-0.02087,0.0183999979623531,0.0192));
#7053=CARTESIAN_POINT('',(-0.02087,0.0183999979623531,0.0195));
#7054=CARTESIAN_POINT('',(-0.02087,0.0186999979623531,0.0195));
#7055=CARTESIAN_POINT('',(-0.02056719173549,0.0183999979623531,0.0192));
#7056=CARTESIAN_POINT('',(-0.0205671917354915,0.0183999979514325,0.0195));
#7057=CARTESIAN_POINT('',(-0.020489809828394,0.0186999979613394,0.0195));
#7058=CARTESIAN_POINT('',(-0.0199702406696895,0.0181474860437583,0.0192));
#7059=CARTESIAN_POINT('',(-0.0199702406696862,0.0181474860487202,0.0194999999999972));
#7060=CARTESIAN_POINT('',(-0.0197737388560701,0.018386111560794,0.0195));
#7061=CARTESIAN_POINT('',(-0.0189980141986706,0.0171186718967919,0.0192));
#7062=CARTESIAN_POINT('',(-0.0189980141986837,0.0171186718938237,0.019500000000014));
#7063=CARTESIAN_POINT('',(-0.0187415941321919,0.0172794173813079,0.0195));
#7064=CARTESIAN_POINT('',(-0.0185464054717655,0.016136243105065,0.0192));
#7065=CARTESIAN_POINT('',(-0.0185464054717096,0.0161362431050206,0.0194999999999383));
#7066=CARTESIAN_POINT('',(-0.018269662340171,0.0162520586442385,0.0195));
#7067=CARTESIAN_POINT('',(-0.0182567615462235,0.0154441341914091,0.0192));
#7068=CARTESIAN_POINT('',(-0.0182567615462235,0.0154441341914091,0.0195));
#7069=CARTESIAN_POINT('',(-0.0179800184146271,0.0155599497305834,0.0195));
#7070=CARTESIAN_POINT('',(-0.02087,0.0186999979623531,0.0192));
#7071=CARTESIAN_POINT('',(-0.0231118896861469,0.0169351221994251,0.0195));
#7072=CARTESIAN_POINT('',(-0.0228477919306201,0.0167928113582158,0.0195));
#7073=CARTESIAN_POINT('',(-0.0228477919306201,0.0167928113582158,0.0192));
#7074=CARTESIAN_POINT('',(-0.0233496155327802,0.0164939550895029,0.0195));
#7075=CARTESIAN_POINT('',(-0.0230855177773718,0.0163516442483779,0.0195000000000934));
#7076=CARTESIAN_POINT('',(-0.0230855177772545,0.0163516442482942,0.0192));
#7077=CARTESIAN_POINT('',(-0.0235595857868709,0.0160387987799517,0.0195));
#7078=CARTESIAN_POINT('',(-0.0232828426553609,0.0159229832408289,0.019500000000067));
#7079=CARTESIAN_POINT('',(-0.0232828426552759,0.0159229832407781,0.0192));
#7080=CARTESIAN_POINT('',(-0.0237530577957399,0.0155764942395419,0.0195));
#7081=CARTESIAN_POINT('',(-0.0234763146641435,0.0154606787003678,0.0195));
#7082=CARTESIAN_POINT('',(-0.0234763146641435,0.0154606787003678,0.0192));
#7083=CARTESIAN_POINT('',(-0.0229765628482925,0.0165538407355604,0.0192));
#7084=CARTESIAN_POINT('',(-0.0229765628482925,0.0165538407355604,0.0193866212713466));
#7085=CARTESIAN_POINT('',(-0.0230607255462939,0.0167521871175507,0.0195));
#7086=CARTESIAN_POINT('',(-0.0231161180114824,0.0169272753535964,0.0195));
#7087=CARTESIAN_POINT('',(-0.02087,0.0186999979623531,0.0195));
#7088=CARTESIAN_POINT('',(-0.02087,0.0183999979623531,0.0195));
#7089=CARTESIAN_POINT('',(-0.02087,0.0183999979623531,0.0192));
#7090=CARTESIAN_POINT('',(-0.0209830024601302,0.0186999979683053,0.0195));
#7091=CARTESIAN_POINT('',(-0.020960002534505,0.0183999979640751,0.0194999999999889));
#7092=CARTESIAN_POINT('',(-0.0209600025345178,0.0183999979623531,0.0192000000000014));
#7093=CARTESIAN_POINT('',(-0.0212070968043042,0.0186661317317819,0.0195));
#7094=CARTESIAN_POINT('',(-0.0211222251154016,0.0183765722899695,0.0195000000000055));
#7095=CARTESIAN_POINT('',(-0.0211222251153951,0.0183765722908306,0.0191999999999993));
#7096=CARTESIAN_POINT('',(-0.0214266923018448,0.0186128977787215,0.0195));
#7097=CARTESIAN_POINT('',(-0.0213624445340344,0.018319858149437,0.0195));
#7098=CARTESIAN_POINT('',(-0.0213624445340346,0.0183198581494367,0.0192));
#7099=CARTESIAN_POINT('',(-0.0215370524064447,0.0185887017667585,0.0195));
#7100=CARTESIAN_POINT('',(-0.0214728046386345,0.0182956621374736,0.0195));
#7101=CARTESIAN_POINT('',(-0.0214728046386345,0.0182956621374736,0.0192));
#7102=CARTESIAN_POINT('',(-0.0211251193273657,0.0183718907527088,0.0192));
#7103=CARTESIAN_POINT('',(-0.0211251193273657,0.0183718907527088,0.0193029334368869));
#7104=CARTESIAN_POINT('',(-0.0212582650956705,0.0184546804751702,0.0194703149261226));
#7105=CARTESIAN_POINT('',(-0.0214407902171249,0.0185482012706769,0.0195000000000002));
#7106=CARTESIAN_POINT('',(-0.0215331031382882,0.0185895676280225,0.0195));
#7107=CARTESIAN_POINT('',(-0.0225782873383161,0.018,0.0192));
#7108=CARTESIAN_POINT('',(-0.0249283677571244,0.0123138166964243,0.0195));
#7109=CARTESIAN_POINT('',(-0.0252260899946842,0.0123507147893614,0.0195));
#7110=CARTESIAN_POINT('',(-0.0252260899946842,0.0123507147893614,0.0192));
#7111=CARTESIAN_POINT('',(-0.0248030136744127,0.0133252700136556,0.0195));
#7112=CARTESIAN_POINT('',(-0.0250986422628878,0.0133790612801392,0.0194999999999412));
#7113=CARTESIAN_POINT('',(-0.0250986422612109,0.0133790612799605,0.0192));
#7114=CARTESIAN_POINT('',(-0.0245924077585602,0.0143360404955835,0.0195));
#7115=CARTESIAN_POINT('',(-0.0248846609303539,0.0144081098937123,0.0195));
#7116=CARTESIAN_POINT('',(-0.0248846609354689,0.0144081098954262,0.0192));
#7117=CARTESIAN_POINT('',(-0.0242696300888426,0.0152982993305463,0.0195));
#7118=CARTESIAN_POINT('',(-0.0245540550273681,0.0153937061140827,0.0195));
#7119=CARTESIAN_POINT('',(-0.0245540550273681,0.0153937061140827,0.0192));
#7120=CARTESIAN_POINT('',(-0.0246703431588393,0.0150292694611731,0.0192));
#7121=CARTESIAN_POINT('',(-0.0246703431588393,0.0150292694611731,0.0193033979269226));
#7122=CARTESIAN_POINT('',(-0.0245327077386677,0.0151184194065455,0.0194656127369838));
#7123=CARTESIAN_POINT('',(-0.0243613018392857,0.0152272097779759,0.0195));
#7124=CARTESIAN_POINT('',(-0.0242753587931832,0.0152811796473509,0.0195));
#7125=CARTESIAN_POINT('',(-0.0252077049649584,0.0124943751291842,0.0192));
#7126=CARTESIAN_POINT('',(-0.0252077049649584,0.0124943751291842,0.0193652839674135));
#7127=CARTESIAN_POINT('',(-0.0250671690189577,0.0124132366629306,0.0195));
#7128=CARTESIAN_POINT('',(-0.0249261288991451,0.0123318071117896,0.0195));
#7129=CARTESIAN_POINT('',(-0.027166971363749,0.0102799775853304,0.0195));
#7130=CARTESIAN_POINT('',(-0.0273918093618631,0.0104785924755176,0.0195));
#7131=CARTESIAN_POINT('',(-0.0273918093618631,0.0104785924755176,0.0192));
#7132=CARTESIAN_POINT('',(-0.0264930919419923,0.0110428292450405,0.0195));
#7133=CARTESIAN_POINT('',(-0.0267015863778732,0.0112599455360947,0.0195));
#7134=CARTESIAN_POINT('',(-0.0267015863819944,0.01125994553973,0.0192));
#7135=CARTESIAN_POINT('',(-0.0257228220377502,0.0117300475838633,0.0195));
#7136=CARTESIAN_POINT('',(-0.0259171856818675,0.0119592003884793,0.0194999999998279));
#7137=CARTESIAN_POINT('',(-0.0259171856811992,0.0119592003873824,0.0192));
#7138=CARTESIAN_POINT('',(-0.0249117070100285,0.0123427118912321,0.0195));
#7139=CARTESIAN_POINT('',(-0.0250925234633222,0.0125820973757927,0.0195));
#7140=CARTESIAN_POINT('',(-0.0250925234633222,0.0125820973757927,0.0192));
#7141=CARTESIAN_POINT('',(-0.0271343069498049,0.0107615589887156,0.0192));
#7142=CARTESIAN_POINT('',(-0.0271343069498049,0.0107615589887156,0.0193033979272413));
#7143=CARTESIAN_POINT('',(-0.0271426953564185,0.0105977882446595,0.0194656127368197));
#7144=CARTESIAN_POINT('',(-0.0271512076323131,0.010394951196266,0.0195));
#7145=CARTESIAN_POINT('',(-0.0271549753871848,0.0102935374002221,0.0195));
#7146=CARTESIAN_POINT('',(-0.0281532718811732,0.0141949989811766,0.0192));
#7147=CARTESIAN_POINT('',(-0.0281532718811732,0.0141949989811766,0.0195));
#7148=CARTESIAN_POINT('',(-0.0284130795023085,0.0143449989811766,0.0195));
#7149=CARTESIAN_POINT('',(-0.0280018677489272,0.0144572386307025,0.0192));
#7150=CARTESIAN_POINT('',(-0.0280018677394478,0.0144572386252313,0.0194999999999823));
#7151=CARTESIAN_POINT('',(-0.0282229844156205,0.014674253327573,0.0195));
#7152=CARTESIAN_POINT('',(-0.0274847104797522,0.0148479574592272,0.0192));
#7153=CARTESIAN_POINT('',(-0.0274847104840648,0.0148479574617163,0.0195000000000109));
#7154=CARTESIAN_POINT('',(-0.027593115332694,0.0151374457802115,0.0195));
#7155=CARTESIAN_POINT('',(-0.0261076180572039,0.0151755232078667,0.0192));
#7156=CARTESIAN_POINT('',(-0.0261076180545999,0.0151755232063632,0.0194999999999807));
#7157=CARTESIAN_POINT('',(-0.0261186176970946,0.0154779622417456,0.0195));
#7158=CARTESIAN_POINT('',(-0.0250310054027024,0.0150754134420778,0.0192));
#7159=CARTESIAN_POINT('',(-0.0250310054027848,0.0150754134421277,0.0195000000000635));
#7160=CARTESIAN_POINT('',(-0.024992933035982,0.01537298779395,0.0195));
#7161=CARTESIAN_POINT('',(-0.0242867995385212,0.0149801979828211,0.0192));
#7162=CARTESIAN_POINT('',(-0.0242867995385212,0.0149801979828211,0.0195));
#7163=CARTESIAN_POINT('',(-0.0242487271718008,0.0152777723346936,0.0195));
#7164=CARTESIAN_POINT('',(-0.0284130795023085,0.0143449989811766,0.0192));
#7165=CARTESIAN_POINT('',(-0.0269102336566281,0.0104673243187323,0.0192));
#7166=CARTESIAN_POINT('',(-0.0269102336566281,0.0104673243187323,0.0195));
#7167=CARTESIAN_POINT('',(-0.0271489044215042,0.0102855655060341,0.0195));
#7168=CARTESIAN_POINT('',(-0.0272515568382314,0.010915521925296,0.0192));
#7169=CARTESIAN_POINT('',(-0.0272515568380878,0.0109155219252432,0.0194999999999005));
#7170=CARTESIAN_POINT('',(-0.0274902276031061,0.0107337631125989,0.0195));
#7171=CARTESIAN_POINT('',(-0.0275522473848177,0.0113483608146262,0.0192));
#7172=CARTESIAN_POINT('',(-0.0275522473846836,0.011348360814572,0.0194999999999095));
#7173=CARTESIAN_POINT('',(-0.0278112859502741,0.0111970365878568,0.0195));
#7174=CARTESIAN_POINT('',(-0.0278364422125222,0.0118348488149311,0.0192));
#7175=CARTESIAN_POINT('',(-0.0278364422125222,0.0118348488149311,0.0195));
#7176=CARTESIAN_POINT('',(-0.0280954807779771,0.0116835245881627,0.0195));
#7177=CARTESIAN_POINT('',(-0.0276975522962507,0.011597095446317,0.0192));
#7178=CARTESIAN_POINT('',(-0.0276975522962507,0.011597095446317,0.0192935831886418));
#7179=CARTESIAN_POINT('',(-0.0278163977729287,0.0116141332328559,0.0194601587687904));
#7180=CARTESIAN_POINT('',(-0.0280011400562545,0.0116523375117592,0.0195));
#7181=CARTESIAN_POINT('',(-0.028090425929263,0.0116748716395406,0.0195));
#7182=CARTESIAN_POINT('',(-0.0284130795023085,0.0143449989811766,0.0195));
#7183=CARTESIAN_POINT('',(-0.0281532718811732,0.0141949989811766,0.0195));
#7184=CARTESIAN_POINT('',(-0.0281532718811732,0.0141949989811766,0.0192));
#7185=CARTESIAN_POINT('',(-0.0284965155608995,0.0142004835088924,0.0195));
#7186=CARTESIAN_POINT('',(-0.0282197258000953,0.0140798974247788,0.019500000000052));
#7187=CARTESIAN_POINT('',(-0.0282197257968289,0.0140798974228992,0.0191999999999968));
#7188=CARTESIAN_POINT('',(-0.0285597020556199,0.0140453105684567,0.0195));
#7189=CARTESIAN_POINT('',(-0.0282882154545376,0.0139176585983649,0.0194999999999652));
#7190=CARTESIAN_POINT('',(-0.0282882154545909,0.0139176585983903,0.0192));
#7191=CARTESIAN_POINT('',(-0.0286307068557271,0.013894299566998,0.0195));
#7192=CARTESIAN_POINT('',(-0.0283592202546982,0.0137666475969317,0.0195));
#7193=CARTESIAN_POINT('',(-0.0283592202546982,0.0137666475969317,0.0192));
#7194=CARTESIAN_POINT('',(-0.0281984613935326,0.0141085449979704,0.0192));
#7195=CARTESIAN_POINT('',(-0.0281984613935326,0.0141085449979704,0.0193056470805559));
#7196=CARTESIAN_POINT('',(-0.0283536007320273,0.0140453433380856,0.0194727186198263));
#7197=CARTESIAN_POINT('',(-0.0285398715665227,0.0139494391757714,0.0194999999999999));
#7198=CARTESIAN_POINT('',(-0.0286294363921065,0.0138970015531074,0.0195));
#7199=CARTESIAN_POINT('',(-0.0287142142303571,0.0127,0.0192));
#7200=CARTESIAN_POINT('',(-0.0204012602344756,0.0144679896369264,0.0195));
#7201=CARTESIAN_POINT('',(-0.0202769171135452,0.0147410075635856,0.0195));
#7202=CARTESIAN_POINT('',(-0.0202769171135452,0.0147410075635856,0.0192));
#7203=CARTESIAN_POINT('',(-0.0192916859086585,0.0139626457697694,0.0195));
#7204=CARTESIAN_POINT('',(-0.0191493427205155,0.014227465756539,0.0195));
#7205=CARTESIAN_POINT('',(-0.0191493427201006,0.0142274657574568,0.0192));
#7206=CARTESIAN_POINT('',(-0.0182178178187914,0.0133425197180045,0.0195));
#7207=CARTESIAN_POINT('',(-0.0180596335204719,0.0135981917564122,0.0195));
#7208=CARTESIAN_POINT('',(-0.0180596335199106,0.0135981917571985,0.0192));
#7209=CARTESIAN_POINT('',(-0.017226333799441,0.0126349472812383,0.0195));
#7210=CARTESIAN_POINT('',(-0.0170520651706486,0.0128791407394202,0.0195));
#7211=CARTESIAN_POINT('',(-0.0170520651706486,0.0128791407394202,0.0192));
#7212=CARTESIAN_POINT('',(-0.0176757490611766,0.0133057772413022,0.0192));
#7213=CARTESIAN_POINT('',(-0.0176757490611766,0.0133057772413022,0.0192765287428467));
#7214=CARTESIAN_POINT('',(-0.0176017588403072,0.0131952417925013,0.0193846509137966));
#7215=CARTESIAN_POINT('',(-0.0174478274820689,0.0129625054191734,0.0194775731170019));
#7216=CARTESIAN_POINT('',(-0.0173253258261216,0.0127741857994218,0.0195));
#7217=CARTESIAN_POINT('',(-0.0172439768917647,0.0126475226850543,0.0195));
#7218=CARTESIAN_POINT('',(-0.0195955781440024,0.0144141910801338,0.0192));
#7219=CARTESIAN_POINT('',(-0.0195955781440024,0.0144141910801338,0.0192765287435299));
#7220=CARTESIAN_POINT('',(-0.0197282997629715,0.0144230007660741,0.0193846509136089));
#7221=CARTESIAN_POINT('',(-0.0200068210529861,0.0144399410463843,0.0194775731171565));
#7222=CARTESIAN_POINT('',(-0.0202311614552184,0.0144518707824245,0.0195000000000001));
#7223=CARTESIAN_POINT('',(-0.020381529397802,0.0144589894690025,0.0195));
#7224=CARTESIAN_POINT('',(-0.0178428502875993,0.0152099016211608,0.0195));
#7225=CARTESIAN_POINT('',(-0.0177775338384371,0.0149170983399824,0.0195));
#7226=CARTESIAN_POINT('',(-0.0177775338384371,0.0149170983399824,0.0192));
#7227=CARTESIAN_POINT('',(-0.0182764548214737,0.0151131762416533,0.0195));
#7228=CARTESIAN_POINT('',(-0.0182111383723126,0.0148203729604753,0.0195));
#7229=CARTESIAN_POINT('',(-0.0182111383723113,0.014820372960474,0.0192));
#7230=CARTESIAN_POINT('',(-0.0191409360624714,0.0149040546737202,0.0195));
#7231=CARTESIAN_POINT('',(-0.0190479502248515,0.0146181993599585,0.0194999999999935));
#7232=CARTESIAN_POINT('',(-0.0190479502248581,0.014618199359963,0.0192));
#7233=CARTESIAN_POINT('',(-0.0199767289515278,0.0145994697347546,0.0195));
#7234=CARTESIAN_POINT('',(-0.0198783725851538,0.0143160512717239,0.0195000000000131));
#7235=CARTESIAN_POINT('',(-0.0198783725851418,0.0143160512717162,0.0192));
#7236=CARTESIAN_POINT('',(-0.0203964605618038,0.0144538078198554,0.0195));
#7237=CARTESIAN_POINT('',(-0.0202981041954177,0.0141703893568166,0.0195));
#7238=CARTESIAN_POINT('',(-0.0202981041954177,0.0141703893568166,0.0192));
#7239=CARTESIAN_POINT('',(-0.0180619714981243,0.0148536480334694,0.0192));
#7240=CARTESIAN_POINT('',(-0.0180619714981243,0.0148536480334694,0.0192943434588439));
#7241=CARTESIAN_POINT('',(-0.0179989016845525,0.0149628881565342,0.0194577027187788));
#7242=CARTESIAN_POINT('',(-0.0179046554315617,0.0151261274550178,0.0195));
#7243=CARTESIAN_POINT('',(-0.0178582749548123,0.0152064607973838,0.0195));
#7244=CARTESIAN_POINT('',(-0.0181492407518849,0.0151317034261029,0.0192));
#7245=CARTESIAN_POINT('',(-0.0181492407518849,0.0151317034261029,0.0195));
#7246=CARTESIAN_POINT('',(-0.0178630074476442,0.0152215393629182,0.0195));
#7247=CARTESIAN_POINT('',(-0.018016205120051,0.0147078281949708,0.0192));
#7248=CARTESIAN_POINT('',(-0.0180162051200472,0.0147078281949697,0.0194999999999967));
#7249=CARTESIAN_POINT('',(-0.0177299718158098,0.0147976641317863,0.0195));
#7250=CARTESIAN_POINT('',(-0.0177728866682988,0.0138820410726804,0.0192));
#7251=CARTESIAN_POINT('',(-0.0177728866682983,0.0138820410726807,0.0195000000000003));
#7252=CARTESIAN_POINT('',(-0.0174788357859001,0.0139444406317738,0.0195));
#7253=CARTESIAN_POINT('',(-0.0176193434081017,0.0130118001683655,0.0192));
#7254=CARTESIAN_POINT('',(-0.0176193434081064,0.0130118001683661,0.0195000000000027));
#7255=CARTESIAN_POINT('',(-0.0173247176360114,0.0130683302879475,0.0195));
#7256=CARTESIAN_POINT('',(-0.01753562452165,0.0125754709735621,0.0192));
#7257=CARTESIAN_POINT('',(-0.01753562452165,0.0125754709735621,0.0195));
#7258=CARTESIAN_POINT('',(-0.0172409987495593,0.0126320010931442,0.0195));
#7259=CARTESIAN_POINT('',(-0.02467,0.00999,0.0195));
#7260=CARTESIAN_POINT('',(-0.02437,0.00999,0.0195));
#7261=CARTESIAN_POINT('',(-0.02437,0.00999,0.0192));
#7262=CARTESIAN_POINT('',(-0.0246699999996965,0.00927600408208064,0.0195));
#7263=CARTESIAN_POINT('',(-0.0243699999997583,0.0092873116023659,0.0195000000000403));
#7264=CARTESIAN_POINT('',(-0.02437,0.00928731160234576,0.0192));
#7265=CARTESIAN_POINT('',(-0.0246249358050407,0.0085626206988574,0.0195));
#7266=CARTESIAN_POINT('',(-0.0243266610651367,0.00859474825171757,0.0194999999998424));
#7267=CARTESIAN_POINT('',(-0.0243266610653406,0.00859474825178175,0.0192));
#7268=CARTESIAN_POINT('',(-0.0245484737239322,0.00785274069669064,0.0195));
#7269=CARTESIAN_POINT('',(-0.0242501989842322,0.00788486824961497,0.0195));
#7270=CARTESIAN_POINT('',(-0.0242501989842322,0.00788486824961497,0.0192));
#7271=CARTESIAN_POINT('',(-0.02467,0.00999,0.0192));
#7272=CARTESIAN_POINT('',(-0.0242657720759819,0.00802945006382651,0.0192));
#7273=CARTESIAN_POINT('',(-0.0242657720759819,0.00802945006382651,0.0193660590937456));
#7274=CARTESIAN_POINT('',(-0.0244081517554391,0.00794724713139006,0.0195));
#7275=CARTESIAN_POINT('',(-0.0245498418327392,0.00786544232694813,0.0195));
#7276=CARTESIAN_POINT('',(-0.02262,0.00695891108675447,0.0192));
#7277=CARTESIAN_POINT('',(-0.02262,0.00695891108675447,0.0195));
#7278=CARTESIAN_POINT('',(-0.02277,0.00669910346561913,0.0195));
#7279=CARTESIAN_POINT('',(-0.0232285460032243,0.00731025528553029,0.0192));
#7280=CARTESIAN_POINT('',(-0.0232285460030818,0.00731025528578483,0.0195));
#7281=CARTESIAN_POINT('',(-0.0233883386028178,0.00705610142476066,0.0195));
#7282=CARTESIAN_POINT('',(-0.023806653990837,0.00769406958019186,0.0192));
#7283=CARTESIAN_POINT('',(-0.0238066539908083,0.00769406958018403,0.019499999999972));
#7284=CARTESIAN_POINT('',(-0.0239836146372397,0.00745181985444602,0.0195));
#7285=CARTESIAN_POINT('',(-0.0243831970664157,0.00811522768478524,0.0192));
#7286=CARTESIAN_POINT('',(-0.0243831970664157,0.00811522768478524,0.0195));
#7287=CARTESIAN_POINT('',(-0.0245601577128192,0.0078729779590383,0.0195));
#7288=CARTESIAN_POINT('',(-0.02277,0.00669910346561913,0.0192));
#7289=CARTESIAN_POINT('',(-0.02437,0.00999,0.0192));
#7290=CARTESIAN_POINT('',(-0.02437,0.00999,0.0195));
#7291=CARTESIAN_POINT('',(-0.02467,0.00999,0.0195));
#7292=CARTESIAN_POINT('',(-0.02437,0.0106926883975732,0.0192));
#7293=CARTESIAN_POINT('',(-0.0243699999997162,0.0106926883975739,0.0195000000000018));
#7294=CARTESIAN_POINT('',(-0.0246699999997027,0.0107039959178495,0.0195));
#7295=CARTESIAN_POINT('',(-0.0243266610642718,0.0113852517485021,0.0192));
#7296=CARTESIAN_POINT('',(-0.0243266610642775,0.0113852517485025,0.0195000000000061));
#7297=CARTESIAN_POINT('',(-0.0246249358040307,0.0114173793008849,0.0195));
#7298=CARTESIAN_POINT('',(-0.0242501989844599,0.0120951317507357,0.0192));
#7299=CARTESIAN_POINT('',(-0.0242501989844599,0.0120951317507357,0.0195));
#7300=CARTESIAN_POINT('',(-0.0245484737242182,0.0121272593031185,0.0195));
#7301=CARTESIAN_POINT('',(-0.0242657720794021,0.0119505499044203,0.0192));
#7302=CARTESIAN_POINT('',(-0.0242657720794021,0.0119505499044203,0.0193660591013719));
#7303=CARTESIAN_POINT('',(-0.0244081517524398,0.0120327528667056,0.0195));
#7304=CARTESIAN_POINT('',(-0.0245498418330021,0.0121145576728598,0.0195));
#7305=CARTESIAN_POINT('',(-0.02277,0.00669910346561913,0.0195));
#7306=CARTESIAN_POINT('',(-0.02262,0.00695891108675447,0.0195));
#7307=CARTESIAN_POINT('',(-0.02262,0.00695891108675447,0.0192));
#7308=CARTESIAN_POINT('',(-0.0221516613967198,0.00634210550691524,0.0195));
#7309=CARTESIAN_POINT('',(-0.0220114539964874,0.00660756688814588,0.0195000000000017));
#7310=CARTESIAN_POINT('',(-0.0220114539966299,0.00660756688789447,0.0192));
#7311=CARTESIAN_POINT('',(-0.0215113211668973,0.00602444055268397,0.0195));
#7312=CARTESIAN_POINT('',(-0.0213900070740394,0.00629881783103292,0.0195));
#7313=CARTESIAN_POINT('',(-0.0213900070740409,0.00629881783103412,0.0192));
#7314=CARTESIAN_POINT('',(-0.0208583160108258,0.00573571865626643,0.0195));
#7315=CARTESIAN_POINT('',(-0.0207370019179697,0.00601009593461598,0.0195));
#7316=CARTESIAN_POINT('',(-0.0207370019179697,0.00601009593461598,0.0192));
#7317=CARTESIAN_POINT('',(-0.0208699999828729,0.0060689001615838,0.0192));
#7318=CARTESIAN_POINT('',(-0.0208699999828729,0.0060689001615838,0.0193660591013454));
#7319=CARTESIAN_POINT('',(-0.0208699999998502,0.00590449426669052,0.0195));
#7320=CARTESIAN_POINT('',(-0.0208699999997018,0.00574088465441311,0.0195));
#7321=CARTESIAN_POINT('',(-0.02277,0.0132808965343809,0.0195));
#7322=CARTESIAN_POINT('',(-0.02262,0.0130210889132455,0.0195));
#7323=CARTESIAN_POINT('',(-0.02262,0.0130210889132455,0.0192));
#7324=CARTESIAN_POINT('',(-0.0233883386029173,0.0129238985751804,0.0195));
#7325=CARTESIAN_POINT('',(-0.0232285460032659,0.0126697447142079,0.0195000000000788));
#7326=CARTESIAN_POINT('',(-0.0232285460033284,0.0126697447144096,0.0192));
#7327=CARTESIAN_POINT('',(-0.0239836146374161,0.0125281801454271,0.0195));
#7328=CARTESIAN_POINT('',(-0.023806653991032,0.0122859304196894,0.0195000000000166));
#7329=CARTESIAN_POINT('',(-0.0238066539910124,0.0122859304196798,0.0192));
#7330=CARTESIAN_POINT('',(-0.0245601577130837,0.0121070220407686,0.0195));
#7331=CARTESIAN_POINT('',(-0.0243831970666803,0.0118647723150216,0.0195));
#7332=CARTESIAN_POINT('',(-0.0243831970666803,0.0118647723150216,0.0192));
#7333=CARTESIAN_POINT('',(-0.02277,0.0132808965343809,0.0192));
#7334=CARTESIAN_POINT('',(-0.01912,0.00695891108675445,0.0192));
#7335=CARTESIAN_POINT('',(-0.01912,0.00695891108675445,0.0195));
#7336=CARTESIAN_POINT('',(-0.01897,0.00669910346561912,0.0195));
#7337=CARTESIAN_POINT('',(-0.0197285460031623,0.00660756688801444,0.0192));
#7338=CARTESIAN_POINT('',(-0.0197285460032692,0.00660756688825216,0.019499999999958));
#7339=CARTESIAN_POINT('',(-0.0195883386031201,0.00634210550700828,0.0195));
#7340=CARTESIAN_POINT('',(-0.0203499929265429,0.00629881783190633,0.0192));
#7341=CARTESIAN_POINT('',(-0.0203499929265727,0.00629881783191473,0.0195000000000341));
#7342=CARTESIAN_POINT('',(-0.0202286788331876,0.00602444055377673,0.0195));
#7343=CARTESIAN_POINT('',(-0.0210029980819204,0.00601009593437554,0.0192));
#7344=CARTESIAN_POINT('',(-0.0210029980819204,0.00601009593437554,0.0195));
#7345=CARTESIAN_POINT('',(-0.0208816839885654,0.00573571865624656,0.0195));
#7346=CARTESIAN_POINT('',(-0.01897,0.00669910346561912,0.0192));
#7347=CARTESIAN_POINT('',(-0.02262,0.0130210889132455,0.0192));
#7348=CARTESIAN_POINT('',(-0.02262,0.0130210889132455,0.0195));
#7349=CARTESIAN_POINT('',(-0.02277,0.0132808965343809,0.0195));
#7350=CARTESIAN_POINT('',(-0.0220114539966169,0.013372433112113,0.0192));
#7351=CARTESIAN_POINT('',(-0.0220114539964721,0.0133724331118585,0.0195));
#7352=CARTESIAN_POINT('',(-0.0221516613967208,0.0136378944930822,0.0195));
#7353=CARTESIAN_POINT('',(-0.0213900070740208,0.0136811821689384,0.0192));
#7354=CARTESIAN_POINT('',(-0.0213900070739007,0.0136811821688552,0.019499999999887));
#7355=CARTESIAN_POINT('',(-0.0215113211668914,0.0139555594472776,0.0195));
#7356=CARTESIAN_POINT('',(-0.020737001917964,0.0139699040653958,0.0192));
#7357=CARTESIAN_POINT('',(-0.020737001917964,0.0139699040653958,0.0195));
#7358=CARTESIAN_POINT('',(-0.0208583160108362,0.0142442813437383,0.0195));
#7359=CARTESIAN_POINT('',(-0.02087,0.0139110998459888,0.0192));
#7360=CARTESIAN_POINT('',(-0.02087,0.0139110998459888,0.0193660590972602));
#7361=CARTESIAN_POINT('',(-0.020869999999856,0.0140755057350916,0.0195));
#7362=CARTESIAN_POINT('',(-0.0208699999997118,0.0142391153455909,0.0195));
#7363=CARTESIAN_POINT('',(-0.01897,0.00669910346561912,0.0195));
#7364=CARTESIAN_POINT('',(-0.01912,0.00695891108675445,0.0195));
#7365=CARTESIAN_POINT('',(-0.01912,0.00695891108675445,0.0192));
#7366=CARTESIAN_POINT('',(-0.0183516613971248,0.00705610142478682,0.0195));
#7367=CARTESIAN_POINT('',(-0.0185114539969408,0.00731025528576668,0.0195));
#7368=CARTESIAN_POINT('',(-0.0185114539967981,0.00731025528551732,0.0192));
#7369=CARTESIAN_POINT('',(-0.017756385362063,0.00745181985371325,0.0195));
#7370=CARTESIAN_POINT('',(-0.0179333460088925,0.00769406957914899,0.0195));
#7371=CARTESIAN_POINT('',(-0.0179333460088934,0.00769406957914954,0.0192));
#7372=CARTESIAN_POINT('',(-0.017179842287169,0.0078729779593639,0.0195));
#7373=CARTESIAN_POINT('',(-0.0173568029339989,0.00811522768479938,0.0195));
#7374=CARTESIAN_POINT('',(-0.0173568029339989,0.00811522768479938,0.0192));
#7375=CARTESIAN_POINT('',(-0.0174742279127249,0.00802945008421803,0.0192));
#7376=CARTESIAN_POINT('',(-0.0174742279127249,0.00802945008421803,0.0193660590939816));
#7377=CARTESIAN_POINT('',(-0.0173318482447004,0.00794724713163285,0.0195));
#7378=CARTESIAN_POINT('',(-0.0171901581672367,0.00786544232725484,0.0195));
#7379=CARTESIAN_POINT('',(-0.01897,0.0132808965343809,0.0195));
#7380=CARTESIAN_POINT('',(-0.01912,0.0130210889132455,0.0195));
#7381=CARTESIAN_POINT('',(-0.01912,0.0130210889132455,0.0192));
#7382=CARTESIAN_POINT('',(-0.0195883386031257,0.0136378944929941,0.0195));
#7383=CARTESIAN_POINT('',(-0.0197285460032969,0.0133724331117268,0.0195));
#7384=CARTESIAN_POINT('',(-0.0197285460031497,0.0133724331119783,0.0192));
#7385=CARTESIAN_POINT('',(-0.0202286788331932,0.0139555594462255,0.0195));
#7386=CARTESIAN_POINT('',(-0.0203499929265463,0.0136811821680962,0.0195));
#7387=CARTESIAN_POINT('',(-0.0203499929265469,0.0136811821680972,0.0192));
#7388=CARTESIAN_POINT('',(-0.0208816839885756,0.0142442813437574,0.0195));
#7389=CARTESIAN_POINT('',(-0.0210029980819297,0.0139699040656281,0.0195));
#7390=CARTESIAN_POINT('',(-0.0210029980819297,0.0139699040656281,0.0192));
#7391=CARTESIAN_POINT('',(-0.01897,0.0132808965343809,0.0192));
#7392=CARTESIAN_POINT('',(-0.01737,0.00999,0.0192));
#7393=CARTESIAN_POINT('',(-0.01737,0.00999,0.0195));
#7394=CARTESIAN_POINT('',(-0.01707,0.00999,0.0195));
#7395=CARTESIAN_POINT('',(-0.01737,0.00928731160243973,0.0192));
#7396=CARTESIAN_POINT('',(-0.0173700000002925,0.00928731160243972,0.0195));
#7397=CARTESIAN_POINT('',(-0.0170700000003035,0.00927600408217625,0.0195));
#7398=CARTESIAN_POINT('',(-0.0174133389345952,0.00859474825200605,0.0192));
#7399=CARTESIAN_POINT('',(-0.0174133389345947,0.00859474825200697,0.0195000000000018));
#7400=CARTESIAN_POINT('',(-0.0171150641948974,0.00856262069906102,0.0195));
#7401=CARTESIAN_POINT('',(-0.0174898010157422,0.00788486824994427,0.0192));
#7402=CARTESIAN_POINT('',(-0.0174898010157422,0.00788486824994427,0.0195));
#7403=CARTESIAN_POINT('',(-0.0171915262760444,0.00785274069699925,0.0195));
#7404=CARTESIAN_POINT('',(-0.01707,0.00999,0.0192));
#7405=CARTESIAN_POINT('',(-0.01912,0.0130210889132455,0.0192));
#7406=CARTESIAN_POINT('',(-0.01912,0.0130210889132455,0.0195));
#7407=CARTESIAN_POINT('',(-0.01897,0.0132808965343809,0.0195));
#7408=CARTESIAN_POINT('',(-0.0185114539967002,0.0126697447144261,0.0192));
#7409=CARTESIAN_POINT('',(-0.0185114539969108,0.0126697447142147,0.0195000000000648));
#7410=CARTESIAN_POINT('',(-0.0183516613970093,0.0129238985751401,0.0195));
#7411=CARTESIAN_POINT('',(-0.0179333460087044,0.0122859304207119,0.0192));
#7412=CARTESIAN_POINT('',(-0.0179333460087065,0.0122859304207098,0.0195));
#7413=CARTESIAN_POINT('',(-0.0177563853618761,0.0125281801461456,0.0195));
#7414=CARTESIAN_POINT('',(-0.017356802933724,0.0118647723149999,0.0192));
#7415=CARTESIAN_POINT('',(-0.017356802933724,0.0118647723149999,0.0195));
#7416=CARTESIAN_POINT('',(-0.0171798422868943,0.0121070220404355,0.0195));
#7417=CARTESIAN_POINT('',(-0.0174742279127252,0.0119505499157821,0.0192));
#7418=CARTESIAN_POINT('',(-0.0174742279127252,0.0119505499157821,0.0193660590940193));
#7419=CARTESIAN_POINT('',(-0.0173318482445368,0.0120327528682841,0.0195));
#7420=CARTESIAN_POINT('',(-0.0171901581669637,0.0121145576725457,0.0195));
#7421=CARTESIAN_POINT('',(-0.01707,0.00999,0.0195));
#7422=CARTESIAN_POINT('',(-0.01737,0.00999,0.0195));
#7423=CARTESIAN_POINT('',(-0.01737,0.00999,0.0192));
#7424=CARTESIAN_POINT('',(-0.0170700000003035,0.0107039959177448,0.0195));
#7425=CARTESIAN_POINT('',(-0.0173700000002925,0.0106926883974828,0.0195));
#7426=CARTESIAN_POINT('',(-0.01737,0.0106926883974826,0.0192));
#7427=CARTESIAN_POINT('',(-0.0171150641959451,0.0114173793006743,0.0195));
#7428=CARTESIAN_POINT('',(-0.0174133389356961,0.0113852517482901,0.0194999999999895));
#7429=CARTESIAN_POINT('',(-0.0174133389357051,0.0113852517482912,0.0192));
#7430=CARTESIAN_POINT('',(-0.0171915262757475,0.0121272593028025,0.0195));
#7431=CARTESIAN_POINT('',(-0.0174898010155058,0.0120951317504196,0.0195));
#7432=CARTESIAN_POINT('',(-0.0174898010155058,0.0120951317504196,0.0192));
#7433=CARTESIAN_POINT('',(-0.0177775338381268,0.00506290165994991,0.0192));
#7434=CARTESIAN_POINT('',(-0.0177775338381268,0.00506290165994991,0.0195));
#7435=CARTESIAN_POINT('',(-0.0178428502872875,0.00477009837877117,0.0195));
#7436=CARTESIAN_POINT('',(-0.0182111383720559,0.00515962703946822,0.0192));
#7437=CARTESIAN_POINT('',(-0.0182111383720562,0.00515962703946898,0.0195));
#7438=CARTESIAN_POINT('',(-0.0182764548212165,0.00486682375828994,0.0195));
#7439=CARTESIAN_POINT('',(-0.0190479502247134,0.00536180063998408,0.0192));
#7440=CARTESIAN_POINT('',(-0.0190479502247101,0.00536180063998254,0.0194999999999967));
#7441=CARTESIAN_POINT('',(-0.0191409360623216,0.00507594532622451,0.0195));
#7442=CARTESIAN_POINT('',(-0.0198783725850919,0.00566394872826634,0.0192));
#7443=CARTESIAN_POINT('',(-0.0198783725850982,0.00566394872826866,0.0195000000000065));
#7444=CARTESIAN_POINT('',(-0.0199767289514776,0.00538053026522785,0.0195));
#7445=CARTESIAN_POINT('',(-0.0202981041954198,0.0058096106431837,0.0192));
#7446=CARTESIAN_POINT('',(-0.0202981041954198,0.0058096106431837,0.0195));
#7447=CARTESIAN_POINT('',(-0.0203964605618057,0.00552619218014477,0.0195));
#7448=CARTESIAN_POINT('',(-0.0180619714980618,0.00512635196651661,0.0192));
#7449=CARTESIAN_POINT('',(-0.0180619714980618,0.00512635196651661,0.0192943434588556));
#7450=CARTESIAN_POINT('',(-0.0179989016844538,0.00501711184339188,0.0194577027188256));
#7451=CARTESIAN_POINT('',(-0.017904655431307,0.00485387254490573,0.0195));
#7452=CARTESIAN_POINT('',(-0.0178582749545024,0.00477353920254851,0.0195));
#7453=CARTESIAN_POINT('',(-0.0195955781440024,0.00556580891986615,0.0192));
#7454=CARTESIAN_POINT('',(-0.0195955781440024,0.00556580891986615,0.0192765287435299));
#7455=CARTESIAN_POINT('',(-0.0197282997629715,0.00555699923392587,0.0193846509136088));
#7456=CARTESIAN_POINT('',(-0.0200068210529861,0.00554005895361584,0.0194775731171565));
#7457=CARTESIAN_POINT('',(-0.0202311614552184,0.00552812921757426,0.0195));
#7458=CARTESIAN_POINT('',(-0.020381529397802,0.00552101053099746,0.0195));
#7459=CARTESIAN_POINT('',(-0.0172263170993,0.00734506463682908,0.0195));
#7460=CARTESIAN_POINT('',(-0.0170520481995897,0.00710087137198793,0.0195));
#7461=CARTESIAN_POINT('',(-0.0170520481995897,0.00710087137198793,0.0192));
#7462=CARTESIAN_POINT('',(-0.0182187448888338,0.00663681701684453,0.0195));
#7463=CARTESIAN_POINT('',(-0.0180605756469523,0.00638113420648175,0.0195000000000419));
#7464=CARTESIAN_POINT('',(-0.0180605756463446,0.00638113420565827,0.0192));
#7465=CARTESIAN_POINT('',(-0.0192927238481699,0.0060168829965815,0.0195));
#7466=CARTESIAN_POINT('',(-0.0191503975170392,0.00575205535654961,0.0195));
#7467=CARTESIAN_POINT('',(-0.0191503975166348,0.00575205535567039,0.0192));
#7468=CARTESIAN_POINT('',(-0.0204012415631317,0.00551201886675176,0.0195));
#7469=CARTESIAN_POINT('',(-0.0202768981393057,0.00523900107804338,0.0195));
#7470=CARTESIAN_POINT('',(-0.0202768981393057,0.00523900107804338,0.0192));
#7471=CARTESIAN_POINT('',(-0.0176757490611766,0.00667422275869783,0.0192));
#7472=CARTESIAN_POINT('',(-0.0176757490611766,0.00667422275869783,0.0192765287428527));
#7473=CARTESIAN_POINT('',(-0.0176017588402899,0.00678475820751532,0.019384650913801));
#7474=CARTESIAN_POINT('',(-0.0174478274820304,0.00701749458085514,0.0194775731170026));
#7475=CARTESIAN_POINT('',(-0.0173253258260665,0.0072058142006196,0.0195));
#7476=CARTESIAN_POINT('',(-0.0172439768916976,0.00733247731499341,0.0195));
#7477=CARTESIAN_POINT('',(-0.017863007447317,0.00475846063700853,0.0195));
#7478=CARTESIAN_POINT('',(-0.0181492407516607,0.00484829657349569,0.0195));
#7479=CARTESIAN_POINT('',(-0.0181492407516607,0.00484829657349569,0.0192));
#7480=CARTESIAN_POINT('',(-0.0177299718159681,0.00518233586829554,0.0195));
#7481=CARTESIAN_POINT('',(-0.0180162051203119,0.00527217180478264,0.0195));
#7482=CARTESIAN_POINT('',(-0.0180162051203119,0.00527217180478276,0.0192));
#7483=CARTESIAN_POINT('',(-0.017478835785818,0.00603555936824711,0.0195));
#7484=CARTESIAN_POINT('',(-0.0177728866681659,0.00609795892749045,0.0194999999999989));
#7485=CARTESIAN_POINT('',(-0.0177728866681676,0.00609795892749114,0.0192));
#7486=CARTESIAN_POINT('',(-0.0173247176359765,0.00691166971210432,0.0195));
#7487=CARTESIAN_POINT('',(-0.0176193434080666,0.00696819983171122,0.0195000000000022));
#7488=CARTESIAN_POINT('',(-0.0176193434080632,0.00696819983170972,0.0192));
#7489=CARTESIAN_POINT('',(-0.0172409987494905,0.00734799890690333,0.0195));
#7490=CARTESIAN_POINT('',(-0.0175356245215767,0.00740452902650865,0.0195));
#7491=CARTESIAN_POINT('',(-0.0175356245215767,0.00740452902650865,0.0192));
#7492=CARTESIAN_POINT('',(-0.0208533004142773,0.00531344207621944,0.0195));
#7493=CARTESIAN_POINT('',(-0.020736393981332,0.00503715800875261,0.0195));
#7494=CARTESIAN_POINT('',(-0.020736393981332,0.00503715800875261,0.0192));
#7495=CARTESIAN_POINT('',(-0.021791921723195,0.00491627523765876,0.0195));
#7496=CARTESIAN_POINT('',(-0.0216906920322119,0.00463335773662613,0.0194999999999775));
#7497=CARTESIAN_POINT('',(-0.0216906920329142,0.00463335773825573,0.0192));
#7498=CARTESIAN_POINT('',(-0.022772577596041,0.00459328006997225,0.0195));
#7499=CARTESIAN_POINT('',(-0.022688864939761,0.00430414669979571,0.0195000000000025));
#7500=CARTESIAN_POINT('',(-0.022688864938687,0.00430414669449931,0.0192));
#7501=CARTESIAN_POINT('',(-0.0237673070271305,0.00439168431423676,0.0195));
#7502=CARTESIAN_POINT('',(-0.0237077192561136,0.00409766170023363,0.0195));
#7503=CARTESIAN_POINT('',(-0.0237077192561136,0.00409766170023363,0.0192));
#7504=CARTESIAN_POINT('',(-0.02087,0.00498124974163194,0.0192));
#7505=CARTESIAN_POINT('',(-0.02087,0.00498124974163194,0.0193652839674135));
#7506=CARTESIAN_POINT('',(-0.02087,0.00514352667414024,0.0195));
#7507=CARTESIAN_POINT('',(-0.02087,0.00530638577642122,0.0195));
#7508=CARTESIAN_POINT('',(-0.0233339637862625,0.00417917154070334,0.0192));
#7509=CARTESIAN_POINT('',(-0.0233339637862625,0.00417917154070334,0.0193033979312317));
#7510=CARTESIAN_POINT('',(-0.0234799876211181,0.00425379235386399,0.019465612734821));
#7511=CARTESIAN_POINT('',(-0.0236599057915609,0.00434783902489954,0.0195));
#7512=CARTESIAN_POINT('',(-0.0237496165944057,0.00439528295234445,0.0195));
#7513=CARTESIAN_POINT('',(-0.02087,0.00158000203764682,0.0192));
#7514=CARTESIAN_POINT('',(-0.02087,0.00158000203764682,0.0195));
#7515=CARTESIAN_POINT('',(-0.02087,0.00128000203764682,0.0195));
#7516=CARTESIAN_POINT('',(-0.0211728082645358,0.00158000203764682,0.0192));
#7517=CARTESIAN_POINT('',(-0.0211728082645373,0.00158000204856989,0.0195));
#7518=CARTESIAN_POINT('',(-0.0212501901716452,0.00128000203866232,0.0195));
#7519=CARTESIAN_POINT('',(-0.0217697593303577,0.00183251395629194,0.0192));
#7520=CARTESIAN_POINT('',(-0.0217697593303569,0.00183251395132694,0.0195));
#7521=CARTESIAN_POINT('',(-0.0219662611439763,0.0015938884392478,0.0195));
#7522=CARTESIAN_POINT('',(-0.0227419858015131,0.00286132810329424,0.0192));
#7523=CARTESIAN_POINT('',(-0.0227419858015139,0.0028613281062731,0.0195));
#7524=CARTESIAN_POINT('',(-0.0229984058680285,0.00270058261885923,0.0195));
#7525=CARTESIAN_POINT('',(-0.0231935945280055,0.00384375689544804,0.0192));
#7526=CARTESIAN_POINT('',(-0.0231935945280038,0.00384375689544877,0.0195));
#7527=CARTESIAN_POINT('',(-0.0234703376594708,0.00372794135596273,0.0195));
#7528=CARTESIAN_POINT('',(-0.0234832384543392,0.00453586580880921,0.0192));
#7529=CARTESIAN_POINT('',(-0.0234832384543392,0.00453586580880921,0.0195));
#7530=CARTESIAN_POINT('',(-0.0237599815858053,0.00442005026932359,0.0195));
#7531=CARTESIAN_POINT('',(-0.02087,0.00128000203764682,0.0192));
#7532=CARTESIAN_POINT('',(-0.0179726422731426,0.00439167403934251,0.0195));
#7533=CARTESIAN_POINT('',(-0.0180322288145477,0.00409765117614411,0.0195));
#7534=CARTESIAN_POINT('',(-0.0180322288145477,0.00409765117614411,0.0192));
#7535=CARTESIAN_POINT('',(-0.0189702309007822,0.00459384490780963,0.0195));
#7536=CARTESIAN_POINT('',(-0.019054011906467,0.00430472528425715,0.0195));
#7537=CARTESIAN_POINT('',(-0.0190540119075554,0.00430472527887275,0.0192));
#7538=CARTESIAN_POINT('',(-0.0199505143924147,0.00491730904327989,0.0195));
#7539=CARTESIAN_POINT('',(-0.0200517847204149,0.0046344087873156,0.0194999999999401));
#7540=CARTESIAN_POINT('',(-0.0200517847198865,0.00463440878871838,0.0192));
#7541=CARTESIAN_POINT('',(-0.0208866547605805,0.00531342310904648,0.0195));
#7542=CARTESIAN_POINT('',(-0.0210035604448604,0.00503713872479166,0.0195));
#7543=CARTESIAN_POINT('',(-0.0210035604448604,0.00503713872479166,0.0192));
#7544=CARTESIAN_POINT('',(-0.0184060362098433,0.00417917155000773,0.0192));
#7545=CARTESIAN_POINT('',(-0.0184060362098433,0.00417917155000773,0.0193033979272894));
#7546=CARTESIAN_POINT('',(-0.0182600123815661,0.00425379234882115,0.0194656127368501));
#7547=CARTESIAN_POINT('',(-0.0180800942067646,0.00434783902578365,0.0195));
#7548=CARTESIAN_POINT('',(-0.0179903834055941,0.00439528295234441,0.0195));
#7549=CARTESIAN_POINT('',(-0.02087,0.00128000203764682,0.0195));
#7550=CARTESIAN_POINT('',(-0.02087,0.00158000203764682,0.0195));
#7551=CARTESIAN_POINT('',(-0.02087,0.00158000203764682,0.0192));
#7552=CARTESIAN_POINT('',(-0.0204898098283541,0.0012800020386622,0.0195));
#7553=CARTESIAN_POINT('',(-0.0205671917354525,0.00158000204856989,0.0195));
#7554=CARTESIAN_POINT('',(-0.020567191735453,0.00158000203764682,0.0192));
#7555=CARTESIAN_POINT('',(-0.0197737388560237,0.00159388843924779,0.0195));
#7556=CARTESIAN_POINT('',(-0.0199702406696473,0.00183251395132691,0.0195));
#7557=CARTESIAN_POINT('',(-0.0199702406696471,0.00183251395629196,0.0192));
#7558=CARTESIAN_POINT('',(-0.018741594131972,0.00270058261885836,0.0195));
#7559=CARTESIAN_POINT('',(-0.0189980141984843,0.00286132810627229,0.0195));
#7560=CARTESIAN_POINT('',(-0.018998014198484,0.00286132810329317,0.0192));
#7561=CARTESIAN_POINT('',(-0.0182696623405249,0.00372794135596597,0.0195));
#7562=CARTESIAN_POINT('',(-0.0185464054719903,0.00384375689545176,0.0195));
#7563=CARTESIAN_POINT('',(-0.0185464054719925,0.00384375689545222,0.0192));
#7564=CARTESIAN_POINT('',(-0.0179800184141944,0.0044200502693236,0.0195));
#7565=CARTESIAN_POINT('',(-0.0182567615456604,0.00453586580880923,0.0195));
#7566=CARTESIAN_POINT('',(-0.0182567615456604,0.00453586580880923,0.0192));
#7567=CARTESIAN_POINT('',(-0.0213387397655993,0.00551201036310773,0.0195));
#7568=CARTESIAN_POINT('',(-0.0214630828865309,0.00523899243644907,0.0195));
#7569=CARTESIAN_POINT('',(-0.0214630828865309,0.00523899243644907,0.0192));
#7570=CARTESIAN_POINT('',(-0.0224483140914116,0.00601735423026777,0.0195));
#7571=CARTESIAN_POINT('',(-0.0225906572795866,0.00575253424349975,0.0195000000000344));
#7572=CARTESIAN_POINT('',(-0.02259065727997,0.00575253424258136,0.0192));
#7573=CARTESIAN_POINT('',(-0.0235221821812988,0.00663748028205782,0.0195));
#7574=CARTESIAN_POINT('',(-0.0236803664798775,0.00638180824372839,0.0195000000001883));
#7575=CARTESIAN_POINT('',(-0.0236803664801832,0.00638180824286167,0.0192));
#7576=CARTESIAN_POINT('',(-0.0245136662006256,0.00734505271880923,0.0195));
#7577=CARTESIAN_POINT('',(-0.0246879348294191,0.00710085926062813,0.0195));
#7578=CARTESIAN_POINT('',(-0.0246879348294191,0.00710085926062813,0.0192));
#7579=CARTESIAN_POINT('',(-0.0240642509385934,0.00667422275750087,0.0192));
#7580=CARTESIAN_POINT('',(-0.0240642509385934,0.00667422275750087,0.0192765287435299));
#7581=CARTESIAN_POINT('',(-0.0241382411599016,0.00678475820818944,0.0193846509136089));
#7582=CARTESIAN_POINT('',(-0.0242921725180044,0.00701749458068203,0.0194775731171566));
#7583=CARTESIAN_POINT('',(-0.0244146741735932,0.0072058142000893,0.0195));
#7584=CARTESIAN_POINT('',(-0.0244960231083021,0.0073324773149932,0.0195));
#7585=CARTESIAN_POINT('',(-0.0221444218548465,0.00556580892026565,0.0192));
#7586=CARTESIAN_POINT('',(-0.0221444218548465,0.00556580892026565,0.0192765287428467));
#7587=CARTESIAN_POINT('',(-0.0220117002377315,0.00555699923376158,0.0193846509137965));
#7588=CARTESIAN_POINT('',(-0.0217331789469258,0.00554005895375174,0.0194775731170018));
#7589=CARTESIAN_POINT('',(-0.0215088385442161,0.0055281292175731,0.0195));
#7590=CARTESIAN_POINT('',(-0.021358470602273,0.00552101053103171,0.0195));
#7591=CARTESIAN_POINT('',(-0.0238971497129867,0.00477009837917053,0.0195));
#7592=CARTESIAN_POINT('',(-0.0239624661616958,0.00506290166045002,0.0195));
#7593=CARTESIAN_POINT('',(-0.0239624661616958,0.00506290166045002,0.0192));
#7594=CARTESIAN_POINT('',(-0.0234635451788907,0.00486682375802403,0.0195));
#7595=CARTESIAN_POINT('',(-0.0235288616276016,0.00515962703930351,0.0195000000000011));
#7596=CARTESIAN_POINT('',(-0.0235288616275998,0.00515962703930352,0.0192));
#7597=CARTESIAN_POINT('',(-0.0225990639378143,0.00507594532628952,0.0195));
#7598=CARTESIAN_POINT('',(-0.0226920497756237,0.00536180064000178,0.0194999999999924));
#7599=CARTESIAN_POINT('',(-0.0226920497756323,0.00536180064000345,0.0192));
#7600=CARTESIAN_POINT('',(-0.0217632710486078,0.00538053026522229,0.0195));
#7601=CARTESIAN_POINT('',(-0.0218616274150314,0.00566394872825707,0.0195000000000142));
#7602=CARTESIAN_POINT('',(-0.021861627415016,0.00566394872825373,0.0192));
#7603=CARTESIAN_POINT('',(-0.0213435394382689,0.0055261921801805,0.0195));
#7604=CARTESIAN_POINT('',(-0.0214418958046771,0.00580961064321173,0.0195));
#7605=CARTESIAN_POINT('',(-0.0214418958046771,0.00580961064321173,0.0192));
#7606=CARTESIAN_POINT('',(-0.0236780285203506,0.00512635196240931,0.0192));
#7607=CARTESIAN_POINT('',(-0.0236780285203506,0.00512635196240931,0.019294343453559));
#7608=CARTESIAN_POINT('',(-0.0237410983057934,0.00501711184665223,0.0194577027214763));
#7609=CARTESIAN_POINT('',(-0.0238353445701621,0.00485387254300891,0.0195));
#7610=CARTESIAN_POINT('',(-0.0238817250457659,0.00477353920292418,0.0195));
#7611=CARTESIAN_POINT('',(-0.0235907592485692,0.00484829657372237,0.0192));
#7612=CARTESIAN_POINT('',(-0.0235907592485692,0.00484829657372237,0.0195));
#7613=CARTESIAN_POINT('',(-0.0238769925529597,0.0047584606373843,0.0195));
#7614=CARTESIAN_POINT('',(-0.0237237948796754,0.00527217180500927,0.0192));
#7615=CARTESIAN_POINT('',(-0.0237237948796734,0.00527217180500908,0.0194999999999956));
#7616=CARTESIAN_POINT('',(-0.024010028184066,0.00518233586867115,0.0195));
#7617=CARTESIAN_POINT('',(-0.0239671133319294,0.00609795892776425,0.0192));
#7618=CARTESIAN_POINT('',(-0.0239671133319914,0.00609795892778234,0.0195000000000501));
#7619=CARTESIAN_POINT('',(-0.0242611642142583,0.00603555936845406,0.0195));
#7620=CARTESIAN_POINT('',(-0.0241206565919489,0.00696819983177631,0.0192));
#7621=CARTESIAN_POINT('',(-0.0241206565918269,0.00696819983174031,0.0194999999999041));
#7622=CARTESIAN_POINT('',(-0.0244152823640343,0.00691166971217154,0.0195));
#7623=CARTESIAN_POINT('',(-0.0242043754784215,0.00740452902650565,0.0192));
#7624=CARTESIAN_POINT('',(-0.0242043754784215,0.00740452902650565,0.0195));
#7625=CARTESIAN_POINT('',(-0.0244990012505078,0.0073479989069007,0.0195));
#7626=CARTESIAN_POINT('',(-0.0239624661613378,0.0149170983394671,0.0192));
#7627=CARTESIAN_POINT('',(-0.0239624661613378,0.0149170983394671,0.0195));
#7628=CARTESIAN_POINT('',(-0.0238971497126317,0.0152099016207472,0.0195));
#7629=CARTESIAN_POINT('',(-0.023528861627303,0.0148203729606319,0.0192));
#7630=CARTESIAN_POINT('',(-0.0235288616274057,0.0148203729606961,0.019500000000085));
#7631=CARTESIAN_POINT('',(-0.0234635451785968,0.0151131762419124,0.0195));
#7632=CARTESIAN_POINT('',(-0.0226920497754728,0.0146181993599363,0.0192));
#7633=CARTESIAN_POINT('',(-0.0226920497754215,0.0146181993599038,0.0194999999999575));
#7634=CARTESIAN_POINT('',(-0.0225990639376464,0.0149040546736472,0.0195));
#7635=CARTESIAN_POINT('',(-0.0218616274149528,0.0143160512717244,0.0192));
#7636=CARTESIAN_POINT('',(-0.0218616274149527,0.0143160512717251,0.0195));
#7637=CARTESIAN_POINT('',(-0.0217632710485443,0.0145994697347567,0.0195));
#7638=CARTESIAN_POINT('',(-0.021441895804679,0.0141703893567892,0.0192));
#7639=CARTESIAN_POINT('',(-0.021441895804679,0.0141703893567892,0.0195));
#7640=CARTESIAN_POINT('',(-0.021343539438271,0.0144538078198204,0.0195));
#7641=CARTESIAN_POINT('',(-0.0236780284962067,0.0148536480495413,0.0192));
#7642=CARTESIAN_POINT('',(-0.0236780284962067,0.0148536480495413,0.0192943434542359));
#7643=CARTESIAN_POINT('',(-0.0237410983177941,0.0149628881474131,0.01945770272107));
#7644=CARTESIAN_POINT('',(-0.0238353445697062,0.0151261274566107,0.0195));
#7645=CARTESIAN_POINT('',(-0.0238817250454129,0.0152064607969941,0.0195));
#7646=CARTESIAN_POINT('',(-0.0221444218548465,0.0144141910797343,0.0192));
#7647=CARTESIAN_POINT('',(-0.0221444218548465,0.0144141910797343,0.0192765287428466));
#7648=CARTESIAN_POINT('',(-0.0220117002377315,0.0144230007662384,0.0193846509137965));
#7649=CARTESIAN_POINT('',(-0.0217331789469258,0.0144399410462482,0.0194775731170018));
#7650=CARTESIAN_POINT('',(-0.0215088385442161,0.0144518707824276,0.0195));
#7651=CARTESIAN_POINT('',(-0.021358470602273,0.0144589894689683,0.0195));
#7652=CARTESIAN_POINT('',(-0.0245136829006318,0.0126349353632196,0.0195));
#7653=CARTESIAN_POINT('',(-0.0246879518003409,0.0128791286280616,0.0195));
#7654=CARTESIAN_POINT('',(-0.0246879518003409,0.0128791286280616,0.0192));
#7655=CARTESIAN_POINT('',(-0.0235212551111519,0.013343182983159,0.0195));
#7656=CARTESIAN_POINT('',(-0.0236794243532161,0.013598865793611,0.0195000000001077));
#7657=CARTESIAN_POINT('',(-0.0236794243536404,0.0135988657943455,0.0192));
#7658=CARTESIAN_POINT('',(-0.022447276151823,0.013963117003417,0.0195));
#7659=CARTESIAN_POINT('',(-0.0225896024828182,0.0142279446433564,0.0194999999998715));
#7660=CARTESIAN_POINT('',(-0.0225896024833573,0.0142279446443271,0.0192));
#7661=CARTESIAN_POINT('',(-0.0213387584369441,0.0144679811332137,0.0195));
#7662=CARTESIAN_POINT('',(-0.0214631018607714,0.0147409989219215,0.0195));
#7663=CARTESIAN_POINT('',(-0.0214631018607714,0.0147409989219215,0.0192));
#7664=CARTESIAN_POINT('',(-0.0240642509388234,0.0133057772413005,0.0192));
#7665=CARTESIAN_POINT('',(-0.0240642509388234,0.0133057772413005,0.0192765287428455));
#7666=CARTESIAN_POINT('',(-0.0241382411596925,0.0131952417925021,0.0193846509137972));
#7667=CARTESIAN_POINT('',(-0.0242921725179309,0.0129625054191735,0.0194775731170014));
#7668=CARTESIAN_POINT('',(-0.0244146741738784,0.0127741857994209,0.0195));
#7669=CARTESIAN_POINT('',(-0.024496023108235,0.0126475226850546,0.0195));
#7670=CARTESIAN_POINT('',(-0.023876992552587,0.0152215393625277,0.0195));
#7671=CARTESIAN_POINT('',(-0.0235907592483143,0.0151317034258145,0.0195));
#7672=CARTESIAN_POINT('',(-0.0235907592483143,0.0151317034258145,0.0192));
#7673=CARTESIAN_POINT('',(-0.0240100281842489,0.0147976641314175,0.0195));
#7674=CARTESIAN_POINT('',(-0.0237237948800861,0.0147078281947782,0.0195000000000894));
#7675=CARTESIAN_POINT('',(-0.0237237948799752,0.0147078281947041,0.0192));
#7676=CARTESIAN_POINT('',(-0.0242611642141624,0.0139444406315641,0.0195));
#7677=CARTESIAN_POINT('',(-0.0239671133317374,0.0138820410723987,0.0194999999999657));
#7678=CARTESIAN_POINT('',(-0.0239671133317782,0.0138820410724286,0.0192));
#7679=CARTESIAN_POINT('',(-0.0244152823640024,0.0130683302878789,0.0195));
#7680=CARTESIAN_POINT('',(-0.0241206565918823,0.0130118001682822,0.0194999999999793));
#7681=CARTESIAN_POINT('',(-0.0241206565919115,0.0130118001682966,0.0192));
#7682=CARTESIAN_POINT('',(-0.0244990012504403,0.0126320010931472,0.0195));
#7683=CARTESIAN_POINT('',(-0.0242043754783496,0.012575470973565,0.0195));
#7684=CARTESIAN_POINT('',(-0.0242043754783496,0.012575470973565,0.0192));
#7685=CARTESIAN_POINT('',(-0.0150567745896361,0.0102046050865007,0.0192));
#7686=CARTESIAN_POINT('',(-0.0150567745896361,0.0102046050865008,0.0195));
#7687=CARTESIAN_POINT('',(-0.0148358577344042,0.0100016377416532,0.0195));
#7688=CARTESIAN_POINT('',(-0.0153573434924544,0.00987745523468088,0.0192));
#7689=CARTESIAN_POINT('',(-0.0153573434924478,0.00987745523467587,0.0194999999999902));
#7690=CARTESIAN_POINT('',(-0.0151364266372221,0.00967448788983295,0.0195));
#7691=CARTESIAN_POINT('',(-0.0159508368928039,0.00925384171234998,0.0192));
#7692=CARTESIAN_POINT('',(-0.0159508368928074,0.00925384171235243,0.0195000000000049));
#7693=CARTESIAN_POINT('',(-0.015749771848086,0.00903038595790997,0.0195));
#7694=CARTESIAN_POINT('',(-0.0166277159931503,0.00868574889653326,0.0192));
#7695=CARTESIAN_POINT('',(-0.0166277159931501,0.00868574889653339,0.0195));
#7696=CARTESIAN_POINT('',(-0.0164314465874501,0.00845886055309946,0.0195));
#7697=CARTESIAN_POINT('',(-0.0169637287169968,0.00839508161667673,0.0192));
#7698=CARTESIAN_POINT('',(-0.0169637287169968,0.00839508161667672,0.0195));
#7699=CARTESIAN_POINT('',(-0.0167674593112967,0.00816819327324296,0.0195));
#7700=CARTESIAN_POINT('',(-0.0152539429924573,0.00998999999460272,0.0192));
#7701=CARTESIAN_POINT('',(-0.0152539429924573,0.00998999999460272,0.0192943434568491));
#7702=CARTESIAN_POINT('',(-0.015127803370449,0.0099900000026642,0.0194577027203054));
#7703=CARTESIAN_POINT('',(-0.014939310861427,0.00998999999991431,0.0195));
#7704=CARTESIAN_POINT('',(-0.0148465499088127,0.00998999999988895,0.0195));
#7705=CARTESIAN_POINT('',(-0.0164013272054086,0.00888158616236529,0.0192));
#7706=CARTESIAN_POINT('',(-0.0164013272054086,0.00888158616236529,0.0192765287435299));
#7707=CARTESIAN_POINT('',(-0.0164600586030697,0.00876224102573647,0.0193846509136088));
#7708=CARTESIAN_POINT('',(-0.0165846485349811,0.00851256437293406,0.0194775731171565));
#7709=CARTESIAN_POINT('',(-0.0166864872816256,0.0083123150174854,0.0195));
#7710=CARTESIAN_POINT('',(-0.0167555062894995,0.00817853321600431,0.0195));
#7711=CARTESIAN_POINT('',(-0.0167575773337761,0.0118230542737554,0.0195));
#7712=CARTESIAN_POINT('',(-0.0164589653131355,0.0118518789355735,0.0195));
#7713=CARTESIAN_POINT('',(-0.0164589653131355,0.0118518789355735,0.0192));
#7714=CARTESIAN_POINT('',(-0.0166404307974719,0.0106094627866208,0.0195));
#7715=CARTESIAN_POINT('',(-0.016339918367422,0.0106185999630266,0.0195));
#7716=CARTESIAN_POINT('',(-0.0163399183664253,0.0106185999631221,0.0192));
#7717=CARTESIAN_POINT('',(-0.0166405416669101,0.00936940271453681,0.0195));
#7718=CARTESIAN_POINT('',(-0.0163400310374591,0.00936024711291271,0.0195));
#7719=CARTESIAN_POINT('',(-0.0163400310364977,0.00936024711282024,0.0192));
#7720=CARTESIAN_POINT('',(-0.0167575753625055,0.00815696614794226,0.0195));
#7721=CARTESIAN_POINT('',(-0.0164589633098859,0.00812814181741498,0.0195));
#7722=CARTESIAN_POINT('',(-0.0164589633098859,0.00812814181741499,0.0192));
#7723=CARTESIAN_POINT('',(-0.0164013272063302,0.0110984138384319,0.0192));
#7724=CARTESIAN_POINT('',(-0.0164013272063302,0.0110984138384319,0.0192765287428527));
#7725=CARTESIAN_POINT('',(-0.0164600586025816,0.0112177589737603,0.0193846509138008));
#7726=CARTESIAN_POINT('',(-0.0165846485351485,0.0114674356271219,0.0194775731170026));
#7727=CARTESIAN_POINT('',(-0.0166864872819143,0.0116676849830743,0.0194999999999999));
#7728=CARTESIAN_POINT('',(-0.0167555062894995,0.0118014667839957,0.0195));
#7729=CARTESIAN_POINT('',(-0.0148358577344099,0.00997836225811811,0.0195));
#7730=CARTESIAN_POINT('',(-0.0150567745897524,0.00977539491339103,0.0195));
#7731=CARTESIAN_POINT('',(-0.0150567745897524,0.00977539491339103,0.0192));
#7732=CARTESIAN_POINT('',(-0.0151364266370684,0.0103055121101217,0.0195));
#7733=CARTESIAN_POINT('',(-0.0153573434923844,0.0101025447653755,0.0194999999999668));
#7734=CARTESIAN_POINT('',(-0.0153573434924108,0.0101025447653948,0.0192));
#7735=CARTESIAN_POINT('',(-0.015749771848052,0.0109496140420079,0.0195));
#7736=CARTESIAN_POINT('',(-0.015950836892726,0.0107261582875167,0.0195000000000117));
#7737=CARTESIAN_POINT('',(-0.0159508368927171,0.0107261582875097,0.0192));
#7738=CARTESIAN_POINT('',(-0.0164314465874312,0.0115211394468852,0.0195));
#7739=CARTESIAN_POINT('',(-0.0166277159931406,0.0112942511034567,0.0195000000000098));
#7740=CARTESIAN_POINT('',(-0.0166277159931319,0.0112942511034513,0.0192));
#7741=CARTESIAN_POINT('',(-0.0167674593112969,0.0118118067267583,0.0195));
#7742=CARTESIAN_POINT('',(-0.0169637287169973,0.0115849183833248,0.0195));
#7743=CARTESIAN_POINT('',(-0.0169637287169973,0.0115849183833248,0.0192));
#7744=CARTESIAN_POINT('',(-0.0168116322428753,0.00766618330357843,0.0195));
#7745=CARTESIAN_POINT('',(-0.0165139100053155,0.00762928521064144,0.0195));
#7746=CARTESIAN_POINT('',(-0.0165139100053155,0.00762928521064144,0.0192));
#7747=CARTESIAN_POINT('',(-0.0169369863256059,0.00665472998620284,0.0195));
#7748=CARTESIAN_POINT('',(-0.0166413577370517,0.00660093871968257,0.01949999999999));
#7749=CARTESIAN_POINT('',(-0.0166413577388067,0.00660093871989669,0.0192));
#7750=CARTESIAN_POINT('',(-0.017147592241502,0.00564395950414794,0.0195));
#7751=CARTESIAN_POINT('',(-0.0168553390697089,0.00557189010601634,0.0195000000000075));
#7752=CARTESIAN_POINT('',(-0.0168553390645864,0.00557189010429902,0.0192));
#7753=CARTESIAN_POINT('',(-0.0174703699112894,0.00468170066906011,0.0195));
#7754=CARTESIAN_POINT('',(-0.0171859449727671,0.00458629388551408,0.0195));
#7755=CARTESIAN_POINT('',(-0.0171859449727671,0.00458629388551408,0.0192));
#7756=CARTESIAN_POINT('',(-0.0165322950350413,0.00748562487081589,0.0192));
#7757=CARTESIAN_POINT('',(-0.0165322950350413,0.00748562487081589,0.0193652839674136));
#7758=CARTESIAN_POINT('',(-0.0166728309810416,0.00756676333707025,0.0195));
#7759=CARTESIAN_POINT('',(-0.0168138711008545,0.00764819288821076,0.0195));
#7760=CARTESIAN_POINT('',(-0.0170696568303466,0.0049507305374433,0.0192));
#7761=CARTESIAN_POINT('',(-0.0170696568303466,0.0049507305374433,0.0193033979312317));
#7762=CARTESIAN_POINT('',(-0.0172072922676228,0.00486158059348092,0.0194656127348209));
#7763=CARTESIAN_POINT('',(-0.0173786981591021,0.00475279022279236,0.0195));
#7764=CARTESIAN_POINT('',(-0.0174646412069471,0.00469882035225754,0.0195));
#7765=CARTESIAN_POINT('',(-0.0135867281188268,0.00578500101882343,0.0192));
#7766=CARTESIAN_POINT('',(-0.0135867281188268,0.00578500101882343,0.0195));
#7767=CARTESIAN_POINT('',(-0.0133269204976915,0.00563500101882344,0.0195));
#7768=CARTESIAN_POINT('',(-0.0137381322510902,0.00552276136926741,0.0192));
#7769=CARTESIAN_POINT('',(-0.0137381322605739,0.00552276137473906,0.0195000000000336));
#7770=CARTESIAN_POINT('',(-0.0135170155843936,0.00530574667241853,0.0195));
#7771=CARTESIAN_POINT('',(-0.0142552895203126,0.0051320425407605,0.0192));
#7772=CARTESIAN_POINT('',(-0.0142552895160018,0.00513204253827336,0.0194999999999847));
#7773=CARTESIAN_POINT('',(-0.0141468846673683,0.00484255421975797,0.0195));
#7774=CARTESIAN_POINT('',(-0.0156323819429644,0.00480447679201506,0.0192));
#7775=CARTESIAN_POINT('',(-0.015632381945551,0.00480447679350746,0.0195000000000092));
#7776=CARTESIAN_POINT('',(-0.0156213823031589,0.00450203775815353,0.0195));
#7777=CARTESIAN_POINT('',(-0.0167089945976237,0.00490458655837635,0.0192));
#7778=CARTESIAN_POINT('',(-0.016708994597623,0.00490458655837578,0.0195));
#7779=CARTESIAN_POINT('',(-0.0167470669640092,0.00460701220646103,0.0195));
#7780=CARTESIAN_POINT('',(-0.0174532004619491,0.00499980201680033,0.0192));
#7781=CARTESIAN_POINT('',(-0.0174532004619491,0.00499980201680033,0.0195));
#7782=CARTESIAN_POINT('',(-0.0174912728283346,0.00470222766488503,0.0195));
#7783=CARTESIAN_POINT('',(-0.0133269204976915,0.00563500101882344,0.0192));
#7784=CARTESIAN_POINT('',(-0.0145730286359761,0.00970002241498076,0.0195));
#7785=CARTESIAN_POINT('',(-0.0143481906378554,0.00950140752480111,0.0195));
#7786=CARTESIAN_POINT('',(-0.0143481906378554,0.00950140752480111,0.0192));
#7787=CARTESIAN_POINT('',(-0.0152469080577922,0.00893717075514785,0.0195));
#7788=CARTESIAN_POINT('',(-0.0150384136218385,0.00872005446405419,0.0194999999999101));
#7789=CARTESIAN_POINT('',(-0.0150384136177891,0.00872005446046226,0.0192));
#7790=CARTESIAN_POINT('',(-0.0160171779621477,0.00824995241621922,0.0195));
#7791=CARTESIAN_POINT('',(-0.0158228143177771,0.00802079961150235,0.0195));
#7792=CARTESIAN_POINT('',(-0.0158228143186873,0.00802079961270311,0.0192));
#7793=CARTESIAN_POINT('',(-0.0168282929899731,0.00763728810876668,0.0195));
#7794=CARTESIAN_POINT('',(-0.0166474765366794,0.00739790262420614,0.0195));
#7795=CARTESIAN_POINT('',(-0.0166474765366794,0.00739790262420614,0.0192));
#7796=CARTESIAN_POINT('',(-0.0146056930501951,0.00921844101128438,0.0192));
#7797=CARTESIAN_POINT('',(-0.0146056930501951,0.00921844101128438,0.0193033979272894));
#7798=CARTESIAN_POINT('',(-0.0145973046434794,0.00938221175553705,0.0194656127368501));
#7799=CARTESIAN_POINT('',(-0.0145887923674704,0.00958504880399898,0.0195));
#7800=CARTESIAN_POINT('',(-0.0145850246125415,0.00968646260008684,0.0195));
#7801=CARTESIAN_POINT('',(-0.0133269204976915,0.00563500101882344,0.0195));
#7802=CARTESIAN_POINT('',(-0.0135867281188268,0.00578500101882343,0.0195));
#7803=CARTESIAN_POINT('',(-0.0135867281188268,0.00578500101882343,0.0192));
#7804=CARTESIAN_POINT('',(-0.0131368254127504,0.0059642553662432,0.0195));
#7805=CARTESIAN_POINT('',(-0.0134353239960301,0.00604724067384451,0.0195000000000103));
#7806=CARTESIAN_POINT('',(-0.0134353239865638,0.00604724066837891,0.0192));
#7807=CARTESIAN_POINT('',(-0.0130506235233914,0.00674133421949019,0.0195));
#7808=CARTESIAN_POINT('',(-0.0133555301856479,0.00669047141304729,0.0194999999999953));
#7809=CARTESIAN_POINT('',(-0.0133555301899508,0.00669047141553173,0.0192));
#7810=CARTESIAN_POINT('',(-0.01349297643513,0.00818854486070492,0.0195));
#7811=CARTESIAN_POINT('',(-0.0137603961440346,0.00804685131276959,0.0195000000000028));
#7812=CARTESIAN_POINT('',(-0.0137603961414529,0.00804685131127861,0.0192));
#7813=CARTESIAN_POINT('',(-0.0141467293045422,0.0091109291495043,0.0195));
#7814=CARTESIAN_POINT('',(-0.014385400069622,0.00892917033707183,0.0195));
#7815=CARTESIAN_POINT('',(-0.0143854000696218,0.00892917033707342,0.0192));
#7816=CARTESIAN_POINT('',(-0.0146012912425293,0.00970782260443856,0.0195));
#7817=CARTESIAN_POINT('',(-0.0148399620076099,0.00952606379200887,0.0195));
#7818=CARTESIAN_POINT('',(-0.0148399620076099,0.00952606379200887,0.0192));
#7819=CARTESIAN_POINT('',(-0.0266832254095916,0.00977539491367116,0.0192));
#7820=CARTESIAN_POINT('',(-0.0266832254095916,0.00977539491367116,0.0195));
#7821=CARTESIAN_POINT('',(-0.0269041422651386,0.00997836225817567,0.0195));
#7822=CARTESIAN_POINT('',(-0.026382656507311,0.0101025447659252,0.0192));
#7823=CARTESIAN_POINT('',(-0.0263826565073637,0.0101025447659449,0.0195000000000382));
#7824=CARTESIAN_POINT('',(-0.0266035733628576,0.0103055121104293,0.0195));
#7825=CARTESIAN_POINT('',(-0.025789163107219,0.0107261582874499,0.0192));
#7826=CARTESIAN_POINT('',(-0.0257891631072195,0.0107261582874524,0.0195000000000025));
#7827=CARTESIAN_POINT('',(-0.0259902281517867,0.0109496140420557,0.0195));
#7828=CARTESIAN_POINT('',(-0.0251122840068672,0.0112942511034212,0.0192));
#7829=CARTESIAN_POINT('',(-0.0251122840068135,0.0112942511033964,0.0194999999999569));
#7830=CARTESIAN_POINT('',(-0.0253085534125503,0.0115211394468706,0.0195));
#7831=CARTESIAN_POINT('',(-0.024776271283029,0.0115849183832253,0.0192));
#7832=CARTESIAN_POINT('',(-0.024776271283029,0.0115849183832253,0.0195));
#7833=CARTESIAN_POINT('',(-0.0249725406887116,0.0118118067266742,0.0195));
#7834=CARTESIAN_POINT('',(-0.0264860570158808,0.00998999998552728,0.0192));
#7835=CARTESIAN_POINT('',(-0.0264860570158808,0.00998999998552728,0.0192943434534876));
#7836=CARTESIAN_POINT('',(-0.0266121966236706,0.00999000000722257,0.0194577027214568));
#7837=CARTESIAN_POINT('',(-0.0268006891397149,0.00998999999996566,0.0195));
#7838=CARTESIAN_POINT('',(-0.0268934500907492,0.00998999999995551,0.0195));
#7839=CARTESIAN_POINT('',(-0.0253386727936679,0.0110984138384336,0.0192));
#7840=CARTESIAN_POINT('',(-0.0253386727936679,0.0110984138384336,0.0192765287428454));
#7841=CARTESIAN_POINT('',(-0.0252799413974246,0.011217758973737,0.0193846509137974));
#7842=CARTESIAN_POINT('',(-0.0251553514648568,0.0114674356270751,0.0194775731170013));
#7843=CARTESIAN_POINT('',(-0.0250535127180923,0.0116676849830068,0.0195));
#7844=CARTESIAN_POINT('',(-0.024984493710508,0.011801466783914,0.0195));
#7845=CARTESIAN_POINT('',(-0.0249824226662319,0.00815694572632728,0.0195));
#7846=CARTESIAN_POINT('',(-0.0252810346868726,0.00812812106451057,0.0195));
#7847=CARTESIAN_POINT('',(-0.0252810346868726,0.00812812106451057,0.0192));
#7848=CARTESIAN_POINT('',(-0.0250995692025307,0.00937053721342568,0.0195));
#7849=CARTESIAN_POINT('',(-0.0254000816322158,0.009361400036901,0.0194999999997308));
#7850=CARTESIAN_POINT('',(-0.0254000816335732,0.00936140003692076,0.0192));
#7851=CARTESIAN_POINT('',(-0.0250994583330718,0.0106105972854105,0.0195));
#7852=CARTESIAN_POINT('',(-0.0253999689625335,0.0106197528870313,0.0195));
#7853=CARTESIAN_POINT('',(-0.0253999689635022,0.0106197528871233,0.0192));
#7854=CARTESIAN_POINT('',(-0.0249824246375025,0.0118230338519751,0.0195));
#7855=CARTESIAN_POINT('',(-0.0252810366901222,0.0118518581825011,0.0195));
#7856=CARTESIAN_POINT('',(-0.0252810366901222,0.0118518581825011,0.0192));
#7857=CARTESIAN_POINT('',(-0.0253386727936679,0.00888158616156643,0.0192));
#7858=CARTESIAN_POINT('',(-0.0253386727936679,0.00888158616156643,0.0192765287428454));
#7859=CARTESIAN_POINT('',(-0.0252799413974246,0.00876224102626303,0.0193846509137974));
#7860=CARTESIAN_POINT('',(-0.0251553514648567,0.00851256437292501,0.0194775731170014));
#7861=CARTESIAN_POINT('',(-0.0250535127180922,0.00831231501699329,0.0195));
#7862=CARTESIAN_POINT('',(-0.024984493710508,0.00817853321608602,0.0195));
#7863=CARTESIAN_POINT('',(-0.0269041422651409,0.0100016377417327,0.0195));
#7864=CARTESIAN_POINT('',(-0.0266832254096383,0.0102046050862855,0.0195));
#7865=CARTESIAN_POINT('',(-0.0266832254096383,0.0102046050862855,0.0192));
#7866=CARTESIAN_POINT('',(-0.0266035733627941,0.00967448788955163,0.0195));
#7867=CARTESIAN_POINT('',(-0.0263826565072173,0.0098774552340774,0.0194999999999477));
#7868=CARTESIAN_POINT('',(-0.0263826565072922,0.00987745523410374,0.0192));
#7869=CARTESIAN_POINT('',(-0.0259902281517738,0.00903038595791077,0.0195));
#7870=CARTESIAN_POINT('',(-0.0257891631072232,0.00925384171250706,0.0195000000000245));
#7871=CARTESIAN_POINT('',(-0.0257891631071842,0.00925384171249412,0.0192));
#7872=CARTESIAN_POINT('',(-0.0253085534125429,0.0084588605531257,0.0195));
#7873=CARTESIAN_POINT('',(-0.0251122840068581,0.00868574889657421,0.0195000000000033));
#7874=CARTESIAN_POINT('',(-0.0251122840068612,0.00868574889657378,0.0192));
#7875=CARTESIAN_POINT('',(-0.0249725406887117,0.00816819327332637,0.0195));
#7876=CARTESIAN_POINT('',(-0.0247762712830291,0.00839508161677535,0.0195));
#7877=CARTESIAN_POINT('',(-0.0247762712830291,0.00839508161677535,0.0192));
#7878=CARTESIAN_POINT('',(-0.0242696136372987,0.00468165162475534,0.0195));
#7879=CARTESIAN_POINT('',(-0.0245540381768277,0.00458624365174614,0.0195));
#7880=CARTESIAN_POINT('',(-0.0245540381768277,0.00458624365174614,0.0192));
#7881=CARTESIAN_POINT('',(-0.0245933228430487,0.00564667415293529,0.0195));
#7882=CARTESIAN_POINT('',(-0.0248855982846236,0.00557467082043938,0.0195));
#7883=CARTESIAN_POINT('',(-0.0248855982898258,0.00557467081869362,0.0192));
#7884=CARTESIAN_POINT('',(-0.024803336430282,0.00665735662708602,0.0195));
#7885=CARTESIAN_POINT('',(-0.0250989704027146,0.00660360917585662,0.019500000000015));
#7886=CARTESIAN_POINT('',(-0.0250989704012009,0.00660360917604288,0.0192));
#7887=CARTESIAN_POINT('',(-0.0249283617706069,0.00766613500027736,0.0195));
#7888=CARTESIAN_POINT('',(-0.0252260839081805,0.00762923610058303,0.0195));
#7889=CARTESIAN_POINT('',(-0.0252260839081805,0.00762923610058303,0.0192));
#7890=CARTESIAN_POINT('',(-0.0246703431596483,0.00495073053872337,0.0192));
#7891=CARTESIAN_POINT('',(-0.0246703431596483,0.00495073053872337,0.0193033979272413));
#7892=CARTESIAN_POINT('',(-0.0245327077382062,0.00486158059347023,0.0194656127368198));
#7893=CARTESIAN_POINT('',(-0.0243613018394151,0.0047527902221059,0.0195));
#7894=CARTESIAN_POINT('',(-0.0242753587931832,0.00469882035264907,0.0195));
#7895=CARTESIAN_POINT('',(-0.0252077049649584,0.00748562487081581,0.0192));
#7896=CARTESIAN_POINT('',(-0.0252077049649584,0.00748562487081581,0.0193652839674135));
#7897=CARTESIAN_POINT('',(-0.0250671690189583,0.00756676333707059,0.0195000000000001));
#7898=CARTESIAN_POINT('',(-0.0249261288991451,0.00764819288821045,0.0195));
#7899=CARTESIAN_POINT('',(-0.0249116681714038,0.00763725877264252,0.0195));
#7900=CARTESIAN_POINT('',(-0.0250924839760184,0.00739787279811271,0.0195));
#7901=CARTESIAN_POINT('',(-0.0250924839760184,0.00739787279811271,0.0192));
#7902=CARTESIAN_POINT('',(-0.0257249353974853,0.00825154525132677,0.0195));
#7903=CARTESIAN_POINT('',(-0.025919334295113,0.00802241901682926,0.01950000000003));
#7904=CARTESIAN_POINT('',(-0.0259193342939999,0.00802241901822981,0.0192));
#7905=CARTESIAN_POINT('',(-0.0264949853543088,0.00893932056562484,0.0195));
#7906=CARTESIAN_POINT('',(-0.0267035258698233,0.00872225659357338,0.0195));
#7907=CARTESIAN_POINT('',(-0.0267035258738683,0.00872225658999714,0.0192));
#7908=CARTESIAN_POINT('',(-0.0271669371155663,0.00969998364486551,0.0195));
#7909=CARTESIAN_POINT('',(-0.027391774283065,0.00950136781440085,0.0195));
#7910=CARTESIAN_POINT('',(-0.027391774283065,0.00950136781440085,0.0192));
#7911=CARTESIAN_POINT('',(-0.0271343069493108,0.00921844101193322,0.0192));
#7912=CARTESIAN_POINT('',(-0.0271343069493108,0.00921844101193322,0.0193033979269226));
#7913=CARTESIAN_POINT('',(-0.0271426953566631,0.00938221175494866,0.0194656127369837));
#7914=CARTESIAN_POINT('',(-0.0271512076323188,0.00958504880388707,0.0195));
#7915=CARTESIAN_POINT('',(-0.0271549753871848,0.00968646259977796,0.0195));
#7916=CARTESIAN_POINT('',(-0.0284130795023086,0.00563500101882342,0.0195));
#7917=CARTESIAN_POINT('',(-0.0281532718811733,0.0057850010188234,0.0195));
#7918=CARTESIAN_POINT('',(-0.0281532718811733,0.0057850010188234,0.0192));
#7919=CARTESIAN_POINT('',(-0.0282229844156126,0.00530574667244468,0.0195));
#7920=CARTESIAN_POINT('',(-0.0280018677394422,0.00552276137472689,0.0195000000000033));
#7921=CARTESIAN_POINT('',(-0.0280018677489058,0.00552276136926024,0.0192));
#7922=CARTESIAN_POINT('',(-0.0275931153326976,0.00484255421978043,0.0195));
#7923=CARTESIAN_POINT('',(-0.0274847104840609,0.0051320425383045,0.0194999999999967));
#7924=CARTESIAN_POINT('',(-0.027484710479762,0.00513204254078979,0.0192));
#7925=CARTESIAN_POINT('',(-0.026118617697093,0.00450203775825936,0.0195));
#7926=CARTESIAN_POINT('',(-0.0261076180546313,0.00480447679361629,0.0195000000000099));
#7927=CARTESIAN_POINT('',(-0.0261076180571986,0.00480447679212312,0.0192));
#7928=CARTESIAN_POINT('',(-0.0249929330359809,0.0046070122060493,0.0195));
#7929=CARTESIAN_POINT('',(-0.0250310054026414,0.00490458655791227,0.0194999999999604));
#7930=CARTESIAN_POINT('',(-0.0250310054027013,0.00490458655792223,0.0192));
#7931=CARTESIAN_POINT('',(-0.024248727171801,0.00470222766530636,0.0195));
#7932=CARTESIAN_POINT('',(-0.0242867995385214,0.00499980201717881,0.0195));
#7933=CARTESIAN_POINT('',(-0.0242867995385214,0.00499980201717881,0.0192));
#7934=CARTESIAN_POINT('',(-0.0284130795023086,0.00563500101882342,0.0192));
#7935=CARTESIAN_POINT('',(-0.0281532718811733,0.0057850010188234,0.0192));
#7936=CARTESIAN_POINT('',(-0.0281532718811733,0.0057850010188234,0.0195));
#7937=CARTESIAN_POINT('',(-0.0284130795023086,0.00563500101882342,0.0195));
#7938=CARTESIAN_POINT('',(-0.028304676013435,0.0060472406683767,0.0192));
#7939=CARTESIAN_POINT('',(-0.0283046760039815,0.00604724067384566,0.0195000000000093));
#7940=CARTESIAN_POINT('',(-0.0286031745872371,0.00596425536623415,0.0195));
#7941=CARTESIAN_POINT('',(-0.0283844698100638,0.00669047141545648,0.0192));
#7942=CARTESIAN_POINT('',(-0.0283844698143545,0.00669047141296831,0.0194999999999916));
#7943=CARTESIAN_POINT('',(-0.0286893764766194,0.00674133421941728,0.0195));
#7944=CARTESIAN_POINT('',(-0.0279796038585324,0.00804685131108242,0.0192));
#7945=CARTESIAN_POINT('',(-0.027979603855986,0.00804685131258535,0.0195000000000233));
#7946=CARTESIAN_POINT('',(-0.0282470235649046,0.0081885448604381,0.0195));
#7947=CARTESIAN_POINT('',(-0.0273545999309392,0.00892917033701217,0.0192));
#7948=CARTESIAN_POINT('',(-0.027354599930799,0.00892917033696204,0.0194999999999089));
#7949=CARTESIAN_POINT('',(-0.0275932706958163,0.00911092914971121,0.0195));
#7950=CARTESIAN_POINT('',(-0.0269000379922977,0.00952606379141232,0.0192));
#7951=CARTESIAN_POINT('',(-0.0269000379922977,0.00952606379141232,0.0195));
#7952=CARTESIAN_POINT('',(-0.0271387087571738,0.00970782260411054,0.0195));
#7953=CARTESIAN_POINT('',(0.01169,1.9669173069029E-18,0.0185));
#7954=CARTESIAN_POINT('',(0.01169,0.000380000000000008,0.0185));
#7955=CARTESIAN_POINT('',(0.0108239745962156,0.02,0.019));
#7956=CARTESIAN_POINT('',(0.0109236726648139,0.02,0.0191726821202287));
#7957=CARTESIAN_POINT('',(0.0112088692548157,0.0201601906312278,0.0194268831124098));
#7958=CARTESIAN_POINT('',(0.0115306899750467,0.0203873511762761,0.0195));
#7959=CARTESIAN_POINT('',(0.01169,0.0205,0.0195));
#7960=CARTESIAN_POINT('',(-6.93889390390723E-18,0.000380000000000008,0.0185));
#7961=CARTESIAN_POINT('',(0.03075,-0.000486025403784431,0.019));
#7962=CARTESIAN_POINT('',(0.03075,-0.00038632733518613,0.0191726821202287));
#7963=CARTESIAN_POINT('',(0.0309101906312279,-0.000101130745184292,0.0194268831124098));
#7964=CARTESIAN_POINT('',(0.031137351176276,0.000220689975046756,0.0195));
#7965=CARTESIAN_POINT('',(0.03125,0.000380000000000008,0.0195));
#7966=CARTESIAN_POINT('',(0.01169,0.000380000000000008,0.0185));
#7967=CARTESIAN_POINT('',(0.01169,0.000380000000000008,0.0185));
#7968=CARTESIAN_POINT('',(0.01169,0.000380000000000008,0.0185));
#7969=CARTESIAN_POINT('',(0.01169,0.000380000000000008,0.0195));
#7970=CARTESIAN_POINT('',(-0.03125,-0.01131,0.019));
#7971=CARTESIAN_POINT('',(-0.03125,-0.0225,0.019));
#7972=CARTESIAN_POINT('',(0.03125,0.,0.019));
#7973=CARTESIAN_POINT('',(0.03125,-0.0225,0.019));
#7974=CARTESIAN_POINT('',(0.,-0.0225,0.019));
#7975=CARTESIAN_POINT('',(-6.93889390390723E-18,0.0205,0.019));
#7976=CARTESIAN_POINT('',(-0.025245,0.0205,0.014634));
#7977=CARTESIAN_POINT('',(-0.025745,0.0205,0.014634));
#7978=CARTESIAN_POINT('',(-0.025245,0.0205,0.015134));
#7979=CARTESIAN_POINT('',(-0.019775,0.0205,0.015134));
#7980=CARTESIAN_POINT('',(-0.014305,0.0205,0.015134));
#7981=CARTESIAN_POINT('',(-0.014305,0.0205,0.014634));
#7982=CARTESIAN_POINT('',(-0.013805,0.0205,0.014634));
#7983=CARTESIAN_POINT('',(-0.025745,0.0205,0.012029));
#7984=CARTESIAN_POINT('',(-0.013805,0.0205,0.012029));
#7985=MECHANICAL_DESIGN_GEOMETRIC_PRESENTATION_REPRESENTATION('',(#3746),#7986);
#7986=(
GEOMETRIC_REPRESENTATION_CONTEXT(3)
GLOBAL_UNCERTAINTY_ASSIGNED_CONTEXT((#7987))
GLOBAL_UNIT_ASSIGNED_CONTEXT((#7990,#7989,#7988))
REPRESENTATION_CONTEXT('Cover','TOP_LEVEL_ASSEMBLY_PART')
);
#7987=UNCERTAINTY_MEASURE_WITH_UNIT(LENGTH_MEASURE(2.E-05),#7990,'DISTANCE_ACCURACY_VALUE','Maximum Tolerance applied to model');
#7988=(
NAMED_UNIT(*)
SI_UNIT($,.STERADIAN.)
SOLID_ANGLE_UNIT()
);
#7989=(
NAMED_UNIT(*)
PLANE_ANGLE_UNIT()
SI_UNIT($,.RADIAN.)
);
#7990=(
LENGTH_UNIT()
NAMED_UNIT(*)
SI_UNIT($,.METRE.)
);
#7991=PRODUCT_DEFINITION_SHAPE('','',#7992);
#7992=PRODUCT_DEFINITION('','',#7994,#7993);
#7993=PRODUCT_DEFINITION_CONTEXT('',#8000,'design');
#7994=PRODUCT_DEFINITION_FORMATION_WITH_SPECIFIED_SOURCE('','',#7996,.NOT_KNOWN.);
#7995=PRODUCT_RELATED_PRODUCT_CATEGORY('','',(#7996));
#7996=PRODUCT('Cover','Cover','Cover',(#7998));
#7997=PRODUCT_CATEGORY('','');
#7998=PRODUCT_CONTEXT('',#8000,'mechanical');
#7999=APPLICATION_PROTOCOL_DEFINITION('international standard','ap242_managed_model_based_3d_engineering',2020,#8000);
#8000=APPLICATION_CONTEXT('managed model based 3d engineering');
#8001=COMPOSITE_SHAPE_ASPECT('hole_callout.F3vcIR8uZQOzfwx_3.JPD.2',$,#7991,$);
#8002=SHAPE_ASPECT('hole_callout.F3vcIR8uZQOzfwx_3.JPD.2',$,#7991,.T.);
#8003=GEOMETRIC_ITEM_SPECIFIC_USAGE('','',#8002,#11,#3525);
#8004=SHAPE_ASPECT_RELATIONSHIP('','',#8001,#8002);
#8005=SHAPE_ASPECT('hole_callout.F3vcIR8uZQOzfwx_3.JPD.2',$,#7991,.T.);
#8006=GEOMETRIC_ITEM_SPECIFIC_USAGE('','',#8005,#11,#3524);
#8007=SHAPE_ASPECT_RELATIONSHIP('','',#8001,#8005);
#8008=SHAPE_ASPECT('hole_callout.F3vcIR8uZQOzfwx_3.JPD.2',$,#7991,.T.);
#8009=GEOMETRIC_ITEM_SPECIFIC_USAGE('','',#8008,#11,#3523);
#8010=SHAPE_ASPECT_RELATIONSHIP('','',#8001,#8008);
#8011=SHAPE_ASPECT('hole_callout.F3vcIR8uZQOzfwx_3.JPD.2',$,#7991,.T.);
#8012=GEOMETRIC_ITEM_SPECIFIC_USAGE('','',#8011,#11,#3522);
#8013=SHAPE_ASPECT_RELATIONSHIP('','',#8001,#8011);
#8014=SHAPE_ASPECT('hole_callout.F3vcIR8uZQOzfwx_3.JPD.2',$,#7991,.T.);
#8015=GEOMETRIC_ITEM_SPECIFIC_USAGE('','',#8014,#11,#3519);
#8016=SHAPE_ASPECT_RELATIONSHIP('','',#8001,#8014);
#8017=SHAPE_ASPECT('hole_callout.F3vcIR8uZQOzfwx_3.JPD.2',$,#7991,.T.);
#8018=GEOMETRIC_ITEM_SPECIFIC_USAGE('','',#8017,#11,#3518);
#8019=SHAPE_ASPECT_RELATIONSHIP('','',#8001,#8017);
#8020=SHAPE_ASPECT('hole_callout.F3vcIR8uZQOzfwx_3.JPD.2',$,#7991,.T.);
#8021=GEOMETRIC_ITEM_SPECIFIC_USAGE('','',#8020,#11,#3521);
#8022=SHAPE_ASPECT_RELATIONSHIP('','',#8001,#8020);
#8023=SHAPE_ASPECT('hole_callout.F3vcIR8uZQOzfwx_3.JPD.2',$,#7991,.T.);
#8024=GEOMETRIC_ITEM_SPECIFIC_USAGE('','',#8023,#11,#3520);
#8025=SHAPE_ASPECT_RELATIONSHIP('','',#8001,#8023);
#8026=DIMENSIONAL_SIZE(#8001,'depth');
#8027=(
LENGTH_UNIT()
NAMED_UNIT(*)
SI_UNIT(.MILLI.,.METRE.)
);
#8029=PRECISION_QUALIFIER(3);
#8028=(
LENGTH_MEASURE_WITH_UNIT()
MEASURE_REPRESENTATION_ITEM()
MEASURE_WITH_UNIT(POSITIVE_LENGTH_MEASURE(3.),#8027)
QUALIFIED_REPRESENTATION_ITEM((#8029))
REPRESENTATION_ITEM('nominal value')
);
#8030=COMPOUND_REPRESENTATION_ITEM('modifiers',SET_REPRESENTATION_ITEM((#8031)));
#8031=DESCRIPTIVE_REPRESENTATION_ITEM('dimensional note','depth');
#8032=SHAPE_DIMENSION_REPRESENTATION('',(#8028,#8030),#7986);
#8033=DIMENSIONAL_CHARACTERISTIC_REPRESENTATION(#8026,#8032);
#8034=DIMENSIONAL_SIZE(#8001,'diameter');
#8035=(
LENGTH_UNIT()
NAMED_UNIT(*)
SI_UNIT(.MILLI.,.METRE.)
);
#8037=PRECISION_QUALIFIER(3);
#8036=(
LENGTH_MEASURE_WITH_UNIT()
MEASURE_REPRESENTATION_ITEM()
MEASURE_WITH_UNIT(POSITIVE_LENGTH_MEASURE(2.5),#8035)
QUALIFIED_REPRESENTATION_ITEM((#8037))
REPRESENTATION_ITEM('nominal value')
);
#8038=COMPOUND_REPRESENTATION_ITEM('modifiers',SET_REPRESENTATION_ITEM((#8039)));
#8039=DESCRIPTIVE_REPRESENTATION_ITEM('dimensional note','diameter');
#8040=SHAPE_DIMENSION_REPRESENTATION('',(#8036,#8038),#7986);
#8041=DIMENSIONAL_CHARACTERISTIC_REPRESENTATION(#8034,#8040);
#8042=DIMENSIONAL_SIZE(#8001,'depth');
#8043=(
LENGTH_UNIT()
NAMED_UNIT(*)
SI_UNIT(.MILLI.,.METRE.)
);
#8045=PRECISION_QUALIFIER(3);
#8044=(
LENGTH_MEASURE_WITH_UNIT()
MEASURE_REPRESENTATION_ITEM()
MEASURE_WITH_UNIT(POSITIVE_LENGTH_MEASURE(3.),#8043)
QUALIFIED_REPRESENTATION_ITEM((#8045))
REPRESENTATION_ITEM('nominal value')
);
#8046=COMPOUND_REPRESENTATION_ITEM('modifiers',SET_REPRESENTATION_ITEM((#8047)));
#8047=DESCRIPTIVE_REPRESENTATION_ITEM('dimensional note','depth');
#8048=SHAPE_DIMENSION_REPRESENTATION('',(#8044,#8046),#7986);
#8049=DIMENSIONAL_CHARACTERISTIC_REPRESENTATION(#8042,#8048);
#8050=PRESENTATION_STYLE_ASSIGNMENT((NULL_STYLE(.NULL.)));
#8051=CARTESIAN_POINT('',(-0.03765,0.0269,0.012));
#8052=DIRECTION('',(0.,0.,-1.));
#8053=DIRECTION('',(1.,0.,0.));
#8054=AXIS2_PLACEMENT_3D('',#8051,#8052,#8053);
#8055=PLANE('',#8054);
#8056=ANNOTATION_PLANE('',(#8050),#8055,(#8083));
#8057=CARTESIAN_POINT('',(0.,0.,0.));
#8058=DIRECTION('',(0.,0.,1.));
#8059=DIRECTION('',(1.,0.,0.));
#8060=AXIS2_PLACEMENT_3D('',#8057,#8058,#8059);
#8061=CARTESIAN_POINT('',(0.,0.,0.));
#8062=DIRECTION('',(0.,0.,1.));
#8063=DIRECTION('',(1.,0.,0.));
#8064=AXIS2_PLACEMENT_3D('',#8061,#8062,#8063);
#8065=SHAPE_REPRESENTATION('',(#8064,#3754),#7986);
#8066=REPRESENTATION_MAP(#8060,#8065);
#8067=MAPPED_ITEM('',#8066,#8060);
#8068=PRESENTATION_STYLE_ASSIGNMENT((NULL_STYLE(.NULL.)));
#8069=STYLED_ITEM('',(#8068),#8067);
#8070=DRAUGHTING_MODEL('',(#8056,#8060,#8067,#8069),#7986);
#8071=DRAUGHTING_PRE_DEFINED_CURVE_FONT('continuous');
#8072=COLOUR_RGB('',0.,0.,0.);
#8073=CURVE_STYLE('',#8071,POSITIVE_LENGTH_MEASURE(0.02),#8072);
#8074=PRESENTATION_STYLE_ASSIGNMENT((#8073));
#8075=COORDINATES_LIST('coordinates',4281,((-0.0367661,0.0260161,0.0120000),(-0.0353519,0.0231877,0.0120000),(-0.0339377,0.0246019,0.0120000),(-0.0106023,0.0194417,0.0120000),(-0.0105970,0.0193093,0.0120000),(-0.0105970,0.0176192,0.0120000),(-0.0106023,0.0194417,0.0120000),(-0.0105970,0.0176192,0.0120000),(-0.0106023,0.0174886,0.0120000),(-0.0106023,0.0194417,0.0120000),(-0.0106023,0.0174886,0.0120000),(-0.0106182,0.0173639,0.0120000),(-0.0106023,0.0194417,0.0120000),(-0.0106182,0.0173639,0.0120000),(-0.0106448,0.0172453,0.0120000),(-0.0106023,0.0194417,0.0120000),(-0.0106448,0.0172453,0.0120000),(-0.0106819,0.0171326,0.0120000),(-0.0106023,0.0194417,0.0120000),(-0.0106819,0.0171326,0.0120000),(-0.0107297,0.0170259,0.0120000),(-0.0106023,0.0194417,0.0120000),(-0.0107297,0.0170259,0.0120000),(-0.0107881,0.0169252,0.0120000),(-0.0106023,0.0194417,0.0120000),(-0.0107881,0.0169252,0.0120000),(-0.0108571,0.0168305,0.0120000),(-0.0106023,0.0194417,0.0120000),(-0.0108571,0.0168305,0.0120000),(-0.0109367,0.0167418,0.0120000),(-0.0106023,0.0194417,0.0120000),(-0.0109367,0.0167418,0.0120000),(-0.0110134,0.0166701,0.0120000),(-0.0106023,0.0194417,0.0120000),(-0.0110134,0.0166701,0.0120000),(-0.0110932,0.0166080,0.0120000),(-0.0106023,0.0194417,0.0120000),(-0.0110932,0.0166080,0.0120000),(-0.0111760,0.0165554,0.0120000),(-0.0111760,0.0165554,0.0120000),(-0.0112619,0.0165124,0.0120000),(-0.0113509,0.0164790,0.0120000),(-0.0111760,0.0165554,0.0120000),(-0.0113509,0.0164790,0.0120000),(-0.0114429,0.0164551,0.0120000),(-0.0111760,0.0165554,0.0120000),(-0.0114429,0.0164551,0.0120000),(-0.0115381,0.0164407,0.0120000),(-0.0111760,0.0165554,0.0120000),(-0.0115381,0.0164407,0.0120000),(-0.0116363,0.0164360,0.0120000),(-0.0111760,0.0165554,0.0120000),(-0.0116363,0.0164360,0.0120000),(-0.0117334,0.0164407,0.0120000),(-0.0111760,0.0165554,0.0120000),(-0.0117334,0.0164407,0.0120000),(-0.0118278,0.0164551,0.0120000),(-0.0111760,0.0165554,0.0120000),(-0.0118278,0.0164551,0.0120000),(-0.0119195,0.0164790,0.0120000),(-0.0111760,0.0165554,0.0120000),(-0.0119195,0.0164790,0.0120000),(-0.0120086,0.0165124,0.0120000),(-0.0111760,0.0165554,0.0120000),(-0.0120086,0.0165124,0.0120000),(-0.0120949,0.0165554,0.0120000),(-0.0111760,0.0165554,0.0120000),(-0.0120949,0.0165554,0.0120000),(-0.0121786,0.0166080,0.0120000),(-0.0111760,0.0165554,0.0120000),(-0.0121786,0.0166080,0.0120000),(-0.0122596,0.0166701,0.0120000),(-0.0111760,0.0165554,0.0120000),(-0.0122596,0.0166701,0.0120000),(-0.0123380,0.0167418,0.0120000),(-0.0111760,0.0165554,0.0120000),(-0.0123380,0.0167418,0.0120000),(-0.0124176,0.0168288,0.0120000),(-0.0111760,0.0165554,0.0120000),(-0.0124176,0.0168288,0.0120000),(-0.0124866,0.0169220,0.0120000),(-0.0111760,0.0165554,0.0120000),(-0.0124866,0.0169220,0.0120000),(-0.0125450,0.0170214,0.0120000),(-0.0111760,0.0165554,0.0120000),(-0.0125450,0.0170214,0.0120000),(-0.0125928,0.0171270,0.0120000),(-0.0111760,0.0165554,0.0120000),(-0.0125928,0.0171270,0.0120000),(-0.0126299,0.0172389,0.0120000),(-0.0126299,0.0172389,0.0120000),(-0.0126565,0.0173570,0.0120000),(-0.0126724,0.0174813,0.0120000),(-0.0126299,0.0172389,0.0120000),(-0.0126724,0.0174813,0.0120000),(-0.0126777,0.0176118,0.0120000),(-0.0126299,0.0172389,0.0120000),(-0.0126777,0.0176118,0.0120000),(-0.0126777,0.0176192,0.0120000),(-0.0126299,0.0172389,0.0120000),(-0.0126777,0.0176192,0.0120000),(-0.0126777,0.0193136,0.0120000),(-0.0126299,0.0172389,0.0120000),(-0.0126777,0.0193136,0.0120000),(-0.0126724,0.0194449,0.0120000),(-0.0126299,0.0172389,0.0120000),(-0.0126724,0.0194449,0.0120000),(-0.0126565,0.0195700,0.0120000),(-0.0126299,0.0172389,0.0120000),(-0.0126565,0.0195700,0.0120000),(-0.0126299,0.0196890,0.0120000),(-0.0126299,0.0172389,0.0120000),(-0.0126299,0.0196890,0.0120000),(-0.0125928,0.0198017,0.0120000),(-0.0126299,0.0172389,0.0120000),(-0.0125928,0.0198017,0.0120000),(-0.0125450,0.0199083,0.0120000),(-0.0126299,0.0172389,0.0120000),(-0.0125450,0.0199083,0.0120000),(-0.0124866,0.0200087,0.0120000),(-0.0126299,0.0172389,0.0120000),(-0.0124866,0.0200087,0.0120000),(-0.0124176,0.0201029,0.0120000),(-0.0126299,0.0172389,0.0120000),(-0.0124176,0.0201029,0.0120000),(-0.0123380,0.0201909,0.0120000),(-0.0123380,0.0201909,0.0120000),(-0.0120342,0.0198946,0.0120000),(-0.0121282,0.0197782,0.0120000),(-0.0123380,0.0201909,0.0120000),(-0.0121282,0.0197782,0.0120000),(-0.0121954,0.0196419,0.0120000),(-0.0123380,0.0201909,0.0120000),(-0.0121954,0.0196419,0.0120000),(-0.0122356,0.0194856,0.0120000),(-0.0126299,0.0172389,0.0120000),(-0.0123380,0.0201909,0.0120000),(-0.0122356,0.0194856,0.0120000),(-0.0126299,0.0172389,0.0120000),(-0.0122356,0.0194856,0.0120000),(-0.0122457,0.0194000,0.0120000),(-0.0126299,0.0172389,0.0120000),(-0.0122457,0.0194000,0.0120000),(-0.0122491,0.0193093,0.0120000),(-0.0126299,0.0172389,0.0120000),(-0.0122491,0.0193093,0.0120000),(-0.0122491,0.0176118,0.0120000),(-0.0126299,0.0172389,0.0120000),(-0.0122491,0.0176118,0.0120000),(-0.0122457,0.0175235,0.0120000),(-0.0126299,0.0172389,0.0120000),(-0.0122457,0.0175235,0.0120000),(-0.0122358,0.0174401,0.0120000),(-0.0126299,0.0172389,0.0120000),(-0.0122358,0.0174401,0.0120000),(-0.0122192,0.0173615,0.0120000),(-0.0126299,0.0172389,0.0120000),(-0.0122192,0.0173615,0.0120000),(-0.0121959,0.0172879,0.0120000),(-0.0126299,0.0172389,0.0120000),(-0.0121959,0.0172879,0.0120000),(-0.0121294,0.0171554,0.0120000),(-0.0126299,0.0172389,0.0120000),(-0.0121294,0.0171554,0.0120000),(-0.0120363,0.0170424,0.0120000),(-0.0126299,0.0172389,0.0120000),(-0.0120363,0.0170424,0.0120000),(-0.0119411,0.0169637,0.0120000),(-0.0126299,0.0172389,0.0120000),(-0.0119411,0.0169637,0.0120000),(-0.0118427,0.0169074,0.0120000),(-0.0111760,0.0165554,0.0120000),(-0.0126299,0.0172389,0.0120000),(-0.0118427,0.0169074,0.0120000),(-0.0111760,0.0165554,0.0120000),(-0.0118427,0.0169074,0.0120000),(-0.0117411,0.0168737,0.0120000),(-0.0111760,0.0165554,0.0120000),(-0.0117411,0.0168737,0.0120000),(-0.0116363,0.0168625,0.0120000),(-0.0111760,0.0165554,0.0120000),(-0.0116363,0.0168625,0.0120000),(-0.0115272,0.0168737,0.0120000),(-0.0111760,0.0165554,0.0120000),(-0.0115272,0.0168737,0.0120000),(-0.0114244,0.0169074,0.0120000),(-0.0111760,0.0165554,0.0120000),(-0.0114244,0.0169074,0.0120000),(-0.0113277,0.0169637,0.0120000),(-0.0111760,0.0165554,0.0120000),(-0.0113277,0.0169637,0.0120000),(-0.0112373,0.0170424,0.0120000),(-0.0111760,0.0165554,0.0120000),(-0.0112373,0.0170424,0.0120000),(-0.0111442,0.0171610,0.0120000),(-0.0111760,0.0165554,0.0120000),(-0.0111442,0.0171610,0.0120000),(-0.0110778,0.0172966,0.0120000),(-0.0111760,0.0165554,0.0120000),(-0.0110778,0.0172966,0.0120000),(-0.0110379,0.0174494,0.0120000),(-0.0106023,0.0194417,0.0120000),(-0.0111760,0.0165554,0.0120000),(-0.0110379,0.0174494,0.0120000),(-0.0106023,0.0194417,0.0120000),(-0.0110379,0.0174494,0.0120000),(-0.0110279,0.0175321,0.0120000),(-0.0106023,0.0194417,0.0120000),(-0.0110279,0.0175321,0.0120000),(-0.0110246,0.0176192,0.0120000),(-0.0106023,0.0194417,0.0120000),(-0.0110246,0.0176192,0.0120000),(-0.0110246,0.0193093,0.0120000),(-0.0106023,0.0194417,0.0120000),(-0.0110246,0.0193093,0.0120000),(-0.0110279,0.0193990,0.0120000),(-0.0106023,0.0194417,0.0120000),(-0.0110279,0.0193990,0.0120000),(-0.0110379,0.0194838,0.0120000),(-0.0106023,0.0194417,0.0120000),(-0.0110379,0.0194838,0.0120000),(-0.0110545,0.0195637,0.0120000),(-0.0106023,0.0194417,0.0120000),(-0.0110545,0.0195637,0.0120000),(-0.0110778,0.0196387,0.0120000),(-0.0106023,0.0194417,0.0120000),(-0.0110778,0.0196387,0.0120000),(-0.0111442,0.0197743,0.0120000),(-0.0106023,0.0194417,0.0120000),(-0.0111442,0.0197743,0.0120000),(-0.0112373,0.0198904,0.0120000),(-0.0106023,0.0194417,0.0120000),(-0.0112373,0.0198904,0.0120000),(-0.0113285,0.0199681,0.0120000),(-0.0119427,0.0199705,0.0120000),(-0.0120342,0.0198946,0.0120000),(-0.0123380,0.0201909,0.0120000),(-0.0118458,0.0200248,0.0120000),(-0.0119427,0.0199705,0.0120000),(-0.0123380,0.0201909,0.0120000),(-0.0117437,0.0200573,0.0120000),(-0.0118458,0.0200248,0.0120000),(-0.0123380,0.0201909,0.0120000),(-0.0116363,0.0200682,0.0120000),(-0.0117437,0.0200573,0.0120000),(-0.0123380,0.0201909,0.0120000),(-0.0115280,0.0200570,0.0120000),(-0.0116363,0.0200682,0.0120000),(-0.0123380,0.0201909,0.0120000),(-0.0115280,0.0200570,0.0120000),(-0.0123380,0.0201909,0.0120000),(-0.0122611,0.0202616,0.0120000),(-0.0115280,0.0200570,0.0120000),(-0.0122611,0.0202616,0.0120000),(-0.0121813,0.0203229,0.0120000),(-0.0114254,0.0200237,0.0120000),(-0.0115280,0.0200570,0.0120000),(-0.0121813,0.0203229,0.0120000),(-0.0114254,0.0200237,0.0120000),(-0.0121813,0.0203229,0.0120000),(-0.0120985,0.0203747,0.0120000),(-0.0114254,0.0200237,0.0120000),(-0.0120985,0.0203747,0.0120000),(-0.0120128,0.0204171,0.0120000),(-0.0113285,0.0199681,0.0120000),(-0.0114254,0.0200237,0.0120000),(-0.0120128,0.0204171,0.0120000),(-0.0113285,0.0199681,0.0120000),(-0.0120128,0.0204171,0.0120000),(-0.0119241,0.0204501,0.0120000),(-0.0106023,0.0194417,0.0120000),(-0.0113285,0.0199681,0.0120000),(-0.0119241,0.0204501,0.0120000),(-0.0106023,0.0194417,0.0120000),(-0.0119241,0.0204501,0.0120000),(-0.0118325,0.0204737,0.0120000),(-0.0106023,0.0194417,0.0120000),(-0.0118325,0.0204737,0.0120000),(-0.0117380,0.0204878,0.0120000),(-0.0106023,0.0194417,0.0120000),(-0.0117380,0.0204878,0.0120000),(-0.0116405,0.0204925,0.0120000),(-0.0106023,0.0194417,0.0120000),(-0.0116405,0.0204925,0.0120000),(-0.0115414,0.0204879,0.0120000),(-0.0106023,0.0194417,0.0120000),(-0.0115414,0.0204879,0.0120000),(-0.0114455,0.0204740,0.0120000),(-0.0106023,0.0194417,0.0120000),(-0.0114455,0.0204740,0.0120000),(-0.0113528,0.0204509,0.0120000),(-0.0106023,0.0194417,0.0120000),(-0.0113528,0.0204509,0.0120000),(-0.0112635,0.0204185,0.0120000),(-0.0106023,0.0194417,0.0120000),(-0.0112635,0.0204185,0.0120000),(-0.0111774,0.0203768,0.0120000),(-0.0106023,0.0194417,0.0120000),(-0.0111774,0.0203768,0.0120000),(-0.0110946,0.0203259,0.0120000),(-0.0106023,0.0194417,0.0120000),(-0.0110946,0.0203259,0.0120000),(-0.0110151,0.0202657,0.0120000),(-0.0106023,0.0194417,0.0120000),(-0.0110151,0.0202657,0.0120000),(-0.0109388,0.0201962,0.0120000),(-0.0106023,0.0194417,0.0120000),(-0.0109388,0.0201962,0.0120000),(-0.0108587,0.0201069,0.0120000),(-0.0106023,0.0194417,0.0120000),(-0.0108587,0.0201069,0.0120000),(-0.0107893,0.0200114,0.0120000),(-0.0106023,0.0194417,0.0120000),(-0.0107893,0.0200114,0.0120000),(-0.0107305,0.0199098,0.0120000),(-0.0106023,0.0194417,0.0120000),(-0.0107305,0.0199098,0.0120000),(-0.0106825,0.0198020,0.0120000),(-0.0106023,0.0194417,0.0120000),(-0.0106825,0.0198020,0.0120000),(-0.0106451,0.0196881,0.0120000),(-0.0106023,0.0194417,0.0120000),(-0.0106451,0.0196881,0.0120000),(-0.0106184,0.0195680,0.0120000),(-0.0169015,0.0194417,0.0120000),(-0.0168962,0.0193093,0.0120000),(-0.0168962,0.0176192,0.0120000),(-0.0169015,0.0194417,0.0120000),(-0.0168962,0.0176192,0.0120000),(-0.0169015,0.0174886,0.0120000),(-0.0169015,0.0194417,0.0120000),(-0.0169015,0.0174886,0.0120000),(-0.0169174,0.0173639,0.0120000),(-0.0169015,0.0194417,0.0120000),(-0.0169174,0.0173639,0.0120000),(-0.0169440,0.0172453,0.0120000),(-0.0169015,0.0194417,0.0120000),(-0.0169440,0.0172453,0.0120000),(-0.0169811,0.0171326,0.0120000),(-0.0169015,0.0194417,0.0120000),(-0.0169811,0.0171326,0.0120000),(-0.0170289,0.0170259,0.0120000),(-0.0169015,0.0194417,0.0120000),(-0.0170289,0.0170259,0.0120000),(-0.0170873,0.0169252,0.0120000),(-0.0169015,0.0194417,0.0120000),(-0.0170873,0.0169252,0.0120000),(-0.0171563,0.0168305,0.0120000),(-0.0169015,0.0194417,0.0120000),(-0.0171563,0.0168305,0.0120000),(-0.0172359,0.0167418,0.0120000),(-0.0169015,0.0194417,0.0120000),(-0.0172359,0.0167418,0.0120000),(-0.0173126,0.0166701,0.0120000),(-0.0169015,0.0194417,0.0120000),(-0.0173126,0.0166701,0.0120000),(-0.0173924,0.0166080,0.0120000),(-0.0169015,0.0194417,0.0120000),(-0.0173924,0.0166080,0.0120000),(-0.0174752,0.0165554,0.0120000),(-0.0174752,0.0165554,0.0120000),(-0.0175611,0.0165124,0.0120000),(-0.0176501,0.0164790,0.0120000),(-0.0174752,0.0165554,0.0120000),(-0.0176501,0.0164790,0.0120000),(-0.0177421,0.0164551,0.0120000),(-0.0174752,0.0165554,0.0120000),(-0.0177421,0.0164551,0.0120000),(-0.0178373,0.0164407,0.0120000),(-0.0174752,0.0165554,0.0120000),(-0.0178373,0.0164407,0.0120000),(-0.0179355,0.0164360,0.0120000),(-0.0174752,0.0165554,0.0120000),(-0.0179355,0.0164360,0.0120000),(-0.0180326,0.0164407,0.0120000),(-0.0174752,0.0165554,0.0120000),(-0.0180326,0.0164407,0.0120000),(-0.0181270,0.0164551,0.0120000),(-0.0174752,0.0165554,0.0120000),(-0.0181270,0.0164551,0.0120000),(-0.0182187,0.0164790,0.0120000),(-0.0174752,0.0165554,0.0120000),(-0.0182187,0.0164790,0.0120000),(-0.0183078,0.0165124,0.0120000),(-0.0174752,0.0165554,0.0120000),(-0.0183078,0.0165124,0.0120000),(-0.0183941,0.0165554,0.0120000),(-0.0174752,0.0165554,0.0120000),(-0.0183941,0.0165554,0.0120000),(-0.0184778,0.0166080,0.0120000),(-0.0174752,0.0165554,0.0120000),(-0.0184778,0.0166080,0.0120000),(-0.0185588,0.0166701,0.0120000),(-0.0174752,0.0165554,0.0120000),(-0.0185588,0.0166701,0.0120000),(-0.0186372,0.0167418,0.0120000),(-0.0174752,0.0165554,0.0120000),(-0.0186372,0.0167418,0.0120000),(-0.0187168,0.0168288,0.0120000),(-0.0174752,0.0165554,0.0120000),(-0.0187168,0.0168288,0.0120000),(-0.0187858,0.0169220,0.0120000),(-0.0174752,0.0165554,0.0120000),(-0.0187858,0.0169220,0.0120000),(-0.0188442,0.0170214,0.0120000),(-0.0174752,0.0165554,0.0120000),(-0.0188442,0.0170214,0.0120000),(-0.0188920,0.0171270,0.0120000),(-0.0174752,0.0165554,0.0120000),(-0.0188920,0.0171270,0.0120000),(-0.0189291,0.0172389,0.0120000),(-0.0189291,0.0172389,0.0120000),(-0.0189557,0.0173570,0.0120000),(-0.0189716,0.0174813,0.0120000),(-0.0189291,0.0172389,0.0120000),(-0.0189716,0.0174813,0.0120000),(-0.0189769,0.0176118,0.0120000),(-0.0189291,0.0172389,0.0120000),(-0.0189769,0.0176118,0.0120000),(-0.0189769,0.0176192,0.0120000),(-0.0189291,0.0172389,0.0120000),(-0.0189769,0.0176192,0.0120000),(-0.0189769,0.0193136,0.0120000),(-0.0189291,0.0172389,0.0120000),(-0.0189769,0.0193136,0.0120000),(-0.0189716,0.0194449,0.0120000),(-0.0189291,0.0172389,0.0120000),(-0.0189716,0.0194449,0.0120000),(-0.0189557,0.0195700,0.0120000),(-0.0189291,0.0172389,0.0120000),(-0.0189557,0.0195700,0.0120000),(-0.0189291,0.0196890,0.0120000),(-0.0189291,0.0172389,0.0120000),(-0.0189291,0.0196890,0.0120000),(-0.0188920,0.0198017,0.0120000),(-0.0189291,0.0172389,0.0120000),(-0.0188920,0.0198017,0.0120000),(-0.0188442,0.0199083,0.0120000),(-0.0189291,0.0172389,0.0120000),(-0.0188442,0.0199083,0.0120000),(-0.0187858,0.0200087,0.0120000),(-0.0189291,0.0172389,0.0120000),(-0.0187858,0.0200087,0.0120000),(-0.0187168,0.0201029,0.0120000),(-0.0189291,0.0172389,0.0120000),(-0.0187168,0.0201029,0.0120000),(-0.0186372,0.0201909,0.0120000),(-0.0186372,0.0201909,0.0120000),(-0.0183334,0.0198946,0.0120000),(-0.0184274,0.0197782,0.0120000),(-0.0186372,0.0201909,0.0120000),(-0.0184274,0.0197782,0.0120000),(-0.0184946,0.0196419,0.0120000),(-0.0186372,0.0201909,0.0120000),(-0.0184946,0.0196419,0.0120000),(-0.0185348,0.0194856,0.0120000),(-0.0189291,0.0172389,0.0120000),(-0.0186372,0.0201909,0.0120000),(-0.0185348,0.0194856,0.0120000),(-0.0189291,0.0172389,0.0120000),(-0.0185348,0.0194856,0.0120000),(-0.0185449,0.0194000,0.0120000),(-0.0189291,0.0172389,0.0120000),(-0.0185449,0.0194000,0.0120000),(-0.0185483,0.0193093,0.0120000),(-0.0189291,0.0172389,0.0120000),(-0.0185483,0.0193093,0.0120000),(-0.0185483,0.0176118,0.0120000),(-0.0189291,0.0172389,0.0120000),(-0.0185483,0.0176118,0.0120000),(-0.0185449,0.0175235,0.0120000),(-0.0189291,0.0172389,0.0120000),(-0.0185449,0.0175235,0.0120000),(-0.0185350,0.0174401,0.0120000),(-0.0189291,0.0172389,0.0120000),(-0.0185350,0.0174401,0.0120000),(-0.0185184,0.0173615,0.0120000),(-0.0189291,0.0172389,0.0120000),(-0.0185184,0.0173615,0.0120000),(-0.0184951,0.0172879,0.0120000),(-0.0189291,0.0172389,0.0120000),(-0.0184951,0.0172879,0.0120000),(-0.0184286,0.0171554,0.0120000),(-0.0189291,0.0172389,0.0120000),(-0.0184286,0.0171554,0.0120000),(-0.0183355,0.0170424,0.0120000),(-0.0189291,0.0172389,0.0120000),(-0.0183355,0.0170424,0.0120000),(-0.0182403,0.0169637,0.0120000),(-0.0189291,0.0172389,0.0120000),(-0.0182403,0.0169637,0.0120000),(-0.0181419,0.0169074,0.0120000),(-0.0174752,0.0165554,0.0120000),(-0.0189291,0.0172389,0.0120000),(-0.0181419,0.0169074,0.0120000),(-0.0174752,0.0165554,0.0120000),(-0.0181419,0.0169074,0.0120000),(-0.0180403,0.0168737,0.0120000),(-0.0174752,0.0165554,0.0120000),(-0.0180403,0.0168737,0.0120000),(-0.0179355,0.0168625,0.0120000),(-0.0174752,0.0165554,0.0120000),(-0.0179355,0.0168625,0.0120000),(-0.0178264,0.0168737,0.0120000),(-0.0174752,0.0165554,0.0120000),(-0.0178264,0.0168737,0.0120000),(-0.0177236,0.0169074,0.0120000),(-0.0174752,0.0165554,0.0120000),(-0.0177236,0.0169074,0.0120000),(-0.0176269,0.0169637,0.0120000),(-0.0174752,0.0165554,0.0120000),(-0.0176269,0.0169637,0.0120000),(-0.0175365,0.0170424,0.0120000),(-0.0174752,0.0165554,0.0120000),(-0.0175365,0.0170424,0.0120000),(-0.0174434,0.0171610,0.0120000),(-0.0174752,0.0165554,0.0120000),(-0.0174434,0.0171610,0.0120000),(-0.0173770,0.0172966,0.0120000),(-0.0174752,0.0165554,0.0120000),(-0.0173770,0.0172966,0.0120000),(-0.0173371,0.0174494,0.0120000),(-0.0169015,0.0194417,0.0120000),(-0.0174752,0.0165554,0.0120000),(-0.0173371,0.0174494,0.0120000),(-0.0169015,0.0194417,0.0120000),(-0.0173371,0.0174494,0.0120000),(-0.0173271,0.0175321,0.0120000),(-0.0169015,0.0194417,0.0120000),(-0.0173271,0.0175321,0.0120000),(-0.0173238,0.0176192,0.0120000),(-0.0169015,0.0194417,0.0120000),(-0.0173238,0.0176192,0.0120000),(-0.0173238,0.0193093,0.0120000),(-0.0169015,0.0194417,0.0120000),(-0.0173238,0.0193093,0.0120000),(-0.0173271,0.0193990,0.0120000),(-0.0169015,0.0194417,0.0120000),(-0.0173271,0.0193990,0.0120000),(-0.0173371,0.0194838,0.0120000),(-0.0169015,0.0194417,0.0120000),(-0.0173371,0.0194838,0.0120000),(-0.0173537,0.0195637,0.0120000),(-0.0169015,0.0194417,0.0120000),(-0.0173537,0.0195637,0.0120000),(-0.0173770,0.0196387,0.0120000),(-0.0169015,0.0194417,0.0120000),(-0.0173770,0.0196387,0.0120000),(-0.0174434,0.0197743,0.0120000),(-0.0169015,0.0194417,0.0120000),(-0.0174434,0.0197743,0.0120000),(-0.0175365,0.0198904,0.0120000),(-0.0169015,0.0194417,0.0120000),(-0.0175365,0.0198904,0.0120000),(-0.0176277,0.0199681,0.0120000),(-0.0182419,0.0199705,0.0120000),(-0.0183334,0.0198946,0.0120000),(-0.0186372,0.0201909,0.0120000),(-0.0181450,0.0200248,0.0120000),(-0.0182419,0.0199705,0.0120000),(-0.0186372,0.0201909,0.0120000),(-0.0180429,0.0200573,0.0120000),(-0.0181450,0.0200248,0.0120000),(-0.0186372,0.0201909,0.0120000),(-0.0179355,0.0200682,0.0120000),(-0.0180429,0.0200573,0.0120000),(-0.0186372,0.0201909,0.0120000),(-0.0178272,0.0200570,0.0120000),(-0.0179355,0.0200682,0.0120000),(-0.0186372,0.0201909,0.0120000),(-0.0178272,0.0200570,0.0120000),(-0.0186372,0.0201909,0.0120000),(-0.0185603,0.0202616,0.0120000),(-0.0178272,0.0200570,0.0120000),(-0.0185603,0.0202616,0.0120000),(-0.0184805,0.0203229,0.0120000),(-0.0177246,0.0200237,0.0120000),(-0.0178272,0.0200570,0.0120000),(-0.0184805,0.0203229,0.0120000),(-0.0177246,0.0200237,0.0120000),(-0.0184805,0.0203229,0.0120000),(-0.0183977,0.0203747,0.0120000),(-0.0177246,0.0200237,0.0120000),(-0.0183977,0.0203747,0.0120000),(-0.0183120,0.0204171,0.0120000),(-0.0176277,0.0199681,0.0120000),(-0.0177246,0.0200237,0.0120000),(-0.0183120,0.0204171,0.0120000),(-0.0176277,0.0199681,0.0120000),(-0.0183120,0.0204171,0.0120000),(-0.0182233,0.0204501,0.0120000),(-0.0169015,0.0194417,0.0120000),(-0.0176277,0.0199681,0.0120000),(-0.0182233,0.0204501,0.0120000),(-0.0169015,0.0194417,0.0120000),(-0.0182233,0.0204501,0.0120000),(-0.0181317,0.0204737,0.0120000),(-0.0169015,0.0194417,0.0120000),(-0.0181317,0.0204737,0.0120000),(-0.0180372,0.0204878,0.0120000),(-0.0169015,0.0194417,0.0120000),(-0.0180372,0.0204878,0.0120000),(-0.0179397,0.0204925,0.0120000),(-0.0169015,0.0194417,0.0120000),(-0.0179397,0.0204925,0.0120000),(-0.0178406,0.0204879,0.0120000),(-0.0169015,0.0194417,0.0120000),(-0.0178406,0.0204879,0.0120000),(-0.0177447,0.0204740,0.0120000),(-0.0169015,0.0194417,0.0120000),(-0.0177447,0.0204740,0.0120000),(-0.0176520,0.0204509,0.0120000),(-0.0169015,0.0194417,0.0120000),(-0.0176520,0.0204509,0.0120000),(-0.0175627,0.0204185,0.0120000),(-0.0169015,0.0194417,0.0120000),(-0.0175627,0.0204185,0.0120000),(-0.0174766,0.0203768,0.0120000),(-0.0169015,0.0194417,0.0120000),(-0.0174766,0.0203768,0.0120000),(-0.0173938,0.0203259,0.0120000),(-0.0169015,0.0194417,0.0120000),(-0.0173938,0.0203259,0.0120000),(-0.0173143,0.0202657,0.0120000),(-0.0169015,0.0194417,0.0120000),(-0.0173143,0.0202657,0.0120000),(-0.0172380,0.0201962,0.0120000),(-0.0169015,0.0194417,0.0120000),(-0.0172380,0.0201962,0.0120000),(-0.0171579,0.0201069,0.0120000),(-0.0169015,0.0194417,0.0120000),(-0.0171579,0.0201069,0.0120000),(-0.0170885,0.0200114,0.0120000),(-0.0169015,0.0194417,0.0120000),(-0.0170885,0.0200114,0.0120000),(-0.0170297,0.0199098,0.0120000),(-0.0169015,0.0194417,0.0120000),(-0.0170297,0.0199098,0.0120000),(-0.0169817,0.0198020,0.0120000),(-0.0169015,0.0194417,0.0120000),(-0.0169817,0.0198020,0.0120000),(-0.0169443,0.0196881,0.0120000),(-0.0169015,0.0194417,0.0120000),(-0.0169443,0.0196881,0.0120000),(-0.0169176,0.0195680,0.0120000),(-0.0276087,0.0165682,0.0120000),(-0.0276827,0.0164751,0.0120000),(-0.0278129,0.0164402,0.0120000),(-0.0276087,0.0165682,0.0120000),(-0.0278129,0.0164402,0.0120000),(-0.0278899,0.0164553,0.0120000),(-0.0276087,0.0165682,0.0120000),(-0.0278899,0.0164553,0.0120000),(-0.0279558,0.0165005,0.0120000),(-0.0276087,0.0165682,0.0120000),(-0.0279558,0.0165005,0.0120000),(-0.0280010,0.0165690,0.0120000),(-0.0276087,0.0165682,0.0120000),(-0.0280010,0.0165690,0.0120000),(-0.0280161,0.0166540,0.0120000),(-0.0276087,0.0165682,0.0120000),(-0.0280161,0.0166540,0.0120000),(-0.0280161,0.0202809,0.0120000),(-0.0276087,0.0165682,0.0120000),(-0.0280161,0.0202809,0.0120000),(-0.0279997,0.0203632,0.0120000),(-0.0276087,0.0165682,0.0120000),(-0.0279997,0.0203632,0.0120000),(-0.0279505,0.0204322,0.0120000),(-0.0276087,0.0165682,0.0120000),(-0.0279505,0.0204322,0.0120000),(-0.0278830,0.0204775,0.0120000),(-0.0276087,0.0165682,0.0120000),(-0.0278830,0.0204775,0.0120000),(-0.0278013,0.0204925,0.0120000),(-0.0276087,0.0165682,0.0120000),(-0.0278013,0.0204925,0.0120000),(-0.0277195,0.0204775,0.0120000),(-0.0276087,0.0165682,0.0120000),(-0.0277195,0.0204775,0.0120000),(-0.0276520,0.0204322,0.0120000),(-0.0276087,0.0165682,0.0120000),(-0.0276520,0.0204322,0.0120000),(-0.0276052,0.0203632,0.0120000),(-0.0276087,0.0165682,0.0120000),(-0.0276052,0.0203632,0.0120000),(-0.0275896,0.0202809,0.0120000),(-0.0276087,0.0165682,0.0120000),(-0.0275896,0.0202809,0.0120000),(-0.0275896,0.0178160,0.0120000),(-0.0276087,0.0165682,0.0120000),(-0.0275896,0.0178160,0.0120000),(-0.0266868,0.0203624,0.0120000),(-0.0276087,0.0165682,0.0120000),(-0.0266868,0.0203624,0.0120000),(-0.0266146,0.0204600,0.0120000),(-0.0276087,0.0165682,0.0120000),(-0.0266146,0.0204600,0.0120000),(-0.0264911,0.0204925,0.0120000),(-0.0276087,0.0165682,0.0120000),(-0.0264911,0.0204925,0.0120000),(-0.0263675,0.0204600,0.0120000),(-0.0276087,0.0165682,0.0120000),(-0.0263675,0.0204600,0.0120000),(-0.0262953,0.0203624,0.0120000),(-0.0253925,0.0178160,0.0120000),(-0.0253925,0.0202809,0.0120000),(-0.0253769,0.0203944,0.0120000),(-0.0253925,0.0178160,0.0120000),(-0.0253769,0.0203944,0.0120000),(-0.0253301,0.0204322,0.0120000),(-0.0253925,0.0178160,0.0120000),(-0.0253301,0.0204322,0.0120000),(-0.0251819,0.0204925,0.0120000),(-0.0253925,0.0178160,0.0120000),(-0.0251819,0.0204925,0.0120000),(-0.0251491,0.0205042,0.0120000),(-0.0253925,0.0178160,0.0120000),(-0.0251491,0.0205042,0.0120000),(-0.0250295,0.0204322,0.0120000),(-0.0253925,0.0178160,0.0120000),(-0.0250295,0.0204322,0.0120000),(-0.0249843,0.0203642,0.0120000),(-0.0253925,0.0178160,0.0120000),(-0.0249843,0.0203642,0.0120000),(-0.0249692,0.0202809,0.0120000),(-0.0253925,0.0178160,0.0120000),(-0.0249692,0.0202809,0.0120000),(-0.0249692,0.0166540,0.0120000),(-0.0253925,0.0178160,0.0120000),(-0.0249692,0.0166540,0.0120000),(-0.0249843,0.0165730,0.0120000),(-0.0262953,0.0203624,0.0120000),(-0.0253925,0.0178160,0.0120000),(-0.0249843,0.0165730,0.0120000),(-0.0262953,0.0203624,0.0120000),(-0.0249843,0.0165730,0.0120000),(-0.0250295,0.0165058,0.0120000),(-0.0262953,0.0203624,0.0120000),(-0.0250295,0.0165058,0.0120000),(-0.0250959,0.0164566,0.0120000),(-0.0262953,0.0203624,0.0120000),(-0.0250959,0.0164566,0.0120000),(-0.0251703,0.0164402,0.0120000),(-0.0262953,0.0203624,0.0120000),(-0.0251703,0.0164402,0.0120000),(-0.0252973,0.0164751,0.0120000),(-0.0262953,0.0203624,0.0120000),(-0.0252973,0.0164751,0.0120000),(-0.0253766,0.0165725,0.0120000),(-0.0262953,0.0203624,0.0120000),(-0.0253766,0.0165725,0.0120000),(-0.0264921,0.0196237,0.0120000),(-0.0276087,0.0165682,0.0120000),(-0.0262953,0.0203624,0.0120000),(-0.0264921,0.0196237,0.0120000),(-0.0153479,0.0195729,0.0120000),(-0.0153457,0.0196215,0.0120000),(-0.0153218,0.0197136,0.0120000),(-0.0153479,0.0195729,0.0120000),(-0.0153218,0.0197136,0.0120000),(-0.0152940,0.0197999,0.0120000),(-0.0153479,0.0195729,0.0120000),(-0.0152940,0.0197999,0.0120000),(-0.0152622,0.0198805,0.0120000),(-0.0153479,0.0195729,0.0120000),(-0.0152622,0.0198805,0.0120000),(-0.0152264,0.0199552,0.0120000),(-0.0153479,0.0195729,0.0120000),(-0.0152264,0.0199552,0.0120000),(-0.0151868,0.0200241,0.0120000),(-0.0153479,0.0195729,0.0120000),(-0.0151868,0.0200241,0.0120000),(-0.0151431,0.0200873,0.0120000),(-0.0153479,0.0195729,0.0120000),(-0.0151431,0.0200873,0.0120000),(-0.0150441,0.0201962,0.0120000),(-0.0153479,0.0195729,0.0120000),(-0.0150441,0.0201962,0.0120000),(-0.0149631,0.0202657,0.0120000),(-0.0153479,0.0195729,0.0120000),(-0.0149631,0.0202657,0.0120000),(-0.0148800,0.0203259,0.0120000),(-0.0153479,0.0195729,0.0120000),(-0.0148800,0.0203259,0.0120000),(-0.0147947,0.0203768,0.0120000),(-0.0153479,0.0195729,0.0120000),(-0.0147947,0.0203768,0.0120000),(-0.0147073,0.0204185,0.0120000),(-0.0153479,0.0195729,0.0120000),(-0.0147073,0.0204185,0.0120000),(-0.0146177,0.0204509,0.0120000),(-0.0153479,0.0195729,0.0120000),(-0.0146177,0.0204509,0.0120000),(-0.0145260,0.0204740,0.0120000),(-0.0153479,0.0195729,0.0120000),(-0.0145260,0.0204740,0.0120000),(-0.0144321,0.0204879,0.0120000),(-0.0153479,0.0195729,0.0120000),(-0.0144321,0.0204879,0.0120000),(-0.0143361,0.0204925,0.0120000),(-0.0153479,0.0195729,0.0120000),(-0.0143361,0.0204925,0.0120000),(-0.0142408,0.0204878,0.0120000),(-0.0153479,0.0195729,0.0120000),(-0.0142408,0.0204878,0.0120000),(-0.0141482,0.0204737,0.0120000),(-0.0153479,0.0195729,0.0120000),(-0.0141482,0.0204737,0.0120000),(-0.0140583,0.0204501,0.0120000),(-0.0153479,0.0195729,0.0120000),(-0.0140583,0.0204501,0.0120000),(-0.0139710,0.0204171,0.0120000),(-0.0139710,0.0204171,0.0120000),(-0.0138863,0.0203747,0.0120000),(-0.0138043,0.0203229,0.0120000),(-0.0139710,0.0204171,0.0120000),(-0.0138043,0.0203229,0.0120000),(-0.0137249,0.0202616,0.0120000),(-0.0139710,0.0204171,0.0120000),(-0.0137249,0.0202616,0.0120000),(-0.0136482,0.0201909,0.0120000),(-0.0139710,0.0204171,0.0120000),(-0.0136482,0.0201909,0.0120000),(-0.0135681,0.0201027,0.0120000),(-0.0139710,0.0204171,0.0120000),(-0.0135681,0.0201027,0.0120000),(-0.0134986,0.0200078,0.0120000),(-0.0139710,0.0204171,0.0120000),(-0.0134986,0.0200078,0.0120000),(-0.0134399,0.0199064,0.0120000),(-0.0139710,0.0204171,0.0120000),(-0.0134399,0.0199064,0.0120000),(-0.0133918,0.0197983,0.0120000),(-0.0139710,0.0204171,0.0120000),(-0.0133918,0.0197983,0.0120000),(-0.0133544,0.0196836,0.0120000),(-0.0139710,0.0204171,0.0120000),(-0.0133544,0.0196836,0.0120000),(-0.0133277,0.0195623,0.0120000),(-0.0139710,0.0204171,0.0120000),(-0.0133277,0.0195623,0.0120000),(-0.0133117,0.0194343,0.0120000),(-0.0139710,0.0204171,0.0120000),(-0.0133117,0.0194343,0.0120000),(-0.0133063,0.0192998,0.0120000),(-0.0139710,0.0204171,0.0120000),(-0.0133063,0.0192998,0.0120000),(-0.0133076,0.0191965,0.0120000),(-0.0139710,0.0204171,0.0120000),(-0.0133076,0.0191965,0.0120000),(-0.0133115,0.0190973,0.0120000),(-0.0139710,0.0204171,0.0120000),(-0.0133115,0.0190973,0.0120000),(-0.0133180,0.0190021,0.0120000),(-0.0139710,0.0204171,0.0120000),(-0.0133180,0.0190021,0.0120000),(-0.0133270,0.0189109,0.0120000),(-0.0139710,0.0204171,0.0120000),(-0.0133270,0.0189109,0.0120000),(-0.0133386,0.0188238,0.0120000),(-0.0139710,0.0204171,0.0120000),(-0.0133386,0.0188238,0.0120000),(-0.0133528,0.0187408,0.0120000),(-0.0139710,0.0204171,0.0120000),(-0.0133528,0.0187408,0.0120000),(-0.0133695,0.0186617,0.0120000),(-0.0139710,0.0204171,0.0120000),(-0.0133695,0.0186617,0.0120000),(-0.0133889,0.0185868,0.0120000),(-0.0139710,0.0204171,0.0120000),(-0.0133889,0.0185868,0.0120000),(-0.0134353,0.0184489,0.0120000),(-0.0134353,0.0184489,0.0120000),(-0.0134921,0.0183273,0.0120000),(-0.0135592,0.0182218,0.0120000),(-0.0134353,0.0184489,0.0120000),(-0.0135592,0.0182218,0.0120000),(-0.0136365,0.0181325,0.0120000),(-0.0134353,0.0184489,0.0120000),(-0.0136365,0.0181325,0.0120000),(-0.0137160,0.0180630,0.0120000),(-0.0134353,0.0184489,0.0120000),(-0.0137160,0.0180630,0.0120000),(-0.0137979,0.0180028,0.0120000),(-0.0134353,0.0184489,0.0120000),(-0.0137979,0.0180028,0.0120000),(-0.0138821,0.0179519,0.0120000),(-0.0134353,0.0184489,0.0120000),(-0.0138821,0.0179519,0.0120000),(-0.0139686,0.0179102,0.0120000),(-0.0134353,0.0184489,0.0120000),(-0.0139686,0.0179102,0.0120000),(-0.0140575,0.0178778,0.0120000),(-0.0134353,0.0184489,0.0120000),(-0.0140575,0.0178778,0.0120000),(-0.0141487,0.0178547,0.0120000),(-0.0134353,0.0184489,0.0120000),(-0.0141487,0.0178547,0.0120000),(-0.0142423,0.0178408,0.0120000),(-0.0134353,0.0184489,0.0120000),(-0.0142423,0.0178408,0.0120000),(-0.0143382,0.0178361,0.0120000),(-0.0134353,0.0184489,0.0120000),(-0.0143382,0.0178361,0.0120000),(-0.0144235,0.0178394,0.0120000),(-0.0134353,0.0184489,0.0120000),(-0.0144235,0.0178394,0.0120000),(-0.0145059,0.0178492,0.0120000),(-0.0134353,0.0184489,0.0120000),(-0.0145059,0.0178492,0.0120000),(-0.0145853,0.0178655,0.0120000),(-0.0134353,0.0184489,0.0120000),(-0.0145853,0.0178655,0.0120000),(-0.0146618,0.0178883,0.0120000),(-0.0134353,0.0184489,0.0120000),(-0.0146618,0.0178883,0.0120000),(-0.0148059,0.0179534,0.0120000),(-0.0134353,0.0184489,0.0120000),(-0.0148059,0.0179534,0.0120000),(-0.0149383,0.0180446,0.0120000),(-0.0148960,0.0168667,0.0120000),(-0.0136207,0.0168667,0.0120000),(-0.0135392,0.0168508,0.0120000),(-0.0148960,0.0168667,0.0120000),(-0.0135392,0.0168508,0.0120000),(-0.0134704,0.0168032,0.0120000),(-0.0148960,0.0168667,0.0120000),(-0.0134704,0.0168032,0.0120000),(-0.0134236,0.0167339,0.0120000),(-0.0148960,0.0168667,0.0120000),(-0.0134236,0.0167339,0.0120000),(-0.0134079,0.0166529,0.0120000),(-0.0148960,0.0168667,0.0120000),(-0.0134079,0.0166529,0.0120000),(-0.0134236,0.0165722,0.0120000),(-0.0148960,0.0168667,0.0120000),(-0.0134236,0.0165722,0.0120000),(-0.0134704,0.0165037,0.0120000),(-0.0148960,0.0168667,0.0120000),(-0.0134704,0.0165037,0.0120000),(-0.0135392,0.0164561,0.0120000),(-0.0148960,0.0168667,0.0120000),(-0.0135392,0.0164561,0.0120000),(-0.0136207,0.0164402,0.0120000),(-0.0148960,0.0168667,0.0120000),(-0.0136207,0.0164402,0.0120000),(-0.0150928,0.0164402,0.0120000),(-0.0149383,0.0180446,0.0120000),(-0.0148960,0.0168667,0.0120000),(-0.0150928,0.0164402,0.0120000),(-0.0149383,0.0180446,0.0120000),(-0.0150928,0.0164402,0.0120000),(-0.0151732,0.0164542,0.0120000),(-0.0149383,0.0180446,0.0120000),(-0.0151732,0.0164542,0.0120000),(-0.0152431,0.0164963,0.0120000),(-0.0149383,0.0180446,0.0120000),(-0.0152431,0.0164963,0.0120000),(-0.0152907,0.0165614,0.0120000),(-0.0149383,0.0180446,0.0120000),(-0.0152907,0.0165614,0.0120000),(-0.0153066,0.0166402,0.0120000),(-0.0149383,0.0180446,0.0120000),(-0.0153066,0.0166402,0.0120000),(-0.0153870,0.0187050,0.0120000),(-0.0149383,0.0180446,0.0120000),(-0.0153870,0.0187050,0.0120000),(-0.0153738,0.0187844,0.0120000),(-0.0149383,0.0180446,0.0120000),(-0.0153738,0.0187844,0.0120000),(-0.0153341,0.0188553,0.0120000),(-0.0149383,0.0180446,0.0120000),(-0.0153341,0.0188553,0.0120000),(-0.0152690,0.0189093,0.0120000),(-0.0149383,0.0180446,0.0120000),(-0.0152690,0.0189093,0.0120000),(-0.0151859,0.0189273,0.0120000),(-0.0149383,0.0180446,0.0120000),(-0.0151859,0.0189273,0.0120000),(-0.0151047,0.0189138,0.0120000),(-0.0149383,0.0180446,0.0120000),(-0.0151047,0.0189138,0.0120000),(-0.0150325,0.0188733,0.0120000),(-0.0149383,0.0180446,0.0120000),(-0.0150325,0.0188733,0.0120000),(-0.0149700,0.0187717,0.0120000),(-0.0149383,0.0180446,0.0120000),(-0.0149700,0.0187717,0.0120000),(-0.0149360,0.0186866,0.0120000),(-0.0149383,0.0180446,0.0120000),(-0.0149360,0.0186866,0.0120000),(-0.0148870,0.0186026,0.0120000),(-0.0149383,0.0180446,0.0120000),(-0.0148870,0.0186026,0.0120000),(-0.0148228,0.0185199,0.0120000),(-0.0149383,0.0180446,0.0120000),(-0.0148228,0.0185199,0.0120000),(-0.0147436,0.0184383,0.0120000),(-0.0149383,0.0180446,0.0120000),(-0.0147436,0.0184383,0.0120000),(-0.0146480,0.0183605,0.0120000),(-0.0149383,0.0180446,0.0120000),(-0.0146480,0.0183605,0.0120000),(-0.0145486,0.0183050,0.0120000),(-0.0149383,0.0180446,0.0120000),(-0.0145486,0.0183050,0.0120000),(-0.0144453,0.0182716,0.0120000),(-0.0149383,0.0180446,0.0120000),(-0.0144453,0.0182716,0.0120000),(-0.0143382,0.0182605,0.0120000),(-0.0149383,0.0180446,0.0120000),(-0.0143382,0.0182605,0.0120000),(-0.0142317,0.0182716,0.0120000),(-0.0134353,0.0184489,0.0120000),(-0.0149383,0.0180446,0.0120000),(-0.0142317,0.0182716,0.0120000),(-0.0134353,0.0184489,0.0120000),(-0.0142317,0.0182716,0.0120000),(-0.0141292,0.0183050,0.0120000),(-0.0134353,0.0184489,0.0120000),(-0.0141292,0.0183050,0.0120000),(-0.0140306,0.0183605,0.0120000),(-0.0134353,0.0184489,0.0120000),(-0.0140306,0.0183605,0.0120000),(-0.0139360,0.0184383,0.0120000),(-0.0134353,0.0184489,0.0120000),(-0.0139360,0.0184383,0.0120000),(-0.0138458,0.0185669,0.0120000),(-0.0134353,0.0184489,0.0120000),(-0.0138458,0.0185669,0.0120000),(-0.0138103,0.0186530,0.0120000),(-0.0134353,0.0184489,0.0120000),(-0.0138103,0.0186530,0.0120000),(-0.0137813,0.0187537,0.0120000),(-0.0134353,0.0184489,0.0120000),(-0.0137813,0.0187537,0.0120000),(-0.0137587,0.0188689,0.0120000),(-0.0134353,0.0184489,0.0120000),(-0.0137587,0.0188689,0.0120000),(-0.0137426,0.0189987,0.0120000),(-0.0134353,0.0184489,0.0120000),(-0.0137426,0.0189987,0.0120000),(-0.0137329,0.0191430,0.0120000),(-0.0134353,0.0184489,0.0120000),(-0.0137329,0.0191430,0.0120000),(-0.0137297,0.0193019,0.0120000),(-0.0134353,0.0184489,0.0120000),(-0.0137297,0.0193019,0.0120000),(-0.0137331,0.0193934,0.0120000),(-0.0134353,0.0184489,0.0120000),(-0.0137331,0.0193934,0.0120000),(-0.0137434,0.0194799,0.0120000),(-0.0134353,0.0184489,0.0120000),(-0.0137434,0.0194799,0.0120000),(-0.0137606,0.0195614,0.0120000),(-0.0139710,0.0204171,0.0120000),(-0.0134353,0.0184489,0.0120000),(-0.0137606,0.0195614,0.0120000),(-0.0139710,0.0204171,0.0120000),(-0.0137606,0.0195614,0.0120000),(-0.0137847,0.0196379,0.0120000),(-0.0139710,0.0204171,0.0120000),(-0.0137847,0.0196379,0.0120000),(-0.0138535,0.0197762,0.0120000),(-0.0139710,0.0204171,0.0120000),(-0.0138535,0.0197762,0.0120000),(-0.0139498,0.0198946,0.0120000),(-0.0139710,0.0204171,0.0120000),(-0.0139498,0.0198946,0.0120000),(-0.0140411,0.0199705,0.0120000),(-0.0139710,0.0204171,0.0120000),(-0.0140411,0.0199705,0.0120000),(-0.0141371,0.0200248,0.0120000),(-0.0139710,0.0204171,0.0120000),(-0.0141371,0.0200248,0.0120000),(-0.0142379,0.0200573,0.0120000),(-0.0139710,0.0204171,0.0120000),(-0.0142379,0.0200573,0.0120000),(-0.0143435,0.0200682,0.0120000),(-0.0139710,0.0204171,0.0120000),(-0.0143435,0.0200682,0.0120000),(-0.0144461,0.0200569,0.0120000),(-0.0139710,0.0204171,0.0120000),(-0.0144461,0.0200569,0.0120000),(-0.0145486,0.0200232,0.0120000),(-0.0139710,0.0204171,0.0120000),(-0.0145486,0.0200232,0.0120000),(-0.0146509,0.0199670,0.0120000),(-0.0153479,0.0195729,0.0120000),(-0.0139710,0.0204171,0.0120000),(-0.0146509,0.0199670,0.0120000),(-0.0153479,0.0195729,0.0120000),(-0.0146509,0.0199670,0.0120000),(-0.0147531,0.0198882,0.0120000),(-0.0153479,0.0195729,0.0120000),(-0.0147531,0.0198882,0.0120000),(-0.0148552,0.0197454,0.0120000),(-0.0153479,0.0195729,0.0120000),(-0.0148552,0.0197454,0.0120000),(-0.0148948,0.0196454,0.0120000),(-0.0153479,0.0195729,0.0120000),(-0.0148948,0.0196454,0.0120000),(-0.0149266,0.0195263,0.0120000),(-0.0153479,0.0195729,0.0120000),(-0.0149266,0.0195263,0.0120000),(-0.0149707,0.0194536,0.0120000),(-0.0153479,0.0195729,0.0120000),(-0.0149707,0.0194536,0.0120000),(-0.0150193,0.0194017,0.0120000),(-0.0153479,0.0195729,0.0120000),(-0.0150193,0.0194017,0.0120000),(-0.0151298,0.0193601,0.0120000),(-0.0153479,0.0195729,0.0120000),(-0.0151298,0.0193601,0.0120000),(-0.0151373,0.0193601,0.0120000),(-0.0153479,0.0195729,0.0120000),(-0.0151373,0.0193601,0.0120000),(-0.0152111,0.0193758,0.0120000),(-0.0153479,0.0195729,0.0120000),(-0.0152111,0.0193758,0.0120000),(-0.0152709,0.0194165,0.0120000),(-0.0227700,0.0182044,0.0120000),(-0.0227223,0.0181557,0.0120000),(-0.0226663,0.0180782,0.0120000),(-0.0227700,0.0182044,0.0120000),(-0.0226663,0.0180782,0.0120000),(-0.0226177,0.0179968,0.0120000),(-0.0227700,0.0182044,0.0120000),(-0.0226177,0.0179968,0.0120000),(-0.0225766,0.0179116,0.0120000),(-0.0227700,0.0182044,0.0120000),(-0.0225766,0.0179116,0.0120000),(-0.0225429,0.0178226,0.0120000),(-0.0227700,0.0182044,0.0120000),(-0.0225429,0.0178226,0.0120000),(-0.0225168,0.0177299,0.0120000),(-0.0227700,0.0182044,0.0120000),(-0.0225168,0.0177299,0.0120000),(-0.0224981,0.0176333,0.0120000),(-0.0227700,0.0182044,0.0120000),(-0.0224981,0.0176333,0.0120000),(-0.0224869,0.0175329,0.0120000),(-0.0227700,0.0182044,0.0120000),(-0.0224869,0.0175329,0.0120000),(-0.0224831,0.0174287,0.0120000),(-0.0227700,0.0182044,0.0120000),(-0.0224831,0.0174287,0.0120000),(-0.0224869,0.0173246,0.0120000),(-0.0227700,0.0182044,0.0120000),(-0.0224869,0.0173246,0.0120000),(-0.0224980,0.0172249,0.0120000),(-0.0227700,0.0182044,0.0120000),(-0.0224980,0.0172249,0.0120000),(-0.0225166,0.0171298,0.0120000),(-0.0227700,0.0182044,0.0120000),(-0.0225166,0.0171298,0.0120000),(-0.0225427,0.0170392,0.0120000),(-0.0227700,0.0182044,0.0120000),(-0.0225427,0.0170392,0.0120000),(-0.0225762,0.0169531,0.0120000),(-0.0227700,0.0182044,0.0120000),(-0.0225762,0.0169531,0.0120000),(-0.0226171,0.0168715,0.0120000),(-0.0227700,0.0182044,0.0120000),(-0.0226171,0.0168715,0.0120000),(-0.0226655,0.0167943,0.0120000),(-0.0227700,0.0182044,0.0120000),(-0.0226655,0.0167943,0.0120000),(-0.0227213,0.0167217,0.0120000),(-0.0227700,0.0182044,0.0120000),(-0.0227213,0.0167217,0.0120000),(-0.0227830,0.0166557,0.0120000),(-0.0227700,0.0182044,0.0120000),(-0.0227830,0.0166557,0.0120000),(-0.0228497,0.0165985,0.0120000),(-0.0227700,0.0182044,0.0120000),(-0.0228497,0.0165985,0.0120000),(-0.0229214,0.0165502,0.0120000),(-0.0227700,0.0182044,0.0120000),(-0.0229214,0.0165502,0.0120000),(-0.0229980,0.0165106,0.0120000),(-0.0229980,0.0165106,0.0120000),(-0.0230796,0.0164798,0.0120000),(-0.0231662,0.0164578,0.0120000),(-0.0229980,0.0165106,0.0120000),(-0.0231662,0.0164578,0.0120000),(-0.0232577,0.0164446,0.0120000),(-0.0229980,0.0165106,0.0120000),(-0.0232577,0.0164446,0.0120000),(-0.0233542,0.0164402,0.0120000),(-0.0229980,0.0165106,0.0120000),(-0.0233542,0.0164402,0.0120000),(-0.0234497,0.0164446,0.0120000),(-0.0229980,0.0165106,0.0120000),(-0.0234497,0.0164446,0.0120000),(-0.0235410,0.0164577,0.0120000),(-0.0229980,0.0165106,0.0120000),(-0.0235410,0.0164577,0.0120000),(-0.0236280,0.0164796,0.0120000),(-0.0229980,0.0165106,0.0120000),(-0.0236280,0.0164796,0.0120000),(-0.0237108,0.0165103,0.0120000),(-0.0229980,0.0165106,0.0120000),(-0.0237108,0.0165103,0.0120000),(-0.0237894,0.0165497,0.0120000),(-0.0229980,0.0165106,0.0120000),(-0.0237894,0.0165497,0.0120000),(-0.0238637,0.0165979,0.0120000),(-0.0229980,0.0165106,0.0120000),(-0.0238637,0.0165979,0.0120000),(-0.0239339,0.0166549,0.0120000),(-0.0229980,0.0165106,0.0120000),(-0.0239339,0.0166549,0.0120000),(-0.0239997,0.0167206,0.0120000),(-0.0229980,0.0165106,0.0120000),(-0.0239997,0.0167206,0.0120000),(-0.0240595,0.0167931,0.0120000),(-0.0229980,0.0165106,0.0120000),(-0.0240595,0.0167931,0.0120000),(-0.0241113,0.0168701,0.0120000),(-0.0229980,0.0165106,0.0120000),(-0.0241113,0.0168701,0.0120000),(-0.0241552,0.0169517,0.0120000),(-0.0229980,0.0165106,0.0120000),(-0.0241552,0.0169517,0.0120000),(-0.0241910,0.0170379,0.0120000),(-0.0229980,0.0165106,0.0120000),(-0.0241910,0.0170379,0.0120000),(-0.0242189,0.0171287,0.0120000),(-0.0229980,0.0165106,0.0120000),(-0.0242189,0.0171287,0.0120000),(-0.0242389,0.0172241,0.0120000),(-0.0229980,0.0165106,0.0120000),(-0.0242389,0.0172241,0.0120000),(-0.0242508,0.0173241,0.0120000),(-0.0242508,0.0173241,0.0120000),(-0.0242548,0.0174287,0.0120000),(-0.0242395,0.0175110,0.0120000),(-0.0242508,0.0173241,0.0120000),(-0.0242395,0.0175110,0.0120000),(-0.0241934,0.0175800,0.0120000),(-0.0242508,0.0173241,0.0120000),(-0.0241934,0.0175800,0.0120000),(-0.0241252,0.0176268,0.0120000),(-0.0242508,0.0173241,0.0120000),(-0.0241252,0.0176268,0.0120000),(-0.0240431,0.0176425,0.0120000),(-0.0242508,0.0173241,0.0120000),(-0.0240431,0.0176425,0.0120000),(-0.0239603,0.0176268,0.0120000),(-0.0242508,0.0173241,0.0120000),(-0.0239603,0.0176268,0.0120000),(-0.0238918,0.0175800,0.0120000),(-0.0242508,0.0173241,0.0120000),(-0.0238918,0.0175800,0.0120000),(-0.0238458,0.0175110,0.0120000),(-0.0242508,0.0173241,0.0120000),(-0.0238458,0.0175110,0.0120000),(-0.0238304,0.0174287,0.0120000),(-0.0242508,0.0173241,0.0120000),(-0.0238304,0.0174287,0.0120000),(-0.0238217,0.0173024,0.0120000),(-0.0242508,0.0173241,0.0120000),(-0.0238217,0.0173024,0.0120000),(-0.0237957,0.0171913,0.0120000),(-0.0242508,0.0173241,0.0120000),(-0.0237957,0.0171913,0.0120000),(-0.0237524,0.0170955,0.0120000),(-0.0242508,0.0173241,0.0120000),(-0.0237524,0.0170955,0.0120000),(-0.0236918,0.0170149,0.0120000),(-0.0242508,0.0173241,0.0120000),(-0.0236918,0.0170149,0.0120000),(-0.0236203,0.0169500,0.0120000),(-0.0229980,0.0165106,0.0120000),(-0.0242508,0.0173241,0.0120000),(-0.0236203,0.0169500,0.0120000),(-0.0229980,0.0165106,0.0120000),(-0.0236203,0.0169500,0.0120000),(-0.0235402,0.0169037,0.0120000),(-0.0229980,0.0165106,0.0120000),(-0.0235402,0.0169037,0.0120000),(-0.0234515,0.0168760,0.0120000),(-0.0229980,0.0165106,0.0120000),(-0.0234515,0.0168760,0.0120000),(-0.0233542,0.0168667,0.0120000),(-0.0229980,0.0165106,0.0120000),(-0.0233542,0.0168667,0.0120000),(-0.0232603,0.0168759,0.0120000),(-0.0229980,0.0165106,0.0120000),(-0.0232603,0.0168759,0.0120000),(-0.0231756,0.0169035,0.0120000),(-0.0229980,0.0165106,0.0120000),(-0.0231756,0.0169035,0.0120000),(-0.0231000,0.0169494,0.0120000),(-0.0229980,0.0165106,0.0120000),(-0.0231000,0.0169494,0.0120000),(-0.0230335,0.0170138,0.0120000),(-0.0229980,0.0165106,0.0120000),(-0.0230335,0.0170138,0.0120000),(-0.0229793,0.0170949,0.0120000),(-0.0229980,0.0165106,0.0120000),(-0.0229793,0.0170949,0.0120000),(-0.0229406,0.0171911,0.0120000),(-0.0229980,0.0165106,0.0120000),(-0.0229406,0.0171911,0.0120000),(-0.0229174,0.0173023,0.0120000),(-0.0227700,0.0182044,0.0120000),(-0.0229980,0.0165106,0.0120000),(-0.0229174,0.0173023,0.0120000),(-0.0227700,0.0182044,0.0120000),(-0.0229174,0.0173023,0.0120000),(-0.0229097,0.0174287,0.0120000),(-0.0227700,0.0182044,0.0120000),(-0.0229097,0.0174287,0.0120000),(-0.0229173,0.0175567,0.0120000),(-0.0227700,0.0182044,0.0120000),(-0.0229173,0.0175567,0.0120000),(-0.0229403,0.0176721,0.0120000),(-0.0227700,0.0182044,0.0120000),(-0.0229403,0.0176721,0.0120000),(-0.0229787,0.0177747,0.0120000),(-0.0227700,0.0182044,0.0120000),(-0.0229787,0.0177747,0.0120000),(-0.0230324,0.0178647,0.0120000),(-0.0227700,0.0182044,0.0120000),(-0.0230324,0.0178647,0.0120000),(-0.0230947,0.0179295,0.0120000),(-0.0226856,0.0182806,0.0120000),(-0.0227700,0.0182044,0.0120000),(-0.0230947,0.0179295,0.0120000),(-0.0226856,0.0182806,0.0120000),(-0.0230947,0.0179295,0.0120000),(-0.0231639,0.0179758,0.0120000),(-0.0226856,0.0182806,0.0120000),(-0.0231639,0.0179758,0.0120000),(-0.0232402,0.0180036,0.0120000),(-0.0226856,0.0182806,0.0120000),(-0.0232402,0.0180036,0.0120000),(-0.0233235,0.0180129,0.0120000),(-0.0226856,0.0182806,0.0120000),(-0.0233235,0.0180129,0.0120000),(-0.0233658,0.0180129,0.0120000),(-0.0226856,0.0182806,0.0120000),(-0.0233658,0.0180129,0.0120000),(-0.0234325,0.0180129,0.0120000),(-0.0226856,0.0182806,0.0120000),(-0.0234325,0.0180129,0.0120000),(-0.0235140,0.0180285,0.0120000),(-0.0226856,0.0182806,0.0120000),(-0.0235140,0.0180285,0.0120000),(-0.0235828,0.0180753,0.0120000),(-0.0226856,0.0182806,0.0120000),(-0.0235828,0.0180753,0.0120000),(-0.0236296,0.0181438,0.0120000),(-0.0226856,0.0182806,0.0120000),(-0.0236296,0.0181438,0.0120000),(-0.0236452,0.0182245,0.0120000),(-0.0226856,0.0182806,0.0120000),(-0.0236452,0.0182245,0.0120000),(-0.0236296,0.0183055,0.0120000),(-0.0226856,0.0182806,0.0120000),(-0.0236296,0.0183055,0.0120000),(-0.0235828,0.0183748,0.0120000),(-0.0226856,0.0182806,0.0120000),(-0.0235828,0.0183748,0.0120000),(-0.0235140,0.0184224,0.0120000),(-0.0226856,0.0182806,0.0120000),(-0.0235140,0.0184224,0.0120000),(-0.0234325,0.0184383,0.0120000),(-0.0226856,0.0182806,0.0120000),(-0.0234325,0.0184383,0.0120000),(-0.0233658,0.0184383,0.0120000),(-0.0226856,0.0182806,0.0120000),(-0.0233658,0.0184383,0.0120000),(-0.0232354,0.0184523,0.0120000),(-0.0226856,0.0182806,0.0120000),(-0.0232354,0.0184523,0.0120000),(-0.0231174,0.0184942,0.0120000),(-0.0226856,0.0182806,0.0120000),(-0.0231174,0.0184942,0.0120000),(-0.0230116,0.0185639,0.0120000),(-0.0226856,0.0182806,0.0120000),(-0.0230116,0.0185639,0.0120000),(-0.0229181,0.0186616,0.0120000),(-0.0226856,0.0182806,0.0120000),(-0.0229181,0.0186616,0.0120000),(-0.0228413,0.0187828,0.0120000),(-0.0226856,0.0182806,0.0120000),(-0.0228413,0.0187828,0.0120000),(-0.0227864,0.0189230,0.0120000),(-0.0226856,0.0182806,0.0120000),(-0.0227864,0.0189230,0.0120000),(-0.0227534,0.0190823,0.0120000),(-0.0226856,0.0182806,0.0120000),(-0.0227534,0.0190823,0.0120000),(-0.0227452,0.0191691,0.0120000),(-0.0226856,0.0182806,0.0120000),(-0.0227452,0.0191691,0.0120000),(-0.0227424,0.0192606,0.0120000),(-0.0226856,0.0182806,0.0120000),(-0.0227424,0.0192606,0.0120000),(-0.0227452,0.0193513,0.0120000),(-0.0239642,0.0192962,0.0120000),(-0.0239669,0.0191961,0.0120000),(-0.0239828,0.0191141,0.0120000),(-0.0239561,0.0193905,0.0120000),(-0.0239642,0.0192962,0.0120000),(-0.0239828,0.0191141,0.0120000),(-0.0239561,0.0193905,0.0120000),(-0.0239828,0.0191141,0.0120000),(-0.0240304,0.0190458,0.0120000),(-0.0239425,0.0194791,0.0120000),(-0.0239561,0.0193905,0.0120000),(-0.0240304,0.0190458,0.0120000),(-0.0239425,0.0194791,0.0120000),(-0.0240304,0.0190458,0.0120000),(-0.0240998,0.0189998,0.0120000),(-0.0239235,0.0195620,0.0120000),(-0.0239425,0.0194791,0.0120000),(-0.0240998,0.0189998,0.0120000),(-0.0239235,0.0195620,0.0120000),(-0.0240998,0.0189998,0.0120000),(-0.0241828,0.0189844,0.0120000),(-0.0238693,0.0197106,0.0120000),(-0.0239235,0.0195620,0.0120000),(-0.0241828,0.0189844,0.0120000),(-0.0238693,0.0197106,0.0120000),(-0.0241828,0.0189844,0.0120000),(-0.0242656,0.0189998,0.0120000),(-0.0238693,0.0197106,0.0120000),(-0.0242656,0.0189998,0.0120000),(-0.0243342,0.0190458,0.0120000),(-0.0237934,0.0198364,0.0120000),(-0.0238693,0.0197106,0.0120000),(-0.0243342,0.0190458,0.0120000),(-0.0237934,0.0198364,0.0120000),(-0.0243342,0.0190458,0.0120000),(-0.0243802,0.0191141,0.0120000),(-0.0237934,0.0198364,0.0120000),(-0.0243802,0.0191141,0.0120000),(-0.0243956,0.0191961,0.0120000),(-0.0237028,0.0199359,0.0120000),(-0.0237934,0.0198364,0.0120000),(-0.0243956,0.0191961,0.0120000),(-0.0237028,0.0199359,0.0120000),(-0.0243956,0.0191961,0.0120000),(-0.0243911,0.0193331,0.0120000),(-0.0237028,0.0199359,0.0120000),(-0.0243911,0.0193331,0.0120000),(-0.0243779,0.0194640,0.0120000),(-0.0237028,0.0199359,0.0120000),(-0.0243779,0.0194640,0.0120000),(-0.0243558,0.0195890,0.0120000),(-0.0235994,0.0200070,0.0120000),(-0.0237028,0.0199359,0.0120000),(-0.0243558,0.0195890,0.0120000),(-0.0235994,0.0200070,0.0120000),(-0.0243558,0.0195890,0.0120000),(-0.0243249,0.0197081,0.0120000),(-0.0235994,0.0200070,0.0120000),(-0.0243249,0.0197081,0.0120000),(-0.0242852,0.0198211,0.0120000),(-0.0234832,0.0200497,0.0120000),(-0.0235994,0.0200070,0.0120000),(-0.0242852,0.0198211,0.0120000),(-0.0234832,0.0200497,0.0120000),(-0.0242852,0.0198211,0.0120000),(-0.0242366,0.0199281,0.0120000),(-0.0234832,0.0200497,0.0120000),(-0.0242366,0.0199281,0.0120000),(-0.0241792,0.0200292,0.0120000),(-0.0233542,0.0200639,0.0120000),(-0.0234832,0.0200497,0.0120000),(-0.0241792,0.0200292,0.0120000),(-0.0233542,0.0200639,0.0120000),(-0.0241792,0.0200292,0.0120000),(-0.0241130,0.0201242,0.0120000),(-0.0233542,0.0200639,0.0120000),(-0.0241130,0.0201242,0.0120000),(-0.0240409,0.0202098,0.0120000),(-0.0232306,0.0200505,0.0120000),(-0.0233542,0.0200639,0.0120000),(-0.0240409,0.0202098,0.0120000),(-0.0232306,0.0200505,0.0120000),(-0.0240409,0.0202098,0.0120000),(-0.0239624,0.0202840,0.0120000),(-0.0232306,0.0200505,0.0120000),(-0.0239624,0.0202840,0.0120000),(-0.0238773,0.0203467,0.0120000),(-0.0231171,0.0200102,0.0120000),(-0.0232306,0.0200505,0.0120000),(-0.0238773,0.0203467,0.0120000),(-0.0231171,0.0200102,0.0120000),(-0.0238773,0.0203467,0.0120000),(-0.0237857,0.0203981,0.0120000),(-0.0231171,0.0200102,0.0120000),(-0.0237857,0.0203981,0.0120000),(-0.0236876,0.0204380,0.0120000),(-0.0230136,0.0199431,0.0120000),(-0.0231171,0.0200102,0.0120000),(-0.0236876,0.0204380,0.0120000),(-0.0230136,0.0199431,0.0120000),(-0.0236876,0.0204380,0.0120000),(-0.0235830,0.0204666,0.0120000),(-0.0230136,0.0199431,0.0120000),(-0.0235830,0.0204666,0.0120000),(-0.0234718,0.0204837,0.0120000),(-0.0229202,0.0198491,0.0120000),(-0.0230136,0.0199431,0.0120000),(-0.0234718,0.0204837,0.0120000),(-0.0229202,0.0198491,0.0120000),(-0.0234718,0.0204837,0.0120000),(-0.0233542,0.0204894,0.0120000),(-0.0229202,0.0198491,0.0120000),(-0.0233542,0.0204894,0.0120000),(-0.0232410,0.0204839,0.0120000),(-0.0228425,0.0197313,0.0120000),(-0.0229202,0.0198491,0.0120000),(-0.0232410,0.0204839,0.0120000),(-0.0228425,0.0197313,0.0120000),(-0.0232410,0.0204839,0.0120000),(-0.0231334,0.0204674,0.0120000),(-0.0227869,0.0195940,0.0120000),(-0.0228425,0.0197313,0.0120000),(-0.0231334,0.0204674,0.0120000),(-0.0227869,0.0195940,0.0120000),(-0.0231334,0.0204674,0.0120000),(-0.0230313,0.0204400,0.0120000),(-0.0227869,0.0195940,0.0120000),(-0.0230313,0.0204400,0.0120000),(-0.0229348,0.0204015,0.0120000),(-0.0227674,0.0195180,0.0120000),(-0.0227869,0.0195940,0.0120000),(-0.0229348,0.0204015,0.0120000),(-0.0227674,0.0195180,0.0120000),(-0.0229348,0.0204015,0.0120000),(-0.0228438,0.0203521,0.0120000),(-0.0227536,0.0194371,0.0120000),(-0.0227674,0.0195180,0.0120000),(-0.0228438,0.0203521,0.0120000),(-0.0227536,0.0194371,0.0120000),(-0.0228438,0.0203521,0.0120000),(-0.0227583,0.0202917,0.0120000),(-0.0227452,0.0193513,0.0120000),(-0.0227536,0.0194371,0.0120000),(-0.0227583,0.0202917,0.0120000),(-0.0226856,0.0182806,0.0120000),(-0.0227452,0.0193513,0.0120000),(-0.0227583,0.0202917,0.0120000),(-0.0226856,0.0182806,0.0120000),(-0.0227583,0.0202917,0.0120000),(-0.0226783,0.0202204,0.0120000),(-0.0226856,0.0182806,0.0120000),(-0.0226783,0.0202204,0.0120000),(-0.0226038,0.0201380,0.0120000),(-0.0226856,0.0182806,0.0120000),(-0.0226038,0.0201380,0.0120000),(-0.0225361,0.0200467,0.0120000),(-0.0226856,0.0182806,0.0120000),(-0.0225361,0.0200467,0.0120000),(-0.0224774,0.0199502,0.0120000),(-0.0226856,0.0182806,0.0120000),(-0.0224774,0.0199502,0.0120000),(-0.0224277,0.0198484,0.0120000),(-0.0226856,0.0182806,0.0120000),(-0.0224277,0.0198484,0.0120000),(-0.0223871,0.0197414,0.0120000),(-0.0226856,0.0182806,0.0120000),(-0.0223871,0.0197414,0.0120000),(-0.0223555,0.0196291,0.0120000),(-0.0226856,0.0182806,0.0120000),(-0.0223555,0.0196291,0.0120000),(-0.0223329,0.0195115,0.0120000),(-0.0226856,0.0182806,0.0120000),(-0.0223329,0.0195115,0.0120000),(-0.0223194,0.0193887,0.0120000),(-0.0226856,0.0182806,0.0120000),(-0.0223194,0.0193887,0.0120000),(-0.0223149,0.0192606,0.0120000),(-0.0226856,0.0182806,0.0120000),(-0.0223149,0.0192606,0.0120000),(-0.0223194,0.0191313,0.0120000),(-0.0226856,0.0182806,0.0120000),(-0.0223194,0.0191313,0.0120000),(-0.0223328,0.0190072,0.0120000),(-0.0226856,0.0182806,0.0120000),(-0.0223328,0.0190072,0.0120000),(-0.0223552,0.0188884,0.0120000),(-0.0226856,0.0182806,0.0120000),(-0.0223552,0.0188884,0.0120000),(-0.0223866,0.0187749,0.0120000),(-0.0226856,0.0182806,0.0120000),(-0.0223866,0.0187749,0.0120000),(-0.0224269,0.0186667,0.0120000),(-0.0226856,0.0182806,0.0120000),(-0.0224269,0.0186667,0.0120000),(-0.0224762,0.0185637,0.0120000),(-0.0226856,0.0182806,0.0120000),(-0.0224762,0.0185637,0.0120000),(-0.0225345,0.0184661,0.0120000),(-0.0226856,0.0182806,0.0120000),(-0.0225345,0.0184661,0.0120000),(-0.0226017,0.0183738,0.0120000),(-0.0214261,0.0205177,0.0120000),(-0.0213645,0.0204619,0.0120000),(-0.0206448,0.0194660,0.0120000),(-0.0206448,0.0194660,0.0120000),(-0.0199273,0.0204619,0.0120000),(-0.0198651,0.0205177,0.0120000),(-0.0206448,0.0194660,0.0120000),(-0.0198651,0.0205177,0.0120000),(-0.0197865,0.0205455,0.0120000),(-0.0206448,0.0194660,0.0120000),(-0.0197865,0.0205455,0.0120000),(-0.0197040,0.0205431,0.0120000),(-0.0206448,0.0194660,0.0120000),(-0.0197040,0.0205431,0.0120000),(-0.0196299,0.0205084,0.0120000),(-0.0206448,0.0194660,0.0120000),(-0.0196299,0.0205084,0.0120000),(-0.0195733,0.0204486,0.0120000),(-0.0206448,0.0194660,0.0120000),(-0.0195733,0.0204486,0.0120000),(-0.0195452,0.0203708,0.0120000),(-0.0206448,0.0194660,0.0120000),(-0.0195452,0.0203708,0.0120000),(-0.0195468,0.0202878,0.0120000),(-0.0206448,0.0194660,0.0120000),(-0.0195468,0.0202878,0.0120000),(-0.0195791,0.0202121,0.0120000),(-0.0206448,0.0194660,0.0120000),(-0.0195791,0.0202121,0.0120000),(-0.0203834,0.0191008,0.0120000),(-0.0214261,0.0205177,0.0120000),(-0.0206448,0.0194660,0.0120000),(-0.0203834,0.0191008,0.0120000),(-0.0214261,0.0205177,0.0120000),(-0.0203834,0.0191008,0.0120000),(-0.0195791,0.0179917,0.0120000),(-0.0214261,0.0205177,0.0120000),(-0.0195791,0.0179917,0.0120000),(-0.0195468,0.0179176,0.0120000),(-0.0214261,0.0205177,0.0120000),(-0.0195468,0.0179176,0.0120000),(-0.0195452,0.0178351,0.0120000),(-0.0214261,0.0205177,0.0120000),(-0.0195452,0.0178351,0.0120000),(-0.0195733,0.0177570,0.0120000),(-0.0214261,0.0205177,0.0120000),(-0.0195733,0.0177570,0.0120000),(-0.0196299,0.0176964,0.0120000),(-0.0214261,0.0205177,0.0120000),(-0.0196299,0.0176964,0.0120000),(-0.0197040,0.0176610,0.0120000),(-0.0214261,0.0205177,0.0120000),(-0.0197040,0.0176610,0.0120000),(-0.0197865,0.0176583,0.0120000),(-0.0214261,0.0205177,0.0120000),(-0.0197865,0.0176583,0.0120000),(-0.0198651,0.0176866,0.0120000),(-0.0214261,0.0205177,0.0120000),(-0.0198651,0.0176866,0.0120000),(-0.0199273,0.0177441,0.0120000),(-0.0214261,0.0205177,0.0120000),(-0.0199273,0.0177441,0.0120000),(-0.0206448,0.0187399,0.0120000),(-0.0206448,0.0187399,0.0120000),(-0.0213645,0.0177441,0.0120000),(-0.0214256,0.0176856,0.0120000),(-0.0206448,0.0187399,0.0120000),(-0.0214256,0.0176856,0.0120000),(-0.0215031,0.0176583,0.0120000),(-0.0206448,0.0187399,0.0120000),(-0.0215031,0.0176583,0.0120000),(-0.0215897,0.0176607,0.0120000),(-0.0206448,0.0187399,0.0120000),(-0.0215897,0.0176607,0.0120000),(-0.0216629,0.0176954,0.0120000),(-0.0206448,0.0187399,0.0120000),(-0.0216629,0.0176954,0.0120000),(-0.0217188,0.0177560,0.0120000),(-0.0206448,0.0187399,0.0120000),(-0.0217188,0.0177560,0.0120000),(-0.0217465,0.0178319,0.0120000),(-0.0206448,0.0187399,0.0120000),(-0.0217465,0.0178319,0.0120000),(-0.0217436,0.0179168,0.0120000),(-0.0206448,0.0187399,0.0120000),(-0.0217436,0.0179168,0.0120000),(-0.0217074,0.0179917,0.0120000),(-0.0206448,0.0187399,0.0120000),(-0.0217074,0.0179917,0.0120000),(-0.0209083,0.0191008,0.0120000),(-0.0214261,0.0205177,0.0120000),(-0.0206448,0.0187399,0.0120000),(-0.0209083,0.0191008,0.0120000),(-0.0214261,0.0205177,0.0120000),(-0.0209083,0.0191008,0.0120000),(-0.0217116,0.0202121,0.0120000),(-0.0214261,0.0205177,0.0120000),(-0.0217116,0.0202121,0.0120000),(-0.0217447,0.0202875,0.0120000),(-0.0214261,0.0205177,0.0120000),(-0.0217447,0.0202875,0.0120000),(-0.0217465,0.0203698,0.0120000),(-0.0214261,0.0205177,0.0120000),(-0.0217465,0.0203698,0.0120000),(-0.0217185,0.0204510,0.0120000),(-0.0214261,0.0205177,0.0120000),(-0.0217185,0.0204510,0.0120000),(-0.0216619,0.0205105,0.0120000),(-0.0214261,0.0205177,0.0120000),(-0.0216619,0.0205105,0.0120000),(-0.0215873,0.0205436,0.0120000),(-0.0214261,0.0205177,0.0120000),(-0.0215873,0.0205436,0.0120000),(-0.0215052,0.0205455,0.0120000),(-0.0164379,0.0204621,0.0120000),(-0.0163649,0.0205687,0.0120000),(-0.0162583,0.0206418,0.0120000),(-0.0164379,0.0204621,0.0120000),(-0.0162583,0.0206418,0.0120000),(-0.0161331,0.0206661,0.0120000),(-0.0164379,0.0204621,0.0120000),(-0.0161331,0.0206661,0.0120000),(-0.0160083,0.0206418,0.0120000),(-0.0164379,0.0204621,0.0120000),(-0.0160083,0.0206418,0.0120000),(-0.0159024,0.0205687,0.0120000),(-0.0164379,0.0204621,0.0120000),(-0.0159024,0.0205687,0.0120000),(-0.0158294,0.0204621,0.0120000),(-0.0164379,0.0204621,0.0120000),(-0.0158294,0.0204621,0.0120000),(-0.0158051,0.0203370,0.0120000),(-0.0164379,0.0204621,0.0120000),(-0.0158051,0.0203370,0.0120000),(-0.0158294,0.0202118,0.0120000),(-0.0164379,0.0204621,0.0120000),(-0.0158294,0.0202118,0.0120000),(-0.0159024,0.0201052,0.0120000),(-0.0164379,0.0204621,0.0120000),(-0.0159024,0.0201052,0.0120000),(-0.0160083,0.0200322,0.0120000),(-0.0164379,0.0204621,0.0120000),(-0.0160083,0.0200322,0.0120000),(-0.0161331,0.0200078,0.0120000),(-0.0164379,0.0204621,0.0120000),(-0.0161331,0.0200078,0.0120000),(-0.0162583,0.0200322,0.0120000),(-0.0164379,0.0204621,0.0120000),(-0.0162583,0.0200322,0.0120000),(-0.0163649,0.0201052,0.0120000),(-0.0164379,0.0204621,0.0120000),(-0.0163649,0.0201052,0.0120000),(-0.0164379,0.0202118,0.0120000),(-0.0164379,0.0204621,0.0120000),(-0.0164379,0.0202118,0.0120000),(-0.0164623,0.0203370,0.0120000),(-0.0075041,0.0204703,0.0120000),(-0.0074046,0.0205793,0.0120000),(-0.0072914,0.0206068,0.0120000),(-0.0075041,0.0204703,0.0120000),(-0.0072914,0.0206068,0.0120000),(-0.0071903,0.0205814,0.0120000),(-0.0075041,0.0204703,0.0120000),(-0.0071903,0.0205814,0.0120000),(-0.0071136,0.0205052,0.0120000),(-0.0075041,0.0204703,0.0120000),(-0.0071136,0.0205052,0.0120000),(-0.0071061,0.0204989,0.0120000),(-0.0075041,0.0204703,0.0120000),(-0.0071061,0.0204989,0.0120000),(-0.0058605,0.0183314,0.0120000),(-0.0075041,0.0204703,0.0120000),(-0.0058605,0.0183314,0.0120000),(-0.0058330,0.0182245,0.0120000),(-0.0075041,0.0204703,0.0120000),(-0.0058330,0.0182245,0.0120000),(-0.0058608,0.0181153,0.0120000),(-0.0075041,0.0204703,0.0120000),(-0.0058608,0.0181153,0.0120000),(-0.0059441,0.0180372,0.0120000),(-0.0075041,0.0204703,0.0120000),(-0.0059441,0.0180372,0.0120000),(-0.0060510,0.0180076,0.0120000),(-0.0075041,0.0204703,0.0120000),(-0.0060510,0.0180076,0.0120000),(-0.0061597,0.0180354,0.0120000),(-0.0075041,0.0204703,0.0120000),(-0.0061597,0.0180354,0.0120000),(-0.0062362,0.0181187,0.0120000),(-0.0075041,0.0204703,0.0120000),(-0.0062362,0.0181187,0.0120000),(-0.0070786,0.0195845,0.0120000),(-0.0075041,0.0204703,0.0120000),(-0.0070786,0.0195845,0.0120000),(-0.0070786,0.0169768,0.0120000),(-0.0070786,0.0169768,0.0120000),(-0.0054922,0.0169768,0.0120000),(-0.0054073,0.0169609,0.0120000),(-0.0070786,0.0169768,0.0120000),(-0.0054073,0.0169609,0.0120000),(-0.0053366,0.0169133,0.0120000),(-0.0070786,0.0169768,0.0120000),(-0.0053366,0.0169133,0.0120000),(-0.0052890,0.0168437,0.0120000),(-0.0070786,0.0169768,0.0120000),(-0.0052890,0.0168437,0.0120000),(-0.0052731,0.0167619,0.0120000),(-0.0070786,0.0169768,0.0120000),(-0.0052731,0.0167619,0.0120000),(-0.0052890,0.0166799,0.0120000),(-0.0070786,0.0169768,0.0120000),(-0.0052890,0.0166799,0.0120000),(-0.0053366,0.0166095,0.0120000),(-0.0070786,0.0169768,0.0120000),(-0.0053366,0.0166095,0.0120000),(-0.0054073,0.0165603,0.0120000),(-0.0070786,0.0169768,0.0120000),(-0.0054073,0.0165603,0.0120000),(-0.0054922,0.0165439,0.0120000),(-0.0070786,0.0169768,0.0120000),(-0.0054922,0.0165439,0.0120000),(-0.0072988,0.0165439,0.0120000),(-0.0075041,0.0204703,0.0120000),(-0.0070786,0.0169768,0.0120000),(-0.0072988,0.0165439,0.0120000),(-0.0072988,0.0165439,0.0120000),(-0.0091043,0.0165439,0.0120000),(-0.0091871,0.0165603,0.0120000),(-0.0072988,0.0165439,0.0120000),(-0.0091871,0.0165603,0.0120000),(-0.0092556,0.0166095,0.0120000),(-0.0072988,0.0165439,0.0120000),(-0.0092556,0.0166095,0.0120000),(-0.0093017,0.0166799,0.0120000),(-0.0072988,0.0165439,0.0120000),(-0.0093017,0.0166799,0.0120000),(-0.0093170,0.0167619,0.0120000),(-0.0072988,0.0165439,0.0120000),(-0.0093170,0.0167619,0.0120000),(-0.0093017,0.0168437,0.0120000),(-0.0072988,0.0165439,0.0120000),(-0.0093017,0.0168437,0.0120000),(-0.0092556,0.0169133,0.0120000),(-0.0072988,0.0165439,0.0120000),(-0.0092556,0.0169133,0.0120000),(-0.0091871,0.0169609,0.0120000),(-0.0072988,0.0165439,0.0120000),(-0.0091871,0.0169609,0.0120000),(-0.0091043,0.0169768,0.0120000),(-0.0072988,0.0165439,0.0120000),(-0.0091043,0.0169768,0.0120000),(-0.0075115,0.0169768,0.0120000),(-0.0075041,0.0204703,0.0120000),(-0.0072988,0.0165439,0.0120000),(-0.0075115,0.0169768,0.0120000),(-0.0075041,0.0204703,0.0120000),(-0.0075115,0.0169768,0.0120000),(-0.0075115,0.0195887,0.0120000),(-0.0075041,0.0204703,0.0120000),(-0.0075115,0.0195887,0.0120000),(-0.0083677,0.0180997,0.0120000),(-0.0075041,0.0204703,0.0120000),(-0.0083677,0.0180997,0.0120000),(-0.0084473,0.0180203,0.0120000),(-0.0075041,0.0204703,0.0120000),(-0.0084473,0.0180203,0.0120000),(-0.0085550,0.0179938,0.0120000),(-0.0075041,0.0204703,0.0120000),(-0.0085550,0.0179938,0.0120000),(-0.0086661,0.0180213,0.0120000),(-0.0075041,0.0204703,0.0120000),(-0.0086661,0.0180213,0.0120000),(-0.0087479,0.0181010,0.0120000),(-0.0075041,0.0204703,0.0120000),(-0.0087479,0.0181010,0.0120000),(-0.0087751,0.0182108,0.0120000),(-0.0075041,0.0204703,0.0120000),(-0.0087751,0.0182108,0.0120000),(-0.0087434,0.0183198,0.0120000),(-0.0026548,0.0182595,0.0120000),(-0.0026072,0.0182108,0.0120000),(-0.0025511,0.0181332,0.0120000),(-0.0026548,0.0182595,0.0120000),(-0.0025511,0.0181332,0.0120000),(-0.0025025,0.0180518,0.0120000),(-0.0026548,0.0182595,0.0120000),(-0.0025025,0.0180518,0.0120000),(-0.0024614,0.0179667,0.0120000),(-0.0026548,0.0182595,0.0120000),(-0.0024614,0.0179667,0.0120000),(-0.0024278,0.0178777,0.0120000),(-0.0026548,0.0182595,0.0120000),(-0.0024278,0.0178777,0.0120000),(-0.0024016,0.0177849,0.0120000),(-0.0026548,0.0182595,0.0120000),(-0.0024016,0.0177849,0.0120000),(-0.0023829,0.0176883,0.0120000),(-0.0026548,0.0182595,0.0120000),(-0.0023829,0.0176883,0.0120000),(-0.0023717,0.0175879,0.0120000),(-0.0026548,0.0182595,0.0120000),(-0.0023717,0.0175879,0.0120000),(-0.0023680,0.0174837,0.0120000),(-0.0026548,0.0182595,0.0120000),(-0.0023680,0.0174837,0.0120000),(-0.0023717,0.0173796,0.0120000),(-0.0026548,0.0182595,0.0120000),(-0.0023717,0.0173796,0.0120000),(-0.0023829,0.0172800,0.0120000),(-0.0026548,0.0182595,0.0120000),(-0.0023829,0.0172800,0.0120000),(-0.0024015,0.0171849,0.0120000),(-0.0026548,0.0182595,0.0120000),(-0.0024015,0.0171849,0.0120000),(-0.0024275,0.0170942,0.0120000),(-0.0026548,0.0182595,0.0120000),(-0.0024275,0.0170942,0.0120000),(-0.0024610,0.0170081,0.0120000),(-0.0026548,0.0182595,0.0120000),(-0.0024610,0.0170081,0.0120000),(-0.0025019,0.0169265,0.0120000),(-0.0026548,0.0182595,0.0120000),(-0.0025019,0.0169265,0.0120000),(-0.0025503,0.0168494,0.0120000),(-0.0026548,0.0182595,0.0120000),(-0.0025503,0.0168494,0.0120000),(-0.0026061,0.0167767,0.0120000),(-0.0026548,0.0182595,0.0120000),(-0.0026061,0.0167767,0.0120000),(-0.0026679,0.0167108,0.0120000),(-0.0026548,0.0182595,0.0120000),(-0.0026679,0.0167108,0.0120000),(-0.0027346,0.0166536,0.0120000),(-0.0026548,0.0182595,0.0120000),(-0.0027346,0.0166536,0.0120000),(-0.0028062,0.0166052,0.0120000),(-0.0026548,0.0182595,0.0120000),(-0.0028062,0.0166052,0.0120000),(-0.0028829,0.0165656,0.0120000),(-0.0028829,0.0165656,0.0120000),(-0.0029645,0.0165348,0.0120000),(-0.0030510,0.0165128,0.0120000),(-0.0028829,0.0165656,0.0120000),(-0.0030510,0.0165128,0.0120000),(-0.0031425,0.0164996,0.0120000),(-0.0028829,0.0165656,0.0120000),(-0.0031425,0.0164996,0.0120000),(-0.0032390,0.0164952,0.0120000),(-0.0028829,0.0165656,0.0120000),(-0.0032390,0.0164952,0.0120000),(-0.0033345,0.0164996,0.0120000),(-0.0028829,0.0165656,0.0120000),(-0.0033345,0.0164996,0.0120000),(-0.0034258,0.0165128,0.0120000),(-0.0028829,0.0165656,0.0120000),(-0.0034258,0.0165128,0.0120000),(-0.0035128,0.0165347,0.0120000),(-0.0028829,0.0165656,0.0120000),(-0.0035128,0.0165347,0.0120000),(-0.0035957,0.0165653,0.0120000),(-0.0028829,0.0165656,0.0120000),(-0.0035957,0.0165653,0.0120000),(-0.0036742,0.0166048,0.0120000),(-0.0028829,0.0165656,0.0120000),(-0.0036742,0.0166048,0.0120000),(-0.0037486,0.0166530,0.0120000),(-0.0028829,0.0165656,0.0120000),(-0.0037486,0.0166530,0.0120000),(-0.0038187,0.0167100,0.0120000),(-0.0028829,0.0165656,0.0120000),(-0.0038187,0.0167100,0.0120000),(-0.0038846,0.0167757,0.0120000),(-0.0028829,0.0165656,0.0120000),(-0.0038846,0.0167757,0.0120000),(-0.0039444,0.0168481,0.0120000),(-0.0028829,0.0165656,0.0120000),(-0.0039444,0.0168481,0.0120000),(-0.0039962,0.0169251,0.0120000),(-0.0028829,0.0165656,0.0120000),(-0.0039962,0.0169251,0.0120000),(-0.0040400,0.0170067,0.0120000),(-0.0028829,0.0165656,0.0120000),(-0.0040400,0.0170067,0.0120000),(-0.0040759,0.0170929,0.0120000),(-0.0028829,0.0165656,0.0120000),(-0.0040759,0.0170929,0.0120000),(-0.0041038,0.0171837,0.0120000),(-0.0028829,0.0165656,0.0120000),(-0.0041038,0.0171837,0.0120000),(-0.0041237,0.0172791,0.0120000),(-0.0028829,0.0165656,0.0120000),(-0.0041237,0.0172791,0.0120000),(-0.0041357,0.0173791,0.0120000),(-0.0041357,0.0173791,0.0120000),(-0.0041396,0.0174837,0.0120000),(-0.0041243,0.0175660,0.0120000),(-0.0041357,0.0173791,0.0120000),(-0.0041243,0.0175660,0.0120000),(-0.0040783,0.0176350,0.0120000),(-0.0041357,0.0173791,0.0120000),(-0.0040783,0.0176350,0.0120000),(-0.0040100,0.0176819,0.0120000),(-0.0041357,0.0173791,0.0120000),(-0.0040100,0.0176819,0.0120000),(-0.0039280,0.0176975,0.0120000),(-0.0041357,0.0173791,0.0120000),(-0.0039280,0.0176975,0.0120000),(-0.0038452,0.0176819,0.0120000),(-0.0041357,0.0173791,0.0120000),(-0.0038452,0.0176819,0.0120000),(-0.0037766,0.0176350,0.0120000),(-0.0041357,0.0173791,0.0120000),(-0.0037766,0.0176350,0.0120000),(-0.0037306,0.0175660,0.0120000),(-0.0041357,0.0173791,0.0120000),(-0.0037306,0.0175660,0.0120000),(-0.0037152,0.0174837,0.0120000),(-0.0041357,0.0173791,0.0120000),(-0.0037152,0.0174837,0.0120000),(-0.0037066,0.0173574,0.0120000),(-0.0041357,0.0173791,0.0120000),(-0.0037066,0.0173574,0.0120000),(-0.0036806,0.0172464,0.0120000),(-0.0041357,0.0173791,0.0120000),(-0.0036806,0.0172464,0.0120000),(-0.0036373,0.0171505,0.0120000),(-0.0041357,0.0173791,0.0120000),(-0.0036373,0.0171505,0.0120000),(-0.0035766,0.0170699,0.0120000),(-0.0041357,0.0173791,0.0120000),(-0.0035766,0.0170699,0.0120000),(-0.0035051,0.0170051,0.0120000),(-0.0028829,0.0165656,0.0120000),(-0.0041357,0.0173791,0.0120000),(-0.0035051,0.0170051,0.0120000),(-0.0028829,0.0165656,0.0120000),(-0.0035051,0.0170051,0.0120000),(-0.0034250,0.0169588,0.0120000),(-0.0028829,0.0165656,0.0120000),(-0.0034250,0.0169588,0.0120000),(-0.0033363,0.0169310,0.0120000),(-0.0028829,0.0165656,0.0120000),(-0.0033363,0.0169310,0.0120000),(-0.0032390,0.0169217,0.0120000),(-0.0028829,0.0165656,0.0120000),(-0.0032390,0.0169217,0.0120000),(-0.0031451,0.0169309,0.0120000),(-0.0028829,0.0165656,0.0120000),(-0.0031451,0.0169309,0.0120000),(-0.0030604,0.0169585,0.0120000),(-0.0028829,0.0165656,0.0120000),(-0.0030604,0.0169585,0.0120000),(-0.0029848,0.0170045,0.0120000),(-0.0028829,0.0165656,0.0120000),(-0.0029848,0.0170045,0.0120000),(-0.0029183,0.0170688,0.0120000),(-0.0028829,0.0165656,0.0120000),(-0.0029183,0.0170688,0.0120000),(-0.0028642,0.0171499,0.0120000),(-0.0028829,0.0165656,0.0120000),(-0.0028642,0.0171499,0.0120000),(-0.0028255,0.0172461,0.0120000),(-0.0028829,0.0165656,0.0120000),(-0.0028255,0.0172461,0.0120000),(-0.0028022,0.0173574,0.0120000),(-0.0026548,0.0182595,0.0120000),(-0.0028829,0.0165656,0.0120000),(-0.0028022,0.0173574,0.0120000),(-0.0026548,0.0182595,0.0120000),(-0.0028022,0.0173574,0.0120000),(-0.0027945,0.0174837,0.0120000),(-0.0026548,0.0182595,0.0120000),(-0.0027945,0.0174837,0.0120000),(-0.0028022,0.0176118,0.0120000),(-0.0026548,0.0182595,0.0120000),(-0.0028022,0.0176118,0.0120000),(-0.0028252,0.0177271,0.0120000),(-0.0026548,0.0182595,0.0120000),(-0.0028252,0.0177271,0.0120000),(-0.0028636,0.0178298,0.0120000),(-0.0026548,0.0182595,0.0120000),(-0.0028636,0.0178298,0.0120000),(-0.0029173,0.0179197,0.0120000),(-0.0026548,0.0182595,0.0120000),(-0.0029173,0.0179197,0.0120000),(-0.0029795,0.0179846,0.0120000),(-0.0025704,0.0183357,0.0120000),(-0.0026548,0.0182595,0.0120000),(-0.0029795,0.0179846,0.0120000),(-0.0025704,0.0183357,0.0120000),(-0.0029795,0.0179846,0.0120000),(-0.0030488,0.0180309,0.0120000),(-0.0025704,0.0183357,0.0120000),(-0.0030488,0.0180309,0.0120000),(-0.0031250,0.0180586,0.0120000),(-0.0025704,0.0183357,0.0120000),(-0.0031250,0.0180586,0.0120000),(-0.0032083,0.0180679,0.0120000),(-0.0025704,0.0183357,0.0120000),(-0.0032083,0.0180679,0.0120000),(-0.0032506,0.0180679,0.0120000),(-0.0025704,0.0183357,0.0120000),(-0.0032506,0.0180679,0.0120000),(-0.0033173,0.0180679,0.0120000),(-0.0025704,0.0183357,0.0120000),(-0.0033173,0.0180679,0.0120000),(-0.0033988,0.0180835,0.0120000),(-0.0025704,0.0183357,0.0120000),(-0.0033988,0.0180835,0.0120000),(-0.0034676,0.0181303,0.0120000),(-0.0025704,0.0183357,0.0120000),(-0.0034676,0.0181303,0.0120000),(-0.0035144,0.0181989,0.0120000),(-0.0025704,0.0183357,0.0120000),(-0.0035144,0.0181989,0.0120000),(-0.0035300,0.0182796,0.0120000),(-0.0025704,0.0183357,0.0120000),(-0.0035300,0.0182796,0.0120000),(-0.0035144,0.0183605,0.0120000),(-0.0025704,0.0183357,0.0120000),(-0.0035144,0.0183605,0.0120000),(-0.0034676,0.0184299,0.0120000),(-0.0025704,0.0183357,0.0120000),(-0.0034676,0.0184299,0.0120000),(-0.0033988,0.0184775,0.0120000),(-0.0025704,0.0183357,0.0120000),(-0.0033988,0.0184775,0.0120000),(-0.0033173,0.0184934,0.0120000),(-0.0025704,0.0183357,0.0120000),(-0.0033173,0.0184934,0.0120000),(-0.0032506,0.0184934,0.0120000),(-0.0025704,0.0183357,0.0120000),(-0.0032506,0.0184934,0.0120000),(-0.0031203,0.0185073,0.0120000),(-0.0025704,0.0183357,0.0120000),(-0.0031203,0.0185073,0.0120000),(-0.0030022,0.0185492,0.0120000),(-0.0025704,0.0183357,0.0120000),(-0.0030022,0.0185492,0.0120000),(-0.0028964,0.0186190,0.0120000),(-0.0025704,0.0183357,0.0120000),(-0.0028964,0.0186190,0.0120000),(-0.0028030,0.0187167,0.0120000),(-0.0025704,0.0183357,0.0120000),(-0.0028030,0.0187167,0.0120000),(-0.0027261,0.0188378,0.0120000),(-0.0025704,0.0183357,0.0120000),(-0.0027261,0.0188378,0.0120000),(-0.0026712,0.0189781,0.0120000),(-0.0025704,0.0183357,0.0120000),(-0.0026712,0.0189781,0.0120000),(-0.0026383,0.0191374,0.0120000),(-0.0025704,0.0183357,0.0120000),(-0.0026383,0.0191374,0.0120000),(-0.0026300,0.0192241,0.0120000),(-0.0025704,0.0183357,0.0120000),(-0.0026300,0.0192241,0.0120000),(-0.0026273,0.0193157,0.0120000),(-0.0025704,0.0183357,0.0120000),(-0.0026273,0.0193157,0.0120000),(-0.0026301,0.0194064,0.0120000),(-0.0038491,0.0193512,0.0120000),(-0.0038518,0.0192511,0.0120000),(-0.0038676,0.0191691,0.0120000),(-0.0038409,0.0194455,0.0120000),(-0.0038491,0.0193512,0.0120000),(-0.0038676,0.0191691,0.0120000),(-0.0038409,0.0194455,0.0120000),(-0.0038676,0.0191691,0.0120000),(-0.0039153,0.0191008,0.0120000),(-0.0038274,0.0195341,0.0120000),(-0.0038409,0.0194455,0.0120000),(-0.0039153,0.0191008,0.0120000),(-0.0038274,0.0195341,0.0120000),(-0.0039153,0.0191008,0.0120000),(-0.0039846,0.0190548,0.0120000),(-0.0038084,0.0196170,0.0120000),(-0.0038274,0.0195341,0.0120000),(-0.0039846,0.0190548,0.0120000),(-0.0038084,0.0196170,0.0120000),(-0.0039846,0.0190548,0.0120000),(-0.0040677,0.0190395,0.0120000),(-0.0037541,0.0197657,0.0120000),(-0.0038084,0.0196170,0.0120000),(-0.0040677,0.0190395,0.0120000),(-0.0037541,0.0197657,0.0120000),(-0.0040677,0.0190395,0.0120000),(-0.0041505,0.0190548,0.0120000),(-0.0037541,0.0197657,0.0120000),(-0.0041505,0.0190548,0.0120000),(-0.0042190,0.0191008,0.0120000),(-0.0036782,0.0198914,0.0120000),(-0.0037541,0.0197657,0.0120000),(-0.0042190,0.0191008,0.0120000),(-0.0036782,0.0198914,0.0120000),(-0.0042190,0.0191008,0.0120000),(-0.0042651,0.0191691,0.0120000),(-0.0036782,0.0198914,0.0120000),(-0.0042651,0.0191691,0.0120000),(-0.0042804,0.0192511,0.0120000),(-0.0035877,0.0199910,0.0120000),(-0.0036782,0.0198914,0.0120000),(-0.0042804,0.0192511,0.0120000),(-0.0035877,0.0199910,0.0120000),(-0.0042804,0.0192511,0.0120000),(-0.0042760,0.0193881,0.0120000),(-0.0035877,0.0199910,0.0120000),(-0.0042760,0.0193881,0.0120000),(-0.0042627,0.0195191,0.0120000),(-0.0035877,0.0199910,0.0120000),(-0.0042627,0.0195191,0.0120000),(-0.0042407,0.0196441,0.0120000),(-0.0034843,0.0200621,0.0120000),(-0.0035877,0.0199910,0.0120000),(-0.0042407,0.0196441,0.0120000),(-0.0034843,0.0200621,0.0120000),(-0.0042407,0.0196441,0.0120000),(-0.0042098,0.0197631,0.0120000),(-0.0034843,0.0200621,0.0120000),(-0.0042098,0.0197631,0.0120000),(-0.0041700,0.0198761,0.0120000),(-0.0033681,0.0201047,0.0120000),(-0.0034843,0.0200621,0.0120000),(-0.0041700,0.0198761,0.0120000),(-0.0033681,0.0201047,0.0120000),(-0.0041700,0.0198761,0.0120000),(-0.0041215,0.0199832,0.0120000),(-0.0033681,0.0201047,0.0120000),(-0.0041215,0.0199832,0.0120000),(-0.0040641,0.0200842,0.0120000),(-0.0032390,0.0201190,0.0120000),(-0.0033681,0.0201047,0.0120000),(-0.0040641,0.0200842,0.0120000),(-0.0032390,0.0201190,0.0120000),(-0.0040641,0.0200842,0.0120000),(-0.0039978,0.0201793,0.0120000),(-0.0032390,0.0201190,0.0120000),(-0.0039978,0.0201793,0.0120000),(-0.0039258,0.0202649,0.0120000),(-0.0031154,0.0201055,0.0120000),(-0.0032390,0.0201190,0.0120000),(-0.0039258,0.0202649,0.0120000),(-0.0031154,0.0201055,0.0120000),(-0.0039258,0.0202649,0.0120000),(-0.0038472,0.0203390,0.0120000),(-0.0031154,0.0201055,0.0120000),(-0.0038472,0.0203390,0.0120000),(-0.0037621,0.0204018,0.0120000),(-0.0030019,0.0200652,0.0120000),(-0.0031154,0.0201055,0.0120000),(-0.0037621,0.0204018,0.0120000),(-0.0030019,0.0200652,0.0120000),(-0.0037621,0.0204018,0.0120000),(-0.0036705,0.0204531,0.0120000),(-0.0030019,0.0200652,0.0120000),(-0.0036705,0.0204531,0.0120000),(-0.0035724,0.0204931,0.0120000),(-0.0028985,0.0199981,0.0120000),(-0.0030019,0.0200652,0.0120000),(-0.0035724,0.0204931,0.0120000),(-0.0028985,0.0199981,0.0120000),(-0.0035724,0.0204931,0.0120000),(-0.0034678,0.0205216,0.0120000),(-0.0028985,0.0199981,0.0120000),(-0.0034678,0.0205216,0.0120000),(-0.0033567,0.0205387,0.0120000),(-0.0028051,0.0199041,0.0120000),(-0.0028985,0.0199981,0.0120000),(-0.0033567,0.0205387,0.0120000),(-0.0028051,0.0199041,0.0120000),(-0.0033567,0.0205387,0.0120000),(-0.0032390,0.0205444,0.0120000),(-0.0028051,0.0199041,0.0120000),(-0.0032390,0.0205444,0.0120000),(-0.0031259,0.0205389,0.0120000),(-0.0027273,0.0197864,0.0120000),(-0.0028051,0.0199041,0.0120000),(-0.0031259,0.0205389,0.0120000),(-0.0027273,0.0197864,0.0120000),(-0.0031259,0.0205389,0.0120000),(-0.0030183,0.0205224,0.0120000),(-0.0026717,0.0196491,0.0120000),(-0.0027273,0.0197864,0.0120000),(-0.0030183,0.0205224,0.0120000),(-0.0026717,0.0196491,0.0120000),(-0.0030183,0.0205224,0.0120000),(-0.0029162,0.0204950,0.0120000),(-0.0026717,0.0196491,0.0120000),(-0.0029162,0.0204950,0.0120000),(-0.0028196,0.0204566,0.0120000),(-0.0026523,0.0195731,0.0120000),(-0.0026717,0.0196491,0.0120000),(-0.0028196,0.0204566,0.0120000),(-0.0026523,0.0195731,0.0120000),(-0.0028196,0.0204566,0.0120000),(-0.0027286,0.0204072,0.0120000),(-0.0026384,0.0194922,0.0120000),(-0.0026523,0.0195731,0.0120000),(-0.0027286,0.0204072,0.0120000),(-0.0026384,0.0194922,0.0120000),(-0.0027286,0.0204072,0.0120000),(-0.0026431,0.0203468,0.0120000),(-0.0026301,0.0194064,0.0120000),(-0.0026384,0.0194922,0.0120000),(-0.0026431,0.0203468,0.0120000),(-0.0025704,0.0183357,0.0120000),(-0.0026301,0.0194064,0.0120000),(-0.0026431,0.0203468,0.0120000),(-0.0025704,0.0183357,0.0120000),(-0.0026431,0.0203468,0.0120000),(-0.0025631,0.0202754,0.0120000),(-0.0025704,0.0183357,0.0120000),(-0.0025631,0.0202754,0.0120000),(-0.0024886,0.0201930,0.0120000),(-0.0025704,0.0183357,0.0120000),(-0.0024886,0.0201930,0.0120000),(-0.0024209,0.0201018,0.0120000),(-0.0025704,0.0183357,0.0120000),(-0.0024209,0.0201018,0.0120000),(-0.0023622,0.0200053,0.0120000),(-0.0025704,0.0183357,0.0120000),(-0.0023622,0.0200053,0.0120000),(-0.0023126,0.0199035,0.0120000),(-0.0025704,0.0183357,0.0120000),(-0.0023126,0.0199035,0.0120000),(-0.0022719,0.0197964,0.0120000),(-0.0025704,0.0183357,0.0120000),(-0.0022719,0.0197964,0.0120000),(-0.0022403,0.0196841,0.0120000),(-0.0025704,0.0183357,0.0120000),(-0.0022403,0.0196841,0.0120000),(-0.0022178,0.0195666,0.0120000),(-0.0025704,0.0183357,0.0120000),(-0.0022178,0.0195666,0.0120000),(-0.0022042,0.0194438,0.0120000),(-0.0025704,0.0183357,0.0120000),(-0.0022042,0.0194438,0.0120000),(-0.0021997,0.0193157,0.0120000),(-0.0025704,0.0183357,0.0120000),(-0.0021997,0.0193157,0.0120000),(-0.0022042,0.0191863,0.0120000),(-0.0025704,0.0183357,0.0120000),(-0.0022042,0.0191863,0.0120000),(-0.0022176,0.0190622,0.0120000),(-0.0025704,0.0183357,0.0120000),(-0.0022176,0.0190622,0.0120000),(-0.0022400,0.0189434,0.0120000),(-0.0025704,0.0183357,0.0120000),(-0.0022400,0.0189434,0.0120000),(-0.0022714,0.0188299,0.0120000),(-0.0025704,0.0183357,0.0120000),(-0.0022714,0.0188299,0.0120000),(-0.0023118,0.0187217,0.0120000),(-0.0025704,0.0183357,0.0120000),(-0.0023118,0.0187217,0.0120000),(-0.0023610,0.0186188,0.0120000),(-0.0025704,0.0183357,0.0120000),(-0.0023610,0.0186188,0.0120000),(-0.0024193,0.0185211,0.0120000),(-0.0025704,0.0183357,0.0120000),(-0.0024193,0.0185211,0.0120000),(-0.0024865,0.0184288,0.0120000),(-0.0235170,0.0145522,0.0120000),(-0.0234199,0.0145929,0.0120000),(-0.0233219,0.0146282,0.0120000),(-0.0235170,0.0145522,0.0120000),(-0.0233219,0.0146282,0.0120000),(-0.0232230,0.0146580,0.0120000),(-0.0235170,0.0145522,0.0120000),(-0.0232230,0.0146580,0.0120000),(-0.0231230,0.0146824,0.0120000),(-0.0235170,0.0145522,0.0120000),(-0.0231230,0.0146824,0.0120000),(-0.0230221,0.0147014,0.0120000),(-0.0235170,0.0145522,0.0120000),(-0.0230221,0.0147014,0.0120000),(-0.0229203,0.0147149,0.0120000),(-0.0235170,0.0145522,0.0120000),(-0.0229203,0.0147149,0.0120000),(-0.0228175,0.0147231,0.0120000),(-0.0235170,0.0145522,0.0120000),(-0.0228175,0.0147231,0.0120000),(-0.0227137,0.0147258,0.0120000),(-0.0235170,0.0145522,0.0120000),(-0.0227137,0.0147258,0.0120000),(-0.0225779,0.0147215,0.0120000),(-0.0235170,0.0145522,0.0120000),(-0.0225779,0.0147215,0.0120000),(-0.0224447,0.0147085,0.0120000),(-0.0235170,0.0145522,0.0120000),(-0.0224447,0.0147085,0.0120000),(-0.0223140,0.0146869,0.0120000),(-0.0235170,0.0145522,0.0120000),(-0.0223140,0.0146869,0.0120000),(-0.0221859,0.0146567,0.0120000),(-0.0235170,0.0145522,0.0120000),(-0.0221859,0.0146567,0.0120000),(-0.0220603,0.0146179,0.0120000),(-0.0235170,0.0145522,0.0120000),(-0.0220603,0.0146179,0.0120000),(-0.0219372,0.0145704,0.0120000),(-0.0235170,0.0145522,0.0120000),(-0.0219372,0.0145704,0.0120000),(-0.0218167,0.0145143,0.0120000),(-0.0235170,0.0145522,0.0120000),(-0.0218167,0.0145143,0.0120000),(-0.0216988,0.0144496,0.0120000),(-0.0235170,0.0145522,0.0120000),(-0.0216988,0.0144496,0.0120000),(-0.0215852,0.0143772,0.0120000),(-0.0235170,0.0145522,0.0120000),(-0.0215852,0.0143772,0.0120000),(-0.0214779,0.0142986,0.0120000),(-0.0235170,0.0145522,0.0120000),(-0.0214779,0.0142986,0.0120000),(-0.0213767,0.0142139,0.0120000),(-0.0235170,0.0145522,0.0120000),(-0.0213767,0.0142139,0.0120000),(-0.0212818,0.0141231,0.0120000),(-0.0235170,0.0145522,0.0120000),(-0.0212818,0.0141231,0.0120000),(-0.0211931,0.0140261,0.0120000),(-0.0211931,0.0140261,0.0120000),(-0.0211106,0.0139229,0.0120000),(-0.0210343,0.0138136,0.0120000),(-0.0211931,0.0140261,0.0120000),(-0.0210343,0.0138136,0.0120000),(-0.0209643,0.0136981,0.0120000),(-0.0211931,0.0140261,0.0120000),(-0.0209643,0.0136981,0.0120000),(-0.0209013,0.0135784,0.0120000),(-0.0211931,0.0140261,0.0120000),(-0.0209013,0.0135784,0.0120000),(-0.0208467,0.0134561,0.0120000),(-0.0211931,0.0140261,0.0120000),(-0.0208467,0.0134561,0.0120000),(-0.0208005,0.0133314,0.0120000),(-0.0211931,0.0140261,0.0120000),(-0.0208005,0.0133314,0.0120000),(-0.0207627,0.0132042,0.0120000),(-0.0211931,0.0140261,0.0120000),(-0.0207627,0.0132042,0.0120000),(-0.0207333,0.0130745,0.0120000),(-0.0211931,0.0140261,0.0120000),(-0.0207333,0.0130745,0.0120000),(-0.0207123,0.0129423,0.0120000),(-0.0211931,0.0140261,0.0120000),(-0.0207123,0.0129423,0.0120000),(-0.0206997,0.0128076,0.0120000),(-0.0211931,0.0140261,0.0120000),(-0.0206997,0.0128076,0.0120000),(-0.0206955,0.0126705,0.0120000),(-0.0211931,0.0140261,0.0120000),(-0.0206955,0.0126705,0.0120000),(-0.0206997,0.0125389,0.0120000),(-0.0211931,0.0140261,0.0120000),(-0.0206997,0.0125389,0.0120000),(-0.0207123,0.0124080,0.0120000),(-0.0211931,0.0140261,0.0120000),(-0.0207123,0.0124080,0.0120000),(-0.0207333,0.0122780,0.0120000),(-0.0211931,0.0140261,0.0120000),(-0.0207333,0.0122780,0.0120000),(-0.0207627,0.0121487,0.0120000),(-0.0211931,0.0140261,0.0120000),(-0.0207627,0.0121487,0.0120000),(-0.0208005,0.0120203,0.0120000),(-0.0211931,0.0140261,0.0120000),(-0.0208005,0.0120203,0.0120000),(-0.0208467,0.0118926,0.0120000),(-0.0208467,0.0118926,0.0120000),(-0.0212385,0.0120341,0.0120000),(-0.0212019,0.0121320,0.0120000),(-0.0208467,0.0118926,0.0120000),(-0.0212019,0.0121320,0.0120000),(-0.0211720,0.0122332,0.0120000),(-0.0208467,0.0118926,0.0120000),(-0.0211720,0.0122332,0.0120000),(-0.0211487,0.0123376,0.0120000),(-0.0208467,0.0118926,0.0120000),(-0.0211487,0.0123376,0.0120000),(-0.0211321,0.0124453,0.0120000),(-0.0208467,0.0118926,0.0120000),(-0.0211321,0.0124453,0.0120000),(-0.0211221,0.0125563,0.0120000),(-0.0208467,0.0118926,0.0120000),(-0.0211221,0.0125563,0.0120000),(-0.0211188,0.0126705,0.0120000),(-0.0208467,0.0118926,0.0120000),(-0.0211188,0.0126705,0.0120000),(-0.0211222,0.0127805,0.0120000),(-0.0211931,0.0140261,0.0120000),(-0.0208467,0.0118926,0.0120000),(-0.0211222,0.0127805,0.0120000),(-0.0211931,0.0140261,0.0120000),(-0.0211222,0.0127805,0.0120000),(-0.0211322,0.0128884,0.0120000),(-0.0211931,0.0140261,0.0120000),(-0.0211322,0.0128884,0.0120000),(-0.0211490,0.0129941,0.0120000),(-0.0211931,0.0140261,0.0120000),(-0.0211490,0.0129941,0.0120000),(-0.0211725,0.0130975,0.0120000),(-0.0211931,0.0140261,0.0120000),(-0.0211725,0.0130975,0.0120000),(-0.0212027,0.0131988,0.0120000),(-0.0211931,0.0140261,0.0120000),(-0.0212027,0.0131988,0.0120000),(-0.0212397,0.0132980,0.0120000),(-0.0211931,0.0140261,0.0120000),(-0.0212397,0.0132980,0.0120000),(-0.0212833,0.0133949,0.0120000),(-0.0211931,0.0140261,0.0120000),(-0.0212833,0.0133949,0.0120000),(-0.0213337,0.0134897,0.0120000),(-0.0211931,0.0140261,0.0120000),(-0.0213337,0.0134897,0.0120000),(-0.0213895,0.0135809,0.0120000),(-0.0211931,0.0140261,0.0120000),(-0.0213895,0.0135809,0.0120000),(-0.0214501,0.0136672,0.0120000),(-0.0211931,0.0140261,0.0120000),(-0.0214501,0.0136672,0.0120000),(-0.0215156,0.0137486,0.0120000),(-0.0211931,0.0140261,0.0120000),(-0.0215156,0.0137486,0.0120000),(-0.0215858,0.0138251,0.0120000),(-0.0211931,0.0140261,0.0120000),(-0.0215858,0.0138251,0.0120000),(-0.0216608,0.0138968,0.0120000),(-0.0211931,0.0140261,0.0120000),(-0.0216608,0.0138968,0.0120000),(-0.0217406,0.0139635,0.0120000),(-0.0211931,0.0140261,0.0120000),(-0.0217406,0.0139635,0.0120000),(-0.0218253,0.0140254,0.0120000),(-0.0211931,0.0140261,0.0120000),(-0.0218253,0.0140254,0.0120000),(-0.0219147,0.0140823,0.0120000),(-0.0211931,0.0140261,0.0120000),(-0.0219147,0.0140823,0.0120000),(-0.0220073,0.0141334,0.0120000),(-0.0211931,0.0140261,0.0120000),(-0.0220073,0.0141334,0.0120000),(-0.0221019,0.0141777,0.0120000),(-0.0211931,0.0140261,0.0120000),(-0.0221019,0.0141777,0.0120000),(-0.0221987,0.0142152,0.0120000),(-0.0211931,0.0140261,0.0120000),(-0.0221987,0.0142152,0.0120000),(-0.0222975,0.0142458,0.0120000),(-0.0235170,0.0145522,0.0120000),(-0.0211931,0.0140261,0.0120000),(-0.0222975,0.0142458,0.0120000),(-0.0235170,0.0145522,0.0120000),(-0.0222975,0.0142458,0.0120000),(-0.0223985,0.0142697,0.0120000),(-0.0235170,0.0145522,0.0120000),(-0.0223985,0.0142697,0.0120000),(-0.0225015,0.0142867,0.0120000),(-0.0235170,0.0145522,0.0120000),(-0.0225015,0.0142867,0.0120000),(-0.0226065,0.0142969,0.0120000),(-0.0235170,0.0145522,0.0120000),(-0.0226065,0.0142969,0.0120000),(-0.0227137,0.0143003,0.0120000),(-0.0235170,0.0145522,0.0120000),(-0.0227137,0.0143003,0.0120000),(-0.0228673,0.0142933,0.0120000),(-0.0235170,0.0145522,0.0120000),(-0.0228673,0.0142933,0.0120000),(-0.0230169,0.0142720,0.0120000),(-0.0235170,0.0145522,0.0120000),(-0.0230169,0.0142720,0.0120000),(-0.0231626,0.0142366,0.0120000),(-0.0235170,0.0145522,0.0120000),(-0.0231626,0.0142366,0.0120000),(-0.0233043,0.0141871,0.0120000),(-0.0235170,0.0145522,0.0120000),(-0.0233043,0.0141871,0.0120000),(-0.0217072,0.0114037,0.0120000),(-0.0240779,0.0155269,0.0120000),(-0.0235170,0.0145522,0.0120000),(-0.0217072,0.0114037,0.0120000),(-0.0212817,0.0119395,0.0120000),(-0.0212385,0.0120341,0.0120000),(-0.0208467,0.0118926,0.0120000),(-0.0213315,0.0118482,0.0120000),(-0.0212817,0.0119395,0.0120000),(-0.0208467,0.0118926,0.0120000),(-0.0213995,0.0117442,0.0120000),(-0.0213315,0.0118482,0.0120000),(-0.0208467,0.0118926,0.0120000),(-0.0214847,0.0116355,0.0120000),(-0.0213995,0.0117442,0.0120000),(-0.0208467,0.0118926,0.0120000),(-0.0215339,0.0115793,0.0120000),(-0.0214847,0.0116355,0.0120000),(-0.0208467,0.0118926,0.0120000),(-0.0215873,0.0115220,0.0120000),(-0.0215339,0.0115793,0.0120000),(-0.0208467,0.0118926,0.0120000),(-0.0216451,0.0114634,0.0120000),(-0.0215873,0.0115220,0.0120000),(-0.0208467,0.0118926,0.0120000),(-0.0217072,0.0114037,0.0120000),(-0.0216451,0.0114634,0.0120000),(-0.0208467,0.0118926,0.0120000),(-0.0217072,0.0114037,0.0120000),(-0.0208467,0.0118926,0.0120000),(-0.0209013,0.0117658,0.0120000),(-0.0217072,0.0114037,0.0120000),(-0.0209013,0.0117658,0.0120000),(-0.0209643,0.0116397,0.0120000),(-0.0217072,0.0114037,0.0120000),(-0.0209643,0.0116397,0.0120000),(-0.0210145,0.0115530,0.0120000),(-0.0217072,0.0114037,0.0120000),(-0.0210145,0.0115530,0.0120000),(-0.0210693,0.0114696,0.0120000),(-0.0217072,0.0114037,0.0120000),(-0.0210693,0.0114696,0.0120000),(-0.0211287,0.0113895,0.0120000),(-0.0217072,0.0114037,0.0120000),(-0.0211287,0.0113895,0.0120000),(-0.0211926,0.0113127,0.0120000),(-0.0217072,0.0114037,0.0120000),(-0.0211926,0.0113127,0.0120000),(-0.0212612,0.0112392,0.0120000),(-0.0217072,0.0114037,0.0120000),(-0.0212612,0.0112392,0.0120000),(-0.0213344,0.0111690,0.0120000),(-0.0217072,0.0114037,0.0120000),(-0.0213344,0.0111690,0.0120000),(-0.0214122,0.0111021,0.0120000),(-0.0217072,0.0114037,0.0120000),(-0.0214122,0.0111021,0.0120000),(-0.0214945,0.0110386,0.0120000),(-0.0217072,0.0114037,0.0120000),(-0.0214945,0.0110386,0.0120000),(-0.0209527,0.0100861,0.0120000),(-0.0240779,0.0155269,0.0120000),(-0.0217072,0.0114037,0.0120000),(-0.0209527,0.0100861,0.0120000),(-0.0240779,0.0155269,0.0120000),(-0.0209527,0.0100861,0.0120000),(-0.0209241,0.0099823,0.0120000),(-0.0240779,0.0155269,0.0120000),(-0.0209241,0.0099823,0.0120000),(-0.0209315,0.0099220,0.0120000),(-0.0240779,0.0155269,0.0120000),(-0.0209315,0.0099220,0.0120000),(-0.0209701,0.0098469,0.0120000),(-0.0240779,0.0155269,0.0120000),(-0.0209701,0.0098469,0.0120000),(-0.0210352,0.0097929,0.0120000),(-0.0240779,0.0155269,0.0120000),(-0.0210352,0.0097929,0.0120000),(-0.0211379,0.0097622,0.0120000),(-0.0240779,0.0155269,0.0120000),(-0.0211379,0.0097622,0.0120000),(-0.0211982,0.0097696,0.0120000),(-0.0240779,0.0155269,0.0120000),(-0.0211982,0.0097696,0.0120000),(-0.0212739,0.0098082,0.0120000),(-0.0240779,0.0155269,0.0120000),(-0.0212739,0.0098082,0.0120000),(-0.0213294,0.0098733,0.0120000),(-0.0240779,0.0155269,0.0120000),(-0.0213294,0.0098733,0.0120000),(-0.0218649,0.0108015,0.0120000),(-0.0218649,0.0108015,0.0120000),(-0.0219655,0.0107571,0.0120000),(-0.0220695,0.0107186,0.0120000),(-0.0218649,0.0108015,0.0120000),(-0.0220695,0.0107186,0.0120000),(-0.0221767,0.0106861,0.0120000),(-0.0218649,0.0108015,0.0120000),(-0.0221767,0.0106861,0.0120000),(-0.0222872,0.0106594,0.0120000),(-0.0218649,0.0108015,0.0120000),(-0.0222872,0.0106594,0.0120000),(-0.0224010,0.0106387,0.0120000),(-0.0218649,0.0108015,0.0120000),(-0.0224010,0.0106387,0.0120000),(-0.0225182,0.0106239,0.0120000),(-0.0218649,0.0108015,0.0120000),(-0.0225182,0.0106239,0.0120000),(-0.0226386,0.0106150,0.0120000),(-0.0218649,0.0108015,0.0120000),(-0.0226386,0.0106150,0.0120000),(-0.0227624,0.0106120,0.0120000),(-0.0218649,0.0108015,0.0120000),(-0.0227624,0.0106120,0.0120000),(-0.0228870,0.0106164,0.0120000),(-0.0218649,0.0108015,0.0120000),(-0.0228870,0.0106164,0.0120000),(-0.0230105,0.0106294,0.0120000),(-0.0218649,0.0108015,0.0120000),(-0.0230105,0.0106294,0.0120000),(-0.0231329,0.0106510,0.0120000),(-0.0218649,0.0108015,0.0120000),(-0.0231329,0.0106510,0.0120000),(-0.0232543,0.0106814,0.0120000),(-0.0218649,0.0108015,0.0120000),(-0.0232543,0.0106814,0.0120000),(-0.0233745,0.0107204,0.0120000),(-0.0218649,0.0108015,0.0120000),(-0.0233745,0.0107204,0.0120000),(-0.0234936,0.0107680,0.0120000),(-0.0218649,0.0108015,0.0120000),(-0.0234936,0.0107680,0.0120000),(-0.0236117,0.0108243,0.0120000),(-0.0218649,0.0108015,0.0120000),(-0.0236117,0.0108243,0.0120000),(-0.0237287,0.0108893,0.0120000),(-0.0218649,0.0108015,0.0120000),(-0.0237287,0.0108893,0.0120000),(-0.0238418,0.0109615,0.0120000),(-0.0218649,0.0108015,0.0120000),(-0.0238418,0.0109615,0.0120000),(-0.0239488,0.0110399,0.0120000),(-0.0218649,0.0108015,0.0120000),(-0.0239488,0.0110399,0.0120000),(-0.0240497,0.0111245,0.0120000),(-0.0218649,0.0108015,0.0120000),(-0.0240497,0.0111245,0.0120000),(-0.0241446,0.0112153,0.0120000),(-0.0218649,0.0108015,0.0120000),(-0.0241446,0.0112153,0.0120000),(-0.0242334,0.0113123,0.0120000),(-0.0242334,0.0113123,0.0120000),(-0.0243160,0.0114156,0.0120000),(-0.0243926,0.0115251,0.0120000),(-0.0242334,0.0113123,0.0120000),(-0.0243926,0.0115251,0.0120000),(-0.0244631,0.0116407,0.0120000),(-0.0242334,0.0113123,0.0120000),(-0.0244631,0.0116407,0.0120000),(-0.0245264,0.0117606,0.0120000),(-0.0242334,0.0113123,0.0120000),(-0.0245264,0.0117606,0.0120000),(-0.0245812,0.0118829,0.0120000),(-0.0242334,0.0113123,0.0120000),(-0.0245812,0.0118829,0.0120000),(-0.0246276,0.0120078,0.0120000),(-0.0242334,0.0113123,0.0120000),(-0.0246276,0.0120078,0.0120000),(-0.0246656,0.0121353,0.0120000),(-0.0242334,0.0113123,0.0120000),(-0.0246656,0.0121353,0.0120000),(-0.0246951,0.0122652,0.0120000),(-0.0242334,0.0113123,0.0120000),(-0.0246951,0.0122652,0.0120000),(-0.0247162,0.0123978,0.0120000),(-0.0242334,0.0113123,0.0120000),(-0.0247162,0.0123978,0.0120000),(-0.0247288,0.0125329,0.0120000),(-0.0242334,0.0113123,0.0120000),(-0.0247288,0.0125329,0.0120000),(-0.0247330,0.0126705,0.0120000),(-0.0242334,0.0113123,0.0120000),(-0.0247330,0.0126705,0.0120000),(-0.0247288,0.0128086,0.0120000),(-0.0242334,0.0113123,0.0120000),(-0.0247288,0.0128086,0.0120000),(-0.0247162,0.0129439,0.0120000),(-0.0242334,0.0113123,0.0120000),(-0.0247162,0.0129439,0.0120000),(-0.0246952,0.0130765,0.0120000),(-0.0242334,0.0113123,0.0120000),(-0.0246952,0.0130765,0.0120000),(-0.0246658,0.0132063,0.0120000),(-0.0242334,0.0113123,0.0120000),(-0.0246658,0.0132063,0.0120000),(-0.0246280,0.0133334,0.0120000),(-0.0242334,0.0113123,0.0120000),(-0.0246280,0.0133334,0.0120000),(-0.0245818,0.0134577,0.0120000),(-0.0242334,0.0113123,0.0120000),(-0.0245818,0.0134577,0.0120000),(-0.0245272,0.0135793,0.0120000),(-0.0242334,0.0113123,0.0120000),(-0.0245272,0.0135793,0.0120000),(-0.0244642,0.0136981,0.0120000),(-0.0244642,0.0136981,0.0120000),(-0.0240959,0.0134897,0.0120000),(-0.0241453,0.0133949,0.0120000),(-0.0244642,0.0136981,0.0120000),(-0.0241453,0.0133949,0.0120000),(-0.0241880,0.0132980,0.0120000),(-0.0244642,0.0136981,0.0120000),(-0.0241880,0.0132980,0.0120000),(-0.0242242,0.0131990,0.0120000),(-0.0244642,0.0136981,0.0120000),(-0.0242242,0.0131990,0.0120000),(-0.0242539,0.0130978,0.0120000),(-0.0244642,0.0136981,0.0120000),(-0.0242539,0.0130978,0.0120000),(-0.0242769,0.0129945,0.0120000),(-0.0244642,0.0136981,0.0120000),(-0.0242769,0.0129945,0.0120000),(-0.0242933,0.0128890,0.0120000),(-0.0244642,0.0136981,0.0120000),(-0.0242933,0.0128890,0.0120000),(-0.0243032,0.0127814,0.0120000),(-0.0244642,0.0136981,0.0120000),(-0.0243032,0.0127814,0.0120000),(-0.0243065,0.0126716,0.0120000),(-0.0244642,0.0136981,0.0120000),(-0.0243065,0.0126716,0.0120000),(-0.0243032,0.0125617,0.0120000),(-0.0242334,0.0113123,0.0120000),(-0.0244642,0.0136981,0.0120000),(-0.0243032,0.0125617,0.0120000),(-0.0242334,0.0113123,0.0120000),(-0.0243032,0.0125617,0.0120000),(-0.0242932,0.0124540,0.0120000),(-0.0242334,0.0113123,0.0120000),(-0.0242932,0.0124540,0.0120000),(-0.0242764,0.0123484,0.0120000),(-0.0242334,0.0113123,0.0120000),(-0.0242764,0.0123484,0.0120000),(-0.0242531,0.0122448,0.0120000),(-0.0242334,0.0113123,0.0120000),(-0.0242531,0.0122448,0.0120000),(-0.0242230,0.0121433,0.0120000),(-0.0242334,0.0113123,0.0120000),(-0.0242230,0.0121433,0.0120000),(-0.0241863,0.0120439,0.0120000),(-0.0242334,0.0113123,0.0120000),(-0.0241863,0.0120439,0.0120000),(-0.0241428,0.0119466,0.0120000),(-0.0242334,0.0113123,0.0120000),(-0.0241428,0.0119466,0.0120000),(-0.0240927,0.0118514,0.0120000),(-0.0242334,0.0113123,0.0120000),(-0.0240927,0.0118514,0.0120000),(-0.0240369,0.0117594,0.0120000),(-0.0242334,0.0113123,0.0120000),(-0.0240369,0.0117594,0.0120000),(-0.0239762,0.0116725,0.0120000),(-0.0242334,0.0113123,0.0120000),(-0.0239762,0.0116725,0.0120000),(-0.0239108,0.0115906,0.0120000),(-0.0242334,0.0113123,0.0120000),(-0.0239108,0.0115906,0.0120000),(-0.0238406,0.0115137,0.0120000),(-0.0242334,0.0113123,0.0120000),(-0.0238406,0.0115137,0.0120000),(-0.0237656,0.0114419,0.0120000),(-0.0242334,0.0113123,0.0120000),(-0.0237656,0.0114419,0.0120000),(-0.0236857,0.0113751,0.0120000),(-0.0242334,0.0113123,0.0120000),(-0.0236857,0.0113751,0.0120000),(-0.0236011,0.0113133,0.0120000),(-0.0242334,0.0113123,0.0120000),(-0.0236011,0.0113133,0.0120000),(-0.0235117,0.0112566,0.0120000),(-0.0242334,0.0113123,0.0120000),(-0.0235117,0.0112566,0.0120000),(-0.0234196,0.0112055,0.0120000),(-0.0242334,0.0113123,0.0120000),(-0.0234196,0.0112055,0.0120000),(-0.0233270,0.0111612,0.0120000),(-0.0242334,0.0113123,0.0120000),(-0.0233270,0.0111612,0.0120000),(-0.0232339,0.0111237,0.0120000),(-0.0242334,0.0113123,0.0120000),(-0.0232339,0.0111237,0.0120000),(-0.0231402,0.0110931,0.0120000),(-0.0242334,0.0113123,0.0120000),(-0.0231402,0.0110931,0.0120000),(-0.0230460,0.0110692,0.0120000),(-0.0218649,0.0108015,0.0120000),(-0.0242334,0.0113123,0.0120000),(-0.0230460,0.0110692,0.0120000),(-0.0218649,0.0108015,0.0120000),(-0.0230460,0.0110692,0.0120000),(-0.0229513,0.0110522,0.0120000),(-0.0218649,0.0108015,0.0120000),(-0.0229513,0.0110522,0.0120000),(-0.0228561,0.0110420,0.0120000),(-0.0218649,0.0108015,0.0120000),(-0.0228561,0.0110420,0.0120000),(-0.0227603,0.0110386,0.0120000),(-0.0218649,0.0108015,0.0120000),(-0.0227603,0.0110386,0.0120000),(-0.0227539,0.0110386,0.0120000),(-0.0218649,0.0108015,0.0120000),(-0.0227539,0.0110386,0.0120000),(-0.0226602,0.0110406,0.0120000),(-0.0218649,0.0108015,0.0120000),(-0.0226602,0.0110406,0.0120000),(-0.0225691,0.0110469,0.0120000),(-0.0218649,0.0108015,0.0120000),(-0.0225691,0.0110469,0.0120000),(-0.0224804,0.0110573,0.0120000),(-0.0218649,0.0108015,0.0120000),(-0.0224804,0.0110573,0.0120000),(-0.0223944,0.0110719,0.0120000),(-0.0218649,0.0108015,0.0120000),(-0.0223944,0.0110719,0.0120000),(-0.0223108,0.0110906,0.0120000),(-0.0218649,0.0108015,0.0120000),(-0.0223108,0.0110906,0.0120000),(-0.0222299,0.0111136,0.0120000),(-0.0218649,0.0108015,0.0120000),(-0.0222299,0.0111136,0.0120000),(-0.0221514,0.0111407,0.0120000),(-0.0218649,0.0108015,0.0120000),(-0.0221514,0.0111407,0.0120000),(-0.0220755,0.0111719,0.0120000),(-0.0240779,0.0155269,0.0120000),(-0.0218649,0.0108015,0.0120000),(-0.0220755,0.0111719,0.0120000),(-0.0240779,0.0155269,0.0120000),(-0.0220755,0.0111719,0.0120000),(-0.0236800,0.0139670,0.0120000),(-0.0240779,0.0155269,0.0120000),(-0.0236800,0.0139670,0.0120000),(-0.0238004,0.0138641,0.0120000),(-0.0240535,0.0135589,0.0120000),(-0.0240959,0.0134897,0.0120000),(-0.0244642,0.0136981,0.0120000),(-0.0240084,0.0136255,0.0120000),(-0.0240535,0.0135589,0.0120000),(-0.0244642,0.0136981,0.0120000),(-0.0239099,0.0137503,0.0120000),(-0.0240084,0.0136255,0.0120000),(-0.0244642,0.0136981,0.0120000),(-0.0238004,0.0138641,0.0120000),(-0.0239099,0.0137503,0.0120000),(-0.0244642,0.0136981,0.0120000),(-0.0238004,0.0138641,0.0120000),(-0.0244642,0.0136981,0.0120000),(-0.0244063,0.0137932,0.0120000),(-0.0238004,0.0138641,0.0120000),(-0.0244063,0.0137932,0.0120000),(-0.0243446,0.0138842,0.0120000),(-0.0238004,0.0138641,0.0120000),(-0.0243446,0.0138842,0.0120000),(-0.0242793,0.0139710,0.0120000),(-0.0238004,0.0138641,0.0120000),(-0.0242793,0.0139710,0.0120000),(-0.0242102,0.0140537,0.0120000),(-0.0238004,0.0138641,0.0120000),(-0.0242102,0.0140537,0.0120000),(-0.0241374,0.0141324,0.0120000),(-0.0238004,0.0138641,0.0120000),(-0.0241374,0.0141324,0.0120000),(-0.0240610,0.0142069,0.0120000),(-0.0238004,0.0138641,0.0120000),(-0.0240610,0.0142069,0.0120000),(-0.0239808,0.0142774,0.0120000),(-0.0238004,0.0138641,0.0120000),(-0.0239808,0.0142774,0.0120000),(-0.0238969,0.0143437,0.0120000),(-0.0240779,0.0155269,0.0120000),(-0.0238004,0.0138641,0.0120000),(-0.0238969,0.0143437,0.0120000),(-0.0240779,0.0155269,0.0120000),(-0.0238969,0.0143437,0.0120000),(-0.0244526,0.0153142,0.0120000),(-0.0240779,0.0155269,0.0120000),(-0.0244526,0.0153142,0.0120000),(-0.0244801,0.0154158,0.0120000),(-0.0240779,0.0155269,0.0120000),(-0.0244801,0.0154158,0.0120000),(-0.0244737,0.0154761,0.0120000),(-0.0240779,0.0155269,0.0120000),(-0.0244737,0.0154761,0.0120000),(-0.0244346,0.0155531,0.0120000),(-0.0240779,0.0155269,0.0120000),(-0.0244346,0.0155531,0.0120000),(-0.0243721,0.0156084,0.0120000),(-0.0240779,0.0155269,0.0120000),(-0.0243721,0.0156084,0.0120000),(-0.0242674,0.0156360,0.0120000),(-0.0240779,0.0155269,0.0120000),(-0.0242674,0.0156360,0.0120000),(-0.0242070,0.0156285,0.0120000),(-0.0240779,0.0155269,0.0120000),(-0.0242070,0.0156285,0.0120000),(-0.0241345,0.0155931,0.0120000),(-0.0165616,0.0137489,0.0120000),(-0.0165595,0.0137976,0.0120000),(-0.0165356,0.0138897,0.0120000),(-0.0165616,0.0137489,0.0120000),(-0.0165356,0.0138897,0.0120000),(-0.0165077,0.0139760,0.0120000),(-0.0165616,0.0137489,0.0120000),(-0.0165077,0.0139760,0.0120000),(-0.0164759,0.0140565,0.0120000),(-0.0165616,0.0137489,0.0120000),(-0.0164759,0.0140565,0.0120000),(-0.0164402,0.0141313,0.0120000),(-0.0165616,0.0137489,0.0120000),(-0.0164402,0.0141313,0.0120000),(-0.0164005,0.0142002,0.0120000),(-0.0165616,0.0137489,0.0120000),(-0.0164005,0.0142002,0.0120000),(-0.0163569,0.0142634,0.0120000),(-0.0165616,0.0137489,0.0120000),(-0.0163569,0.0142634,0.0120000),(-0.0162579,0.0143723,0.0120000),(-0.0165616,0.0137489,0.0120000),(-0.0162579,0.0143723,0.0120000),(-0.0161769,0.0144418,0.0120000),(-0.0165616,0.0137489,0.0120000),(-0.0161769,0.0144418,0.0120000),(-0.0160938,0.0145020,0.0120000),(-0.0165616,0.0137489,0.0120000),(-0.0160938,0.0145020,0.0120000),(-0.0160085,0.0145529,0.0120000),(-0.0165616,0.0137489,0.0120000),(-0.0160085,0.0145529,0.0120000),(-0.0159211,0.0145946,0.0120000),(-0.0165616,0.0137489,0.0120000),(-0.0159211,0.0145946,0.0120000),(-0.0158315,0.0146270,0.0120000),(-0.0165616,0.0137489,0.0120000),(-0.0158315,0.0146270,0.0120000),(-0.0157398,0.0146501,0.0120000),(-0.0165616,0.0137489,0.0120000),(-0.0157398,0.0146501,0.0120000),(-0.0156459,0.0146640,0.0120000),(-0.0165616,0.0137489,0.0120000),(-0.0156459,0.0146640,0.0120000),(-0.0155499,0.0146686,0.0120000),(-0.0165616,0.0137489,0.0120000),(-0.0155499,0.0146686,0.0120000),(-0.0154546,0.0146639,0.0120000),(-0.0165616,0.0137489,0.0120000),(-0.0154546,0.0146639,0.0120000),(-0.0153620,0.0146498,0.0120000),(-0.0165616,0.0137489,0.0120000),(-0.0153620,0.0146498,0.0120000),(-0.0152720,0.0146262,0.0120000),(-0.0165616,0.0137489,0.0120000),(-0.0152720,0.0146262,0.0120000),(-0.0151847,0.0145932,0.0120000),(-0.0151847,0.0145932,0.0120000),(-0.0151001,0.0145508,0.0120000),(-0.0150180,0.0144990,0.0120000),(-0.0151847,0.0145932,0.0120000),(-0.0150180,0.0144990,0.0120000),(-0.0149387,0.0144377,0.0120000),(-0.0151847,0.0145932,0.0120000),(-0.0149387,0.0144377,0.0120000),(-0.0148619,0.0143670,0.0120000),(-0.0151847,0.0145932,0.0120000),(-0.0148619,0.0143670,0.0120000),(-0.0147818,0.0142788,0.0120000),(-0.0151847,0.0145932,0.0120000),(-0.0147818,0.0142788,0.0120000),(-0.0147124,0.0141839,0.0120000),(-0.0151847,0.0145932,0.0120000),(-0.0147124,0.0141839,0.0120000),(-0.0146536,0.0140825,0.0120000),(-0.0151847,0.0145932,0.0120000),(-0.0146536,0.0140825,0.0120000),(-0.0146056,0.0139744,0.0120000),(-0.0151847,0.0145932,0.0120000),(-0.0146056,0.0139744,0.0120000),(-0.0145682,0.0138597,0.0120000),(-0.0151847,0.0145932,0.0120000),(-0.0145682,0.0138597,0.0120000),(-0.0145415,0.0137384,0.0120000),(-0.0151847,0.0145932,0.0120000),(-0.0145415,0.0137384,0.0120000),(-0.0145254,0.0136104,0.0120000),(-0.0151847,0.0145932,0.0120000),(-0.0145254,0.0136104,0.0120000),(-0.0145201,0.0134759,0.0120000),(-0.0151847,0.0145932,0.0120000),(-0.0145201,0.0134759,0.0120000),(-0.0145214,0.0133726,0.0120000),(-0.0151847,0.0145932,0.0120000),(-0.0145214,0.0133726,0.0120000),(-0.0145253,0.0132734,0.0120000),(-0.0151847,0.0145932,0.0120000),(-0.0145253,0.0132734,0.0120000),(-0.0145317,0.0131782,0.0120000),(-0.0151847,0.0145932,0.0120000),(-0.0145317,0.0131782,0.0120000),(-0.0145407,0.0130870,0.0120000),(-0.0151847,0.0145932,0.0120000),(-0.0145407,0.0130870,0.0120000),(-0.0145524,0.0129999,0.0120000),(-0.0151847,0.0145932,0.0120000),(-0.0145524,0.0129999,0.0120000),(-0.0145665,0.0129169,0.0120000),(-0.0151847,0.0145932,0.0120000),(-0.0145665,0.0129169,0.0120000),(-0.0145833,0.0128378,0.0120000),(-0.0151847,0.0145932,0.0120000),(-0.0145833,0.0128378,0.0120000),(-0.0146027,0.0127628,0.0120000),(-0.0151847,0.0145932,0.0120000),(-0.0146027,0.0127628,0.0120000),(-0.0146491,0.0126250,0.0120000),(-0.0146491,0.0126250,0.0120000),(-0.0147058,0.0125034,0.0120000),(-0.0147729,0.0123979,0.0120000),(-0.0146491,0.0126250,0.0120000),(-0.0147729,0.0123979,0.0120000),(-0.0148503,0.0123086,0.0120000),(-0.0146491,0.0126250,0.0120000),(-0.0148503,0.0123086,0.0120000),(-0.0149298,0.0122391,0.0120000),(-0.0146491,0.0126250,0.0120000),(-0.0149298,0.0122391,0.0120000),(-0.0150116,0.0121789,0.0120000),(-0.0146491,0.0126250,0.0120000),(-0.0150116,0.0121789,0.0120000),(-0.0150958,0.0121280,0.0120000),(-0.0146491,0.0126250,0.0120000),(-0.0150958,0.0121280,0.0120000),(-0.0151824,0.0120863,0.0120000),(-0.0146491,0.0126250,0.0120000),(-0.0151824,0.0120863,0.0120000),(-0.0152712,0.0120539,0.0120000),(-0.0146491,0.0126250,0.0120000),(-0.0152712,0.0120539,0.0120000),(-0.0153625,0.0120307,0.0120000),(-0.0146491,0.0126250,0.0120000),(-0.0153625,0.0120307,0.0120000),(-0.0154561,0.0120169,0.0120000),(-0.0146491,0.0126250,0.0120000),(-0.0154561,0.0120169,0.0120000),(-0.0155520,0.0120122,0.0120000),(-0.0146491,0.0126250,0.0120000),(-0.0155520,0.0120122,0.0120000),(-0.0156373,0.0120155,0.0120000),(-0.0146491,0.0126250,0.0120000),(-0.0156373,0.0120155,0.0120000),(-0.0157197,0.0120253,0.0120000),(-0.0146491,0.0126250,0.0120000),(-0.0157197,0.0120253,0.0120000),(-0.0157991,0.0120415,0.0120000),(-0.0146491,0.0126250,0.0120000),(-0.0157991,0.0120415,0.0120000),(-0.0158756,0.0120643,0.0120000),(-0.0146491,0.0126250,0.0120000),(-0.0158756,0.0120643,0.0120000),(-0.0160197,0.0121295,0.0120000),(-0.0146491,0.0126250,0.0120000),(-0.0160197,0.0121295,0.0120000),(-0.0161521,0.0122207,0.0120000),(-0.0161097,0.0110428,0.0120000),(-0.0148344,0.0110428,0.0120000),(-0.0147529,0.0110269,0.0120000),(-0.0161097,0.0110428,0.0120000),(-0.0147529,0.0110269,0.0120000),(-0.0146841,0.0109793,0.0120000),(-0.0161097,0.0110428,0.0120000),(-0.0146841,0.0109793,0.0120000),(-0.0146373,0.0109100,0.0120000),(-0.0161097,0.0110428,0.0120000),(-0.0146373,0.0109100,0.0120000),(-0.0146217,0.0108290,0.0120000),(-0.0161097,0.0110428,0.0120000),(-0.0146217,0.0108290,0.0120000),(-0.0146373,0.0107483,0.0120000),(-0.0161097,0.0110428,0.0120000),(-0.0146373,0.0107483,0.0120000),(-0.0146841,0.0106798,0.0120000),(-0.0161097,0.0110428,0.0120000),(-0.0146841,0.0106798,0.0120000),(-0.0147529,0.0106322,0.0120000),(-0.0161097,0.0110428,0.0120000),(-0.0147529,0.0106322,0.0120000),(-0.0148344,0.0106163,0.0120000),(-0.0161097,0.0110428,0.0120000),(-0.0148344,0.0106163,0.0120000),(-0.0163066,0.0106163,0.0120000),(-0.0161521,0.0122207,0.0120000),(-0.0161097,0.0110428,0.0120000),(-0.0163066,0.0106163,0.0120000),(-0.0161521,0.0122207,0.0120000),(-0.0163066,0.0106163,0.0120000),(-0.0163870,0.0106303,0.0120000),(-0.0161521,0.0122207,0.0120000),(-0.0163870,0.0106303,0.0120000),(-0.0164569,0.0106724,0.0120000),(-0.0161521,0.0122207,0.0120000),(-0.0164569,0.0106724,0.0120000),(-0.0165045,0.0107375,0.0120000),(-0.0161521,0.0122207,0.0120000),(-0.0165045,0.0107375,0.0120000),(-0.0165204,0.0108163,0.0120000),(-0.0161521,0.0122207,0.0120000),(-0.0165204,0.0108163,0.0120000),(-0.0166008,0.0128811,0.0120000),(-0.0161521,0.0122207,0.0120000),(-0.0166008,0.0128811,0.0120000),(-0.0165876,0.0129605,0.0120000),(-0.0161521,0.0122207,0.0120000),(-0.0165876,0.0129605,0.0120000),(-0.0165479,0.0130314,0.0120000),(-0.0161521,0.0122207,0.0120000),(-0.0165479,0.0130314,0.0120000),(-0.0164828,0.0130854,0.0120000),(-0.0161521,0.0122207,0.0120000),(-0.0164828,0.0130854,0.0120000),(-0.0163997,0.0131034,0.0120000),(-0.0161521,0.0122207,0.0120000),(-0.0163997,0.0131034,0.0120000),(-0.0163185,0.0130899,0.0120000),(-0.0161521,0.0122207,0.0120000),(-0.0163185,0.0130899,0.0120000),(-0.0162462,0.0130494,0.0120000),(-0.0161521,0.0122207,0.0120000),(-0.0162462,0.0130494,0.0120000),(-0.0161838,0.0129478,0.0120000),(-0.0161521,0.0122207,0.0120000),(-0.0161838,0.0129478,0.0120000),(-0.0161498,0.0128627,0.0120000),(-0.0161521,0.0122207,0.0120000),(-0.0161498,0.0128627,0.0120000),(-0.0161007,0.0127787,0.0120000),(-0.0161521,0.0122207,0.0120000),(-0.0161007,0.0127787,0.0120000),(-0.0160366,0.0126960,0.0120000),(-0.0161521,0.0122207,0.0120000),(-0.0160366,0.0126960,0.0120000),(-0.0159573,0.0126144,0.0120000),(-0.0161521,0.0122207,0.0120000),(-0.0159573,0.0126144,0.0120000),(-0.0158617,0.0125366,0.0120000),(-0.0161521,0.0122207,0.0120000),(-0.0158617,0.0125366,0.0120000),(-0.0157623,0.0124811,0.0120000),(-0.0161521,0.0122207,0.0120000),(-0.0157623,0.0124811,0.0120000),(-0.0156591,0.0124477,0.0120000),(-0.0161521,0.0122207,0.0120000),(-0.0156591,0.0124477,0.0120000),(-0.0155520,0.0124366,0.0120000),(-0.0161521,0.0122207,0.0120000),(-0.0155520,0.0124366,0.0120000),(-0.0154455,0.0124477,0.0120000),(-0.0146491,0.0126250,0.0120000),(-0.0161521,0.0122207,0.0120000),(-0.0154455,0.0124477,0.0120000),(-0.0146491,0.0126250,0.0120000),(-0.0154455,0.0124477,0.0120000),(-0.0153430,0.0124811,0.0120000),(-0.0146491,0.0126250,0.0120000),(-0.0153430,0.0124811,0.0120000),(-0.0152444,0.0125366,0.0120000),(-0.0146491,0.0126250,0.0120000),(-0.0152444,0.0125366,0.0120000),(-0.0151498,0.0126144,0.0120000),(-0.0146491,0.0126250,0.0120000),(-0.0151498,0.0126144,0.0120000),(-0.0150595,0.0127430,0.0120000),(-0.0146491,0.0126250,0.0120000),(-0.0150595,0.0127430,0.0120000),(-0.0150241,0.0128291,0.0120000),(-0.0146491,0.0126250,0.0120000),(-0.0150241,0.0128291,0.0120000),(-0.0149950,0.0129298,0.0120000),(-0.0146491,0.0126250,0.0120000),(-0.0149950,0.0129298,0.0120000),(-0.0149725,0.0130450,0.0120000),(-0.0146491,0.0126250,0.0120000),(-0.0149725,0.0130450,0.0120000),(-0.0149563,0.0131748,0.0120000),(-0.0146491,0.0126250,0.0120000),(-0.0149563,0.0131748,0.0120000),(-0.0149467,0.0133191,0.0120000),(-0.0146491,0.0126250,0.0120000),(-0.0149467,0.0133191,0.0120000),(-0.0149434,0.0134780,0.0120000),(-0.0146491,0.0126250,0.0120000),(-0.0149434,0.0134780,0.0120000),(-0.0149469,0.0135695,0.0120000),(-0.0146491,0.0126250,0.0120000),(-0.0149469,0.0135695,0.0120000),(-0.0149572,0.0136559,0.0120000),(-0.0146491,0.0126250,0.0120000),(-0.0149572,0.0136559,0.0120000),(-0.0149744,0.0137375,0.0120000),(-0.0151847,0.0145932,0.0120000),(-0.0146491,0.0126250,0.0120000),(-0.0149744,0.0137375,0.0120000),(-0.0151847,0.0145932,0.0120000),(-0.0149744,0.0137375,0.0120000),(-0.0149985,0.0138140,0.0120000),(-0.0151847,0.0145932,0.0120000),(-0.0149985,0.0138140,0.0120000),(-0.0150673,0.0139523,0.0120000),(-0.0151847,0.0145932,0.0120000),(-0.0150673,0.0139523,0.0120000),(-0.0151636,0.0140707,0.0120000),(-0.0151847,0.0145932,0.0120000),(-0.0151636,0.0140707,0.0120000),(-0.0152549,0.0141466,0.0120000),(-0.0151847,0.0145932,0.0120000),(-0.0152549,0.0141466,0.0120000),(-0.0153509,0.0142009,0.0120000),(-0.0151847,0.0145932,0.0120000),(-0.0153509,0.0142009,0.0120000),(-0.0154517,0.0142334,0.0120000),(-0.0151847,0.0145932,0.0120000),(-0.0154517,0.0142334,0.0120000),(-0.0155573,0.0142442,0.0120000),(-0.0151847,0.0145932,0.0120000),(-0.0155573,0.0142442,0.0120000),(-0.0156599,0.0142330,0.0120000),(-0.0151847,0.0145932,0.0120000),(-0.0156599,0.0142330,0.0120000),(-0.0157623,0.0141993,0.0120000),(-0.0151847,0.0145932,0.0120000),(-0.0157623,0.0141993,0.0120000),(-0.0158647,0.0141430,0.0120000),(-0.0165616,0.0137489,0.0120000),(-0.0151847,0.0145932,0.0120000),(-0.0158647,0.0141430,0.0120000),(-0.0165616,0.0137489,0.0120000),(-0.0158647,0.0141430,0.0120000),(-0.0159668,0.0140643,0.0120000),(-0.0165616,0.0137489,0.0120000),(-0.0159668,0.0140643,0.0120000),(-0.0160690,0.0139215,0.0120000),(-0.0165616,0.0137489,0.0120000),(-0.0160690,0.0139215,0.0120000),(-0.0161085,0.0138214,0.0120000),(-0.0165616,0.0137489,0.0120000),(-0.0161085,0.0138214,0.0120000),(-0.0161404,0.0137024,0.0120000),(-0.0165616,0.0137489,0.0120000),(-0.0161404,0.0137024,0.0120000),(-0.0161845,0.0136297,0.0120000),(-0.0165616,0.0137489,0.0120000),(-0.0161845,0.0136297,0.0120000),(-0.0162330,0.0135778,0.0120000),(-0.0165616,0.0137489,0.0120000),(-0.0162330,0.0135778,0.0120000),(-0.0163436,0.0135362,0.0120000),(-0.0165616,0.0137489,0.0120000),(-0.0163436,0.0135362,0.0120000),(-0.0163510,0.0135362,0.0120000),(-0.0165616,0.0137489,0.0120000),(-0.0163510,0.0135362,0.0120000),(-0.0164249,0.0135519,0.0120000),(-0.0165616,0.0137489,0.0120000),(-0.0164249,0.0135519,0.0120000),(-0.0164846,0.0135926,0.0120000),(-0.0195567,0.0142442,0.0120000),(-0.0183851,0.0126536,0.0120000),(-0.0183206,0.0125598,0.0120000),(-0.0195567,0.0142442,0.0120000),(-0.0183206,0.0125598,0.0120000),(-0.0182648,0.0124622,0.0120000),(-0.0195567,0.0142442,0.0120000),(-0.0182648,0.0124622,0.0120000),(-0.0182175,0.0123607,0.0120000),(-0.0195567,0.0142442,0.0120000),(-0.0182175,0.0123607,0.0120000),(-0.0181788,0.0122554,0.0120000),(-0.0195567,0.0142442,0.0120000),(-0.0181788,0.0122554,0.0120000),(-0.0181487,0.0121462,0.0120000),(-0.0195567,0.0142442,0.0120000),(-0.0181487,0.0121462,0.0120000),(-0.0181272,0.0120331,0.0120000),(-0.0195567,0.0142442,0.0120000),(-0.0181272,0.0120331,0.0120000),(-0.0181143,0.0119161,0.0120000),(-0.0195567,0.0142442,0.0120000),(-0.0181143,0.0119161,0.0120000),(-0.0181100,0.0117953,0.0120000),(-0.0195567,0.0142442,0.0120000),(-0.0181100,0.0117953,0.0120000),(-0.0181151,0.0116703,0.0120000),(-0.0195567,0.0142442,0.0120000),(-0.0181151,0.0116703,0.0120000),(-0.0181305,0.0115499,0.0120000),(-0.0195567,0.0142442,0.0120000),(-0.0181305,0.0115499,0.0120000),(-0.0181561,0.0114342,0.0120000),(-0.0195567,0.0142442,0.0120000),(-0.0181561,0.0114342,0.0120000),(-0.0181920,0.0113230,0.0120000),(-0.0181920,0.0113230,0.0120000),(-0.0182381,0.0112164,0.0120000),(-0.0182945,0.0111144,0.0120000),(-0.0181920,0.0113230,0.0120000),(-0.0182945,0.0111144,0.0120000),(-0.0183612,0.0110170,0.0120000),(-0.0181920,0.0113230,0.0120000),(-0.0183612,0.0110170,0.0120000),(-0.0184381,0.0109243,0.0120000),(-0.0181920,0.0113230,0.0120000),(-0.0184381,0.0109243,0.0120000),(-0.0185109,0.0108511,0.0120000),(-0.0181920,0.0113230,0.0120000),(-0.0185109,0.0108511,0.0120000),(-0.0185883,0.0107877,0.0120000),(-0.0181920,0.0113230,0.0120000),(-0.0185883,0.0107877,0.0120000),(-0.0186702,0.0107340,0.0120000),(-0.0181920,0.0113230,0.0120000),(-0.0186702,0.0107340,0.0120000),(-0.0187566,0.0106901,0.0120000),(-0.0181920,0.0113230,0.0120000),(-0.0187566,0.0106901,0.0120000),(-0.0188475,0.0106560,0.0120000),(-0.0181920,0.0113230,0.0120000),(-0.0188475,0.0106560,0.0120000),(-0.0189429,0.0106316,0.0120000),(-0.0181920,0.0113230,0.0120000),(-0.0189429,0.0106316,0.0120000),(-0.0190428,0.0106169,0.0120000),(-0.0181920,0.0113230,0.0120000),(-0.0190428,0.0106169,0.0120000),(-0.0191471,0.0106120,0.0120000),(-0.0181920,0.0113230,0.0120000),(-0.0191471,0.0106120,0.0120000),(-0.0192456,0.0106168,0.0120000),(-0.0181920,0.0113230,0.0120000),(-0.0192456,0.0106168,0.0120000),(-0.0193411,0.0106312,0.0120000),(-0.0181920,0.0113230,0.0120000),(-0.0193411,0.0106312,0.0120000),(-0.0194336,0.0106551,0.0120000),(-0.0181920,0.0113230,0.0120000),(-0.0194336,0.0106551,0.0120000),(-0.0195231,0.0106885,0.0120000),(-0.0181920,0.0113230,0.0120000),(-0.0195231,0.0106885,0.0120000),(-0.0196096,0.0107315,0.0120000),(-0.0181920,0.0113230,0.0120000),(-0.0196096,0.0107315,0.0120000),(-0.0196930,0.0107841,0.0120000),(-0.0196930,0.0107841,0.0120000),(-0.0197735,0.0108462,0.0120000),(-0.0198509,0.0109179,0.0120000),(-0.0196930,0.0107841,0.0120000),(-0.0198509,0.0109179,0.0120000),(-0.0199301,0.0110044,0.0120000),(-0.0196930,0.0107841,0.0120000),(-0.0199301,0.0110044,0.0120000),(-0.0199986,0.0110973,0.0120000),(-0.0196930,0.0107841,0.0120000),(-0.0199986,0.0110973,0.0120000),(-0.0200567,0.0111965,0.0120000),(-0.0196930,0.0107841,0.0120000),(-0.0200567,0.0111965,0.0120000),(-0.0201041,0.0113021,0.0120000),(-0.0196930,0.0107841,0.0120000),(-0.0201041,0.0113021,0.0120000),(-0.0201411,0.0114140,0.0120000),(-0.0196930,0.0107841,0.0120000),(-0.0201411,0.0114140,0.0120000),(-0.0201674,0.0115323,0.0120000),(-0.0196930,0.0107841,0.0120000),(-0.0201674,0.0115323,0.0120000),(-0.0201833,0.0116569,0.0120000),(-0.0196930,0.0107841,0.0120000),(-0.0201833,0.0116569,0.0120000),(-0.0201885,0.0117879,0.0120000),(-0.0196930,0.0107841,0.0120000),(-0.0201885,0.0117879,0.0120000),(-0.0201885,0.0117931,0.0120000),(-0.0196930,0.0107841,0.0120000),(-0.0201885,0.0117931,0.0120000),(-0.0201729,0.0118746,0.0120000),(-0.0196930,0.0107841,0.0120000),(-0.0201729,0.0118746,0.0120000),(-0.0201261,0.0119434,0.0120000),(-0.0196930,0.0107841,0.0120000),(-0.0201261,0.0119434,0.0120000),(-0.0200573,0.0119903,0.0120000),(-0.0196930,0.0107841,0.0120000),(-0.0200573,0.0119903,0.0120000),(-0.0199758,0.0120059,0.0120000),(-0.0196930,0.0107841,0.0120000),(-0.0199758,0.0120059,0.0120000),(-0.0198943,0.0119903,0.0120000),(-0.0196930,0.0107841,0.0120000),(-0.0198943,0.0119903,0.0120000),(-0.0198255,0.0119434,0.0120000),(-0.0196930,0.0107841,0.0120000),(-0.0198255,0.0119434,0.0120000),(-0.0197779,0.0118746,0.0120000),(-0.0197779,0.0118746,0.0120000),(-0.0197620,0.0117931,0.0120000),(-0.0197620,0.0117879,0.0120000),(-0.0197779,0.0118746,0.0120000),(-0.0197620,0.0117879,0.0120000),(-0.0197587,0.0117009,0.0120000),(-0.0196930,0.0107841,0.0120000),(-0.0197779,0.0118746,0.0120000),(-0.0197587,0.0117009,0.0120000),(-0.0196930,0.0107841,0.0120000),(-0.0197587,0.0117009,0.0120000),(-0.0197487,0.0116185,0.0120000),(-0.0196930,0.0107841,0.0120000),(-0.0197487,0.0116185,0.0120000),(-0.0197321,0.0115406,0.0120000),(-0.0196930,0.0107841,0.0120000),(-0.0197321,0.0115406,0.0120000),(-0.0197088,0.0114672,0.0120000),(-0.0196930,0.0107841,0.0120000),(-0.0197088,0.0114672,0.0120000),(-0.0196424,0.0113338,0.0120000),(-0.0196930,0.0107841,0.0120000),(-0.0196424,0.0113338,0.0120000),(-0.0195493,0.0112185,0.0120000),(-0.0196930,0.0107841,0.0120000),(-0.0195493,0.0112185,0.0120000),(-0.0194584,0.0111398,0.0120000),(-0.0196930,0.0107841,0.0120000),(-0.0194584,0.0111398,0.0120000),(-0.0193614,0.0110835,0.0120000),(-0.0196930,0.0107841,0.0120000),(-0.0193614,0.0110835,0.0120000),(-0.0192584,0.0110498,0.0120000),(-0.0196930,0.0107841,0.0120000),(-0.0192584,0.0110498,0.0120000),(-0.0191493,0.0110386,0.0120000),(-0.0196930,0.0107841,0.0120000),(-0.0191493,0.0110386,0.0120000),(-0.0190360,0.0110494,0.0120000),(-0.0196930,0.0107841,0.0120000),(-0.0190360,0.0110494,0.0120000),(-0.0189323,0.0110819,0.0120000),(-0.0181920,0.0113230,0.0120000),(-0.0196930,0.0107841,0.0120000),(-0.0189323,0.0110819,0.0120000),(-0.0181920,0.0113230,0.0120000),(-0.0189323,0.0110819,0.0120000),(-0.0188381,0.0111362,0.0120000),(-0.0181920,0.0113230,0.0120000),(-0.0188381,0.0111362,0.0120000),(-0.0187534,0.0112121,0.0120000),(-0.0181920,0.0113230,0.0120000),(-0.0187534,0.0112121,0.0120000),(-0.0187018,0.0112733,0.0120000),(-0.0181920,0.0113230,0.0120000),(-0.0187018,0.0112733,0.0120000),(-0.0186571,0.0113377,0.0120000),(-0.0181920,0.0113230,0.0120000),(-0.0186571,0.0113377,0.0120000),(-0.0185883,0.0114764,0.0120000),(-0.0181920,0.0113230,0.0120000),(-0.0185883,0.0114764,0.0120000),(-0.0185471,0.0116282,0.0120000),(-0.0181920,0.0113230,0.0120000),(-0.0185471,0.0116282,0.0120000),(-0.0185367,0.0117091,0.0120000),(-0.0181920,0.0113230,0.0120000),(-0.0185367,0.0117091,0.0120000),(-0.0185333,0.0117931,0.0120000),(-0.0181920,0.0113230,0.0120000),(-0.0185333,0.0117931,0.0120000),(-0.0185362,0.0118799,0.0120000),(-0.0181920,0.0113230,0.0120000),(-0.0185362,0.0118799,0.0120000),(-0.0185450,0.0119633,0.0120000),(-0.0181920,0.0113230,0.0120000),(-0.0185450,0.0119633,0.0120000),(-0.0185596,0.0120434,0.0120000),(-0.0181920,0.0113230,0.0120000),(-0.0185596,0.0120434,0.0120000),(-0.0185801,0.0121202,0.0120000),(-0.0181920,0.0113230,0.0120000),(-0.0185801,0.0121202,0.0120000),(-0.0186387,0.0122638,0.0120000),(-0.0195567,0.0142442,0.0120000),(-0.0181920,0.0113230,0.0120000),(-0.0186387,0.0122638,0.0120000),(-0.0195567,0.0142442,0.0120000),(-0.0186387,0.0122638,0.0120000),(-0.0187206,0.0123943,0.0120000),(-0.0195567,0.0142442,0.0120000),(-0.0187206,0.0123943,0.0120000),(-0.0201441,0.0143279,0.0120000),(-0.0183206,0.0142442,0.0120000),(-0.0195567,0.0142442,0.0120000),(-0.0201441,0.0143279,0.0120000),(-0.0183206,0.0142442,0.0120000),(-0.0201441,0.0143279,0.0120000),(-0.0201907,0.0144527,0.0120000),(-0.0183206,0.0142442,0.0120000),(-0.0201907,0.0144527,0.0120000),(-0.0201885,0.0144877,0.0120000),(-0.0183206,0.0142442,0.0120000),(-0.0201885,0.0144877,0.0120000),(-0.0201621,0.0145662,0.0120000),(-0.0183206,0.0142442,0.0120000),(-0.0201621,0.0145662,0.0120000),(-0.0201102,0.0146221,0.0120000),(-0.0183206,0.0142442,0.0120000),(-0.0201102,0.0146221,0.0120000),(-0.0200417,0.0146570,0.0120000),(-0.0183206,0.0142442,0.0120000),(-0.0200417,0.0146570,0.0120000),(-0.0199758,0.0146686,0.0120000),(-0.0183206,0.0142442,0.0120000),(-0.0199758,0.0146686,0.0120000),(-0.0183206,0.0146686,0.0120000),(-0.0183206,0.0142442,0.0120000),(-0.0183206,0.0146686,0.0120000),(-0.0182372,0.0146536,0.0120000),(-0.0183206,0.0142442,0.0120000),(-0.0182372,0.0146536,0.0120000),(-0.0181692,0.0146083,0.0120000),(-0.0183206,0.0142442,0.0120000),(-0.0181692,0.0146083,0.0120000),(-0.0181248,0.0145403,0.0120000),(-0.0183206,0.0142442,0.0120000),(-0.0181248,0.0145403,0.0120000),(-0.0181100,0.0144570,0.0120000),(-0.0183206,0.0142442,0.0120000),(-0.0181100,0.0144570,0.0120000),(-0.0181248,0.0143728,0.0120000),(-0.0183206,0.0142442,0.0120000),(-0.0181248,0.0143728,0.0120000),(-0.0181692,0.0143046,0.0120000),(-0.0183206,0.0142442,0.0120000),(-0.0181692,0.0143046,0.0120000),(-0.0182351,0.0142593,0.0120000),(-0.0176517,0.0146382,0.0120000),(-0.0175787,0.0147448,0.0120000),(-0.0174721,0.0148179,0.0120000),(-0.0176517,0.0146382,0.0120000),(-0.0174721,0.0148179,0.0120000),(-0.0173469,0.0148422,0.0120000),(-0.0176517,0.0146382,0.0120000),(-0.0173469,0.0148422,0.0120000),(-0.0172220,0.0148179,0.0120000),(-0.0176517,0.0146382,0.0120000),(-0.0172220,0.0148179,0.0120000),(-0.0171162,0.0147448,0.0120000),(-0.0176517,0.0146382,0.0120000),(-0.0171162,0.0147448,0.0120000),(-0.0170432,0.0146382,0.0120000),(-0.0176517,0.0146382,0.0120000),(-0.0170432,0.0146382,0.0120000),(-0.0170188,0.0145131,0.0120000),(-0.0176517,0.0146382,0.0120000),(-0.0170188,0.0145131,0.0120000),(-0.0170432,0.0143879,0.0120000),(-0.0176517,0.0146382,0.0120000),(-0.0170432,0.0143879,0.0120000),(-0.0171162,0.0142813,0.0120000),(-0.0176517,0.0146382,0.0120000),(-0.0171162,0.0142813,0.0120000),(-0.0172220,0.0142083,0.0120000),(-0.0176517,0.0146382,0.0120000),(-0.0172220,0.0142083,0.0120000),(-0.0173469,0.0141839,0.0120000),(-0.0176517,0.0146382,0.0120000),(-0.0173469,0.0141839,0.0120000),(-0.0174721,0.0142083,0.0120000),(-0.0176517,0.0146382,0.0120000),(-0.0174721,0.0142083,0.0120000),(-0.0175787,0.0142813,0.0120000),(-0.0176517,0.0146382,0.0120000),(-0.0175787,0.0142813,0.0120000),(-0.0176517,0.0143879,0.0120000),(-0.0176517,0.0146382,0.0120000),(-0.0176517,0.0143879,0.0120000),(-0.0176761,0.0145131,0.0120000),(-0.0107872,0.0146184,0.0120000),(-0.0106877,0.0147274,0.0120000),(-0.0105745,0.0147549,0.0120000),(-0.0107872,0.0146184,0.0120000),(-0.0105745,0.0147549,0.0120000),(-0.0104734,0.0147295,0.0120000),(-0.0107872,0.0146184,0.0120000),(-0.0104734,0.0147295,0.0120000),(-0.0103967,0.0146533,0.0120000),(-0.0107872,0.0146184,0.0120000),(-0.0103967,0.0146533,0.0120000),(-0.0103892,0.0146469,0.0120000),(-0.0107872,0.0146184,0.0120000),(-0.0103892,0.0146469,0.0120000),(-0.0091436,0.0124795,0.0120000),(-0.0107872,0.0146184,0.0120000),(-0.0091436,0.0124795,0.0120000),(-0.0091161,0.0123726,0.0120000),(-0.0107872,0.0146184,0.0120000),(-0.0091161,0.0123726,0.0120000),(-0.0091439,0.0122633,0.0120000),(-0.0107872,0.0146184,0.0120000),(-0.0091439,0.0122633,0.0120000),(-0.0092272,0.0121853,0.0120000),(-0.0107872,0.0146184,0.0120000),(-0.0092272,0.0121853,0.0120000),(-0.0093341,0.0121556,0.0120000),(-0.0107872,0.0146184,0.0120000),(-0.0093341,0.0121556,0.0120000),(-0.0094428,0.0121834,0.0120000),(-0.0107872,0.0146184,0.0120000),(-0.0094428,0.0121834,0.0120000),(-0.0095193,0.0122668,0.0120000),(-0.0107872,0.0146184,0.0120000),(-0.0095193,0.0122668,0.0120000),(-0.0103617,0.0137325,0.0120000),(-0.0107872,0.0146184,0.0120000),(-0.0103617,0.0137325,0.0120000),(-0.0103617,0.0111248,0.0120000),(-0.0103617,0.0111248,0.0120000),(-0.0087753,0.0111248,0.0120000),(-0.0086904,0.0111089,0.0120000),(-0.0103617,0.0111248,0.0120000),(-0.0086904,0.0111089,0.0120000),(-0.0086197,0.0110613,0.0120000),(-0.0103617,0.0111248,0.0120000),(-0.0086197,0.0110613,0.0120000),(-0.0085721,0.0109917,0.0120000),(-0.0103617,0.0111248,0.0120000),(-0.0085721,0.0109917,0.0120000),(-0.0085562,0.0109100,0.0120000),(-0.0103617,0.0111248,0.0120000),(-0.0085562,0.0109100,0.0120000),(-0.0085721,0.0108279,0.0120000),(-0.0103617,0.0111248,0.0120000),(-0.0085721,0.0108279,0.0120000),(-0.0086197,0.0107576,0.0120000),(-0.0103617,0.0111248,0.0120000),(-0.0086197,0.0107576,0.0120000),(-0.0086904,0.0107084,0.0120000),(-0.0103617,0.0111248,0.0120000),(-0.0086904,0.0107084,0.0120000),(-0.0087753,0.0106920,0.0120000),(-0.0103617,0.0111248,0.0120000),(-0.0087753,0.0106920,0.0120000),(-0.0105819,0.0106920,0.0120000),(-0.0107872,0.0146184,0.0120000),(-0.0103617,0.0111248,0.0120000),(-0.0105819,0.0106920,0.0120000),(-0.0105819,0.0106920,0.0120000),(-0.0123874,0.0106920,0.0120000),(-0.0124702,0.0107084,0.0120000),(-0.0105819,0.0106920,0.0120000),(-0.0124702,0.0107084,0.0120000),(-0.0125387,0.0107576,0.0120000),(-0.0105819,0.0106920,0.0120000),(-0.0125387,0.0107576,0.0120000),(-0.0125848,0.0108279,0.0120000),(-0.0105819,0.0106920,0.0120000),(-0.0125848,0.0108279,0.0120000),(-0.0126001,0.0109100,0.0120000),(-0.0105819,0.0106920,0.0120000),(-0.0126001,0.0109100,0.0120000),(-0.0125848,0.0109917,0.0120000),(-0.0105819,0.0106920,0.0120000),(-0.0125848,0.0109917,0.0120000),(-0.0125387,0.0110613,0.0120000),(-0.0105819,0.0106920,0.0120000),(-0.0125387,0.0110613,0.0120000),(-0.0124702,0.0111089,0.0120000),(-0.0105819,0.0106920,0.0120000),(-0.0124702,0.0111089,0.0120000),(-0.0123874,0.0111248,0.0120000),(-0.0105819,0.0106920,0.0120000),(-0.0123874,0.0111248,0.0120000),(-0.0107946,0.0111248,0.0120000),(-0.0107872,0.0146184,0.0120000),(-0.0105819,0.0106920,0.0120000),(-0.0107946,0.0111248,0.0120000),(-0.0107872,0.0146184,0.0120000),(-0.0107946,0.0111248,0.0120000),(-0.0107946,0.0137368,0.0120000),(-0.0107872,0.0146184,0.0120000),(-0.0107946,0.0137368,0.0120000),(-0.0116508,0.0122477,0.0120000),(-0.0107872,0.0146184,0.0120000),(-0.0116508,0.0122477,0.0120000),(-0.0117304,0.0121683,0.0120000),(-0.0107872,0.0146184,0.0120000),(-0.0117304,0.0121683,0.0120000),(-0.0118381,0.0121419,0.0120000),(-0.0107872,0.0146184,0.0120000),(-0.0118381,0.0121419,0.0120000),(-0.0119492,0.0121694,0.0120000),(-0.0107872,0.0146184,0.0120000),(-0.0119492,0.0121694,0.0120000),(-0.0120310,0.0122490,0.0120000),(-0.0107872,0.0146184,0.0120000),(-0.0120310,0.0122490,0.0120000),(-0.0120582,0.0123588,0.0120000),(-0.0107872,0.0146184,0.0120000),(-0.0120582,0.0123588,0.0120000),(-0.0120265,0.0124678,0.0120000),(-0.0059379,0.0124075,0.0120000),(-0.0058903,0.0123588,0.0120000),(-0.0058342,0.0122813,0.0120000),(-0.0059379,0.0124075,0.0120000),(-0.0058342,0.0122813,0.0120000),(-0.0057856,0.0121999,0.0120000),(-0.0059379,0.0124075,0.0120000),(-0.0057856,0.0121999,0.0120000),(-0.0057445,0.0121147,0.0120000),(-0.0059379,0.0124075,0.0120000),(-0.0057445,0.0121147,0.0120000),(-0.0057109,0.0120257,0.0120000),(-0.0059379,0.0124075,0.0120000),(-0.0057109,0.0120257,0.0120000),(-0.0056847,0.0119329,0.0120000),(-0.0059379,0.0124075,0.0120000),(-0.0056847,0.0119329,0.0120000),(-0.0056660,0.0118363,0.0120000),(-0.0059379,0.0124075,0.0120000),(-0.0056660,0.0118363,0.0120000),(-0.0056548,0.0117360,0.0120000),(-0.0059379,0.0124075,0.0120000),(-0.0056548,0.0117360,0.0120000),(-0.0056511,0.0116318,0.0120000),(-0.0059379,0.0124075,0.0120000),(-0.0056511,0.0116318,0.0120000),(-0.0056548,0.0115276,0.0120000),(-0.0059379,0.0124075,0.0120000),(-0.0056548,0.0115276,0.0120000),(-0.0056660,0.0114280,0.0120000),(-0.0059379,0.0124075,0.0120000),(-0.0056660,0.0114280,0.0120000),(-0.0056846,0.0113329,0.0120000),(-0.0059379,0.0124075,0.0120000),(-0.0056846,0.0113329,0.0120000),(-0.0057106,0.0112423,0.0120000),(-0.0059379,0.0124075,0.0120000),(-0.0057106,0.0112423,0.0120000),(-0.0057441,0.0111562,0.0120000),(-0.0059379,0.0124075,0.0120000),(-0.0057441,0.0111562,0.0120000),(-0.0057850,0.0110745,0.0120000),(-0.0059379,0.0124075,0.0120000),(-0.0057850,0.0110745,0.0120000),(-0.0058334,0.0109974,0.0120000),(-0.0059379,0.0124075,0.0120000),(-0.0058334,0.0109974,0.0120000),(-0.0058892,0.0109248,0.0120000),(-0.0059379,0.0124075,0.0120000),(-0.0058892,0.0109248,0.0120000),(-0.0059510,0.0108588,0.0120000),(-0.0059379,0.0124075,0.0120000),(-0.0059510,0.0108588,0.0120000),(-0.0060177,0.0108016,0.0120000),(-0.0059379,0.0124075,0.0120000),(-0.0060177,0.0108016,0.0120000),(-0.0060893,0.0107532,0.0120000),(-0.0059379,0.0124075,0.0120000),(-0.0060893,0.0107532,0.0120000),(-0.0061660,0.0107136,0.0120000),(-0.0061660,0.0107136,0.0120000),(-0.0062476,0.0106829,0.0120000),(-0.0063341,0.0106609,0.0120000),(-0.0061660,0.0107136,0.0120000),(-0.0063341,0.0106609,0.0120000),(-0.0064256,0.0106477,0.0120000),(-0.0061660,0.0107136,0.0120000),(-0.0064256,0.0106477,0.0120000),(-0.0065221,0.0106433,0.0120000),(-0.0061660,0.0107136,0.0120000),(-0.0065221,0.0106433,0.0120000),(-0.0066176,0.0106477,0.0120000),(-0.0061660,0.0107136,0.0120000),(-0.0066176,0.0106477,0.0120000),(-0.0067089,0.0106608,0.0120000),(-0.0061660,0.0107136,0.0120000),(-0.0067089,0.0106608,0.0120000),(-0.0067959,0.0106827,0.0120000),(-0.0061660,0.0107136,0.0120000),(-0.0067959,0.0106827,0.0120000),(-0.0068788,0.0107134,0.0120000),(-0.0061660,0.0107136,0.0120000),(-0.0068788,0.0107134,0.0120000),(-0.0069573,0.0107528,0.0120000),(-0.0061660,0.0107136,0.0120000),(-0.0069573,0.0107528,0.0120000),(-0.0070317,0.0108010,0.0120000),(-0.0061660,0.0107136,0.0120000),(-0.0070317,0.0108010,0.0120000),(-0.0071018,0.0108580,0.0120000),(-0.0061660,0.0107136,0.0120000),(-0.0071018,0.0108580,0.0120000),(-0.0071677,0.0109237,0.0120000),(-0.0061660,0.0107136,0.0120000),(-0.0071677,0.0109237,0.0120000),(-0.0072275,0.0109961,0.0120000),(-0.0061660,0.0107136,0.0120000),(-0.0072275,0.0109961,0.0120000),(-0.0072793,0.0110732,0.0120000),(-0.0061660,0.0107136,0.0120000),(-0.0072793,0.0110732,0.0120000),(-0.0073231,0.0111548,0.0120000),(-0.0061660,0.0107136,0.0120000),(-0.0073231,0.0111548,0.0120000),(-0.0073590,0.0112410,0.0120000),(-0.0061660,0.0107136,0.0120000),(-0.0073590,0.0112410,0.0120000),(-0.0073869,0.0113318,0.0120000),(-0.0061660,0.0107136,0.0120000),(-0.0073869,0.0113318,0.0120000),(-0.0074068,0.0114272,0.0120000),(-0.0061660,0.0107136,0.0120000),(-0.0074068,0.0114272,0.0120000),(-0.0074188,0.0115272,0.0120000),(-0.0074188,0.0115272,0.0120000),(-0.0074227,0.0116318,0.0120000),(-0.0074074,0.0117140,0.0120000),(-0.0074188,0.0115272,0.0120000),(-0.0074074,0.0117140,0.0120000),(-0.0073614,0.0117831,0.0120000),(-0.0074188,0.0115272,0.0120000),(-0.0073614,0.0117831,0.0120000),(-0.0072931,0.0118299,0.0120000),(-0.0074188,0.0115272,0.0120000),(-0.0072931,0.0118299,0.0120000),(-0.0072111,0.0118455,0.0120000),(-0.0074188,0.0115272,0.0120000),(-0.0072111,0.0118455,0.0120000),(-0.0071283,0.0118299,0.0120000),(-0.0074188,0.0115272,0.0120000),(-0.0071283,0.0118299,0.0120000),(-0.0070597,0.0117831,0.0120000),(-0.0074188,0.0115272,0.0120000),(-0.0070597,0.0117831,0.0120000),(-0.0070137,0.0117140,0.0120000),(-0.0074188,0.0115272,0.0120000),(-0.0070137,0.0117140,0.0120000),(-0.0069983,0.0116318,0.0120000),(-0.0074188,0.0115272,0.0120000),(-0.0069983,0.0116318,0.0120000),(-0.0069897,0.0115055,0.0120000),(-0.0074188,0.0115272,0.0120000),(-0.0069897,0.0115055,0.0120000),(-0.0069637,0.0113944,0.0120000),(-0.0074188,0.0115272,0.0120000),(-0.0069637,0.0113944,0.0120000),(-0.0069204,0.0112986,0.0120000),(-0.0074188,0.0115272,0.0120000),(-0.0069204,0.0112986,0.0120000),(-0.0068597,0.0112179,0.0120000),(-0.0074188,0.0115272,0.0120000),(-0.0068597,0.0112179,0.0120000),(-0.0067882,0.0111531,0.0120000),(-0.0061660,0.0107136,0.0120000),(-0.0074188,0.0115272,0.0120000),(-0.0067882,0.0111531,0.0120000),(-0.0061660,0.0107136,0.0120000),(-0.0067882,0.0111531,0.0120000),(-0.0067081,0.0111068,0.0120000),(-0.0061660,0.0107136,0.0120000),(-0.0067081,0.0111068,0.0120000),(-0.0066194,0.0110790,0.0120000),(-0.0061660,0.0107136,0.0120000),(-0.0066194,0.0110790,0.0120000),(-0.0065221,0.0110698,0.0120000),(-0.0061660,0.0107136,0.0120000),(-0.0065221,0.0110698,0.0120000),(-0.0064282,0.0110790,0.0120000),(-0.0061660,0.0107136,0.0120000),(-0.0064282,0.0110790,0.0120000),(-0.0063435,0.0111066,0.0120000),(-0.0061660,0.0107136,0.0120000),(-0.0063435,0.0111066,0.0120000),(-0.0062679,0.0111525,0.0120000),(-0.0061660,0.0107136,0.0120000),(-0.0062679,0.0111525,0.0120000),(-0.0062014,0.0112169,0.0120000),(-0.0061660,0.0107136,0.0120000),(-0.0062014,0.0112169,0.0120000),(-0.0061472,0.0112980,0.0120000),(-0.0061660,0.0107136,0.0120000),(-0.0061472,0.0112980,0.0120000),(-0.0061086,0.0113942,0.0120000),(-0.0061660,0.0107136,0.0120000),(-0.0061086,0.0113942,0.0120000),(-0.0060853,0.0115054,0.0120000),(-0.0059379,0.0124075,0.0120000),(-0.0061660,0.0107136,0.0120000),(-0.0060853,0.0115054,0.0120000),(-0.0059379,0.0124075,0.0120000),(-0.0060853,0.0115054,0.0120000),(-0.0060776,0.0116318,0.0120000),(-0.0059379,0.0124075,0.0120000),(-0.0060776,0.0116318,0.0120000),(-0.0060853,0.0117598,0.0120000),(-0.0059379,0.0124075,0.0120000),(-0.0060853,0.0117598,0.0120000),(-0.0061083,0.0118752,0.0120000),(-0.0059379,0.0124075,0.0120000),(-0.0061083,0.0118752,0.0120000),(-0.0061467,0.0119778,0.0120000),(-0.0059379,0.0124075,0.0120000),(-0.0061467,0.0119778,0.0120000),(-0.0062004,0.0120678,0.0120000),(-0.0059379,0.0124075,0.0120000),(-0.0062004,0.0120678,0.0120000),(-0.0062626,0.0121326,0.0120000),(-0.0058535,0.0124837,0.0120000),(-0.0059379,0.0124075,0.0120000),(-0.0062626,0.0121326,0.0120000),(-0.0058535,0.0124837,0.0120000),(-0.0062626,0.0121326,0.0120000),(-0.0063319,0.0121789,0.0120000),(-0.0058535,0.0124837,0.0120000),(-0.0063319,0.0121789,0.0120000),(-0.0064081,0.0122067,0.0120000),(-0.0058535,0.0124837,0.0120000),(-0.0064081,0.0122067,0.0120000),(-0.0064914,0.0122160,0.0120000),(-0.0058535,0.0124837,0.0120000),(-0.0064914,0.0122160,0.0120000),(-0.0065337,0.0122160,0.0120000),(-0.0058535,0.0124837,0.0120000),(-0.0065337,0.0122160,0.0120000),(-0.0066004,0.0122160,0.0120000),(-0.0058535,0.0124837,0.0120000),(-0.0066004,0.0122160,0.0120000),(-0.0066819,0.0122316,0.0120000),(-0.0058535,0.0124837,0.0120000),(-0.0066819,0.0122316,0.0120000),(-0.0067507,0.0122784,0.0120000),(-0.0058535,0.0124837,0.0120000),(-0.0067507,0.0122784,0.0120000),(-0.0067975,0.0123469,0.0120000),(-0.0058535,0.0124837,0.0120000),(-0.0067975,0.0123469,0.0120000),(-0.0068131,0.0124276,0.0120000),(-0.0058535,0.0124837,0.0120000),(-0.0068131,0.0124276,0.0120000),(-0.0067975,0.0125086,0.0120000),(-0.0058535,0.0124837,0.0120000),(-0.0067975,0.0125086,0.0120000),(-0.0067507,0.0125779,0.0120000),(-0.0058535,0.0124837,0.0120000),(-0.0067507,0.0125779,0.0120000),(-0.0066819,0.0126255,0.0120000),(-0.0058535,0.0124837,0.0120000),(-0.0066819,0.0126255,0.0120000),(-0.0066004,0.0126414,0.0120000),(-0.0058535,0.0124837,0.0120000),(-0.0066004,0.0126414,0.0120000),(-0.0065337,0.0126414,0.0120000),(-0.0058535,0.0124837,0.0120000),(-0.0065337,0.0126414,0.0120000),(-0.0064034,0.0126554,0.0120000),(-0.0058535,0.0124837,0.0120000),(-0.0064034,0.0126554,0.0120000),(-0.0062853,0.0126972,0.0120000),(-0.0058535,0.0124837,0.0120000),(-0.0062853,0.0126972,0.0120000),(-0.0061795,0.0127670,0.0120000),(-0.0058535,0.0124837,0.0120000),(-0.0061795,0.0127670,0.0120000),(-0.0060861,0.0128647,0.0120000),(-0.0058535,0.0124837,0.0120000),(-0.0060861,0.0128647,0.0120000),(-0.0060092,0.0129859,0.0120000),(-0.0058535,0.0124837,0.0120000),(-0.0060092,0.0129859,0.0120000),(-0.0059543,0.0131261,0.0120000),(-0.0058535,0.0124837,0.0120000),(-0.0059543,0.0131261,0.0120000),(-0.0059214,0.0132854,0.0120000),(-0.0058535,0.0124837,0.0120000),(-0.0059214,0.0132854,0.0120000),(-0.0059131,0.0133722,0.0120000),(-0.0058535,0.0124837,0.0120000),(-0.0059131,0.0133722,0.0120000),(-0.0059104,0.0134637,0.0120000),(-0.0058535,0.0124837,0.0120000),(-0.0059104,0.0134637,0.0120000),(-0.0059132,0.0135544,0.0120000),(-0.0071322,0.0134992,0.0120000),(-0.0071349,0.0133992,0.0120000),(-0.0071507,0.0133171,0.0120000),(-0.0071240,0.0135936,0.0120000),(-0.0071322,0.0134992,0.0120000),(-0.0071507,0.0133171,0.0120000),(-0.0071240,0.0135936,0.0120000),(-0.0071507,0.0133171,0.0120000),(-0.0071984,0.0132489,0.0120000),(-0.0071105,0.0136822,0.0120000),(-0.0071240,0.0135936,0.0120000),(-0.0071984,0.0132489,0.0120000),(-0.0071105,0.0136822,0.0120000),(-0.0071984,0.0132489,0.0120000),(-0.0072677,0.0132028,0.0120000),(-0.0070915,0.0137651,0.0120000),(-0.0071105,0.0136822,0.0120000),(-0.0072677,0.0132028,0.0120000),(-0.0070915,0.0137651,0.0120000),(-0.0072677,0.0132028,0.0120000),(-0.0073508,0.0131875,0.0120000),(-0.0070372,0.0139137,0.0120000),(-0.0070915,0.0137651,0.0120000),(-0.0073508,0.0131875,0.0120000),(-0.0070372,0.0139137,0.0120000),(-0.0073508,0.0131875,0.0120000),(-0.0074336,0.0132028,0.0120000),(-0.0070372,0.0139137,0.0120000),(-0.0074336,0.0132028,0.0120000),(-0.0075021,0.0132489,0.0120000),(-0.0069613,0.0140395,0.0120000),(-0.0070372,0.0139137,0.0120000),(-0.0075021,0.0132489,0.0120000),(-0.0069613,0.0140395,0.0120000),(-0.0075021,0.0132489,0.0120000),(-0.0075481,0.0133171,0.0120000),(-0.0069613,0.0140395,0.0120000),(-0.0075481,0.0133171,0.0120000),(-0.0075635,0.0133992,0.0120000),(-0.0068708,0.0141390,0.0120000),(-0.0069613,0.0140395,0.0120000),(-0.0075635,0.0133992,0.0120000),(-0.0068708,0.0141390,0.0120000),(-0.0075635,0.0133992,0.0120000),(-0.0075591,0.0135361,0.0120000),(-0.0068708,0.0141390,0.0120000),(-0.0075591,0.0135361,0.0120000),(-0.0075458,0.0136671,0.0120000),(-0.0068708,0.0141390,0.0120000),(-0.0075458,0.0136671,0.0120000),(-0.0075238,0.0137921,0.0120000),(-0.0067674,0.0142101,0.0120000),(-0.0068708,0.0141390,0.0120000),(-0.0075238,0.0137921,0.0120000),(-0.0067674,0.0142101,0.0120000),(-0.0075238,0.0137921,0.0120000),(-0.0074929,0.0139111,0.0120000),(-0.0067674,0.0142101,0.0120000),(-0.0074929,0.0139111,0.0120000),(-0.0074531,0.0140242,0.0120000),(-0.0066511,0.0142528,0.0120000),(-0.0067674,0.0142101,0.0120000),(-0.0074531,0.0140242,0.0120000),(-0.0066511,0.0142528,0.0120000),(-0.0074531,0.0140242,0.0120000),(-0.0074045,0.0141312,0.0120000),(-0.0066511,0.0142528,0.0120000),(-0.0074045,0.0141312,0.0120000),(-0.0073471,0.0142323,0.0120000),(-0.0065221,0.0142670,0.0120000),(-0.0066511,0.0142528,0.0120000),(-0.0073471,0.0142323,0.0120000),(-0.0065221,0.0142670,0.0120000),(-0.0073471,0.0142323,0.0120000),(-0.0072809,0.0143273,0.0120000),(-0.0065221,0.0142670,0.0120000),(-0.0072809,0.0143273,0.0120000),(-0.0072089,0.0144129,0.0120000),(-0.0063985,0.0142536,0.0120000),(-0.0065221,0.0142670,0.0120000),(-0.0072089,0.0144129,0.0120000),(-0.0063985,0.0142536,0.0120000),(-0.0072089,0.0144129,0.0120000),(-0.0071303,0.0144871,0.0120000),(-0.0063985,0.0142536,0.0120000),(-0.0071303,0.0144871,0.0120000),(-0.0070452,0.0145498,0.0120000),(-0.0062850,0.0142133,0.0120000),(-0.0063985,0.0142536,0.0120000),(-0.0070452,0.0145498,0.0120000),(-0.0062850,0.0142133,0.0120000),(-0.0070452,0.0145498,0.0120000),(-0.0069536,0.0146012,0.0120000),(-0.0062850,0.0142133,0.0120000),(-0.0069536,0.0146012,0.0120000),(-0.0068555,0.0146411,0.0120000),(-0.0061816,0.0141462,0.0120000),(-0.0062850,0.0142133,0.0120000),(-0.0068555,0.0146411,0.0120000),(-0.0061816,0.0141462,0.0120000),(-0.0068555,0.0146411,0.0120000),(-0.0067509,0.0146696,0.0120000),(-0.0061816,0.0141462,0.0120000),(-0.0067509,0.0146696,0.0120000),(-0.0066398,0.0146867,0.0120000),(-0.0060882,0.0140522,0.0120000),(-0.0061816,0.0141462,0.0120000),(-0.0066398,0.0146867,0.0120000),(-0.0060882,0.0140522,0.0120000),(-0.0066398,0.0146867,0.0120000),(-0.0065221,0.0146925,0.0120000),(-0.0060882,0.0140522,0.0120000),(-0.0065221,0.0146925,0.0120000),(-0.0064090,0.0146870,0.0120000),(-0.0060104,0.0139344,0.0120000),(-0.0060882,0.0140522,0.0120000),(-0.0064090,0.0146870,0.0120000),(-0.0060104,0.0139344,0.0120000),(-0.0064090,0.0146870,0.0120000),(-0.0063014,0.0146705,0.0120000),(-0.0059548,0.0137971,0.0120000),(-0.0060104,0.0139344,0.0120000),(-0.0063014,0.0146705,0.0120000),(-0.0059548,0.0137971,0.0120000),(-0.0063014,0.0146705,0.0120000),(-0.0061993,0.0146430,0.0120000),(-0.0059548,0.0137971,0.0120000),(-0.0061993,0.0146430,0.0120000),(-0.0061027,0.0146046,0.0120000),(-0.0059354,0.0137211,0.0120000),(-0.0059548,0.0137971,0.0120000),(-0.0061027,0.0146046,0.0120000),(-0.0059354,0.0137211,0.0120000),(-0.0061027,0.0146046,0.0120000),(-0.0060117,0.0145552,0.0120000),(-0.0059215,0.0136402,0.0120000),(-0.0059354,0.0137211,0.0120000),(-0.0060117,0.0145552,0.0120000),(-0.0059215,0.0136402,0.0120000),(-0.0060117,0.0145552,0.0120000),(-0.0059262,0.0144948,0.0120000),(-0.0059132,0.0135544,0.0120000),(-0.0059215,0.0136402,0.0120000),(-0.0059262,0.0144948,0.0120000),(-0.0058535,0.0124837,0.0120000),(-0.0059132,0.0135544,0.0120000),(-0.0059262,0.0144948,0.0120000),(-0.0058535,0.0124837,0.0120000),(-0.0059262,0.0144948,0.0120000),(-0.0058462,0.0144234,0.0120000),(-0.0058535,0.0124837,0.0120000),(-0.0058462,0.0144234,0.0120000),(-0.0057717,0.0143411,0.0120000),(-0.0058535,0.0124837,0.0120000),(-0.0057717,0.0143411,0.0120000),(-0.0057040,0.0142498,0.0120000),(-0.0058535,0.0124837,0.0120000),(-0.0057040,0.0142498,0.0120000),(-0.0056453,0.0141533,0.0120000),(-0.0058535,0.0124837,0.0120000),(-0.0056453,0.0141533,0.0120000),(-0.0055957,0.0140515,0.0120000),(-0.0058535,0.0124837,0.0120000),(-0.0055957,0.0140515,0.0120000),(-0.0055550,0.0139445,0.0120000),(-0.0058535,0.0124837,0.0120000),(-0.0055550,0.0139445,0.0120000),(-0.0055234,0.0138322,0.0120000),(-0.0058535,0.0124837,0.0120000),(-0.0055234,0.0138322,0.0120000),(-0.0055009,0.0137146,0.0120000),(-0.0058535,0.0124837,0.0120000),(-0.0055009,0.0137146,0.0120000),(-0.0054873,0.0135918,0.0120000),(-0.0058535,0.0124837,0.0120000),(-0.0054873,0.0135918,0.0120000),(-0.0054828,0.0134637,0.0120000),(-0.0058535,0.0124837,0.0120000),(-0.0054828,0.0134637,0.0120000),(-0.0054873,0.0133343,0.0120000),(-0.0058535,0.0124837,0.0120000),(-0.0054873,0.0133343,0.0120000),(-0.0055007,0.0132103,0.0120000),(-0.0058535,0.0124837,0.0120000),(-0.0055007,0.0132103,0.0120000),(-0.0055231,0.0130915,0.0120000),(-0.0058535,0.0124837,0.0120000),(-0.0055231,0.0130915,0.0120000),(-0.0055545,0.0129780,0.0120000),(-0.0058535,0.0124837,0.0120000),(-0.0055545,0.0129780,0.0120000),(-0.0055948,0.0128697,0.0120000),(-0.0058535,0.0124837,0.0120000),(-0.0055948,0.0128697,0.0120000),(-0.0056441,0.0127668,0.0120000),(-0.0058535,0.0124837,0.0120000),(-0.0056441,0.0127668,0.0120000),(-0.0057024,0.0126692,0.0120000),(-0.0058535,0.0124837,0.0120000),(-0.0057024,0.0126692,0.0120000),(-0.0057696,0.0125768,0.0120000)));
#8076=COMPLEX_TRIANGULATED_SURFACE_SET('surface set',#8075,4281,(),(),(),((1,2,3),(4,5,6),(7,8,9),(10,11,12),(13,14,15),(16,17,18),(19,20,21),(22,23,24),(25,26,27),(28,29,30),(31,32,33),(34,35,36),(37,38,39),(40,41,42),(43,44,45),(46,47,48),(49,50,51),(52,53,54),(55,56,57),(58,59,60),(61,62,63),(64,65,66),(67,68,69),(70,71,72),(73,74,75),(76,77,78),(79,80,81),(82,83,84),(85,86,87),(88,89,90),(91,92,93),(94,95,96),(97,98,99),(100,101,102),(103,104,105),(106,107,108),(109,110,111),(112,113,114),(115,116,117),(118,119,120),(121,122,123),(124,125,126),(127,128,129),(130,131,132),(133,134,135),(136,137,138),(139,140,141),(142,143,144),(145,146,147),(148,149,150),(151,152,153),(154,155,156),(157,158,159),(160,161,162),(163,164,165),(166,167,168),(169,170,171),(172,173,174),(175,176,177),(178,179,180),(181,182,183),(184,185,186),(187,188,189),(190,191,192),(193,194,195),(196,197,198),(199,200,201),(202,203,204),(205,206,207),(208,209,210),(211,212,213),(214,215,216),(217,218,219),(220,221,222),(223,224,225),(226,227,228),(229,230,231),(232,233,234),(235,236,237),(238,239,240),(241,242,243),(244,245,246),(247,248,249),(250,251,252),(253,254,255),(256,257,258),(259,260,261),(262,263,264),(265,266,267),(268,269,270),(271,272,273),(274,275,276),(277,278,279),(280,281,282),(283,284,285),(286,287,288),(289,290,291),(292,293,294),(295,296,297),(298,299,300),(301,302,303),(304,305,306),(307,308,309),(310,311,312),(313,314,315),(316,317,318),(319,320,321),(322,323,324),(325,326,327),(328,329,330),(331,332,333),(334,335,336),(337,338,339),(340,341,342),(343,344,345),(346,347,348),(349,350,351),(352,353,354),(355,356,357),(358,359,360),(361,362,363),(364,365,366),(367,368,369),(370,371,372),(373,374,375),(376,377,378),(379,380,381),(382,383,384),(385,386,387),(388,389,390),(391,392,393),(394,395,396),(397,398,399),(400,401,402),(403,404,405),(406,407,408),(409,410,411),(412,413,414),(415,416,417),(418,419,420),(421,422,423),(424,425,426),(427,428,429),(430,431,432),(433,434,435),(436,437,438),(439,440,441),(442,443,444),(445,446,447),(448,449,450),(451,452,453),(454,455,456),(457,458,459),(460,461,462),(463,464,465),(466,467,468),(469,470,471),(472,473,474),(475,476,477),(478,479,480),(481,482,483),(484,485,486),(487,488,489),(490,491,492),(493,494,495),(496,497,498),(499,500,501),(502,503,504),(505,506,507),(508,509,510),(511,512,513),(514,515,516),(517,518,519),(520,521,522),(523,524,525),(526,527,528),(529,530,531),(532,533,534),(535,536,537),(538,539,540),(541,542,543),(544,545,546),(547,548,549),(550,551,552),(553,554,555),(556,557,558),(559,560,561),(562,563,564),(565,566,567),(568,569,570),(571,572,573),(574,575,576),(577,578,579),(580,581,582),(583,584,585),(586,587,588),(589,590,591),(592,593,594),(595,596,597),(598,599,600),(601,602,603),(604,605,606),(607,608,609),(610,611,612),(613,614,615),(616,617,618),(619,620,621),(622,623,624),(625,626,627),(628,629,630),(631,632,633),(634,635,636),(637,638,639),(640,641,642),(643,644,645),(646,647,648),(649,650,651),(652,653,654),(655,656,657),(658,659,660),(661,662,663),(664,665,666),(667,668,669),(670,671,672),(673,674,675),(676,677,678),(679,680,681),(682,683,684),(685,686,687),(688,689,690),(691,692,693),(694,695,696),(697,698,699),(700,701,702),(703,704,705),(706,707,708),(709,710,711),(712,713,714),(715,716,717),(718,719,720),(721,722,723),(724,725,726),(727,728,729),(730,731,732),(733,734,735),(736,737,738),(739,740,741),(742,743,744),(745,746,747),(748,749,750),(751,752,753),(754,755,756),(757,758,759),(760,761,762),(763,764,765),(766,767,768),(769,770,771),(772,773,774),(775,776,777),(778,779,780),(781,782,783),(784,785,786),(787,788,789),(790,791,792),(793,794,795),(796,797,798),(799,800,801),(802,803,804),(805,806,807),(808,809,810),(811,812,813),(814,815,816),(817,818,819),(820,821,822),(823,824,825),(826,827,828),(829,830,831),(832,833,834),(835,836,837),(838,839,840),(841,842,843),(844,845,846),(847,848,849),(850,851,852),(853,854,855),(856,857,858),(859,860,861),(862,863,864),(865,866,867),(868,869,870),(871,872,873),(874,875,876),(877,878,879),(880,881,882),(883,884,885),(886,887,888),(889,890,891),(892,893,894),(895,896,897),(898,899,900),(901,902,903),(904,905,906),(907,908,909),(910,911,912),(913,914,915),(916,917,918),(919,920,921),(922,923,924),(925,926,927),(928,929,930),(931,932,933),(934,935,936),(937,938,939),(940,941,942),(943,944,945),(946,947,948),(949,950,951),(952,953,954),(955,956,957),(958,959,960),(961,962,963),(964,965,966),(967,968,969),(970,971,972),(973,974,975),(976,977,978),(979,980,981),(982,983,984),(985,986,987),(988,989,990),(991,992,993),(994,995,996),(997,998,999),(1000,1001,1002),(1003,1004,1005),(1006,1007,1008),(1009,1010,1011),(1012,1013,1014),(1015,1016,1017),(1018,1019,1020),(1021,1022,1023),(1024,1025,1026),(1027,1028,1029),(1030,1031,1032),(1033,1034,1035),(1036,1037,1038),(1039,1040,1041),(1042,1043,1044),(1045,1046,1047),(1048,1049,1050),(1051,1052,1053),(1054,1055,1056),(1057,1058,1059),(1060,1061,1062),(1063,1064,1065),(1066,1067,1068),(1069,1070,1071),(1072,1073,1074),(1075,1076,1077),(1078,1079,1080),(1081,1082,1083),(1084,1085,1086),(1087,1088,1089),(1090,1091,1092),(1093,1094,1095),(1096,1097,1098),(1099,1100,1101),(1102,1103,1104),(1105,1106,1107),(1108,1109,1110),(1111,1112,1113),(1114,1115,1116),(1117,1118,1119),(1120,1121,1122),(1123,1124,1125),(1126,1127,1128),(1129,1130,1131),(1132,1133,1134),(1135,1136,1137),(1138,1139,1140),(1141,1142,1143),(1144,1145,1146),(1147,1148,1149),(1150,1151,1152),(1153,1154,1155),(1156,1157,1158),(1159,1160,1161),(1162,1163,1164),(1165,1166,1167),(1168,1169,1170),(1171,1172,1173),(1174,1175,1176),(1177,1178,1179),(1180,1181,1182),(1183,1184,1185),(1186,1187,1188),(1189,1190,1191),(1192,1193,1194),(1195,1196,1197),(1198,1199,1200),(1201,1202,1203),(1204,1205,1206),(1207,1208,1209),(1210,1211,1212),(1213,1214,1215),(1216,1217,1218),(1219,1220,1221),(1222,1223,1224),(1225,1226,1227),(1228,1229,1230),(1231,1232,1233),(1234,1235,1236),(1237,1238,1239),(1240,1241,1242),(1243,1244,1245),(1246,1247,1248),(1249,1250,1251),(1252,1253,1254),(1255,1256,1257),(1258,1259,1260),(1261,1262,1263),(1264,1265,1266),(1267,1268,1269),(1270,1271,1272),(1273,1274,1275),(1276,1277,1278),(1279,1280,1281),(1282,1283,1284),(1285,1286,1287),(1288,1289,1290),(1291,1292,1293),(1294,1295,1296),(1297,1298,1299),(1300,1301,1302),(1303,1304,1305),(1306,1307,1308),(1309,1310,1311),(1312,1313,1314),(1315,1316,1317),(1318,1319,1320),(1321,1322,1323),(1324,1325,1326),(1327,1328,1329),(1330,1331,1332),(1333,1334,1335),(1336,1337,1338),(1339,1340,1341),(1342,1343,1344),(1345,1346,1347),(1348,1349,1350),(1351,1352,1353),(1354,1355,1356),(1357,1358,1359),(1360,1361,1362),(1363,1364,1365),(1366,1367,1368),(1369,1370,1371),(1372,1373,1374),(1375,1376,1377),(1378,1379,1380),(1381,1382,1383),(1384,1385,1386),(1387,1388,1389),(1390,1391,1392),(1393,1394,1395),(1396,1397,1398),(1399,1400,1401),(1402,1403,1404),(1405,1406,1407),(1408,1409,1410),(1411,1412,1413),(1414,1415,1416),(1417,1418,1419),(1420,1421,1422),(1423,1424,1425),(1426,1427,1428),(1429,1430,1431),(1432,1433,1434),(1435,1436,1437),(1438,1439,1440),(1441,1442,1443),(1444,1445,1446),(1447,1448,1449),(1450,1451,1452),(1453,1454,1455),(1456,1457,1458),(1459,1460,1461),(1462,1463,1464),(1465,1466,1467),(1468,1469,1470),(1471,1472,1473),(1474,1475,1476),(1477,1478,1479),(1480,1481,1482),(1483,1484,1485),(1486,1487,1488),(1489,1490,1491),(1492,1493,1494),(1495,1496,1497),(1498,1499,1500),(1501,1502,1503),(1504,1505,1506),(1507,1508,1509),(1510,1511,1512),(1513,1514,1515),(1516,1517,1518),(1519,1520,1521),(1522,1523,1524),(1525,1526,1527),(1528,1529,1530),(1531,1532,1533),(1534,1535,1536),(1537,1538,1539),(1540,1541,1542),(1543,1544,1545),(1546,1547,1548),(1549,1550,1551),(1552,1553,1554),(1555,1556,1557),(1558,1559,1560),(1561,1562,1563),(1564,1565,1566),(1567,1568,1569),(1570,1571,1572),(1573,1574,1575),(1576,1577,1578),(1579,1580,1581),(1582,1583,1584),(1585,1586,1587),(1588,1589,1590),(1591,1592,1593),(1594,1595,1596),(1597,1598,1599),(1600,1601,1602),(1603,1604,1605),(1606,1607,1608),(1609,1610,1611),(1612,1613,1614),(1615,1616,1617),(1618,1619,1620),(1621,1622,1623),(1624,1625,1626),(1627,1628,1629),(1630,1631,1632),(1633,1634,1635),(1636,1637,1638),(1639,1640,1641),(1642,1643,1644),(1645,1646,1647),(1648,1649,1650),(1651,1652,1653),(1654,1655,1656),(1657,1658,1659),(1660,1661,1662),(1663,1664,1665),(1666,1667,1668),(1669,1670,1671),(1672,1673,1674),(1675,1676,1677),(1678,1679,1680),(1681,1682,1683),(1684,1685,1686),(1687,1688,1689),(1690,1691,1692),(1693,1694,1695),(1696,1697,1698),(1699,1700,1701),(1702,1703,1704),(1705,1706,1707),(1708,1709,1710),(1711,1712,1713),(1714,1715,1716),(1717,1718,1719),(1720,1721,1722),(1723,1724,1725),(1726,1727,1728),(1729,1730,1731),(1732,1733,1734),(1735,1736,1737),(1738,1739,1740),(1741,1742,1743),(1744,1745,1746),(1747,1748,1749),(1750,1751,1752),(1753,1754,1755),(1756,1757,1758),(1759,1760,1761),(1762,1763,1764),(1765,1766,1767),(1768,1769,1770),(1771,1772,1773),(1774,1775,1776),(1777,1778,1779),(1780,1781,1782),(1783,1784,1785),(1786,1787,1788),(1789,1790,1791),(1792,1793,1794),(1795,1796,1797),(1798,1799,1800),(1801,1802,1803),(1804,1805,1806),(1807,1808,1809),(1810,1811,1812),(1813,1814,1815),(1816,1817,1818),(1819,1820,1821),(1822,1823,1824),(1825,1826,1827),(1828,1829,1830),(1831,1832,1833),(1834,1835,1836),(1837,1838,1839),(1840,1841,1842),(1843,1844,1845),(1846,1847,1848),(1849,1850,1851),(1852,1853,1854),(1855,1856,1857),(1858,1859,1860),(1861,1862,1863),(1864,1865,1866),(1867,1868,1869),(1870,1871,1872),(1873,1874,1875),(1876,1877,1878),(1879,1880,1881),(1882,1883,1884),(1885,1886,1887),(1888,1889,1890),(1891,1892,1893),(1894,1895,1896),(1897,1898,1899),(1900,1901,1902),(1903,1904,1905),(1906,1907,1908),(1909,1910,1911),(1912,1913,1914),(1915,1916,1917),(1918,1919,1920),(1921,1922,1923),(1924,1925,1926),(1927,1928,1929),(1930,1931,1932),(1933,1934,1935),(1936,1937,1938),(1939,1940,1941),(1942,1943,1944),(1945,1946,1947),(1948,1949,1950),(1951,1952,1953),(1954,1955,1956),(1957,1958,1959),(1960,1961,1962),(1963,1964,1965),(1966,1967,1968),(1969,1970,1971),(1972,1973,1974),(1975,1976,1977),(1978,1979,1980),(1981,1982,1983),(1984,1985,1986),(1987,1988,1989),(1990,1991,1992),(1993,1994,1995),(1996,1997,1998),(1999,2000,2001),(2002,2003,2004),(2005,2006,2007),(2008,2009,2010),(2011,2012,2013),(2014,2015,2016),(2017,2018,2019),(2020,2021,2022),(2023,2024,2025),(2026,2027,2028),(2029,2030,2031),(2032,2033,2034),(2035,2036,2037),(2038,2039,2040),(2041,2042,2043),(2044,2045,2046),(2047,2048,2049),(2050,2051,2052),(2053,2054,2055),(2056,2057,2058),(2059,2060,2061),(2062,2063,2064),(2065,2066,2067),(2068,2069,2070),(2071,2072,2073),(2074,2075,2076),(2077,2078,2079),(2080,2081,2082),(2083,2084,2085),(2086,2087,2088),(2089,2090,2091),(2092,2093,2094),(2095,2096,2097),(2098,2099,2100),(2101,2102,2103),(2104,2105,2106),(2107,2108,2109),(2110,2111,2112),(2113,2114,2115),(2116,2117,2118),(2119,2120,2121),(2122,2123,2124),(2125,2126,2127),(2128,2129,2130),(2131,2132,2133),(2134,2135,2136),(2137,2138,2139),(2140,2141,2142),(2143,2144,2145),(2146,2147,2148),(2149,2150,2151),(2152,2153,2154),(2155,2156,2157),(2158,2159,2160),(2161,2162,2163),(2164,2165,2166),(2167,2168,2169),(2170,2171,2172),(2173,2174,2175),(2176,2177,2178),(2179,2180,2181),(2182,2183,2184),(2185,2186,2187),(2188,2189,2190),(2191,2192,2193),(2194,2195,2196),(2197,2198,2199),(2200,2201,2202),(2203,2204,2205),(2206,2207,2208),(2209,2210,2211),(2212,2213,2214),(2215,2216,2217),(2218,2219,2220),(2221,2222,2223),(2224,2225,2226),(2227,2228,2229),(2230,2231,2232),(2233,2234,2235),(2236,2237,2238),(2239,2240,2241),(2242,2243,2244),(2245,2246,2247),(2248,2249,2250),(2251,2252,2253),(2254,2255,2256),(2257,2258,2259),(2260,2261,2262),(2263,2264,2265),(2266,2267,2268),(2269,2270,2271),(2272,2273,2274),(2275,2276,2277),(2278,2279,2280),(2281,2282,2283),(2284,2285,2286),(2287,2288,2289),(2290,2291,2292),(2293,2294,2295),(2296,2297,2298),(2299,2300,2301),(2302,2303,2304),(2305,2306,2307),(2308,2309,2310),(2311,2312,2313),(2314,2315,2316),(2317,2318,2319),(2320,2321,2322),(2323,2324,2325),(2326,2327,2328),(2329,2330,2331),(2332,2333,2334),(2335,2336,2337),(2338,2339,2340),(2341,2342,2343),(2344,2345,2346),(2347,2348,2349),(2350,2351,2352),(2353,2354,2355),(2356,2357,2358),(2359,2360,2361),(2362,2363,2364),(2365,2366,2367),(2368,2369,2370),(2371,2372,2373),(2374,2375,2376),(2377,2378,2379),(2380,2381,2382),(2383,2384,2385),(2386,2387,2388),(2389,2390,2391),(2392,2393,2394),(2395,2396,2397),(2398,2399,2400),(2401,2402,2403),(2404,2405,2406),(2407,2408,2409),(2410,2411,2412),(2413,2414,2415),(2416,2417,2418),(2419,2420,2421),(2422,2423,2424),(2425,2426,2427),(2428,2429,2430),(2431,2432,2433),(2434,2435,2436),(2437,2438,2439),(2440,2441,2442),(2443,2444,2445),(2446,2447,2448),(2449,2450,2451),(2452,2453,2454),(2455,2456,2457),(2458,2459,2460),(2461,2462,2463),(2464,2465,2466),(2467,2468,2469),(2470,2471,2472),(2473,2474,2475),(2476,2477,2478),(2479,2480,2481),(2482,2483,2484),(2485,2486,2487),(2488,2489,2490),(2491,2492,2493),(2494,2495,2496),(2497,2498,2499),(2500,2501,2502),(2503,2504,2505),(2506,2507,2508),(2509,2510,2511),(2512,2513,2514),(2515,2516,2517),(2518,2519,2520),(2521,2522,2523),(2524,2525,2526),(2527,2528,2529),(2530,2531,2532),(2533,2534,2535),(2536,2537,2538),(2539,2540,2541),(2542,2543,2544),(2545,2546,2547),(2548,2549,2550),(2551,2552,2553),(2554,2555,2556),(2557,2558,2559),(2560,2561,2562),(2563,2564,2565),(2566,2567,2568),(2569,2570,2571),(2572,2573,2574),(2575,2576,2577),(2578,2579,2580),(2581,2582,2583),(2584,2585,2586),(2587,2588,2589),(2590,2591,2592),(2593,2594,2595),(2596,2597,2598),(2599,2600,2601),(2602,2603,2604),(2605,2606,2607),(2608,2609,2610),(2611,2612,2613),(2614,2615,2616),(2617,2618,2619),(2620,2621,2622),(2623,2624,2625),(2626,2627,2628),(2629,2630,2631),(2632,2633,2634),(2635,2636,2637),(2638,2639,2640),(2641,2642,2643),(2644,2645,2646),(2647,2648,2649),(2650,2651,2652),(2653,2654,2655),(2656,2657,2658),(2659,2660,2661),(2662,2663,2664),(2665,2666,2667),(2668,2669,2670),(2671,2672,2673),(2674,2675,2676),(2677,2678,2679),(2680,2681,2682),(2683,2684,2685),(2686,2687,2688),(2689,2690,2691),(2692,2693,2694),(2695,2696,2697),(2698,2699,2700),(2701,2702,2703),(2704,2705,2706),(2707,2708,2709),(2710,2711,2712),(2713,2714,2715),(2716,2717,2718),(2719,2720,2721),(2722,2723,2724),(2725,2726,2727),(2728,2729,2730),(2731,2732,2733),(2734,2735,2736),(2737,2738,2739),(2740,2741,2742),(2743,2744,2745),(2746,2747,2748),(2749,2750,2751),(2752,2753,2754),(2755,2756,2757),(2758,2759,2760),(2761,2762,2763),(2764,2765,2766),(2767,2768,2769),(2770,2771,2772),(2773,2774,2775),(2776,2777,2778),(2779,2780,2781),(2782,2783,2784),(2785,2786,2787),(2788,2789,2790),(2791,2792,2793),(2794,2795,2796),(2797,2798,2799),(2800,2801,2802),(2803,2804,2805),(2806,2807,2808),(2809,2810,2811),(2812,2813,2814),(2815,2816,2817),(2818,2819,2820),(2821,2822,2823),(2824,2825,2826),(2827,2828,2829),(2830,2831,2832),(2833,2834,2835),(2836,2837,2838),(2839,2840,2841),(2842,2843,2844),(2845,2846,2847),(2848,2849,2850),(2851,2852,2853),(2854,2855,2856),(2857,2858,2859),(2860,2861,2862),(2863,2864,2865),(2866,2867,2868),(2869,2870,2871),(2872,2873,2874),(2875,2876,2877),(2878,2879,2880),(2881,2882,2883),(2884,2885,2886),(2887,2888,2889),(2890,2891,2892),(2893,2894,2895),(2896,2897,2898),(2899,2900,2901),(2902,2903,2904),(2905,2906,2907),(2908,2909,2910),(2911,2912,2913),(2914,2915,2916),(2917,2918,2919),(2920,2921,2922),(2923,2924,2925),(2926,2927,2928),(2929,2930,2931),(2932,2933,2934),(2935,2936,2937),(2938,2939,2940),(2941,2942,2943),(2944,2945,2946),(2947,2948,2949),(2950,2951,2952),(2953,2954,2955),(2956,2957,2958),(2959,2960,2961),(2962,2963,2964),(2965,2966,2967),(2968,2969,2970),(2971,2972,2973),(2974,2975,2976),(2977,2978,2979),(2980,2981,2982),(2983,2984,2985),(2986,2987,2988),(2989,2990,2991),(2992,2993,2994),(2995,2996,2997),(2998,2999,3000),(3001,3002,3003),(3004,3005,3006),(3007,3008,3009),(3010,3011,3012),(3013,3014,3015),(3016,3017,3018),(3019,3020,3021),(3022,3023,3024),(3025,3026,3027),(3028,3029,3030),(3031,3032,3033),(3034,3035,3036),(3037,3038,3039),(3040,3041,3042),(3043,3044,3045),(3046,3047,3048),(3049,3050,3051),(3052,3053,3054),(3055,3056,3057),(3058,3059,3060),(3061,3062,3063),(3064,3065,3066),(3067,3068,3069),(3070,3071,3072),(3073,3074,3075),(3076,3077,3078),(3079,3080,3081),(3082,3083,3084),(3085,3086,3087),(3088,3089,3090),(3091,3092,3093),(3094,3095,3096),(3097,3098,3099),(3100,3101,3102),(3103,3104,3105),(3106,3107,3108),(3109,3110,3111),(3112,3113,3114),(3115,3116,3117),(3118,3119,3120),(3121,3122,3123),(3124,3125,3126),(3127,3128,3129),(3130,3131,3132),(3133,3134,3135),(3136,3137,3138),(3139,3140,3141),(3142,3143,3144),(3145,3146,3147),(3148,3149,3150),(3151,3152,3153),(3154,3155,3156),(3157,3158,3159),(3160,3161,3162),(3163,3164,3165),(3166,3167,3168),(3169,3170,3171),(3172,3173,3174),(3175,3176,3177),(3178,3179,3180),(3181,3182,3183),(3184,3185,3186),(3187,3188,3189),(3190,3191,3192),(3193,3194,3195),(3196,3197,3198),(3199,3200,3201),(3202,3203,3204),(3205,3206,3207),(3208,3209,3210),(3211,3212,3213),(3214,3215,3216),(3217,3218,3219),(3220,3221,3222),(3223,3224,3225),(3226,3227,3228),(3229,3230,3231),(3232,3233,3234),(3235,3236,3237),(3238,3239,3240),(3241,3242,3243),(3244,3245,3246),(3247,3248,3249),(3250,3251,3252),(3253,3254,3255),(3256,3257,3258),(3259,3260,3261),(3262,3263,3264),(3265,3266,3267),(3268,3269,3270),(3271,3272,3273),(3274,3275,3276),(3277,3278,3279),(3280,3281,3282),(3283,3284,3285),(3286,3287,3288),(3289,3290,3291),(3292,3293,3294),(3295,3296,3297),(3298,3299,3300),(3301,3302,3303),(3304,3305,3306),(3307,3308,3309),(3310,3311,3312),(3313,3314,3315),(3316,3317,3318),(3319,3320,3321),(3322,3323,3324),(3325,3326,3327),(3328,3329,3330),(3331,3332,3333),(3334,3335,3336),(3337,3338,3339),(3340,3341,3342),(3343,3344,3345),(3346,3347,3348),(3349,3350,3351),(3352,3353,3354),(3355,3356,3357),(3358,3359,3360),(3361,3362,3363),(3364,3365,3366),(3367,3368,3369),(3370,3371,3372),(3373,3374,3375),(3376,3377,3378),(3379,3380,3381),(3382,3383,3384),(3385,3386,3387),(3388,3389,3390),(3391,3392,3393),(3394,3395,3396),(3397,3398,3399),(3400,3401,3402),(3403,3404,3405),(3406,3407,3408),(3409,3410,3411),(3412,3413,3414),(3415,3416,3417),(3418,3419,3420),(3421,3422,3423),(3424,3425,3426),(3427,3428,3429),(3430,3431,3432),(3433,3434,3435),(3436,3437,3438),(3439,3440,3441),(3442,3443,3444),(3445,3446,3447),(3448,3449,3450),(3451,3452,3453),(3454,3455,3456),(3457,3458,3459),(3460,3461,3462),(3463,3464,3465),(3466,3467,3468),(3469,3470,3471),(3472,3473,3474),(3475,3476,3477),(3478,3479,3480),(3481,3482,3483),(3484,3485,3486),(3487,3488,3489),(3490,3491,3492),(3493,3494,3495),(3496,3497,3498),(3499,3500,3501),(3502,3503,3504),(3505,3506,3507),(3508,3509,3510),(3511,3512,3513),(3514,3515,3516),(3517,3518,3519),(3520,3521,3522),(3523,3524,3525),(3526,3527,3528),(3529,3530,3531),(3532,3533,3534),(3535,3536,3537),(3538,3539,3540),(3541,3542,3543),(3544,3545,3546),(3547,3548,3549),(3550,3551,3552),(3553,3554,3555),(3556,3557,3558),(3559,3560,3561),(3562,3563,3564),(3565,3566,3567),(3568,3569,3570),(3571,3572,3573),(3574,3575,3576),(3577,3578,3579),(3580,3581,3582),(3583,3584,3585),(3586,3587,3588),(3589,3590,3591),(3592,3593,3594),(3595,3596,3597),(3598,3599,3600),(3601,3602,3603),(3604,3605,3606),(3607,3608,3609),(3610,3611,3612),(3613,3614,3615),(3616,3617,3618),(3619,3620,3621),(3622,3623,3624),(3625,3626,3627),(3628,3629,3630),(3631,3632,3633),(3634,3635,3636),(3637,3638,3639),(3640,3641,3642),(3643,3644,3645),(3646,3647,3648),(3649,3650,3651),(3652,3653,3654),(3655,3656,3657),(3658,3659,3660),(3661,3662,3663),(3664,3665,3666),(3667,3668,3669),(3670,3671,3672),(3673,3674,3675),(3676,3677,3678),(3679,3680,3681),(3682,3683,3684),(3685,3686,3687),(3688,3689,3690),(3691,3692,3693),(3694,3695,3696),(3697,3698,3699),(3700,3701,3702),(3703,3704,3705),(3706,3707,3708),(3709,3710,3711),(3712,3713,3714),(3715,3716,3717),(3718,3719,3720),(3721,3722,3723),(3724,3725,3726),(3727,3728,3729),(3730,3731,3732),(3733,3734,3735),(3736,3737,3738),(3739,3740,3741),(3742,3743,3744),(3745,3746,3747),(3748,3749,3750),(3751,3752,3753),(3754,3755,3756),(3757,3758,3759),(3760,3761,3762),(3763,3764,3765),(3766,3767,3768),(3769,3770,3771),(3772,3773,3774),(3775,3776,3777),(3778,3779,3780),(3781,3782,3783),(3784,3785,3786),(3787,3788,3789),(3790,3791,3792),(3793,3794,3795),(3796,3797,3798),(3799,3800,3801),(3802,3803,3804),(3805,3806,3807),(3808,3809,3810),(3811,3812,3813),(3814,3815,3816),(3817,3818,3819),(3820,3821,3822),(3823,3824,3825),(3826,3827,3828),(3829,3830,3831),(3832,3833,3834),(3835,3836,3837),(3838,3839,3840),(3841,3842,3843),(3844,3845,3846),(3847,3848,3849),(3850,3851,3852),(3853,3854,3855),(3856,3857,3858),(3859,3860,3861),(3862,3863,3864),(3865,3866,3867),(3868,3869,3870),(3871,3872,3873),(3874,3875,3876),(3877,3878,3879),(3880,3881,3882),(3883,3884,3885),(3886,3887,3888),(3889,3890,3891),(3892,3893,3894),(3895,3896,3897),(3898,3899,3900),(3901,3902,3903),(3904,3905,3906),(3907,3908,3909),(3910,3911,3912),(3913,3914,3915),(3916,3917,3918),(3919,3920,3921),(3922,3923,3924),(3925,3926,3927),(3928,3929,3930),(3931,3932,3933),(3934,3935,3936),(3937,3938,3939),(3940,3941,3942),(3943,3944,3945),(3946,3947,3948),(3949,3950,3951),(3952,3953,3954),(3955,3956,3957),(3958,3959,3960),(3961,3962,3963),(3964,3965,3966),(3967,3968,3969),(3970,3971,3972),(3973,3974,3975),(3976,3977,3978),(3979,3980,3981),(3982,3983,3984),(3985,3986,3987),(3988,3989,3990),(3991,3992,3993),(3994,3995,3996),(3997,3998,3999),(4000,4001,4002),(4003,4004,4005),(4006,4007,4008),(4009,4010,4011),(4012,4013,4014),(4015,4016,4017),(4018,4019,4020),(4021,4022,4023),(4024,4025,4026),(4027,4028,4029),(4030,4031,4032),(4033,4034,4035),(4036,4037,4038),(4039,4040,4041),(4042,4043,4044),(4045,4046,4047),(4048,4049,4050),(4051,4052,4053),(4054,4055,4056),(4057,4058,4059),(4060,4061,4062),(4063,4064,4065),(4066,4067,4068),(4069,4070,4071),(4072,4073,4074),(4075,4076,4077),(4078,4079,4080),(4081,4082,4083),(4084,4085,4086),(4087,4088,4089),(4090,4091,4092),(4093,4094,4095),(4096,4097,4098),(4099,4100,4101),(4102,4103,4104),(4105,4106,4107),(4108,4109,4110),(4111,4112,4113),(4114,4115,4116),(4117,4118,4119),(4120,4121,4122),(4123,4124,4125),(4126,4127,4128),(4129,4130,4131),(4132,4133,4134),(4135,4136,4137),(4138,4139,4140),(4141,4142,4143),(4144,4145,4146),(4147,4148,4149),(4150,4151,4152),(4153,4154,4155),(4156,4157,4158),(4159,4160,4161),(4162,4163,4164),(4165,4166,4167),(4168,4169,4170),(4171,4172,4173),(4174,4175,4176),(4177,4178,4179),(4180,4181,4182),(4183,4184,4185),(4186,4187,4188),(4189,4190,4191),(4192,4193,4194),(4195,4196,4197),(4198,4199,4200),(4201,4202,4203),(4204,4205,4206),(4207,4208,4209),(4210,4211,4212),(4213,4214,4215),(4216,4217,4218),(4219,4220,4221),(4222,4223,4224),(4225,4226,4227),(4228,4229,4230),(4231,4232,4233),(4234,4235,4236),(4237,4238,4239),(4240,4241,4242),(4243,4244,4245),(4246,4247,4248),(4249,4250,4251),(4252,4253,4254),(4255,4256,4257),(4258,4259,4260),(4261,4262,4263),(4264,4265,4266),(4267,4268,4269),(4270,4271,4272),(4273,4274,4275),(4276,4277,4278),(4279,4280,4281)));
#8077=TESSELLATED_GEOMETRIC_SET('hole callout',(#8076));
#8078=COORDINATES_LIST('coordinates',5,((-0.0280161,0.0222661,0.0120000),(-0.0015597,0.0222661,0.0120000),(-0.0367661,0.0260161,0.0120000),(-0.0330161,0.0222661,0.0120000),(-0.0280161,0.0222661,0.0120000)));
#8079=TESSELLATED_CURVE_SET('curve set',#8078,((1,2),(3,4,5)));
#8080=TESSELLATED_GEOMETRIC_SET('hole callout',(#8079));
#8081=TESSELLATED_ANNOTATION_OCCURRENCE('hole callout',(#8074),#8077);
#8082=TESSELLATED_ANNOTATION_OCCURRENCE('hole callout',(#8074),#8080);
#8083=DRAUGHTING_CALLOUT('hole callout',(#8081,#8082));
#8084=DRAUGHTING_MODEL_ITEM_ASSOCIATION('','',#8026,#8070,#8083);
#8085=DRAUGHTING_MODEL_ITEM_ASSOCIATION('','',#8034,#8070,#8083);
#8086=DRAUGHTING_MODEL_ITEM_ASSOCIATION('','',#8042,#8070,#8083);
#8087=DRAUGHTING_MODEL_ITEM_ASSOCIATION('','',#8001,#8070,#8083);
ENDSEC;
END-ISO-10303-21;
