ISO-10303-21;
HEADER;
/*Generated by software containing ST-Developer
 * from STEP Tools, Inc. (www.steptools.com) 
 */
/*OPTION: using custom renumber hook */
/*description */
/*implementation_level */
FILE_DESCRIPTION(('STEP AP242 Edition 2','STEP AP242 Edition 2''CAx-IF Rec.Pracs.---Representation and Presentation of Product Manufa
cturing Information (PMI)---4.0---2014-10-13','STEP AP242 Edition 2''CAx-IF Rec.Pracs.---Representation and Presentation of Product Manufa
cturing Information (PMI)---4.0---2014-10-13''CAx-IF Rec.Pracs.---3D Tessellated Geometry---0.4---2014-09-14','STEP AP242 Edition 2''CAx-IF Rec.Pracs.---Representation and Presentation of Product Manufa
cturing Information (PMI)---4.0---2014-10-13''CAx-IF Rec.Pracs.---3D Tessellated Geometry---0.4---2014-09-14''2;1','STEP AP242 Edition 2''CAx-IF Rec.Pracs.---Representation and Presentation of Product Manufa
cturing Information (PMI)---4.0---2014-10-13''CAx-IF Rec.Pracs.---3D Tessellated Geometry---0.4---2014-09-14''2;1''CAx-IF Rec.Pracs.---User Defined Attributes---1.5---2016-08-15'),'2;1');
/*name */
/*time_stamp */
/*author */
/*organization */
/*preprocessor_version */
/*originating_system */
/*authorisation */
FILE_NAME('/vol/tmp/translate-3757796549776342444/Case - Housing.step','2026-03-01T13:35:59',(''),(''),'ST-DEVELOPER v20','ONSHAPE BY PTC INC, 1.211','  ');
FILE_SCHEMA(('AP242_MANAGED_MODEL_BASED_3D_ENGINEERING_MIM_LF { 1 0 10303 442 3 1 4 }'));
ENDSEC;
DATA;
#10=SHAPE_REPRESENTATION_RELATIONSHIP('','',#653,#11);
#11=ADVANCED_BREP_SHAPE_REPRESENTATION('',(#651),#1107);
#12=CYLINDRICAL_SURFACE('',#690,0.00125);
#13=CYLINDRICAL_SURFACE('',#694,0.00325);
#14=CYLINDRICAL_SURFACE('',#695,0.00125);
#15=CYLINDRICAL_SURFACE('',#699,0.00325);
#16=CYLINDRICAL_SURFACE('',#700,0.00125);
#17=CYLINDRICAL_SURFACE('',#704,0.00325);
#18=CYLINDRICAL_SURFACE('',#705,0.00125);
#19=CYLINDRICAL_SURFACE('',#709,0.00325);
#20=CYLINDRICAL_SURFACE('',#712,0.00125);
#21=CYLINDRICAL_SURFACE('',#715,0.00125);
#22=CYLINDRICAL_SURFACE('',#718,0.00125);
#23=CYLINDRICAL_SURFACE('',#721,0.00125);
#24=CYLINDRICAL_SURFACE('',#722,0.001);
#25=CYLINDRICAL_SURFACE('',#723,0.001);
#26=CYLINDRICAL_SURFACE('',#724,0.001);
#27=CYLINDRICAL_SURFACE('',#725,0.001);
#28=CYLINDRICAL_SURFACE('',#726,0.000499999999999994);
#29=CYLINDRICAL_SURFACE('',#727,0.00049999999999999);
#30=CIRCLE('',#656,0.00049999999999999);
#31=CIRCLE('',#657,0.000499999999999994);
#32=CIRCLE('',#659,0.00125);
#33=CIRCLE('',#660,0.00125);
#34=CIRCLE('',#661,0.00125);
#35=CIRCLE('',#662,0.00125);
#36=CIRCLE('',#663,0.00125);
#37=CIRCLE('',#664,0.00125);
#38=CIRCLE('',#665,0.00125);
#39=CIRCLE('',#666,0.00125);
#40=CIRCLE('',#667,0.001);
#41=CIRCLE('',#668,0.001);
#42=CIRCLE('',#669,0.001);
#43=CIRCLE('',#670,0.001);
#44=CIRCLE('',#672,0.000499999999999994);
#45=CIRCLE('',#673,0.00049999999999999);
#46=CIRCLE('',#678,0.00325);
#47=CIRCLE('',#679,0.00325);
#48=CIRCLE('',#680,0.00325);
#49=CIRCLE('',#681,0.00325);
#50=CIRCLE('',#682,0.001);
#51=CIRCLE('',#683,0.001);
#52=CIRCLE('',#684,0.001);
#53=CIRCLE('',#685,0.001);
#54=CIRCLE('',#691,0.00125);
#55=CIRCLE('',#693,0.00325);
#56=CIRCLE('',#696,0.00125);
#57=CIRCLE('',#698,0.00325);
#58=CIRCLE('',#701,0.00125);
#59=CIRCLE('',#703,0.00325);
#60=CIRCLE('',#706,0.00125);
#61=CIRCLE('',#708,0.00325);
#62=CIRCLE('',#711,0.00125);
#63=CIRCLE('',#714,0.00125);
#64=CIRCLE('',#717,0.00125);
#65=CIRCLE('',#720,0.00125);
#66=ORIENTED_EDGE('',*,*,#222,.F.);
#67=ORIENTED_EDGE('',*,*,#223,.F.);
#68=ORIENTED_EDGE('',*,*,#224,.T.);
#69=ORIENTED_EDGE('',*,*,#225,.T.);
#70=ORIENTED_EDGE('',*,*,#226,.F.);
#71=ORIENTED_EDGE('',*,*,#227,.F.);
#72=ORIENTED_EDGE('',*,*,#228,.T.);
#73=ORIENTED_EDGE('',*,*,#229,.T.);
#74=ORIENTED_EDGE('',*,*,#230,.T.);
#75=ORIENTED_EDGE('',*,*,#231,.T.);
#76=ORIENTED_EDGE('',*,*,#232,.T.);
#77=ORIENTED_EDGE('',*,*,#233,.T.);
#78=ORIENTED_EDGE('',*,*,#234,.T.);
#79=ORIENTED_EDGE('',*,*,#235,.T.);
#80=ORIENTED_EDGE('',*,*,#236,.T.);
#81=ORIENTED_EDGE('',*,*,#237,.T.);
#82=ORIENTED_EDGE('',*,*,#238,.T.);
#83=ORIENTED_EDGE('',*,*,#239,.T.);
#84=ORIENTED_EDGE('',*,*,#223,.T.);
#85=ORIENTED_EDGE('',*,*,#240,.T.);
#86=ORIENTED_EDGE('',*,*,#241,.F.);
#87=ORIENTED_EDGE('',*,*,#242,.T.);
#88=ORIENTED_EDGE('',*,*,#243,.T.);
#89=ORIENTED_EDGE('',*,*,#244,.T.);
#90=ORIENTED_EDGE('',*,*,#245,.T.);
#91=ORIENTED_EDGE('',*,*,#246,.T.);
#92=ORIENTED_EDGE('',*,*,#247,.F.);
#93=ORIENTED_EDGE('',*,*,#248,.T.);
#94=ORIENTED_EDGE('',*,*,#249,.F.);
#95=ORIENTED_EDGE('',*,*,#250,.F.);
#96=ORIENTED_EDGE('',*,*,#227,.T.);
#97=ORIENTED_EDGE('',*,*,#251,.T.);
#98=ORIENTED_EDGE('',*,*,#252,.F.);
#99=ORIENTED_EDGE('',*,*,#253,.F.);
#100=ORIENTED_EDGE('',*,*,#241,.T.);
#101=ORIENTED_EDGE('',*,*,#254,.T.);
#102=ORIENTED_EDGE('',*,*,#255,.F.);
#103=ORIENTED_EDGE('',*,*,#256,.F.);
#104=ORIENTED_EDGE('',*,*,#257,.F.);
#105=ORIENTED_EDGE('',*,*,#258,.F.);
#106=ORIENTED_EDGE('',*,*,#249,.T.);
#107=ORIENTED_EDGE('',*,*,#259,.T.);
#108=ORIENTED_EDGE('',*,*,#260,.F.);
#109=ORIENTED_EDGE('',*,*,#261,.T.);
#110=ORIENTED_EDGE('',*,*,#262,.T.);
#111=ORIENTED_EDGE('',*,*,#263,.T.);
#112=ORIENTED_EDGE('',*,*,#243,.F.);
#113=ORIENTED_EDGE('',*,*,#264,.T.);
#114=ORIENTED_EDGE('',*,*,#245,.F.);
#115=ORIENTED_EDGE('',*,*,#265,.T.);
#116=ORIENTED_EDGE('',*,*,#266,.T.);
#117=ORIENTED_EDGE('',*,*,#267,.T.);
#118=ORIENTED_EDGE('',*,*,#268,.F.);
#119=ORIENTED_EDGE('',*,*,#269,.T.);
#120=ORIENTED_EDGE('',*,*,#247,.T.);
#121=ORIENTED_EDGE('',*,*,#270,.T.);
#122=ORIENTED_EDGE('',*,*,#271,.T.);
#123=ORIENTED_EDGE('',*,*,#272,.T.);
#124=ORIENTED_EDGE('',*,*,#273,.T.);
#125=ORIENTED_EDGE('',*,*,#274,.T.);
#126=ORIENTED_EDGE('',*,*,#266,.F.);
#127=ORIENTED_EDGE('',*,*,#275,.T.);
#128=ORIENTED_EDGE('',*,*,#262,.F.);
#129=ORIENTED_EDGE('',*,*,#276,.T.);
#130=ORIENTED_EDGE('',*,*,#260,.T.);
#131=ORIENTED_EDGE('',*,*,#277,.T.);
#132=ORIENTED_EDGE('',*,*,#268,.T.);
#133=ORIENTED_EDGE('',*,*,#278,.T.);
#134=ORIENTED_EDGE('',*,*,#279,.F.);
#135=ORIENTED_EDGE('',*,*,#224,.F.);
#136=ORIENTED_EDGE('',*,*,#253,.T.);
#137=ORIENTED_EDGE('',*,*,#280,.T.);
#138=ORIENTED_EDGE('',*,*,#281,.T.);
#139=ORIENTED_EDGE('',*,*,#282,.F.);
#140=ORIENTED_EDGE('',*,*,#251,.F.);
#141=ORIENTED_EDGE('',*,*,#226,.T.);
#142=ORIENTED_EDGE('',*,*,#283,.F.);
#143=ORIENTED_EDGE('',*,*,#280,.F.);
#144=ORIENTED_EDGE('',*,*,#252,.T.);
#145=ORIENTED_EDGE('',*,*,#282,.T.);
#146=ORIENTED_EDGE('',*,*,#225,.F.);
#147=ORIENTED_EDGE('',*,*,#279,.T.);
#148=ORIENTED_EDGE('',*,*,#283,.T.);
#149=ORIENTED_EDGE('',*,*,#281,.F.);
#150=ORIENTED_EDGE('',*,*,#239,.F.);
#151=ORIENTED_EDGE('',*,*,#284,.F.);
#152=ORIENTED_EDGE('',*,*,#284,.T.);
#153=ORIENTED_EDGE('',*,*,#285,.F.);
#154=ORIENTED_EDGE('',*,*,#285,.T.);
#155=ORIENTED_EDGE('',*,*,#274,.F.);
#156=ORIENTED_EDGE('',*,*,#238,.F.);
#157=ORIENTED_EDGE('',*,*,#286,.F.);
#158=ORIENTED_EDGE('',*,*,#286,.T.);
#159=ORIENTED_EDGE('',*,*,#287,.F.);
#160=ORIENTED_EDGE('',*,*,#287,.T.);
#161=ORIENTED_EDGE('',*,*,#273,.F.);
#162=ORIENTED_EDGE('',*,*,#237,.F.);
#163=ORIENTED_EDGE('',*,*,#288,.F.);
#164=ORIENTED_EDGE('',*,*,#288,.T.);
#165=ORIENTED_EDGE('',*,*,#289,.F.);
#166=ORIENTED_EDGE('',*,*,#289,.T.);
#167=ORIENTED_EDGE('',*,*,#272,.F.);
#168=ORIENTED_EDGE('',*,*,#236,.F.);
#169=ORIENTED_EDGE('',*,*,#290,.F.);
#170=ORIENTED_EDGE('',*,*,#290,.T.);
#171=ORIENTED_EDGE('',*,*,#291,.F.);
#172=ORIENTED_EDGE('',*,*,#291,.T.);
#173=ORIENTED_EDGE('',*,*,#271,.F.);
#174=ORIENTED_EDGE('',*,*,#292,.F.);
#175=ORIENTED_EDGE('',*,*,#235,.F.);
#176=ORIENTED_EDGE('',*,*,#292,.T.);
#177=ORIENTED_EDGE('',*,*,#293,.F.);
#178=ORIENTED_EDGE('',*,*,#234,.F.);
#179=ORIENTED_EDGE('',*,*,#293,.T.);
#180=ORIENTED_EDGE('',*,*,#294,.F.);
#181=ORIENTED_EDGE('',*,*,#233,.F.);
#182=ORIENTED_EDGE('',*,*,#294,.T.);
#183=ORIENTED_EDGE('',*,*,#295,.F.);
#184=ORIENTED_EDGE('',*,*,#232,.F.);
#185=ORIENTED_EDGE('',*,*,#295,.T.);
#186=ORIENTED_EDGE('',*,*,#275,.F.);
#187=ORIENTED_EDGE('',*,*,#265,.F.);
#188=ORIENTED_EDGE('',*,*,#244,.F.);
#189=ORIENTED_EDGE('',*,*,#263,.F.);
#190=ORIENTED_EDGE('',*,*,#276,.F.);
#191=ORIENTED_EDGE('',*,*,#264,.F.);
#192=ORIENTED_EDGE('',*,*,#242,.F.);
#193=ORIENTED_EDGE('',*,*,#261,.F.);
#194=ORIENTED_EDGE('',*,*,#277,.F.);
#195=ORIENTED_EDGE('',*,*,#259,.F.);
#196=ORIENTED_EDGE('',*,*,#248,.F.);
#197=ORIENTED_EDGE('',*,*,#269,.F.);
#198=ORIENTED_EDGE('',*,*,#278,.F.);
#199=ORIENTED_EDGE('',*,*,#270,.F.);
#200=ORIENTED_EDGE('',*,*,#246,.F.);
#201=ORIENTED_EDGE('',*,*,#267,.F.);
#202=ORIENTED_EDGE('',*,*,#296,.T.);
#203=ORIENTED_EDGE('',*,*,#255,.T.);
#204=ORIENTED_EDGE('',*,*,#297,.F.);
#205=ORIENTED_EDGE('',*,*,#231,.F.);
#206=ORIENTED_EDGE('',*,*,#298,.T.);
#207=ORIENTED_EDGE('',*,*,#257,.T.);
#208=ORIENTED_EDGE('',*,*,#299,.F.);
#209=ORIENTED_EDGE('',*,*,#229,.F.);
#210=ORIENTED_EDGE('',*,*,#299,.T.);
#211=ORIENTED_EDGE('',*,*,#256,.T.);
#212=ORIENTED_EDGE('',*,*,#296,.F.);
#213=ORIENTED_EDGE('',*,*,#230,.F.);
#214=ORIENTED_EDGE('',*,*,#222,.T.);
#215=ORIENTED_EDGE('',*,*,#297,.T.);
#216=ORIENTED_EDGE('',*,*,#254,.F.);
#217=ORIENTED_EDGE('',*,*,#240,.F.);
#218=ORIENTED_EDGE('',*,*,#250,.T.);
#219=ORIENTED_EDGE('',*,*,#258,.T.);
#220=ORIENTED_EDGE('',*,*,#298,.F.);
#221=ORIENTED_EDGE('',*,*,#228,.F.);
#222=EDGE_CURVE('',#300,#301,#360,.T.);
#223=EDGE_CURVE('',#302,#300,#361,.T.);
#224=EDGE_CURVE('',#302,#303,#362,.T.);
#225=EDGE_CURVE('',#303,#304,#363,.T.);
#226=EDGE_CURVE('',#305,#304,#364,.T.);
#227=EDGE_CURVE('',#306,#305,#365,.T.);
#228=EDGE_CURVE('',#306,#307,#366,.T.);
#229=EDGE_CURVE('',#307,#308,#30,.T.);
#230=EDGE_CURVE('',#308,#309,#367,.T.);
#231=EDGE_CURVE('',#309,#301,#31,.T.);
#232=EDGE_CURVE('',#310,#310,#32,.F.);
#233=EDGE_CURVE('',#311,#311,#33,.F.);
#234=EDGE_CURVE('',#312,#312,#34,.F.);
#235=EDGE_CURVE('',#313,#313,#35,.F.);
#236=EDGE_CURVE('',#314,#314,#36,.F.);
#237=EDGE_CURVE('',#315,#315,#37,.F.);
#238=EDGE_CURVE('',#316,#316,#38,.F.);
#239=EDGE_CURVE('',#317,#317,#39,.F.);
#240=EDGE_CURVE('',#300,#318,#368,.T.);
#241=EDGE_CURVE('',#319,#318,#369,.T.);
#242=EDGE_CURVE('',#319,#320,#40,.T.);
#243=EDGE_CURVE('',#320,#321,#370,.T.);
#244=EDGE_CURVE('',#321,#322,#41,.T.);
#245=EDGE_CURVE('',#322,#323,#371,.T.);
#246=EDGE_CURVE('',#323,#324,#42,.T.);
#247=EDGE_CURVE('',#325,#324,#372,.T.);
#248=EDGE_CURVE('',#325,#326,#43,.T.);
#249=EDGE_CURVE('',#327,#326,#373,.T.);
#250=EDGE_CURVE('',#306,#327,#374,.T.);
#251=EDGE_CURVE('',#305,#328,#375,.T.);
#252=EDGE_CURVE('',#329,#328,#376,.T.);
#253=EDGE_CURVE('',#302,#329,#377,.T.);
#254=EDGE_CURVE('',#318,#330,#378,.T.);
#255=EDGE_CURVE('',#331,#330,#44,.T.);
#256=EDGE_CURVE('',#332,#331,#379,.T.);
#257=EDGE_CURVE('',#333,#332,#45,.T.);
#258=EDGE_CURVE('',#327,#333,#380,.T.);
#259=EDGE_CURVE('',#326,#334,#381,.F.);
#260=EDGE_CURVE('',#335,#334,#382,.T.);
#261=EDGE_CURVE('',#335,#319,#383,.T.);
#262=EDGE_CURVE('',#336,#337,#384,.T.);
#263=EDGE_CURVE('',#337,#321,#385,.T.);
#264=EDGE_CURVE('',#320,#336,#386,.F.);
#265=EDGE_CURVE('',#322,#338,#387,.F.);
#266=EDGE_CURVE('',#338,#339,#388,.T.);
#267=EDGE_CURVE('',#339,#323,#389,.T.);
#268=EDGE_CURVE('',#340,#341,#390,.T.);
#269=EDGE_CURVE('',#340,#325,#391,.T.);
#270=EDGE_CURVE('',#324,#341,#392,.F.);
#271=EDGE_CURVE('',#342,#342,#46,.T.);
#272=EDGE_CURVE('',#343,#343,#47,.T.);
#273=EDGE_CURVE('',#344,#344,#48,.T.);
#274=EDGE_CURVE('',#345,#345,#49,.T.);
#275=EDGE_CURVE('',#338,#337,#50,.F.);
#276=EDGE_CURVE('',#336,#335,#51,.F.);
#277=EDGE_CURVE('',#334,#340,#52,.F.);
#278=EDGE_CURVE('',#341,#339,#53,.F.);
#279=EDGE_CURVE('',#303,#346,#393,.T.);
#280=EDGE_CURVE('',#329,#346,#394,.T.);
#281=EDGE_CURVE('',#304,#347,#395,.T.);
#282=EDGE_CURVE('',#328,#347,#396,.T.);
#283=EDGE_CURVE('',#346,#347,#397,.T.);
#284=EDGE_CURVE('',#348,#348,#54,.T.);
#285=EDGE_CURVE('',#349,#349,#55,.T.);
#286=EDGE_CURVE('',#350,#350,#56,.T.);
#287=EDGE_CURVE('',#351,#351,#57,.T.);
#288=EDGE_CURVE('',#352,#352,#58,.T.);
#289=EDGE_CURVE('',#353,#353,#59,.T.);
#290=EDGE_CURVE('',#354,#354,#60,.T.);
#291=EDGE_CURVE('',#355,#355,#61,.T.);
#292=EDGE_CURVE('',#356,#356,#62,.T.);
#293=EDGE_CURVE('',#357,#357,#63,.T.);
#294=EDGE_CURVE('',#358,#358,#64,.T.);
#295=EDGE_CURVE('',#359,#359,#65,.T.);
#296=EDGE_CURVE('',#309,#331,#398,.T.);
#297=EDGE_CURVE('',#301,#330,#399,.T.);
#298=EDGE_CURVE('',#307,#333,#400,.T.);
#299=EDGE_CURVE('',#308,#332,#401,.T.);
#300=VERTEX_POINT('',#930);
#301=VERTEX_POINT('',#931);
#302=VERTEX_POINT('',#933);
#303=VERTEX_POINT('',#935);
#304=VERTEX_POINT('',#937);
#305=VERTEX_POINT('',#939);
#306=VERTEX_POINT('',#941);
#307=VERTEX_POINT('',#943);
#308=VERTEX_POINT('',#945);
#309=VERTEX_POINT('',#947);
#310=VERTEX_POINT('',#951);
#311=VERTEX_POINT('',#953);
#312=VERTEX_POINT('',#955);
#313=VERTEX_POINT('',#957);
#314=VERTEX_POINT('',#959);
#315=VERTEX_POINT('',#961);
#316=VERTEX_POINT('',#963);
#317=VERTEX_POINT('',#965);
#318=VERTEX_POINT('',#967);
#319=VERTEX_POINT('',#969);
#320=VERTEX_POINT('',#971);
#321=VERTEX_POINT('',#973);
#322=VERTEX_POINT('',#975);
#323=VERTEX_POINT('',#977);
#324=VERTEX_POINT('',#979);
#325=VERTEX_POINT('',#981);
#326=VERTEX_POINT('',#983);
#327=VERTEX_POINT('',#985);
#328=VERTEX_POINT('',#988);
#329=VERTEX_POINT('',#990);
#330=VERTEX_POINT('',#994);
#331=VERTEX_POINT('',#996);
#332=VERTEX_POINT('',#998);
#333=VERTEX_POINT('',#1000);
#334=VERTEX_POINT('',#1003);
#335=VERTEX_POINT('',#1005);
#336=VERTEX_POINT('',#1009);
#337=VERTEX_POINT('',#1010);
#338=VERTEX_POINT('',#1015);
#339=VERTEX_POINT('',#1017);
#340=VERTEX_POINT('',#1021);
#341=VERTEX_POINT('',#1022);
#342=VERTEX_POINT('',#1027);
#343=VERTEX_POINT('',#1029);
#344=VERTEX_POINT('',#1031);
#345=VERTEX_POINT('',#1033);
#346=VERTEX_POINT('',#1040);
#347=VERTEX_POINT('',#1044);
#348=VERTEX_POINT('',#1051);
#349=VERTEX_POINT('',#1054);
#350=VERTEX_POINT('',#1058);
#351=VERTEX_POINT('',#1061);
#352=VERTEX_POINT('',#1065);
#353=VERTEX_POINT('',#1068);
#354=VERTEX_POINT('',#1072);
#355=VERTEX_POINT('',#1075);
#356=VERTEX_POINT('',#1079);
#357=VERTEX_POINT('',#1083);
#358=VERTEX_POINT('',#1087);
#359=VERTEX_POINT('',#1091);
#360=LINE('',#929,#402);
#361=LINE('',#932,#403);
#362=LINE('',#934,#404);
#363=LINE('',#936,#405);
#364=LINE('',#938,#406);
#365=LINE('',#940,#407);
#366=LINE('',#942,#408);
#367=LINE('',#946,#409);
#368=LINE('',#966,#410);
#369=LINE('',#968,#411);
#370=LINE('',#972,#412);
#371=LINE('',#976,#413);
#372=LINE('',#980,#414);
#373=LINE('',#984,#415);
#374=LINE('',#986,#416);
#375=LINE('',#987,#417);
#376=LINE('',#989,#418);
#377=LINE('',#991,#419);
#378=LINE('',#993,#420);
#379=LINE('',#997,#421);
#380=LINE('',#1001,#422);
#381=LINE('',#1002,#423);
#382=LINE('',#1004,#424);
#383=LINE('',#1006,#425);
#384=LINE('',#1008,#426);
#385=LINE('',#1011,#427);
#386=LINE('',#1012,#428);
#387=LINE('',#1014,#429);
#388=LINE('',#1016,#430);
#389=LINE('',#1018,#431);
#390=LINE('',#1020,#432);
#391=LINE('',#1023,#433);
#392=LINE('',#1024,#434);
#393=LINE('',#1039,#435);
#394=LINE('',#1041,#436);
#395=LINE('',#1043,#437);
#396=LINE('',#1045,#438);
#397=LINE('',#1047,#439);
#398=LINE('',#1098,#440);
#399=LINE('',#1099,#441);
#400=LINE('',#1101,#442);
#401=LINE('',#1102,#443);
#402=VECTOR('',#735,1.);
#403=VECTOR('',#736,1.);
#404=VECTOR('',#737,1.);
#405=VECTOR('',#738,1.);
#406=VECTOR('',#739,1.);
#407=VECTOR('',#740,1.);
#408=VECTOR('',#741,1.);
#409=VECTOR('',#744,1.);
#410=VECTOR('',#765,1.);
#411=VECTOR('',#766,1.);
#412=VECTOR('',#769,1.);
#413=VECTOR('',#772,1.);
#414=VECTOR('',#775,1.);
#415=VECTOR('',#778,1.);
#416=VECTOR('',#779,1.);
#417=VECTOR('',#780,1.);
#418=VECTOR('',#781,1.);
#419=VECTOR('',#782,1.);
#420=VECTOR('',#785,1.);
#421=VECTOR('',#788,1.);
#422=VECTOR('',#791,1.);
#423=VECTOR('',#792,1.);
#424=VECTOR('',#793,1.);
#425=VECTOR('',#794,1.);
#426=VECTOR('',#797,1.);
#427=VECTOR('',#798,1.);
#428=VECTOR('',#799,1.);
#429=VECTOR('',#802,1.);
#430=VECTOR('',#803,1.);
#431=VECTOR('',#804,1.);
#432=VECTOR('',#807,1.);
#433=VECTOR('',#808,1.);
#434=VECTOR('',#809,1.);
#435=VECTOR('',#830,1.);
#436=VECTOR('',#831,1.);
#437=VECTOR('',#834,1.);
#438=VECTOR('',#835,1.);
#439=VECTOR('',#838,1.);
#440=VECTOR('',#915,1.);
#441=VECTOR('',#916,1.);
#442=VECTOR('',#919,1.);
#443=VECTOR('',#920,1.);
#444=EDGE_LOOP('',(#66,#67,#68,#69,#70,#71,#72,#73,#74,#75));
#445=EDGE_LOOP('',(#76));
#446=EDGE_LOOP('',(#77));
#447=EDGE_LOOP('',(#78));
#448=EDGE_LOOP('',(#79));
#449=EDGE_LOOP('',(#80));
#450=EDGE_LOOP('',(#81));
#451=EDGE_LOOP('',(#82));
#452=EDGE_LOOP('',(#83));
#453=EDGE_LOOP('',(#84,#85,#86,#87,#88,#89,#90,#91,#92,#93,#94,#95,#96,#97,#98,#99));
#454=EDGE_LOOP('',(#100,#101,#102,#103,#104,#105,#106,#107,#108,#109));
#455=EDGE_LOOP('',(#110,#111,#112,#113));
#456=EDGE_LOOP('',(#114,#115,#116,#117));
#457=EDGE_LOOP('',(#118,#119,#120,#121));
#458=EDGE_LOOP('',(#122));
#459=EDGE_LOOP('',(#123));
#460=EDGE_LOOP('',(#124));
#461=EDGE_LOOP('',(#125));
#462=EDGE_LOOP('',(#126,#127,#128,#129,#130,#131,#132,#133));
#463=EDGE_LOOP('',(#134,#135,#136,#137));
#464=EDGE_LOOP('',(#138,#139,#140,#141));
#465=EDGE_LOOP('',(#142,#143,#144,#145));
#466=EDGE_LOOP('',(#146,#147,#148,#149));
#467=EDGE_LOOP('',(#150));
#468=EDGE_LOOP('',(#151));
#469=EDGE_LOOP('',(#152));
#470=EDGE_LOOP('',(#153));
#471=EDGE_LOOP('',(#154));
#472=EDGE_LOOP('',(#155));
#473=EDGE_LOOP('',(#156));
#474=EDGE_LOOP('',(#157));
#475=EDGE_LOOP('',(#158));
#476=EDGE_LOOP('',(#159));
#477=EDGE_LOOP('',(#160));
#478=EDGE_LOOP('',(#161));
#479=EDGE_LOOP('',(#162));
#480=EDGE_LOOP('',(#163));
#481=EDGE_LOOP('',(#164));
#482=EDGE_LOOP('',(#165));
#483=EDGE_LOOP('',(#166));
#484=EDGE_LOOP('',(#167));
#485=EDGE_LOOP('',(#168));
#486=EDGE_LOOP('',(#169));
#487=EDGE_LOOP('',(#170));
#488=EDGE_LOOP('',(#171));
#489=EDGE_LOOP('',(#172));
#490=EDGE_LOOP('',(#173));
#491=EDGE_LOOP('',(#174));
#492=EDGE_LOOP('',(#175));
#493=EDGE_LOOP('',(#176));
#494=EDGE_LOOP('',(#177));
#495=EDGE_LOOP('',(#178));
#496=EDGE_LOOP('',(#179));
#497=EDGE_LOOP('',(#180));
#498=EDGE_LOOP('',(#181));
#499=EDGE_LOOP('',(#182));
#500=EDGE_LOOP('',(#183));
#501=EDGE_LOOP('',(#184));
#502=EDGE_LOOP('',(#185));
#503=EDGE_LOOP('',(#186,#187,#188,#189));
#504=EDGE_LOOP('',(#190,#191,#192,#193));
#505=EDGE_LOOP('',(#194,#195,#196,#197));
#506=EDGE_LOOP('',(#198,#199,#200,#201));
#507=EDGE_LOOP('',(#202,#203,#204,#205));
#508=EDGE_LOOP('',(#206,#207,#208,#209));
#509=EDGE_LOOP('',(#210,#211,#212,#213));
#510=EDGE_LOOP('',(#214,#215,#216,#217));
#511=EDGE_LOOP('',(#218,#219,#220,#221));
#512=FACE_BOUND('',#444,.T.);
#513=FACE_BOUND('',#445,.T.);
#514=FACE_BOUND('',#446,.T.);
#515=FACE_BOUND('',#447,.T.);
#516=FACE_BOUND('',#448,.T.);
#517=FACE_BOUND('',#449,.T.);
#518=FACE_BOUND('',#450,.T.);
#519=FACE_BOUND('',#451,.T.);
#520=FACE_BOUND('',#452,.T.);
#521=FACE_BOUND('',#453,.T.);
#522=FACE_BOUND('',#454,.T.);
#523=FACE_BOUND('',#455,.T.);
#524=FACE_BOUND('',#456,.T.);
#525=FACE_BOUND('',#457,.T.);
#526=FACE_BOUND('',#458,.T.);
#527=FACE_BOUND('',#459,.T.);
#528=FACE_BOUND('',#460,.T.);
#529=FACE_BOUND('',#461,.T.);
#530=FACE_BOUND('',#462,.T.);
#531=FACE_BOUND('',#463,.T.);
#532=FACE_BOUND('',#464,.T.);
#533=FACE_BOUND('',#465,.T.);
#534=FACE_BOUND('',#466,.T.);
#535=FACE_BOUND('',#467,.T.);
#536=FACE_BOUND('',#468,.T.);
#537=FACE_BOUND('',#469,.T.);
#538=FACE_BOUND('',#470,.T.);
#539=FACE_BOUND('',#471,.T.);
#540=FACE_BOUND('',#472,.T.);
#541=FACE_BOUND('',#473,.T.);
#542=FACE_BOUND('',#474,.T.);
#543=FACE_BOUND('',#475,.T.);
#544=FACE_BOUND('',#476,.T.);
#545=FACE_BOUND('',#477,.T.);
#546=FACE_BOUND('',#478,.T.);
#547=FACE_BOUND('',#479,.T.);
#548=FACE_BOUND('',#480,.T.);
#549=FACE_BOUND('',#481,.T.);
#550=FACE_BOUND('',#482,.T.);
#551=FACE_BOUND('',#483,.T.);
#552=FACE_BOUND('',#484,.T.);
#553=FACE_BOUND('',#485,.T.);
#554=FACE_BOUND('',#486,.T.);
#555=FACE_BOUND('',#487,.T.);
#556=FACE_BOUND('',#488,.T.);
#557=FACE_BOUND('',#489,.T.);
#558=FACE_BOUND('',#490,.T.);
#559=FACE_BOUND('',#491,.T.);
#560=FACE_BOUND('',#492,.T.);
#561=FACE_BOUND('',#493,.T.);
#562=FACE_BOUND('',#494,.T.);
#563=FACE_BOUND('',#495,.T.);
#564=FACE_BOUND('',#496,.T.);
#565=FACE_BOUND('',#497,.T.);
#566=FACE_BOUND('',#498,.T.);
#567=FACE_BOUND('',#499,.T.);
#568=FACE_BOUND('',#500,.T.);
#569=FACE_BOUND('',#501,.T.);
#570=FACE_BOUND('',#502,.T.);
#571=FACE_BOUND('',#503,.T.);
#572=FACE_BOUND('',#504,.T.);
#573=FACE_BOUND('',#505,.T.);
#574=FACE_BOUND('',#506,.T.);
#575=FACE_BOUND('',#507,.T.);
#576=FACE_BOUND('',#508,.T.);
#577=FACE_BOUND('',#509,.T.);
#578=FACE_BOUND('',#510,.T.);
#579=FACE_BOUND('',#511,.T.);
#580=PLANE('',#655);
#581=PLANE('',#658);
#582=PLANE('',#671);
#583=PLANE('',#674);
#584=PLANE('',#675);
#585=PLANE('',#676);
#586=PLANE('',#677);
#587=PLANE('',#686);
#588=PLANE('',#687);
#589=PLANE('',#688);
#590=PLANE('',#689);
#591=PLANE('',#692);
#592=PLANE('',#697);
#593=PLANE('',#702);
#594=PLANE('',#707);
#595=PLANE('',#710);
#596=PLANE('',#713);
#597=PLANE('',#716);
#598=PLANE('',#719);
#599=PLANE('',#728);
#600=PLANE('',#729);
#601=PLANE('',#730);
#602=ADVANCED_FACE('',(#512),#580,.F.);
#603=ADVANCED_FACE('',(#513,#514,#515,#516,#517,#518,#519,#520,#521),#581,.T.);
#604=ADVANCED_FACE('',(#522),#582,.F.);
#605=ADVANCED_FACE('',(#523),#583,.T.);
#606=ADVANCED_FACE('',(#524),#584,.T.);
#607=ADVANCED_FACE('',(#525),#585,.F.);
#608=ADVANCED_FACE('',(#526,#527,#528,#529,#530),#586,.F.);
#609=ADVANCED_FACE('',(#531),#587,.T.);
#610=ADVANCED_FACE('',(#532),#588,.F.);
#611=ADVANCED_FACE('',(#533),#589,.T.);
#612=ADVANCED_FACE('',(#534),#590,.T.);
#613=ADVANCED_FACE('',(#535,#536),#12,.F.);
#614=ADVANCED_FACE('',(#537,#538),#591,.T.);
#615=ADVANCED_FACE('',(#539,#540),#13,.F.);
#616=ADVANCED_FACE('',(#541,#542),#14,.F.);
#617=ADVANCED_FACE('',(#543,#544),#592,.T.);
#618=ADVANCED_FACE('',(#545,#546),#15,.F.);
#619=ADVANCED_FACE('',(#547,#548),#16,.F.);
#620=ADVANCED_FACE('',(#549,#550),#593,.T.);
#621=ADVANCED_FACE('',(#551,#552),#17,.F.);
#622=ADVANCED_FACE('',(#553,#554),#18,.F.);
#623=ADVANCED_FACE('',(#555,#556),#594,.T.);
#624=ADVANCED_FACE('',(#557,#558),#19,.F.);
#625=ADVANCED_FACE('',(#559),#595,.T.);
#626=ADVANCED_FACE('',(#560,#561),#20,.F.);
#627=ADVANCED_FACE('',(#562),#596,.T.);
#628=ADVANCED_FACE('',(#563,#564),#21,.F.);
#629=ADVANCED_FACE('',(#565),#597,.T.);
#630=ADVANCED_FACE('',(#566,#567),#22,.F.);
#631=ADVANCED_FACE('',(#568),#598,.T.);
#632=ADVANCED_FACE('',(#569,#570),#23,.F.);
#633=ADVANCED_FACE('',(#571),#24,.T.);
#634=ADVANCED_FACE('',(#572),#25,.T.);
#635=ADVANCED_FACE('',(#573),#26,.T.);
#636=ADVANCED_FACE('',(#574),#27,.T.);
#637=ADVANCED_FACE('',(#575),#28,.F.);
#638=ADVANCED_FACE('',(#576),#29,.F.);
#639=ADVANCED_FACE('',(#577),#599,.F.);
#640=ADVANCED_FACE('',(#578),#600,.T.);
#641=ADVANCED_FACE('',(#579),#601,.F.);
#642=CLOSED_SHELL('',(#602,#603,#604,#605,#606,#607,#608,#609,#610,#611,#612,#613,#614,#615,#616,#617,#618,#619,#620,#621,#622,#623,#624,#625,#626,#627,#628,#629,#630,#631,#632,#633,#634,#635,#636,#637,#638,#639,#640,#641));
#643=STYLED_ITEM('',(#644),#651);
#644=PRESENTATION_STYLE_ASSIGNMENT((#645));
#645=SURFACE_STYLE_USAGE(.BOTH.,#646);
#646=SURFACE_SIDE_STYLE('',(#647));
#647=SURFACE_STYLE_FILL_AREA(#648);
#648=FILL_AREA_STYLE('',(#649));
#649=FILL_AREA_STYLE_COLOUR('',#650);
#650=COLOUR_RGB('',0.615686274509804,0.811764705882353,0.929411764705882);
#651=MANIFOLD_SOLID_BREP('Housing',#642);
#652=SHAPE_DEFINITION_REPRESENTATION(#1112,#653);
#653=SHAPE_REPRESENTATION('Housing',(#654),#1107);
#654=AXIS2_PLACEMENT_3D('',#927,#731,#732);
#655=AXIS2_PLACEMENT_3D('',#928,#733,#734);
#656=AXIS2_PLACEMENT_3D('',#944,#742,#743);
#657=AXIS2_PLACEMENT_3D('',#948,#745,#746);
#658=AXIS2_PLACEMENT_3D('',#949,#747,#748);
#659=AXIS2_PLACEMENT_3D('',#950,#749,#750);
#660=AXIS2_PLACEMENT_3D('',#952,#751,#752);
#661=AXIS2_PLACEMENT_3D('',#954,#753,#754);
#662=AXIS2_PLACEMENT_3D('',#956,#755,#756);
#663=AXIS2_PLACEMENT_3D('',#958,#757,#758);
#664=AXIS2_PLACEMENT_3D('',#960,#759,#760);
#665=AXIS2_PLACEMENT_3D('',#962,#761,#762);
#666=AXIS2_PLACEMENT_3D('',#964,#763,#764);
#667=AXIS2_PLACEMENT_3D('',#970,#767,#768);
#668=AXIS2_PLACEMENT_3D('',#974,#770,#771);
#669=AXIS2_PLACEMENT_3D('',#978,#773,#774);
#670=AXIS2_PLACEMENT_3D('',#982,#776,#777);
#671=AXIS2_PLACEMENT_3D('',#992,#783,#784);
#672=AXIS2_PLACEMENT_3D('',#995,#786,#787);
#673=AXIS2_PLACEMENT_3D('',#999,#789,#790);
#674=AXIS2_PLACEMENT_3D('',#1007,#795,#796);
#675=AXIS2_PLACEMENT_3D('',#1013,#800,#801);
#676=AXIS2_PLACEMENT_3D('',#1019,#805,#806);
#677=AXIS2_PLACEMENT_3D('',#1025,#810,#811);
#678=AXIS2_PLACEMENT_3D('',#1026,#812,#813);
#679=AXIS2_PLACEMENT_3D('',#1028,#814,#815);
#680=AXIS2_PLACEMENT_3D('',#1030,#816,#817);
#681=AXIS2_PLACEMENT_3D('',#1032,#818,#819);
#682=AXIS2_PLACEMENT_3D('',#1034,#820,#821);
#683=AXIS2_PLACEMENT_3D('',#1035,#822,#823);
#684=AXIS2_PLACEMENT_3D('',#1036,#824,#825);
#685=AXIS2_PLACEMENT_3D('',#1037,#826,#827);
#686=AXIS2_PLACEMENT_3D('',#1038,#828,#829);
#687=AXIS2_PLACEMENT_3D('',#1042,#832,#833);
#688=AXIS2_PLACEMENT_3D('',#1046,#836,#837);
#689=AXIS2_PLACEMENT_3D('',#1048,#839,#840);
#690=AXIS2_PLACEMENT_3D('',#1049,#841,#842);
#691=AXIS2_PLACEMENT_3D('',#1050,#843,#844);
#692=AXIS2_PLACEMENT_3D('',#1052,#845,#846);
#693=AXIS2_PLACEMENT_3D('',#1053,#847,#848);
#694=AXIS2_PLACEMENT_3D('',#1055,#849,#850);
#695=AXIS2_PLACEMENT_3D('',#1056,#851,#852);
#696=AXIS2_PLACEMENT_3D('',#1057,#853,#854);
#697=AXIS2_PLACEMENT_3D('',#1059,#855,#856);
#698=AXIS2_PLACEMENT_3D('',#1060,#857,#858);
#699=AXIS2_PLACEMENT_3D('',#1062,#859,#860);
#700=AXIS2_PLACEMENT_3D('',#1063,#861,#862);
#701=AXIS2_PLACEMENT_3D('',#1064,#863,#864);
#702=AXIS2_PLACEMENT_3D('',#1066,#865,#866);
#703=AXIS2_PLACEMENT_3D('',#1067,#867,#868);
#704=AXIS2_PLACEMENT_3D('',#1069,#869,#870);
#705=AXIS2_PLACEMENT_3D('',#1070,#871,#872);
#706=AXIS2_PLACEMENT_3D('',#1071,#873,#874);
#707=AXIS2_PLACEMENT_3D('',#1073,#875,#876);
#708=AXIS2_PLACEMENT_3D('',#1074,#877,#878);
#709=AXIS2_PLACEMENT_3D('',#1076,#879,#880);
#710=AXIS2_PLACEMENT_3D('',#1077,#881,#882);
#711=AXIS2_PLACEMENT_3D('',#1078,#883,#884);
#712=AXIS2_PLACEMENT_3D('',#1080,#885,#886);
#713=AXIS2_PLACEMENT_3D('',#1081,#887,#888);
#714=AXIS2_PLACEMENT_3D('',#1082,#889,#890);
#715=AXIS2_PLACEMENT_3D('',#1084,#891,#892);
#716=AXIS2_PLACEMENT_3D('',#1085,#893,#894);
#717=AXIS2_PLACEMENT_3D('',#1086,#895,#896);
#718=AXIS2_PLACEMENT_3D('',#1088,#897,#898);
#719=AXIS2_PLACEMENT_3D('',#1089,#899,#900);
#720=AXIS2_PLACEMENT_3D('',#1090,#901,#902);
#721=AXIS2_PLACEMENT_3D('',#1092,#903,#904);
#722=AXIS2_PLACEMENT_3D('',#1093,#905,#906);
#723=AXIS2_PLACEMENT_3D('',#1094,#907,#908);
#724=AXIS2_PLACEMENT_3D('',#1095,#909,#910);
#725=AXIS2_PLACEMENT_3D('',#1096,#911,#912);
#726=AXIS2_PLACEMENT_3D('',#1097,#913,#914);
#727=AXIS2_PLACEMENT_3D('',#1100,#917,#918);
#728=AXIS2_PLACEMENT_3D('',#1103,#921,#922);
#729=AXIS2_PLACEMENT_3D('',#1104,#923,#924);
#730=AXIS2_PLACEMENT_3D('',#1105,#925,#926);
#731=DIRECTION('',(0.,0.,1.));
#732=DIRECTION('',(1.,0.,0.));
#733=DIRECTION('',(0.,1.,0.));
#734=DIRECTION('',(0.,0.,1.));
#735=DIRECTION('',(0.,0.,-1.));
#736=DIRECTION('',(1.,0.,0.));
#737=DIRECTION('',(0.,0.,-1.));
#738=DIRECTION('',(1.,0.,0.));
#739=DIRECTION('',(0.,0.,-1.));
#740=DIRECTION('',(1.,0.,0.));
#741=DIRECTION('',(0.,0.,-1.));
#742=DIRECTION('',(0.,1.,0.));
#743=DIRECTION('',(0.,0.,1.));
#744=DIRECTION('',(-1.,0.,0.));
#745=DIRECTION('',(0.,1.,0.));
#746=DIRECTION('',(0.,0.,1.));
#747=DIRECTION('',(0.,0.,1.));
#748=DIRECTION('',(1.,0.,0.));
#749=DIRECTION('',(0.,0.,1.));
#750=DIRECTION('',(1.,0.,0.));
#751=DIRECTION('',(0.,0.,1.));
#752=DIRECTION('',(1.,0.,0.));
#753=DIRECTION('',(0.,0.,1.));
#754=DIRECTION('',(1.,0.,0.));
#755=DIRECTION('',(0.,0.,1.));
#756=DIRECTION('',(1.,0.,0.));
#757=DIRECTION('',(0.,0.,1.));
#758=DIRECTION('',(1.,0.,0.));
#759=DIRECTION('',(0.,0.,1.));
#760=DIRECTION('',(1.,0.,0.));
#761=DIRECTION('',(0.,0.,1.));
#762=DIRECTION('',(1.,0.,0.));
#763=DIRECTION('',(0.,0.,1.));
#764=DIRECTION('',(1.,0.,0.));
#765=DIRECTION('',(0.,1.,0.));
#766=DIRECTION('',(1.,0.,0.));
#767=DIRECTION('',(0.,0.,1.));
#768=DIRECTION('',(1.,0.,0.));
#769=DIRECTION('',(0.,-1.,0.));
#770=DIRECTION('',(0.,0.,1.));
#771=DIRECTION('',(1.,0.,0.));
#772=DIRECTION('',(1.,0.,0.));
#773=DIRECTION('',(0.,0.,1.));
#774=DIRECTION('',(1.,0.,0.));
#775=DIRECTION('',(0.,-1.,0.));
#776=DIRECTION('',(0.,0.,1.));
#777=DIRECTION('',(1.,0.,0.));
#778=DIRECTION('',(1.,0.,0.));
#779=DIRECTION('',(0.,1.,0.));
#780=DIRECTION('',(0.,-1.,0.));
#781=DIRECTION('',(1.,0.,0.));
#782=DIRECTION('',(0.,-1.,0.));
#783=DIRECTION('',(0.,-1.,0.));
#784=DIRECTION('',(0.,0.,-1.));
#785=DIRECTION('',(0.,0.,-1.));
#786=DIRECTION('',(0.,1.,0.));
#787=DIRECTION('',(0.,0.,1.));
#788=DIRECTION('',(-1.,0.,0.));
#789=DIRECTION('',(0.,1.,0.));
#790=DIRECTION('',(0.,0.,1.));
#791=DIRECTION('',(0.,0.,-1.));
#792=DIRECTION('',(0.,0.,1.));
#793=DIRECTION('',(1.,0.,0.));
#794=DIRECTION('',(0.,0.,1.));
#795=DIRECTION('',(-1.,0.,0.));
#796=DIRECTION('',(0.,0.,1.));
#797=DIRECTION('',(0.,-1.,0.));
#798=DIRECTION('',(0.,0.,1.));
#799=DIRECTION('',(0.,0.,1.));
#800=DIRECTION('',(0.,-1.,0.));
#801=DIRECTION('',(0.,0.,-1.));
#802=DIRECTION('',(0.,0.,1.));
#803=DIRECTION('',(1.,0.,0.));
#804=DIRECTION('',(0.,0.,1.));
#805=DIRECTION('',(-1.,0.,0.));
#806=DIRECTION('',(0.,0.,1.));
#807=DIRECTION('',(0.,-1.,0.));
#808=DIRECTION('',(0.,0.,1.));
#809=DIRECTION('',(0.,0.,1.));
#810=DIRECTION('',(0.,0.,1.));
#811=DIRECTION('',(1.,0.,0.));
#812=DIRECTION('',(0.,0.,1.));
#813=DIRECTION('',(1.,0.,0.));
#814=DIRECTION('',(0.,0.,1.));
#815=DIRECTION('',(1.,0.,0.));
#816=DIRECTION('',(0.,0.,1.));
#817=DIRECTION('',(1.,0.,0.));
#818=DIRECTION('',(0.,0.,1.));
#819=DIRECTION('',(1.,0.,0.));
#820=DIRECTION('',(0.,0.,1.));
#821=DIRECTION('',(1.,0.,0.));
#822=DIRECTION('',(0.,0.,1.));
#823=DIRECTION('',(1.,0.,0.));
#824=DIRECTION('',(0.,0.,1.));
#825=DIRECTION('',(1.,0.,0.));
#826=DIRECTION('',(0.,0.,1.));
#827=DIRECTION('',(1.,0.,0.));
#828=DIRECTION('',(1.,0.,0.));
#829=DIRECTION('',(0.,0.,-1.));
#830=DIRECTION('',(0.,-1.,0.));
#831=DIRECTION('',(0.,0.,-1.));
#832=DIRECTION('',(1.,0.,0.));
#833=DIRECTION('',(0.,0.,-1.));
#834=DIRECTION('',(0.,-1.,0.));
#835=DIRECTION('',(0.,0.,-1.));
#836=DIRECTION('',(0.,1.,0.));
#837=DIRECTION('',(0.,0.,1.));
#838=DIRECTION('',(1.,0.,0.));
#839=DIRECTION('',(0.,0.,1.));
#840=DIRECTION('',(1.,0.,0.));
#841=DIRECTION('',(0.,0.,1.));
#842=DIRECTION('',(1.,0.,0.));
#843=DIRECTION('',(0.,0.,1.));
#844=DIRECTION('',(1.,0.,0.));
#845=DIRECTION('',(0.,0.,-1.));
#846=DIRECTION('',(-1.,0.,0.));
#847=DIRECTION('',(0.,0.,1.));
#848=DIRECTION('',(1.,0.,0.));
#849=DIRECTION('',(0.,0.,1.));
#850=DIRECTION('',(1.,0.,0.));
#851=DIRECTION('',(0.,0.,1.));
#852=DIRECTION('',(1.,0.,0.));
#853=DIRECTION('',(0.,0.,1.));
#854=DIRECTION('',(1.,0.,0.));
#855=DIRECTION('',(0.,0.,-1.));
#856=DIRECTION('',(-1.,0.,0.));
#857=DIRECTION('',(0.,0.,1.));
#858=DIRECTION('',(1.,0.,0.));
#859=DIRECTION('',(0.,0.,1.));
#860=DIRECTION('',(1.,0.,0.));
#861=DIRECTION('',(0.,0.,1.));
#862=DIRECTION('',(1.,0.,0.));
#863=DIRECTION('',(0.,0.,1.));
#864=DIRECTION('',(1.,0.,0.));
#865=DIRECTION('',(0.,0.,-1.));
#866=DIRECTION('',(-1.,0.,0.));
#867=DIRECTION('',(0.,0.,1.));
#868=DIRECTION('',(1.,0.,0.));
#869=DIRECTION('',(0.,0.,1.));
#870=DIRECTION('',(1.,0.,0.));
#871=DIRECTION('',(0.,0.,1.));
#872=DIRECTION('',(1.,0.,0.));
#873=DIRECTION('',(0.,0.,1.));
#874=DIRECTION('',(1.,0.,0.));
#875=DIRECTION('',(0.,0.,-1.));
#876=DIRECTION('',(-1.,0.,0.));
#877=DIRECTION('',(0.,0.,1.));
#878=DIRECTION('',(1.,0.,0.));
#879=DIRECTION('',(0.,0.,1.));
#880=DIRECTION('',(1.,0.,0.));
#881=DIRECTION('',(0.,0.,1.));
#882=DIRECTION('',(1.,0.,0.));
#883=DIRECTION('',(0.,0.,-1.));
#884=DIRECTION('',(-1.,0.,0.));
#885=DIRECTION('',(0.,0.,-1.));
#886=DIRECTION('',(-1.,0.,0.));
#887=DIRECTION('',(0.,0.,1.));
#888=DIRECTION('',(1.,0.,0.));
#889=DIRECTION('',(0.,0.,-1.));
#890=DIRECTION('',(-1.,0.,0.));
#891=DIRECTION('',(0.,0.,-1.));
#892=DIRECTION('',(-1.,0.,0.));
#893=DIRECTION('',(0.,0.,1.));
#894=DIRECTION('',(1.,0.,0.));
#895=DIRECTION('',(0.,0.,-1.));
#896=DIRECTION('',(-1.,0.,0.));
#897=DIRECTION('',(0.,0.,-1.));
#898=DIRECTION('',(-1.,0.,0.));
#899=DIRECTION('',(0.,0.,1.));
#900=DIRECTION('',(1.,0.,0.));
#901=DIRECTION('',(0.,0.,-1.));
#902=DIRECTION('',(-1.,0.,0.));
#903=DIRECTION('',(0.,0.,-1.));
#904=DIRECTION('',(-1.,0.,0.));
#905=DIRECTION('',(0.,0.,1.));
#906=DIRECTION('',(1.,0.,0.));
#907=DIRECTION('',(0.,0.,-1.));
#908=DIRECTION('',(-1.,0.,0.));
#909=DIRECTION('',(0.,0.,1.));
#910=DIRECTION('',(1.,0.,0.));
#911=DIRECTION('',(0.,0.,-1.));
#912=DIRECTION('',(-1.,0.,0.));
#913=DIRECTION('',(0.,1.,0.));
#914=DIRECTION('',(0.,0.,1.));
#915=DIRECTION('',(0.,1.,0.));
#916=DIRECTION('',(0.,1.,0.));
#917=DIRECTION('',(0.,1.,0.));
#918=DIRECTION('',(0.,0.,1.));
#919=DIRECTION('',(0.,1.,0.));
#920=DIRECTION('',(0.,1.,0.));
#921=DIRECTION('',(0.,0.,-1.));
#922=DIRECTION('',(-1.,0.,0.));
#923=DIRECTION('',(1.,0.,0.));
#924=DIRECTION('',(0.,0.,-1.));
#925=DIRECTION('',(1.,0.,0.));
#926=DIRECTION('',(0.,0.,-1.));
#927=CARTESIAN_POINT('',(0.,0.,0.));
#928=CARTESIAN_POINT('',(0.,0.021,0.012));
#929=CARTESIAN_POINT('',(-0.025745,0.021,0.012));
#930=CARTESIAN_POINT('',(-0.025745,0.021,0.012));
#931=CARTESIAN_POINT('',(-0.025745,0.021,0.009424));
#932=CARTESIAN_POINT('',(0.,0.021,0.012));
#933=CARTESIAN_POINT('',(-0.03175,0.021,0.012));
#934=CARTESIAN_POINT('',(-0.03175,0.021,0.012));
#935=CARTESIAN_POINT('',(-0.03175,0.021,0.));
#936=CARTESIAN_POINT('',(0.,0.021,0.));
#937=CARTESIAN_POINT('',(0.03175,0.021,0.));
#938=CARTESIAN_POINT('',(0.03175,0.021,0.012));
#939=CARTESIAN_POINT('',(0.03175,0.021,0.012));
#940=CARTESIAN_POINT('',(0.,0.021,0.012));
#941=CARTESIAN_POINT('',(-0.013805,0.021,0.012));
#942=CARTESIAN_POINT('',(-0.013805,0.021,0.012));
#943=CARTESIAN_POINT('',(-0.013805,0.021,0.009424));
#944=CARTESIAN_POINT('',(-0.014305,0.021,0.009424));
#945=CARTESIAN_POINT('',(-0.014305,0.021,0.008924));
#946=CARTESIAN_POINT('',(0.,0.021,0.008924));
#947=CARTESIAN_POINT('',(-0.025245,0.021,0.008924));
#948=CARTESIAN_POINT('',(-0.025245,0.021,0.009424));
#949=CARTESIAN_POINT('',(-6.93889390390723E-18,0.,0.012));
#950=CARTESIAN_POINT('',(-0.03315,-0.0224,0.012));
#951=CARTESIAN_POINT('',(-0.0319,-0.0224,0.012));
#952=CARTESIAN_POINT('',(-0.03315,0.0224,0.012));
#953=CARTESIAN_POINT('',(-0.0319,0.0224,0.012));
#954=CARTESIAN_POINT('',(0.03315,0.0224,0.012));
#955=CARTESIAN_POINT('',(0.0344,0.0224,0.012));
#956=CARTESIAN_POINT('',(0.03315,-0.0224,0.012));
#957=CARTESIAN_POINT('',(0.0344,-0.0224,0.012));
#958=CARTESIAN_POINT('',(-0.03765,0.0269,0.012));
#959=CARTESIAN_POINT('',(-0.0364,0.0269,0.012));
#960=CARTESIAN_POINT('',(0.03765,0.0269,0.012));
#961=CARTESIAN_POINT('',(0.0389,0.0269,0.012));
#962=CARTESIAN_POINT('',(0.03765,-0.0269,0.012));
#963=CARTESIAN_POINT('',(0.0389,-0.0269,0.012));
#964=CARTESIAN_POINT('',(-0.03765,-0.0269,0.012));
#965=CARTESIAN_POINT('',(-0.0364,-0.0269,0.012));
#966=CARTESIAN_POINT('',(-0.025745,0.,0.012));
#967=CARTESIAN_POINT('',(-0.025745,0.0305,0.012));
#968=CARTESIAN_POINT('',(-6.93889390390723E-18,0.0305,0.012));
#969=CARTESIAN_POINT('',(-0.04025,0.0305,0.012));
#970=CARTESIAN_POINT('',(-0.04025,0.0295,0.012));
#971=CARTESIAN_POINT('',(-0.04125,0.0295,0.012));
#972=CARTESIAN_POINT('',(-0.04125,0.,0.012));
#973=CARTESIAN_POINT('',(-0.04125,-0.0295,0.012));
#974=CARTESIAN_POINT('',(-0.04025,-0.0295,0.012));
#975=CARTESIAN_POINT('',(-0.04025,-0.0305,0.012));
#976=CARTESIAN_POINT('',(-6.93889390390723E-18,-0.0305,0.012));
#977=CARTESIAN_POINT('',(0.04025,-0.0305,0.012));
#978=CARTESIAN_POINT('',(0.04025,-0.0295,0.012));
#979=CARTESIAN_POINT('',(0.04125,-0.0295,0.012));
#980=CARTESIAN_POINT('',(0.04125,0.,0.012));
#981=CARTESIAN_POINT('',(0.04125,0.0295,0.012));
#982=CARTESIAN_POINT('',(0.04025,0.0295,0.012));
#983=CARTESIAN_POINT('',(0.04025,0.0305,0.012));
#984=CARTESIAN_POINT('',(-6.93889390390723E-18,0.0305,0.012));
#985=CARTESIAN_POINT('',(-0.013805,0.0305,0.012));
#986=CARTESIAN_POINT('',(-0.013805,0.,0.012));
#987=CARTESIAN_POINT('',(0.03175,3.46944695195361E-18,0.012));
#988=CARTESIAN_POINT('',(0.03175,-0.021,0.012));
#989=CARTESIAN_POINT('',(0.,-0.021,0.012));
#990=CARTESIAN_POINT('',(-0.03175,-0.021,0.012));
#991=CARTESIAN_POINT('',(-0.03175,3.46944695195361E-18,0.012));
#992=CARTESIAN_POINT('',(-6.93889390390723E-18,0.0305,-0.004));
#993=CARTESIAN_POINT('',(-0.025745,0.0305,0.012029));
#994=CARTESIAN_POINT('',(-0.025745,0.0305,0.009424));
#995=CARTESIAN_POINT('',(-0.025245,0.0305,0.009424));
#996=CARTESIAN_POINT('',(-0.025245,0.0305,0.008924));
#997=CARTESIAN_POINT('',(-0.019775,0.0305,0.008924));
#998=CARTESIAN_POINT('',(-0.014305,0.0305,0.008924));
#999=CARTESIAN_POINT('',(-0.014305,0.0305,0.009424));
#1000=CARTESIAN_POINT('',(-0.013805,0.0305,0.009424));
#1001=CARTESIAN_POINT('',(-0.013805,0.0305,0.012029));
#1002=CARTESIAN_POINT('',(0.04025,0.0305,-0.004));
#1003=CARTESIAN_POINT('',(0.04025,0.0305,-0.004));
#1004=CARTESIAN_POINT('',(-6.93889390390723E-18,0.0305,-0.004));
#1005=CARTESIAN_POINT('',(-0.04025,0.0305,-0.004));
#1006=CARTESIAN_POINT('',(-0.04025,0.0305,0.012));
#1007=CARTESIAN_POINT('',(-0.04125,0.,-0.004));
#1008=CARTESIAN_POINT('',(-0.04125,0.,-0.004));
#1009=CARTESIAN_POINT('',(-0.04125,0.0295,-0.004));
#1010=CARTESIAN_POINT('',(-0.04125,-0.0295,-0.004));
#1011=CARTESIAN_POINT('',(-0.04125,-0.0295,-0.004));
#1012=CARTESIAN_POINT('',(-0.04125,0.0295,-0.004));
#1013=CARTESIAN_POINT('',(-6.93889390390723E-18,-0.0305,-0.004));
#1014=CARTESIAN_POINT('',(-0.04025,-0.0305,-0.004));
#1015=CARTESIAN_POINT('',(-0.04025,-0.0305,-0.004));
#1016=CARTESIAN_POINT('',(-6.93889390390723E-18,-0.0305,-0.004));
#1017=CARTESIAN_POINT('',(0.04025,-0.0305,-0.004));
#1018=CARTESIAN_POINT('',(0.04025,-0.0305,0.012));
#1019=CARTESIAN_POINT('',(0.04125,0.,-0.004));
#1020=CARTESIAN_POINT('',(0.04125,0.,-0.004));
#1021=CARTESIAN_POINT('',(0.04125,0.0295,-0.004));
#1022=CARTESIAN_POINT('',(0.04125,-0.0295,-0.004));
#1023=CARTESIAN_POINT('',(0.04125,0.0295,-0.004));
#1024=CARTESIAN_POINT('',(0.04125,-0.0295,-0.004));
#1025=CARTESIAN_POINT('',(-6.93889390390723E-18,0.,-0.004));
#1026=CARTESIAN_POINT('',(-0.03765,0.0269,-0.004));
#1027=CARTESIAN_POINT('',(-0.0344,0.0269,-0.004));
#1028=CARTESIAN_POINT('',(0.03765,0.0269,-0.004));
#1029=CARTESIAN_POINT('',(0.0409,0.0269,-0.004));
#1030=CARTESIAN_POINT('',(0.03765,-0.0269,-0.004));
#1031=CARTESIAN_POINT('',(0.0409,-0.0269,-0.004));
#1032=CARTESIAN_POINT('',(-0.03765,-0.0269,-0.004));
#1033=CARTESIAN_POINT('',(-0.0344,-0.0269,-0.004));
#1034=CARTESIAN_POINT('',(-0.04025,-0.0295,-0.004));
#1035=CARTESIAN_POINT('',(-0.04025,0.0295,-0.004));
#1036=CARTESIAN_POINT('',(0.04025,0.0295,-0.004));
#1037=CARTESIAN_POINT('',(0.04025,-0.0295,-0.004));
#1038=CARTESIAN_POINT('',(-0.03175,3.46944695195361E-18,0.012));
#1039=CARTESIAN_POINT('',(-0.03175,3.46944695195361E-18,0.));
#1040=CARTESIAN_POINT('',(-0.03175,-0.021,0.));
#1041=CARTESIAN_POINT('',(-0.03175,-0.021,0.012));
#1042=CARTESIAN_POINT('',(0.03175,3.46944695195361E-18,0.012));
#1043=CARTESIAN_POINT('',(0.03175,3.46944695195361E-18,0.));
#1044=CARTESIAN_POINT('',(0.03175,-0.021,0.));
#1045=CARTESIAN_POINT('',(0.03175,-0.021,0.012));
#1046=CARTESIAN_POINT('',(0.,-0.021,0.012));
#1047=CARTESIAN_POINT('',(0.,-0.021,0.));
#1048=CARTESIAN_POINT('',(-6.93889390390723E-18,0.,0.));
#1049=CARTESIAN_POINT('',(-0.03765,-0.0269,-0.004));
#1050=CARTESIAN_POINT('',(-0.03765,-0.0269,-0.001));
#1051=CARTESIAN_POINT('',(-0.0364,-0.0269,-0.001));
#1052=CARTESIAN_POINT('',(-0.0344,-0.0269,-0.001));
#1053=CARTESIAN_POINT('',(-0.03765,-0.0269,-0.001));
#1054=CARTESIAN_POINT('',(-0.0344,-0.0269,-0.001));
#1055=CARTESIAN_POINT('',(-0.03765,-0.0269,-0.004));
#1056=CARTESIAN_POINT('',(0.03765,-0.0269,-0.004));
#1057=CARTESIAN_POINT('',(0.03765,-0.0269,-0.001));
#1058=CARTESIAN_POINT('',(0.0389,-0.0269,-0.001));
#1059=CARTESIAN_POINT('',(0.0409,-0.0269,-0.001));
#1060=CARTESIAN_POINT('',(0.03765,-0.0269,-0.001));
#1061=CARTESIAN_POINT('',(0.0409,-0.0269,-0.001));
#1062=CARTESIAN_POINT('',(0.03765,-0.0269,-0.004));
#1063=CARTESIAN_POINT('',(0.03765,0.0269,-0.004));
#1064=CARTESIAN_POINT('',(0.03765,0.0269,-0.001));
#1065=CARTESIAN_POINT('',(0.0389,0.0269,-0.001));
#1066=CARTESIAN_POINT('',(0.0409,0.0269,-0.001));
#1067=CARTESIAN_POINT('',(0.03765,0.0269,-0.001));
#1068=CARTESIAN_POINT('',(0.0409,0.0269,-0.001));
#1069=CARTESIAN_POINT('',(0.03765,0.0269,-0.004));
#1070=CARTESIAN_POINT('',(-0.03765,0.0269,-0.004));
#1071=CARTESIAN_POINT('',(-0.03765,0.0269,-0.001));
#1072=CARTESIAN_POINT('',(-0.0364,0.0269,-0.001));
#1073=CARTESIAN_POINT('',(-0.0344,0.0269,-0.001));
#1074=CARTESIAN_POINT('',(-0.03765,0.0269,-0.001));
#1075=CARTESIAN_POINT('',(-0.0344,0.0269,-0.001));
#1076=CARTESIAN_POINT('',(-0.03765,0.0269,-0.004));
#1077=CARTESIAN_POINT('',(0.0344,-0.0224,-0.002));
#1078=CARTESIAN_POINT('',(0.03315,-0.0224,-0.002));
#1079=CARTESIAN_POINT('',(0.0319,-0.0224,-0.002));
#1080=CARTESIAN_POINT('',(0.03315,-0.0224,0.014));
#1081=CARTESIAN_POINT('',(0.0344,0.0224,-0.002));
#1082=CARTESIAN_POINT('',(0.03315,0.0224,-0.002));
#1083=CARTESIAN_POINT('',(0.0319,0.0224,-0.002));
#1084=CARTESIAN_POINT('',(0.03315,0.0224,0.014));
#1085=CARTESIAN_POINT('',(-0.0319,0.0224,-0.002));
#1086=CARTESIAN_POINT('',(-0.03315,0.0224,-0.002));
#1087=CARTESIAN_POINT('',(-0.0344,0.0224,-0.002));
#1088=CARTESIAN_POINT('',(-0.03315,0.0224,0.014));
#1089=CARTESIAN_POINT('',(-0.0319,-0.0224,-0.002));
#1090=CARTESIAN_POINT('',(-0.03315,-0.0224,-0.002));
#1091=CARTESIAN_POINT('',(-0.0344,-0.0224,-0.002));
#1092=CARTESIAN_POINT('',(-0.03315,-0.0224,0.014));
#1093=CARTESIAN_POINT('',(-0.04025,-0.0295,-0.004));
#1094=CARTESIAN_POINT('',(-0.04025,0.0295,-0.004));
#1095=CARTESIAN_POINT('',(0.04025,0.0295,-0.004));
#1096=CARTESIAN_POINT('',(0.04025,-0.0295,-0.004));
#1097=CARTESIAN_POINT('',(-0.025245,0.0205,0.009424));
#1098=CARTESIAN_POINT('',(-0.025245,0.0205,0.008924));
#1099=CARTESIAN_POINT('',(-0.025745,0.0205,0.009424));
#1100=CARTESIAN_POINT('',(-0.014305,0.0205,0.009424));
#1101=CARTESIAN_POINT('',(-0.013805,0.0205,0.009424));
#1102=CARTESIAN_POINT('',(-0.014305,0.0205,0.008924));
#1103=CARTESIAN_POINT('',(-0.019775,0.0205,0.008924));
#1104=CARTESIAN_POINT('',(-0.025745,0.0205,0.012029));
#1105=CARTESIAN_POINT('',(-0.013805,0.0205,0.012029));
#1106=MECHANICAL_DESIGN_GEOMETRIC_PRESENTATION_REPRESENTATION('',(#643),#1107);
#1107=(
GEOMETRIC_REPRESENTATION_CONTEXT(3)
GLOBAL_UNCERTAINTY_ASSIGNED_CONTEXT((#1108))
GLOBAL_UNIT_ASSIGNED_CONTEXT((#1111,#1110,#1109))
REPRESENTATION_CONTEXT('Housing','TOP_LEVEL_ASSEMBLY_PART')
);
#1108=UNCERTAINTY_MEASURE_WITH_UNIT(LENGTH_MEASURE(1.E-08),#1111,'DISTANCE_ACCURACY_VALUE','Maximum Tolerance applied to model');
#1109=(
NAMED_UNIT(*)
SI_UNIT($,.STERADIAN.)
SOLID_ANGLE_UNIT()
);
#1110=(
NAMED_UNIT(*)
PLANE_ANGLE_UNIT()
SI_UNIT($,.RADIAN.)
);
#1111=(
LENGTH_UNIT()
NAMED_UNIT(*)
SI_UNIT($,.METRE.)
);
#1112=PRODUCT_DEFINITION_SHAPE('','',#1113);
#1113=PRODUCT_DEFINITION('','',#1115,#1114);
#1114=PRODUCT_DEFINITION_CONTEXT('',#1121,'design');
#1115=PRODUCT_DEFINITION_FORMATION_WITH_SPECIFIED_SOURCE('','',#1117,.NOT_KNOWN.);
#1116=PRODUCT_RELATED_PRODUCT_CATEGORY('','',(#1117));
#1117=PRODUCT('Housing','Housing','Housing',(#1119));
#1118=PRODUCT_CATEGORY('','');
#1119=PRODUCT_CONTEXT('',#1121,'mechanical');
#1120=APPLICATION_PROTOCOL_DEFINITION('international standard','ap242_managed_model_based_3d_engineering',2020,#1121);
#1121=APPLICATION_CONTEXT('managed model based 3d engineering');
#1122=COMPOSITE_SHAPE_ASPECT('hole_callout.F3vcIR8uZQOzfwx_3.JHD.0',$,#1112,$);
#1123=SHAPE_ASPECT('hole_callout.F3vcIR8uZQOzfwx_3.JHD.0',$,#1112,.T.);
#1124=GEOMETRIC_ITEM_SPECIFIC_USAGE('','',#1123,#11,#624);
#1125=SHAPE_ASPECT_RELATIONSHIP('','',#1122,#1123);
#1126=SHAPE_ASPECT('hole_callout.F3vcIR8uZQOzfwx_3.JHD.0',$,#1112,.T.);
#1127=GEOMETRIC_ITEM_SPECIFIC_USAGE('','',#1126,#11,#622);
#1128=SHAPE_ASPECT_RELATIONSHIP('','',#1122,#1126);
#1129=SHAPE_ASPECT('hole_callout.F3vcIR8uZQOzfwx_3.JHD.0',$,#1112,.T.);
#1130=GEOMETRIC_ITEM_SPECIFIC_USAGE('','',#1129,#11,#623);
#1131=SHAPE_ASPECT_RELATIONSHIP('','',#1122,#1129);
#1132=SHAPE_ASPECT('hole_callout.F3vcIR8uZQOzfwx_3.JHD.0',$,#1112,.T.);
#1133=GEOMETRIC_ITEM_SPECIFIC_USAGE('','',#1132,#11,#621);
#1134=SHAPE_ASPECT_RELATIONSHIP('','',#1122,#1132);
#1135=SHAPE_ASPECT('hole_callout.F3vcIR8uZQOzfwx_3.JHD.0',$,#1112,.T.);
#1136=GEOMETRIC_ITEM_SPECIFIC_USAGE('','',#1135,#11,#619);
#1137=SHAPE_ASPECT_RELATIONSHIP('','',#1122,#1135);
#1138=SHAPE_ASPECT('hole_callout.F3vcIR8uZQOzfwx_3.JHD.0',$,#1112,.T.);
#1139=GEOMETRIC_ITEM_SPECIFIC_USAGE('','',#1138,#11,#620);
#1140=SHAPE_ASPECT_RELATIONSHIP('','',#1122,#1138);
#1141=SHAPE_ASPECT('hole_callout.F3vcIR8uZQOzfwx_3.JHD.0',$,#1112,.T.);
#1142=GEOMETRIC_ITEM_SPECIFIC_USAGE('','',#1141,#11,#615);
#1143=SHAPE_ASPECT_RELATIONSHIP('','',#1122,#1141);
#1144=SHAPE_ASPECT('hole_callout.F3vcIR8uZQOzfwx_3.JHD.0',$,#1112,.T.);
#1145=GEOMETRIC_ITEM_SPECIFIC_USAGE('','',#1144,#11,#613);
#1146=SHAPE_ASPECT_RELATIONSHIP('','',#1122,#1144);
#1147=SHAPE_ASPECT('hole_callout.F3vcIR8uZQOzfwx_3.JHD.0',$,#1112,.T.);
#1148=GEOMETRIC_ITEM_SPECIFIC_USAGE('','',#1147,#11,#614);
#1149=SHAPE_ASPECT_RELATIONSHIP('','',#1122,#1147);
#1150=SHAPE_ASPECT('hole_callout.F3vcIR8uZQOzfwx_3.JHD.0',$,#1112,.T.);
#1151=GEOMETRIC_ITEM_SPECIFIC_USAGE('','',#1150,#11,#616);
#1152=SHAPE_ASPECT_RELATIONSHIP('','',#1122,#1150);
#1153=SHAPE_ASPECT('hole_callout.F3vcIR8uZQOzfwx_3.JHD.0',$,#1112,.T.);
#1154=GEOMETRIC_ITEM_SPECIFIC_USAGE('','',#1153,#11,#618);
#1155=SHAPE_ASPECT_RELATIONSHIP('','',#1122,#1153);
#1156=SHAPE_ASPECT('hole_callout.F3vcIR8uZQOzfwx_3.JHD.0',$,#1112,.T.);
#1157=GEOMETRIC_ITEM_SPECIFIC_USAGE('','',#1156,#11,#617);
#1158=SHAPE_ASPECT_RELATIONSHIP('','',#1122,#1156);
#1159=DIMENSIONAL_SIZE(#1122,'diameter');
#1160=(
LENGTH_UNIT()
NAMED_UNIT(*)
SI_UNIT(.MILLI.,.METRE.)
);
#1162=PRECISION_QUALIFIER(3);
#1161=(
LENGTH_MEASURE_WITH_UNIT()
MEASURE_REPRESENTATION_ITEM()
MEASURE_WITH_UNIT(POSITIVE_LENGTH_MEASURE(2.5),#1160)
QUALIFIED_REPRESENTATION_ITEM((#1162))
REPRESENTATION_ITEM('nominal value')
);
#1163=COMPOUND_REPRESENTATION_ITEM('modifiers',SET_REPRESENTATION_ITEM((#1164)));
#1164=DESCRIPTIVE_REPRESENTATION_ITEM('dimensional note','diameter');
#1165=SHAPE_DIMENSION_REPRESENTATION('',(#1161,#1163),#1107);
#1166=DIMENSIONAL_CHARACTERISTIC_REPRESENTATION(#1159,#1165);
#1167=DIMENSIONAL_SIZE(#1122,'depth');
#1168=(
LENGTH_UNIT()
NAMED_UNIT(*)
SI_UNIT(.MILLI.,.METRE.)
);
#1170=PRECISION_QUALIFIER(3);
#1169=(
LENGTH_MEASURE_WITH_UNIT()
MEASURE_REPRESENTATION_ITEM()
MEASURE_WITH_UNIT(POSITIVE_LENGTH_MEASURE(3.),#1168)
QUALIFIED_REPRESENTATION_ITEM((#1170))
REPRESENTATION_ITEM('nominal value')
);
#1171=COMPOUND_REPRESENTATION_ITEM('modifiers',SET_REPRESENTATION_ITEM((#1172)));
#1172=DESCRIPTIVE_REPRESENTATION_ITEM('dimensional note','depth');
#1173=SHAPE_DIMENSION_REPRESENTATION('',(#1169,#1171),#1107);
#1174=DIMENSIONAL_CHARACTERISTIC_REPRESENTATION(#1167,#1173);
#1175=DIMENSIONAL_SIZE(#1122,'diameter');
#1176=(
LENGTH_UNIT()
NAMED_UNIT(*)
SI_UNIT(.MILLI.,.METRE.)
);
#1178=PRECISION_QUALIFIER(3);
#1177=(
LENGTH_MEASURE_WITH_UNIT()
MEASURE_REPRESENTATION_ITEM()
MEASURE_WITH_UNIT(POSITIVE_LENGTH_MEASURE(6.5),#1176)
QUALIFIED_REPRESENTATION_ITEM((#1178))
REPRESENTATION_ITEM('nominal value')
);
#1179=COMPOUND_REPRESENTATION_ITEM('modifiers',SET_REPRESENTATION_ITEM((#1180,#1181)));
#1180=DESCRIPTIVE_REPRESENTATION_ITEM('dimensional note','counterbore');
#1181=DESCRIPTIVE_REPRESENTATION_ITEM('dimensional note','diameter');
#1182=SHAPE_DIMENSION_REPRESENTATION('',(#1177,#1179),#1107);
#1183=DIMENSIONAL_CHARACTERISTIC_REPRESENTATION(#1175,#1182);
#1184=PRESENTATION_STYLE_ASSIGNMENT((NULL_STYLE(.NULL.)));
#1185=CARTESIAN_POINT('',(-0.03765,0.0269,-0.004));
#1186=DIRECTION('',(0.,0.,-1.));
#1187=DIRECTION('',(1.,0.,0.));
#1188=AXIS2_PLACEMENT_3D('',#1185,#1186,#1187);
#1189=PLANE('',#1188);
#1190=ANNOTATION_PLANE('',(#1184),#1189,(#1217));
#1191=CARTESIAN_POINT('',(0.,0.,0.));
#1192=DIRECTION('',(0.,0.,1.));
#1193=DIRECTION('',(1.,0.,0.));
#1194=AXIS2_PLACEMENT_3D('',#1191,#1192,#1193);
#1195=CARTESIAN_POINT('',(0.,0.,0.));
#1196=DIRECTION('',(0.,0.,1.));
#1197=DIRECTION('',(1.,0.,0.));
#1198=AXIS2_PLACEMENT_3D('',#1195,#1196,#1197);
#1199=SHAPE_REPRESENTATION('',(#1198,#651),#1107);
#1200=REPRESENTATION_MAP(#1194,#1199);
#1201=MAPPED_ITEM('',#1200,#1194);
#1202=PRESENTATION_STYLE_ASSIGNMENT((NULL_STYLE(.NULL.)));
#1203=STYLED_ITEM('',(#1202),#1201);
#1204=DRAUGHTING_MODEL('',(#1190,#1194,#1201,#1203,#1277,#1281,#1288,#1290),#1107);
#1205=DRAUGHTING_PRE_DEFINED_CURVE_FONT('continuous');
#1206=COLOUR_RGB('',0.,0.,0.);
#1207=CURVE_STYLE('',#1205,POSITIVE_LENGTH_MEASURE(0.02),#1206);
#1208=PRESENTATION_STYLE_ASSIGNMENT((#1207));
#1209=COORDINATES_LIST('coordinates',6582,((-0.0353519,0.0246019,-0.0040000),(-0.0339377,0.0217735,-0.0040000),(-0.0325235,0.0231877,-0.0040000),(-0.0031881,0.0120275,-0.0040000),(-0.0031828,0.0118951,-0.0040000),(-0.0031828,0.0102050,-0.0040000),(-0.0031881,0.0120275,-0.0040000),(-0.0031828,0.0102050,-0.0040000),(-0.0031881,0.0100743,-0.0040000),(-0.0031881,0.0120275,-0.0040000),(-0.0031881,0.0100743,-0.0040000),(-0.0032040,0.0099497,-0.0040000),(-0.0031881,0.0120275,-0.0040000),(-0.0032040,0.0099497,-0.0040000),(-0.0032306,0.0098311,-0.0040000),(-0.0031881,0.0120275,-0.0040000),(-0.0032306,0.0098311,-0.0040000),(-0.0032677,0.0097184,-0.0040000),(-0.0031881,0.0120275,-0.0040000),(-0.0032677,0.0097184,-0.0040000),(-0.0033155,0.0096117,-0.0040000),(-0.0031881,0.0120275,-0.0040000),(-0.0033155,0.0096117,-0.0040000),(-0.0033739,0.0095110,-0.0040000),(-0.0031881,0.0120275,-0.0040000),(-0.0033739,0.0095110,-0.0040000),(-0.0034429,0.0094163,-0.0040000),(-0.0031881,0.0120275,-0.0040000),(-0.0034429,0.0094163,-0.0040000),(-0.0035225,0.0093276,-0.0040000),(-0.0031881,0.0120275,-0.0040000),(-0.0035225,0.0093276,-0.0040000),(-0.0035992,0.0092559,-0.0040000),(-0.0031881,0.0120275,-0.0040000),(-0.0035992,0.0092559,-0.0040000),(-0.0036790,0.0091938,-0.0040000),(-0.0031881,0.0120275,-0.0040000),(-0.0036790,0.0091938,-0.0040000),(-0.0037618,0.0091412,-0.0040000),(-0.0037618,0.0091412,-0.0040000),(-0.0038477,0.0090982,-0.0040000),(-0.0039367,0.0090648,-0.0040000),(-0.0037618,0.0091412,-0.0040000),(-0.0039367,0.0090648,-0.0040000),(-0.0040287,0.0090409,-0.0040000),(-0.0037618,0.0091412,-0.0040000),(-0.0040287,0.0090409,-0.0040000),(-0.0041239,0.0090265,-0.0040000),(-0.0037618,0.0091412,-0.0040000),(-0.0041239,0.0090265,-0.0040000),(-0.0042221,0.0090217,-0.0040000),(-0.0037618,0.0091412,-0.0040000),(-0.0042221,0.0090217,-0.0040000),(-0.0043192,0.0090265,-0.0040000),(-0.0037618,0.0091412,-0.0040000),(-0.0043192,0.0090265,-0.0040000),(-0.0044136,0.0090409,-0.0040000),(-0.0037618,0.0091412,-0.0040000),(-0.0044136,0.0090409,-0.0040000),(-0.0045053,0.0090648,-0.0040000),(-0.0037618,0.0091412,-0.0040000),(-0.0045053,0.0090648,-0.0040000),(-0.0045943,0.0090982,-0.0040000),(-0.0037618,0.0091412,-0.0040000),(-0.0045943,0.0090982,-0.0040000),(-0.0046807,0.0091412,-0.0040000),(-0.0037618,0.0091412,-0.0040000),(-0.0046807,0.0091412,-0.0040000),(-0.0047644,0.0091938,-0.0040000),(-0.0037618,0.0091412,-0.0040000),(-0.0047644,0.0091938,-0.0040000),(-0.0048454,0.0092559,-0.0040000),(-0.0037618,0.0091412,-0.0040000),(-0.0048454,0.0092559,-0.0040000),(-0.0049238,0.0093276,-0.0040000),(-0.0037618,0.0091412,-0.0040000),(-0.0049238,0.0093276,-0.0040000),(-0.0050034,0.0094146,-0.0040000),(-0.0037618,0.0091412,-0.0040000),(-0.0050034,0.0094146,-0.0040000),(-0.0050724,0.0095078,-0.0040000),(-0.0037618,0.0091412,-0.0040000),(-0.0050724,0.0095078,-0.0040000),(-0.0051308,0.0096072,-0.0040000),(-0.0037618,0.0091412,-0.0040000),(-0.0051308,0.0096072,-0.0040000),(-0.0051785,0.0097128,-0.0040000),(-0.0037618,0.0091412,-0.0040000),(-0.0051785,0.0097128,-0.0040000),(-0.0052157,0.0098247,-0.0040000),(-0.0052157,0.0098247,-0.0040000),(-0.0052422,0.0099428,-0.0040000),(-0.0052582,0.0100670,-0.0040000),(-0.0052157,0.0098247,-0.0040000),(-0.0052582,0.0100670,-0.0040000),(-0.0052635,0.0101976,-0.0040000),(-0.0052157,0.0098247,-0.0040000),(-0.0052635,0.0101976,-0.0040000),(-0.0052635,0.0102050,-0.0040000),(-0.0052157,0.0098247,-0.0040000),(-0.0052635,0.0102050,-0.0040000),(-0.0052635,0.0118994,-0.0040000),(-0.0052157,0.0098247,-0.0040000),(-0.0052635,0.0118994,-0.0040000),(-0.0052582,0.0120307,-0.0040000),(-0.0052157,0.0098247,-0.0040000),(-0.0052582,0.0120307,-0.0040000),(-0.0052422,0.0121558,-0.0040000),(-0.0052157,0.0098247,-0.0040000),(-0.0052422,0.0121558,-0.0040000),(-0.0052157,0.0122747,-0.0040000),(-0.0052157,0.0098247,-0.0040000),(-0.0052157,0.0122747,-0.0040000),(-0.0051785,0.0123875,-0.0040000),(-0.0052157,0.0098247,-0.0040000),(-0.0051785,0.0123875,-0.0040000),(-0.0051308,0.0124941,-0.0040000),(-0.0052157,0.0098247,-0.0040000),(-0.0051308,0.0124941,-0.0040000),(-0.0050724,0.0125945,-0.0040000),(-0.0052157,0.0098247,-0.0040000),(-0.0050724,0.0125945,-0.0040000),(-0.0050034,0.0126887,-0.0040000),(-0.0052157,0.0098247,-0.0040000),(-0.0050034,0.0126887,-0.0040000),(-0.0049238,0.0127767,-0.0040000),(-0.0049238,0.0127767,-0.0040000),(-0.0046200,0.0124804,-0.0040000),(-0.0047140,0.0123640,-0.0040000),(-0.0049238,0.0127767,-0.0040000),(-0.0047140,0.0123640,-0.0040000),(-0.0047811,0.0122277,-0.0040000),(-0.0049238,0.0127767,-0.0040000),(-0.0047811,0.0122277,-0.0040000),(-0.0048214,0.0120714,-0.0040000),(-0.0052157,0.0098247,-0.0040000),(-0.0049238,0.0127767,-0.0040000),(-0.0048214,0.0120714,-0.0040000),(-0.0052157,0.0098247,-0.0040000),(-0.0048214,0.0120714,-0.0040000),(-0.0048315,0.0119858,-0.0040000),(-0.0052157,0.0098247,-0.0040000),(-0.0048315,0.0119858,-0.0040000),(-0.0048349,0.0118951,-0.0040000),(-0.0052157,0.0098247,-0.0040000),(-0.0048349,0.0118951,-0.0040000),(-0.0048349,0.0101976,-0.0040000),(-0.0052157,0.0098247,-0.0040000),(-0.0048349,0.0101976,-0.0040000),(-0.0048315,0.0101092,-0.0040000),(-0.0052157,0.0098247,-0.0040000),(-0.0048315,0.0101092,-0.0040000),(-0.0048216,0.0100258,-0.0040000),(-0.0052157,0.0098247,-0.0040000),(-0.0048216,0.0100258,-0.0040000),(-0.0048049,0.0099473,-0.0040000),(-0.0052157,0.0098247,-0.0040000),(-0.0048049,0.0099473,-0.0040000),(-0.0047817,0.0098737,-0.0040000),(-0.0052157,0.0098247,-0.0040000),(-0.0047817,0.0098737,-0.0040000),(-0.0047152,0.0097411,-0.0040000),(-0.0052157,0.0098247,-0.0040000),(-0.0047152,0.0097411,-0.0040000),(-0.0046221,0.0096282,-0.0040000),(-0.0052157,0.0098247,-0.0040000),(-0.0046221,0.0096282,-0.0040000),(-0.0045269,0.0095495,-0.0040000),(-0.0052157,0.0098247,-0.0040000),(-0.0045269,0.0095495,-0.0040000),(-0.0044285,0.0094932,-0.0040000),(-0.0037618,0.0091412,-0.0040000),(-0.0052157,0.0098247,-0.0040000),(-0.0044285,0.0094932,-0.0040000),(-0.0037618,0.0091412,-0.0040000),(-0.0044285,0.0094932,-0.0040000),(-0.0043269,0.0094595,-0.0040000),(-0.0037618,0.0091412,-0.0040000),(-0.0043269,0.0094595,-0.0040000),(-0.0042221,0.0094483,-0.0040000),(-0.0037618,0.0091412,-0.0040000),(-0.0042221,0.0094483,-0.0040000),(-0.0041130,0.0094595,-0.0040000),(-0.0037618,0.0091412,-0.0040000),(-0.0041130,0.0094595,-0.0040000),(-0.0040101,0.0094932,-0.0040000),(-0.0037618,0.0091412,-0.0040000),(-0.0040101,0.0094932,-0.0040000),(-0.0039135,0.0095495,-0.0040000),(-0.0037618,0.0091412,-0.0040000),(-0.0039135,0.0095495,-0.0040000),(-0.0038231,0.0096282,-0.0040000),(-0.0037618,0.0091412,-0.0040000),(-0.0038231,0.0096282,-0.0040000),(-0.0037300,0.0097468,-0.0040000),(-0.0037618,0.0091412,-0.0040000),(-0.0037300,0.0097468,-0.0040000),(-0.0036635,0.0098824,-0.0040000),(-0.0037618,0.0091412,-0.0040000),(-0.0036635,0.0098824,-0.0040000),(-0.0036237,0.0100352,-0.0040000),(-0.0031881,0.0120275,-0.0040000),(-0.0037618,0.0091412,-0.0040000),(-0.0036237,0.0100352,-0.0040000),(-0.0031881,0.0120275,-0.0040000),(-0.0036237,0.0100352,-0.0040000),(-0.0036137,0.0101179,-0.0040000),(-0.0031881,0.0120275,-0.0040000),(-0.0036137,0.0101179,-0.0040000),(-0.0036104,0.0102050,-0.0040000),(-0.0031881,0.0120275,-0.0040000),(-0.0036104,0.0102050,-0.0040000),(-0.0036104,0.0118951,-0.0040000),(-0.0031881,0.0120275,-0.0040000),(-0.0036104,0.0118951,-0.0040000),(-0.0036137,0.0119848,-0.0040000),(-0.0031881,0.0120275,-0.0040000),(-0.0036137,0.0119848,-0.0040000),(-0.0036237,0.0120695,-0.0040000),(-0.0031881,0.0120275,-0.0040000),(-0.0036237,0.0120695,-0.0040000),(-0.0036403,0.0121495,-0.0040000),(-0.0031881,0.0120275,-0.0040000),(-0.0036403,0.0121495,-0.0040000),(-0.0036635,0.0122245,-0.0040000),(-0.0031881,0.0120275,-0.0040000),(-0.0036635,0.0122245,-0.0040000),(-0.0037300,0.0123601,-0.0040000),(-0.0031881,0.0120275,-0.0040000),(-0.0037300,0.0123601,-0.0040000),(-0.0038231,0.0124761,-0.0040000),(-0.0031881,0.0120275,-0.0040000),(-0.0038231,0.0124761,-0.0040000),(-0.0039143,0.0125539,-0.0040000),(-0.0045285,0.0125563,-0.0040000),(-0.0046200,0.0124804,-0.0040000),(-0.0049238,0.0127767,-0.0040000),(-0.0044316,0.0126106,-0.0040000),(-0.0045285,0.0125563,-0.0040000),(-0.0049238,0.0127767,-0.0040000),(-0.0043295,0.0126431,-0.0040000),(-0.0044316,0.0126106,-0.0040000),(-0.0049238,0.0127767,-0.0040000),(-0.0042221,0.0126539,-0.0040000),(-0.0043295,0.0126431,-0.0040000),(-0.0049238,0.0127767,-0.0040000),(-0.0041138,0.0126428,-0.0040000),(-0.0042221,0.0126539,-0.0040000),(-0.0049238,0.0127767,-0.0040000),(-0.0041138,0.0126428,-0.0040000),(-0.0049238,0.0127767,-0.0040000),(-0.0048469,0.0128474,-0.0040000),(-0.0041138,0.0126428,-0.0040000),(-0.0048469,0.0128474,-0.0040000),(-0.0047671,0.0129087,-0.0040000),(-0.0040112,0.0126095,-0.0040000),(-0.0041138,0.0126428,-0.0040000),(-0.0047671,0.0129087,-0.0040000),(-0.0040112,0.0126095,-0.0040000),(-0.0047671,0.0129087,-0.0040000),(-0.0046843,0.0129605,-0.0040000),(-0.0040112,0.0126095,-0.0040000),(-0.0046843,0.0129605,-0.0040000),(-0.0045986,0.0130029,-0.0040000),(-0.0039143,0.0125539,-0.0040000),(-0.0040112,0.0126095,-0.0040000),(-0.0045986,0.0130029,-0.0040000),(-0.0039143,0.0125539,-0.0040000),(-0.0045986,0.0130029,-0.0040000),(-0.0045099,0.0130359,-0.0040000),(-0.0031881,0.0120275,-0.0040000),(-0.0039143,0.0125539,-0.0040000),(-0.0045099,0.0130359,-0.0040000),(-0.0031881,0.0120275,-0.0040000),(-0.0045099,0.0130359,-0.0040000),(-0.0044183,0.0130595,-0.0040000),(-0.0031881,0.0120275,-0.0040000),(-0.0044183,0.0130595,-0.0040000),(-0.0043238,0.0130736,-0.0040000),(-0.0031881,0.0120275,-0.0040000),(-0.0043238,0.0130736,-0.0040000),(-0.0042263,0.0130783,-0.0040000),(-0.0031881,0.0120275,-0.0040000),(-0.0042263,0.0130783,-0.0040000),(-0.0041271,0.0130737,-0.0040000),(-0.0031881,0.0120275,-0.0040000),(-0.0041271,0.0130737,-0.0040000),(-0.0040312,0.0130598,-0.0040000),(-0.0031881,0.0120275,-0.0040000),(-0.0040312,0.0130598,-0.0040000),(-0.0039386,0.0130367,-0.0040000),(-0.0031881,0.0120275,-0.0040000),(-0.0039386,0.0130367,-0.0040000),(-0.0038493,0.0130043,-0.0040000),(-0.0031881,0.0120275,-0.0040000),(-0.0038493,0.0130043,-0.0040000),(-0.0037632,0.0129626,-0.0040000),(-0.0031881,0.0120275,-0.0040000),(-0.0037632,0.0129626,-0.0040000),(-0.0036804,0.0129116,-0.0040000),(-0.0031881,0.0120275,-0.0040000),(-0.0036804,0.0129116,-0.0040000),(-0.0036009,0.0128515,-0.0040000),(-0.0031881,0.0120275,-0.0040000),(-0.0036009,0.0128515,-0.0040000),(-0.0035246,0.0127820,-0.0040000),(-0.0031881,0.0120275,-0.0040000),(-0.0035246,0.0127820,-0.0040000),(-0.0034445,0.0126927,-0.0040000),(-0.0031881,0.0120275,-0.0040000),(-0.0034445,0.0126927,-0.0040000),(-0.0033751,0.0125972,-0.0040000),(-0.0031881,0.0120275,-0.0040000),(-0.0033751,0.0125972,-0.0040000),(-0.0033163,0.0124956,-0.0040000),(-0.0031881,0.0120275,-0.0040000),(-0.0033163,0.0124956,-0.0040000),(-0.0032683,0.0123878,-0.0040000),(-0.0031881,0.0120275,-0.0040000),(-0.0032683,0.0123878,-0.0040000),(-0.0032309,0.0122738,-0.0040000),(-0.0031881,0.0120275,-0.0040000),(-0.0032309,0.0122738,-0.0040000),(-0.0032042,0.0121537,-0.0040000),(-0.0094873,0.0120275,-0.0040000),(-0.0094820,0.0118951,-0.0040000),(-0.0094820,0.0102050,-0.0040000),(-0.0094873,0.0120275,-0.0040000),(-0.0094820,0.0102050,-0.0040000),(-0.0094873,0.0100743,-0.0040000),(-0.0094873,0.0120275,-0.0040000),(-0.0094873,0.0100743,-0.0040000),(-0.0095032,0.0099497,-0.0040000),(-0.0094873,0.0120275,-0.0040000),(-0.0095032,0.0099497,-0.0040000),(-0.0095298,0.0098311,-0.0040000),(-0.0094873,0.0120275,-0.0040000),(-0.0095298,0.0098311,-0.0040000),(-0.0095669,0.0097184,-0.0040000),(-0.0094873,0.0120275,-0.0040000),(-0.0095669,0.0097184,-0.0040000),(-0.0096147,0.0096117,-0.0040000),(-0.0094873,0.0120275,-0.0040000),(-0.0096147,0.0096117,-0.0040000),(-0.0096731,0.0095110,-0.0040000),(-0.0094873,0.0120275,-0.0040000),(-0.0096731,0.0095110,-0.0040000),(-0.0097421,0.0094163,-0.0040000),(-0.0094873,0.0120275,-0.0040000),(-0.0097421,0.0094163,-0.0040000),(-0.0098217,0.0093276,-0.0040000),(-0.0094873,0.0120275,-0.0040000),(-0.0098217,0.0093276,-0.0040000),(-0.0098984,0.0092559,-0.0040000),(-0.0094873,0.0120275,-0.0040000),(-0.0098984,0.0092559,-0.0040000),(-0.0099782,0.0091938,-0.0040000),(-0.0094873,0.0120275,-0.0040000),(-0.0099782,0.0091938,-0.0040000),(-0.0100610,0.0091412,-0.0040000),(-0.0100610,0.0091412,-0.0040000),(-0.0101469,0.0090982,-0.0040000),(-0.0102359,0.0090648,-0.0040000),(-0.0100610,0.0091412,-0.0040000),(-0.0102359,0.0090648,-0.0040000),(-0.0103279,0.0090409,-0.0040000),(-0.0100610,0.0091412,-0.0040000),(-0.0103279,0.0090409,-0.0040000),(-0.0104231,0.0090265,-0.0040000),(-0.0100610,0.0091412,-0.0040000),(-0.0104231,0.0090265,-0.0040000),(-0.0105213,0.0090217,-0.0040000),(-0.0100610,0.0091412,-0.0040000),(-0.0105213,0.0090217,-0.0040000),(-0.0106184,0.0090265,-0.0040000),(-0.0100610,0.0091412,-0.0040000),(-0.0106184,0.0090265,-0.0040000),(-0.0107128,0.0090409,-0.0040000),(-0.0100610,0.0091412,-0.0040000),(-0.0107128,0.0090409,-0.0040000),(-0.0108045,0.0090648,-0.0040000),(-0.0100610,0.0091412,-0.0040000),(-0.0108045,0.0090648,-0.0040000),(-0.0108935,0.0090982,-0.0040000),(-0.0100610,0.0091412,-0.0040000),(-0.0108935,0.0090982,-0.0040000),(-0.0109799,0.0091412,-0.0040000),(-0.0100610,0.0091412,-0.0040000),(-0.0109799,0.0091412,-0.0040000),(-0.0110636,0.0091938,-0.0040000),(-0.0100610,0.0091412,-0.0040000),(-0.0110636,0.0091938,-0.0040000),(-0.0111446,0.0092559,-0.0040000),(-0.0100610,0.0091412,-0.0040000),(-0.0111446,0.0092559,-0.0040000),(-0.0112230,0.0093276,-0.0040000),(-0.0100610,0.0091412,-0.0040000),(-0.0112230,0.0093276,-0.0040000),(-0.0113026,0.0094146,-0.0040000),(-0.0100610,0.0091412,-0.0040000),(-0.0113026,0.0094146,-0.0040000),(-0.0113716,0.0095078,-0.0040000),(-0.0100610,0.0091412,-0.0040000),(-0.0113716,0.0095078,-0.0040000),(-0.0114300,0.0096072,-0.0040000),(-0.0100610,0.0091412,-0.0040000),(-0.0114300,0.0096072,-0.0040000),(-0.0114777,0.0097128,-0.0040000),(-0.0100610,0.0091412,-0.0040000),(-0.0114777,0.0097128,-0.0040000),(-0.0115149,0.0098247,-0.0040000),(-0.0115149,0.0098247,-0.0040000),(-0.0115414,0.0099428,-0.0040000),(-0.0115574,0.0100670,-0.0040000),(-0.0115149,0.0098247,-0.0040000),(-0.0115574,0.0100670,-0.0040000),(-0.0115627,0.0101976,-0.0040000),(-0.0115149,0.0098247,-0.0040000),(-0.0115627,0.0101976,-0.0040000),(-0.0115627,0.0102050,-0.0040000),(-0.0115149,0.0098247,-0.0040000),(-0.0115627,0.0102050,-0.0040000),(-0.0115627,0.0118994,-0.0040000),(-0.0115149,0.0098247,-0.0040000),(-0.0115627,0.0118994,-0.0040000),(-0.0115574,0.0120307,-0.0040000),(-0.0115149,0.0098247,-0.0040000),(-0.0115574,0.0120307,-0.0040000),(-0.0115414,0.0121558,-0.0040000),(-0.0115149,0.0098247,-0.0040000),(-0.0115414,0.0121558,-0.0040000),(-0.0115149,0.0122747,-0.0040000),(-0.0115149,0.0098247,-0.0040000),(-0.0115149,0.0122747,-0.0040000),(-0.0114777,0.0123875,-0.0040000),(-0.0115149,0.0098247,-0.0040000),(-0.0114777,0.0123875,-0.0040000),(-0.0114300,0.0124941,-0.0040000),(-0.0115149,0.0098247,-0.0040000),(-0.0114300,0.0124941,-0.0040000),(-0.0113716,0.0125945,-0.0040000),(-0.0115149,0.0098247,-0.0040000),(-0.0113716,0.0125945,-0.0040000),(-0.0113026,0.0126887,-0.0040000),(-0.0115149,0.0098247,-0.0040000),(-0.0113026,0.0126887,-0.0040000),(-0.0112230,0.0127767,-0.0040000),(-0.0112230,0.0127767,-0.0040000),(-0.0109192,0.0124804,-0.0040000),(-0.0110132,0.0123640,-0.0040000),(-0.0112230,0.0127767,-0.0040000),(-0.0110132,0.0123640,-0.0040000),(-0.0110803,0.0122277,-0.0040000),(-0.0112230,0.0127767,-0.0040000),(-0.0110803,0.0122277,-0.0040000),(-0.0111206,0.0120714,-0.0040000),(-0.0115149,0.0098247,-0.0040000),(-0.0112230,0.0127767,-0.0040000),(-0.0111206,0.0120714,-0.0040000),(-0.0115149,0.0098247,-0.0040000),(-0.0111206,0.0120714,-0.0040000),(-0.0111307,0.0119858,-0.0040000),(-0.0115149,0.0098247,-0.0040000),(-0.0111307,0.0119858,-0.0040000),(-0.0111341,0.0118951,-0.0040000),(-0.0115149,0.0098247,-0.0040000),(-0.0111341,0.0118951,-0.0040000),(-0.0111341,0.0101976,-0.0040000),(-0.0115149,0.0098247,-0.0040000),(-0.0111341,0.0101976,-0.0040000),(-0.0111307,0.0101092,-0.0040000),(-0.0115149,0.0098247,-0.0040000),(-0.0111307,0.0101092,-0.0040000),(-0.0111208,0.0100258,-0.0040000),(-0.0115149,0.0098247,-0.0040000),(-0.0111208,0.0100258,-0.0040000),(-0.0111041,0.0099473,-0.0040000),(-0.0115149,0.0098247,-0.0040000),(-0.0111041,0.0099473,-0.0040000),(-0.0110809,0.0098737,-0.0040000),(-0.0115149,0.0098247,-0.0040000),(-0.0110809,0.0098737,-0.0040000),(-0.0110144,0.0097411,-0.0040000),(-0.0115149,0.0098247,-0.0040000),(-0.0110144,0.0097411,-0.0040000),(-0.0109213,0.0096282,-0.0040000),(-0.0115149,0.0098247,-0.0040000),(-0.0109213,0.0096282,-0.0040000),(-0.0108261,0.0095495,-0.0040000),(-0.0115149,0.0098247,-0.0040000),(-0.0108261,0.0095495,-0.0040000),(-0.0107277,0.0094932,-0.0040000),(-0.0100610,0.0091412,-0.0040000),(-0.0115149,0.0098247,-0.0040000),(-0.0107277,0.0094932,-0.0040000),(-0.0100610,0.0091412,-0.0040000),(-0.0107277,0.0094932,-0.0040000),(-0.0106261,0.0094595,-0.0040000),(-0.0100610,0.0091412,-0.0040000),(-0.0106261,0.0094595,-0.0040000),(-0.0105213,0.0094483,-0.0040000),(-0.0100610,0.0091412,-0.0040000),(-0.0105213,0.0094483,-0.0040000),(-0.0104122,0.0094595,-0.0040000),(-0.0100610,0.0091412,-0.0040000),(-0.0104122,0.0094595,-0.0040000),(-0.0103093,0.0094932,-0.0040000),(-0.0100610,0.0091412,-0.0040000),(-0.0103093,0.0094932,-0.0040000),(-0.0102127,0.0095495,-0.0040000),(-0.0100610,0.0091412,-0.0040000),(-0.0102127,0.0095495,-0.0040000),(-0.0101223,0.0096282,-0.0040000),(-0.0100610,0.0091412,-0.0040000),(-0.0101223,0.0096282,-0.0040000),(-0.0100292,0.0097468,-0.0040000),(-0.0100610,0.0091412,-0.0040000),(-0.0100292,0.0097468,-0.0040000),(-0.0099627,0.0098824,-0.0040000),(-0.0100610,0.0091412,-0.0040000),(-0.0099627,0.0098824,-0.0040000),(-0.0099229,0.0100352,-0.0040000),(-0.0094873,0.0120275,-0.0040000),(-0.0100610,0.0091412,-0.0040000),(-0.0099229,0.0100352,-0.0040000),(-0.0094873,0.0120275,-0.0040000),(-0.0099229,0.0100352,-0.0040000),(-0.0099129,0.0101179,-0.0040000),(-0.0094873,0.0120275,-0.0040000),(-0.0099129,0.0101179,-0.0040000),(-0.0099096,0.0102050,-0.0040000),(-0.0094873,0.0120275,-0.0040000),(-0.0099096,0.0102050,-0.0040000),(-0.0099096,0.0118951,-0.0040000),(-0.0094873,0.0120275,-0.0040000),(-0.0099096,0.0118951,-0.0040000),(-0.0099129,0.0119848,-0.0040000),(-0.0094873,0.0120275,-0.0040000),(-0.0099129,0.0119848,-0.0040000),(-0.0099229,0.0120695,-0.0040000),(-0.0094873,0.0120275,-0.0040000),(-0.0099229,0.0120695,-0.0040000),(-0.0099395,0.0121495,-0.0040000),(-0.0094873,0.0120275,-0.0040000),(-0.0099395,0.0121495,-0.0040000),(-0.0099627,0.0122245,-0.0040000),(-0.0094873,0.0120275,-0.0040000),(-0.0099627,0.0122245,-0.0040000),(-0.0100292,0.0123601,-0.0040000),(-0.0094873,0.0120275,-0.0040000),(-0.0100292,0.0123601,-0.0040000),(-0.0101223,0.0124761,-0.0040000),(-0.0094873,0.0120275,-0.0040000),(-0.0101223,0.0124761,-0.0040000),(-0.0102135,0.0125539,-0.0040000),(-0.0108277,0.0125563,-0.0040000),(-0.0109192,0.0124804,-0.0040000),(-0.0112230,0.0127767,-0.0040000),(-0.0107308,0.0126106,-0.0040000),(-0.0108277,0.0125563,-0.0040000),(-0.0112230,0.0127767,-0.0040000),(-0.0106287,0.0126431,-0.0040000),(-0.0107308,0.0126106,-0.0040000),(-0.0112230,0.0127767,-0.0040000),(-0.0105213,0.0126539,-0.0040000),(-0.0106287,0.0126431,-0.0040000),(-0.0112230,0.0127767,-0.0040000),(-0.0104130,0.0126428,-0.0040000),(-0.0105213,0.0126539,-0.0040000),(-0.0112230,0.0127767,-0.0040000),(-0.0104130,0.0126428,-0.0040000),(-0.0112230,0.0127767,-0.0040000),(-0.0111461,0.0128474,-0.0040000),(-0.0104130,0.0126428,-0.0040000),(-0.0111461,0.0128474,-0.0040000),(-0.0110663,0.0129087,-0.0040000),(-0.0103104,0.0126095,-0.0040000),(-0.0104130,0.0126428,-0.0040000),(-0.0110663,0.0129087,-0.0040000),(-0.0103104,0.0126095,-0.0040000),(-0.0110663,0.0129087,-0.0040000),(-0.0109835,0.0129605,-0.0040000),(-0.0103104,0.0126095,-0.0040000),(-0.0109835,0.0129605,-0.0040000),(-0.0108978,0.0130029,-0.0040000),(-0.0102135,0.0125539,-0.0040000),(-0.0103104,0.0126095,-0.0040000),(-0.0108978,0.0130029,-0.0040000),(-0.0102135,0.0125539,-0.0040000),(-0.0108978,0.0130029,-0.0040000),(-0.0108091,0.0130359,-0.0040000),(-0.0094873,0.0120275,-0.0040000),(-0.0102135,0.0125539,-0.0040000),(-0.0108091,0.0130359,-0.0040000),(-0.0094873,0.0120275,-0.0040000),(-0.0108091,0.0130359,-0.0040000),(-0.0107175,0.0130595,-0.0040000),(-0.0094873,0.0120275,-0.0040000),(-0.0107175,0.0130595,-0.0040000),(-0.0106230,0.0130736,-0.0040000),(-0.0094873,0.0120275,-0.0040000),(-0.0106230,0.0130736,-0.0040000),(-0.0105255,0.0130783,-0.0040000),(-0.0094873,0.0120275,-0.0040000),(-0.0105255,0.0130783,-0.0040000),(-0.0104263,0.0130737,-0.0040000),(-0.0094873,0.0120275,-0.0040000),(-0.0104263,0.0130737,-0.0040000),(-0.0103304,0.0130598,-0.0040000),(-0.0094873,0.0120275,-0.0040000),(-0.0103304,0.0130598,-0.0040000),(-0.0102378,0.0130367,-0.0040000),(-0.0094873,0.0120275,-0.0040000),(-0.0102378,0.0130367,-0.0040000),(-0.0101485,0.0130043,-0.0040000),(-0.0094873,0.0120275,-0.0040000),(-0.0101485,0.0130043,-0.0040000),(-0.0100624,0.0129626,-0.0040000),(-0.0094873,0.0120275,-0.0040000),(-0.0100624,0.0129626,-0.0040000),(-0.0099796,0.0129116,-0.0040000),(-0.0094873,0.0120275,-0.0040000),(-0.0099796,0.0129116,-0.0040000),(-0.0099001,0.0128515,-0.0040000),(-0.0094873,0.0120275,-0.0040000),(-0.0099001,0.0128515,-0.0040000),(-0.0098238,0.0127820,-0.0040000),(-0.0094873,0.0120275,-0.0040000),(-0.0098238,0.0127820,-0.0040000),(-0.0097437,0.0126927,-0.0040000),(-0.0094873,0.0120275,-0.0040000),(-0.0097437,0.0126927,-0.0040000),(-0.0096743,0.0125972,-0.0040000),(-0.0094873,0.0120275,-0.0040000),(-0.0096743,0.0125972,-0.0040000),(-0.0096155,0.0124956,-0.0040000),(-0.0094873,0.0120275,-0.0040000),(-0.0096155,0.0124956,-0.0040000),(-0.0095675,0.0123878,-0.0040000),(-0.0094873,0.0120275,-0.0040000),(-0.0095675,0.0123878,-0.0040000),(-0.0095301,0.0122738,-0.0040000),(-0.0094873,0.0120275,-0.0040000),(-0.0095301,0.0122738,-0.0040000),(-0.0095034,0.0121537,-0.0040000),(-0.0201944,0.0091540,-0.0040000),(-0.0202685,0.0090609,-0.0040000),(-0.0203987,0.0090260,-0.0040000),(-0.0201944,0.0091540,-0.0040000),(-0.0203987,0.0090260,-0.0040000),(-0.0204757,0.0090411,-0.0040000),(-0.0201944,0.0091540,-0.0040000),(-0.0204757,0.0090411,-0.0040000),(-0.0205416,0.0090863,-0.0040000),(-0.0201944,0.0091540,-0.0040000),(-0.0205416,0.0090863,-0.0040000),(-0.0205868,0.0091548,-0.0040000),(-0.0201944,0.0091540,-0.0040000),(-0.0205868,0.0091548,-0.0040000),(-0.0206019,0.0092398,-0.0040000),(-0.0201944,0.0091540,-0.0040000),(-0.0206019,0.0092398,-0.0040000),(-0.0206019,0.0128667,-0.0040000),(-0.0201944,0.0091540,-0.0040000),(-0.0206019,0.0128667,-0.0040000),(-0.0205855,0.0129490,-0.0040000),(-0.0201944,0.0091540,-0.0040000),(-0.0205855,0.0129490,-0.0040000),(-0.0205363,0.0130180,-0.0040000),(-0.0201944,0.0091540,-0.0040000),(-0.0205363,0.0130180,-0.0040000),(-0.0204688,0.0130633,-0.0040000),(-0.0201944,0.0091540,-0.0040000),(-0.0204688,0.0130633,-0.0040000),(-0.0203871,0.0130783,-0.0040000),(-0.0201944,0.0091540,-0.0040000),(-0.0203871,0.0130783,-0.0040000),(-0.0203053,0.0130633,-0.0040000),(-0.0201944,0.0091540,-0.0040000),(-0.0203053,0.0130633,-0.0040000),(-0.0202378,0.0130180,-0.0040000),(-0.0201944,0.0091540,-0.0040000),(-0.0202378,0.0130180,-0.0040000),(-0.0201910,0.0129490,-0.0040000),(-0.0201944,0.0091540,-0.0040000),(-0.0201910,0.0129490,-0.0040000),(-0.0201754,0.0128667,-0.0040000),(-0.0201944,0.0091540,-0.0040000),(-0.0201754,0.0128667,-0.0040000),(-0.0201754,0.0104018,-0.0040000),(-0.0201944,0.0091540,-0.0040000),(-0.0201754,0.0104018,-0.0040000),(-0.0192726,0.0129482,-0.0040000),(-0.0201944,0.0091540,-0.0040000),(-0.0192726,0.0129482,-0.0040000),(-0.0192004,0.0130458,-0.0040000),(-0.0201944,0.0091540,-0.0040000),(-0.0192004,0.0130458,-0.0040000),(-0.0190768,0.0130783,-0.0040000),(-0.0201944,0.0091540,-0.0040000),(-0.0190768,0.0130783,-0.0040000),(-0.0189533,0.0130458,-0.0040000),(-0.0201944,0.0091540,-0.0040000),(-0.0189533,0.0130458,-0.0040000),(-0.0188811,0.0129482,-0.0040000),(-0.0179783,0.0104018,-0.0040000),(-0.0179783,0.0128667,-0.0040000),(-0.0179627,0.0129802,-0.0040000),(-0.0179783,0.0104018,-0.0040000),(-0.0179627,0.0129802,-0.0040000),(-0.0179159,0.0130180,-0.0040000),(-0.0179783,0.0104018,-0.0040000),(-0.0179159,0.0130180,-0.0040000),(-0.0177677,0.0130783,-0.0040000),(-0.0179783,0.0104018,-0.0040000),(-0.0177677,0.0130783,-0.0040000),(-0.0177349,0.0130900,-0.0040000),(-0.0179783,0.0104018,-0.0040000),(-0.0177349,0.0130900,-0.0040000),(-0.0176153,0.0130180,-0.0040000),(-0.0179783,0.0104018,-0.0040000),(-0.0176153,0.0130180,-0.0040000),(-0.0175700,0.0129500,-0.0040000),(-0.0179783,0.0104018,-0.0040000),(-0.0175700,0.0129500,-0.0040000),(-0.0175550,0.0128667,-0.0040000),(-0.0179783,0.0104018,-0.0040000),(-0.0175550,0.0128667,-0.0040000),(-0.0175550,0.0092398,-0.0040000),(-0.0179783,0.0104018,-0.0040000),(-0.0175550,0.0092398,-0.0040000),(-0.0175700,0.0091588,-0.0040000),(-0.0188811,0.0129482,-0.0040000),(-0.0179783,0.0104018,-0.0040000),(-0.0175700,0.0091588,-0.0040000),(-0.0188811,0.0129482,-0.0040000),(-0.0175700,0.0091588,-0.0040000),(-0.0176153,0.0090916,-0.0040000),(-0.0188811,0.0129482,-0.0040000),(-0.0176153,0.0090916,-0.0040000),(-0.0176817,0.0090424,-0.0040000),(-0.0188811,0.0129482,-0.0040000),(-0.0176817,0.0090424,-0.0040000),(-0.0177560,0.0090260,-0.0040000),(-0.0188811,0.0129482,-0.0040000),(-0.0177560,0.0090260,-0.0040000),(-0.0178830,0.0090609,-0.0040000),(-0.0188811,0.0129482,-0.0040000),(-0.0178830,0.0090609,-0.0040000),(-0.0179624,0.0091583,-0.0040000),(-0.0188811,0.0129482,-0.0040000),(-0.0179624,0.0091583,-0.0040000),(-0.0190779,0.0122094,-0.0040000),(-0.0201944,0.0091540,-0.0040000),(-0.0188811,0.0129482,-0.0040000),(-0.0190779,0.0122094,-0.0040000),(-0.0079337,0.0121586,-0.0040000),(-0.0079315,0.0122073,-0.0040000),(-0.0079076,0.0122994,-0.0040000),(-0.0079337,0.0121586,-0.0040000),(-0.0079076,0.0122994,-0.0040000),(-0.0078797,0.0123857,-0.0040000),(-0.0079337,0.0121586,-0.0040000),(-0.0078797,0.0123857,-0.0040000),(-0.0078479,0.0124662,-0.0040000),(-0.0079337,0.0121586,-0.0040000),(-0.0078479,0.0124662,-0.0040000),(-0.0078122,0.0125410,-0.0040000),(-0.0079337,0.0121586,-0.0040000),(-0.0078122,0.0125410,-0.0040000),(-0.0077725,0.0126099,-0.0040000),(-0.0079337,0.0121586,-0.0040000),(-0.0077725,0.0126099,-0.0040000),(-0.0077289,0.0126731,-0.0040000),(-0.0079337,0.0121586,-0.0040000),(-0.0077289,0.0126731,-0.0040000),(-0.0076299,0.0127820,-0.0040000),(-0.0079337,0.0121586,-0.0040000),(-0.0076299,0.0127820,-0.0040000),(-0.0075489,0.0128515,-0.0040000),(-0.0079337,0.0121586,-0.0040000),(-0.0075489,0.0128515,-0.0040000),(-0.0074658,0.0129116,-0.0040000),(-0.0079337,0.0121586,-0.0040000),(-0.0074658,0.0129116,-0.0040000),(-0.0073805,0.0129626,-0.0040000),(-0.0079337,0.0121586,-0.0040000),(-0.0073805,0.0129626,-0.0040000),(-0.0072931,0.0130043,-0.0040000),(-0.0079337,0.0121586,-0.0040000),(-0.0072931,0.0130043,-0.0040000),(-0.0072035,0.0130367,-0.0040000),(-0.0079337,0.0121586,-0.0040000),(-0.0072035,0.0130367,-0.0040000),(-0.0071118,0.0130598,-0.0040000),(-0.0079337,0.0121586,-0.0040000),(-0.0071118,0.0130598,-0.0040000),(-0.0070179,0.0130737,-0.0040000),(-0.0079337,0.0121586,-0.0040000),(-0.0070179,0.0130737,-0.0040000),(-0.0069219,0.0130783,-0.0040000),(-0.0079337,0.0121586,-0.0040000),(-0.0069219,0.0130783,-0.0040000),(-0.0068266,0.0130736,-0.0040000),(-0.0079337,0.0121586,-0.0040000),(-0.0068266,0.0130736,-0.0040000),(-0.0067340,0.0130595,-0.0040000),(-0.0079337,0.0121586,-0.0040000),(-0.0067340,0.0130595,-0.0040000),(-0.0066441,0.0130359,-0.0040000),(-0.0079337,0.0121586,-0.0040000),(-0.0066441,0.0130359,-0.0040000),(-0.0065568,0.0130029,-0.0040000),(-0.0065568,0.0130029,-0.0040000),(-0.0064721,0.0129605,-0.0040000),(-0.0063901,0.0129087,-0.0040000),(-0.0065568,0.0130029,-0.0040000),(-0.0063901,0.0129087,-0.0040000),(-0.0063107,0.0128474,-0.0040000),(-0.0065568,0.0130029,-0.0040000),(-0.0063107,0.0128474,-0.0040000),(-0.0062340,0.0127767,-0.0040000),(-0.0065568,0.0130029,-0.0040000),(-0.0062340,0.0127767,-0.0040000),(-0.0061539,0.0126885,-0.0040000),(-0.0065568,0.0130029,-0.0040000),(-0.0061539,0.0126885,-0.0040000),(-0.0060844,0.0125936,-0.0040000),(-0.0065568,0.0130029,-0.0040000),(-0.0060844,0.0125936,-0.0040000),(-0.0060257,0.0124922,-0.0040000),(-0.0065568,0.0130029,-0.0040000),(-0.0060257,0.0124922,-0.0040000),(-0.0059776,0.0123841,-0.0040000),(-0.0065568,0.0130029,-0.0040000),(-0.0059776,0.0123841,-0.0040000),(-0.0059402,0.0122694,-0.0040000),(-0.0065568,0.0130029,-0.0040000),(-0.0059402,0.0122694,-0.0040000),(-0.0059135,0.0121481,-0.0040000),(-0.0065568,0.0130029,-0.0040000),(-0.0059135,0.0121481,-0.0040000),(-0.0058975,0.0120201,-0.0040000),(-0.0065568,0.0130029,-0.0040000),(-0.0058975,0.0120201,-0.0040000),(-0.0058921,0.0118856,-0.0040000),(-0.0065568,0.0130029,-0.0040000),(-0.0058921,0.0118856,-0.0040000),(-0.0058934,0.0117823,-0.0040000),(-0.0065568,0.0130029,-0.0040000),(-0.0058934,0.0117823,-0.0040000),(-0.0058973,0.0116831,-0.0040000),(-0.0065568,0.0130029,-0.0040000),(-0.0058973,0.0116831,-0.0040000),(-0.0059037,0.0115879,-0.0040000),(-0.0065568,0.0130029,-0.0040000),(-0.0059037,0.0115879,-0.0040000),(-0.0059128,0.0114967,-0.0040000),(-0.0065568,0.0130029,-0.0040000),(-0.0059128,0.0114967,-0.0040000),(-0.0059244,0.0114096,-0.0040000),(-0.0065568,0.0130029,-0.0040000),(-0.0059244,0.0114096,-0.0040000),(-0.0059386,0.0113265,-0.0040000),(-0.0065568,0.0130029,-0.0040000),(-0.0059386,0.0113265,-0.0040000),(-0.0059553,0.0112475,-0.0040000),(-0.0065568,0.0130029,-0.0040000),(-0.0059553,0.0112475,-0.0040000),(-0.0059747,0.0111725,-0.0040000),(-0.0065568,0.0130029,-0.0040000),(-0.0059747,0.0111725,-0.0040000),(-0.0060211,0.0110347,-0.0040000),(-0.0060211,0.0110347,-0.0040000),(-0.0060779,0.0109131,-0.0040000),(-0.0061449,0.0108076,-0.0040000),(-0.0060211,0.0110347,-0.0040000),(-0.0061449,0.0108076,-0.0040000),(-0.0062223,0.0107183,-0.0040000),(-0.0060211,0.0110347,-0.0040000),(-0.0062223,0.0107183,-0.0040000),(-0.0063018,0.0106488,-0.0040000),(-0.0060211,0.0110347,-0.0040000),(-0.0063018,0.0106488,-0.0040000),(-0.0063837,0.0105886,-0.0040000),(-0.0060211,0.0110347,-0.0040000),(-0.0063837,0.0105886,-0.0040000),(-0.0064678,0.0105377,-0.0040000),(-0.0060211,0.0110347,-0.0040000),(-0.0064678,0.0105377,-0.0040000),(-0.0065544,0.0104960,-0.0040000),(-0.0060211,0.0110347,-0.0040000),(-0.0065544,0.0104960,-0.0040000),(-0.0066433,0.0104636,-0.0040000),(-0.0060211,0.0110347,-0.0040000),(-0.0066433,0.0104636,-0.0040000),(-0.0067345,0.0104404,-0.0040000),(-0.0060211,0.0110347,-0.0040000),(-0.0067345,0.0104404,-0.0040000),(-0.0068281,0.0104265,-0.0040000),(-0.0060211,0.0110347,-0.0040000),(-0.0068281,0.0104265,-0.0040000),(-0.0069240,0.0104219,-0.0040000),(-0.0060211,0.0110347,-0.0040000),(-0.0069240,0.0104219,-0.0040000),(-0.0070093,0.0104252,-0.0040000),(-0.0060211,0.0110347,-0.0040000),(-0.0070093,0.0104252,-0.0040000),(-0.0070917,0.0104350,-0.0040000),(-0.0060211,0.0110347,-0.0040000),(-0.0070917,0.0104350,-0.0040000),(-0.0071711,0.0104512,-0.0040000),(-0.0060211,0.0110347,-0.0040000),(-0.0071711,0.0104512,-0.0040000),(-0.0072476,0.0104740,-0.0040000),(-0.0060211,0.0110347,-0.0040000),(-0.0072476,0.0104740,-0.0040000),(-0.0073917,0.0105392,-0.0040000),(-0.0060211,0.0110347,-0.0040000),(-0.0073917,0.0105392,-0.0040000),(-0.0075241,0.0106304,-0.0040000),(-0.0074817,0.0094525,-0.0040000),(-0.0062065,0.0094525,-0.0040000),(-0.0061250,0.0094366,-0.0040000),(-0.0074817,0.0094525,-0.0040000),(-0.0061250,0.0094366,-0.0040000),(-0.0060562,0.0093890,-0.0040000),(-0.0074817,0.0094525,-0.0040000),(-0.0060562,0.0093890,-0.0040000),(-0.0060093,0.0093197,-0.0040000),(-0.0074817,0.0094525,-0.0040000),(-0.0060093,0.0093197,-0.0040000),(-0.0059937,0.0092387,-0.0040000),(-0.0074817,0.0094525,-0.0040000),(-0.0059937,0.0092387,-0.0040000),(-0.0060093,0.0091580,-0.0040000),(-0.0074817,0.0094525,-0.0040000),(-0.0060093,0.0091580,-0.0040000),(-0.0060562,0.0090895,-0.0040000),(-0.0074817,0.0094525,-0.0040000),(-0.0060562,0.0090895,-0.0040000),(-0.0061250,0.0090419,-0.0040000),(-0.0074817,0.0094525,-0.0040000),(-0.0061250,0.0090419,-0.0040000),(-0.0062065,0.0090260,-0.0040000),(-0.0074817,0.0094525,-0.0040000),(-0.0062065,0.0090260,-0.0040000),(-0.0076786,0.0090260,-0.0040000),(-0.0075241,0.0106304,-0.0040000),(-0.0074817,0.0094525,-0.0040000),(-0.0076786,0.0090260,-0.0040000),(-0.0075241,0.0106304,-0.0040000),(-0.0076786,0.0090260,-0.0040000),(-0.0077590,0.0090400,-0.0040000),(-0.0075241,0.0106304,-0.0040000),(-0.0077590,0.0090400,-0.0040000),(-0.0078289,0.0090821,-0.0040000),(-0.0075241,0.0106304,-0.0040000),(-0.0078289,0.0090821,-0.0040000),(-0.0078765,0.0091472,-0.0040000),(-0.0075241,0.0106304,-0.0040000),(-0.0078765,0.0091472,-0.0040000),(-0.0078924,0.0092260,-0.0040000),(-0.0075241,0.0106304,-0.0040000),(-0.0078924,0.0092260,-0.0040000),(-0.0079728,0.0112908,-0.0040000),(-0.0075241,0.0106304,-0.0040000),(-0.0079728,0.0112908,-0.0040000),(-0.0079596,0.0113702,-0.0040000),(-0.0075241,0.0106304,-0.0040000),(-0.0079596,0.0113702,-0.0040000),(-0.0079199,0.0114411,-0.0040000),(-0.0075241,0.0106304,-0.0040000),(-0.0079199,0.0114411,-0.0040000),(-0.0078548,0.0114951,-0.0040000),(-0.0075241,0.0106304,-0.0040000),(-0.0078548,0.0114951,-0.0040000),(-0.0077717,0.0115131,-0.0040000),(-0.0075241,0.0106304,-0.0040000),(-0.0077717,0.0115131,-0.0040000),(-0.0076905,0.0114996,-0.0040000),(-0.0075241,0.0106304,-0.0040000),(-0.0076905,0.0114996,-0.0040000),(-0.0076183,0.0114591,-0.0040000),(-0.0075241,0.0106304,-0.0040000),(-0.0076183,0.0114591,-0.0040000),(-0.0075558,0.0113575,-0.0040000),(-0.0075241,0.0106304,-0.0040000),(-0.0075558,0.0113575,-0.0040000),(-0.0075218,0.0112724,-0.0040000),(-0.0075241,0.0106304,-0.0040000),(-0.0075218,0.0112724,-0.0040000),(-0.0074727,0.0111884,-0.0040000),(-0.0075241,0.0106304,-0.0040000),(-0.0074727,0.0111884,-0.0040000),(-0.0074086,0.0111057,-0.0040000),(-0.0075241,0.0106304,-0.0040000),(-0.0074086,0.0111057,-0.0040000),(-0.0073293,0.0110241,-0.0040000),(-0.0075241,0.0106304,-0.0040000),(-0.0073293,0.0110241,-0.0040000),(-0.0072338,0.0109463,-0.0040000),(-0.0075241,0.0106304,-0.0040000),(-0.0072338,0.0109463,-0.0040000),(-0.0071343,0.0108908,-0.0040000),(-0.0075241,0.0106304,-0.0040000),(-0.0071343,0.0108908,-0.0040000),(-0.0070311,0.0108574,-0.0040000),(-0.0075241,0.0106304,-0.0040000),(-0.0070311,0.0108574,-0.0040000),(-0.0069240,0.0108463,-0.0040000),(-0.0075241,0.0106304,-0.0040000),(-0.0069240,0.0108463,-0.0040000),(-0.0068175,0.0108574,-0.0040000),(-0.0060211,0.0110347,-0.0040000),(-0.0075241,0.0106304,-0.0040000),(-0.0068175,0.0108574,-0.0040000),(-0.0060211,0.0110347,-0.0040000),(-0.0068175,0.0108574,-0.0040000),(-0.0067150,0.0108908,-0.0040000),(-0.0060211,0.0110347,-0.0040000),(-0.0067150,0.0108908,-0.0040000),(-0.0066164,0.0109463,-0.0040000),(-0.0060211,0.0110347,-0.0040000),(-0.0066164,0.0109463,-0.0040000),(-0.0065218,0.0110241,-0.0040000),(-0.0060211,0.0110347,-0.0040000),(-0.0065218,0.0110241,-0.0040000),(-0.0064315,0.0111527,-0.0040000),(-0.0060211,0.0110347,-0.0040000),(-0.0064315,0.0111527,-0.0040000),(-0.0063961,0.0112388,-0.0040000),(-0.0060211,0.0110347,-0.0040000),(-0.0063961,0.0112388,-0.0040000),(-0.0063671,0.0113395,-0.0040000),(-0.0060211,0.0110347,-0.0040000),(-0.0063671,0.0113395,-0.0040000),(-0.0063445,0.0114547,-0.0040000),(-0.0060211,0.0110347,-0.0040000),(-0.0063445,0.0114547,-0.0040000),(-0.0063284,0.0115845,-0.0040000),(-0.0060211,0.0110347,-0.0040000),(-0.0063284,0.0115845,-0.0040000),(-0.0063187,0.0117288,-0.0040000),(-0.0060211,0.0110347,-0.0040000),(-0.0063187,0.0117288,-0.0040000),(-0.0063155,0.0118877,-0.0040000),(-0.0060211,0.0110347,-0.0040000),(-0.0063155,0.0118877,-0.0040000),(-0.0063189,0.0119792,-0.0040000),(-0.0060211,0.0110347,-0.0040000),(-0.0063189,0.0119792,-0.0040000),(-0.0063292,0.0120656,-0.0040000),(-0.0060211,0.0110347,-0.0040000),(-0.0063292,0.0120656,-0.0040000),(-0.0063464,0.0121472,-0.0040000),(-0.0065568,0.0130029,-0.0040000),(-0.0060211,0.0110347,-0.0040000),(-0.0063464,0.0121472,-0.0040000),(-0.0065568,0.0130029,-0.0040000),(-0.0063464,0.0121472,-0.0040000),(-0.0063705,0.0122237,-0.0040000),(-0.0065568,0.0130029,-0.0040000),(-0.0063705,0.0122237,-0.0040000),(-0.0064393,0.0123620,-0.0040000),(-0.0065568,0.0130029,-0.0040000),(-0.0064393,0.0123620,-0.0040000),(-0.0065356,0.0124804,-0.0040000),(-0.0065568,0.0130029,-0.0040000),(-0.0065356,0.0124804,-0.0040000),(-0.0066269,0.0125563,-0.0040000),(-0.0065568,0.0130029,-0.0040000),(-0.0066269,0.0125563,-0.0040000),(-0.0067229,0.0126106,-0.0040000),(-0.0065568,0.0130029,-0.0040000),(-0.0067229,0.0126106,-0.0040000),(-0.0068237,0.0126431,-0.0040000),(-0.0065568,0.0130029,-0.0040000),(-0.0068237,0.0126431,-0.0040000),(-0.0069293,0.0126539,-0.0040000),(-0.0065568,0.0130029,-0.0040000),(-0.0069293,0.0126539,-0.0040000),(-0.0070319,0.0126427,-0.0040000),(-0.0065568,0.0130029,-0.0040000),(-0.0070319,0.0126427,-0.0040000),(-0.0071343,0.0126090,-0.0040000),(-0.0065568,0.0130029,-0.0040000),(-0.0071343,0.0126090,-0.0040000),(-0.0072367,0.0125527,-0.0040000),(-0.0079337,0.0121586,-0.0040000),(-0.0065568,0.0130029,-0.0040000),(-0.0072367,0.0125527,-0.0040000),(-0.0079337,0.0121586,-0.0040000),(-0.0072367,0.0125527,-0.0040000),(-0.0073389,0.0124740,-0.0040000),(-0.0079337,0.0121586,-0.0040000),(-0.0073389,0.0124740,-0.0040000),(-0.0074410,0.0123312,-0.0040000),(-0.0079337,0.0121586,-0.0040000),(-0.0074410,0.0123312,-0.0040000),(-0.0074806,0.0122311,-0.0040000),(-0.0079337,0.0121586,-0.0040000),(-0.0074806,0.0122311,-0.0040000),(-0.0075124,0.0121121,-0.0040000),(-0.0079337,0.0121586,-0.0040000),(-0.0075124,0.0121121,-0.0040000),(-0.0075565,0.0120394,-0.0040000),(-0.0079337,0.0121586,-0.0040000),(-0.0075565,0.0120394,-0.0040000),(-0.0076050,0.0119875,-0.0040000),(-0.0079337,0.0121586,-0.0040000),(-0.0076050,0.0119875,-0.0040000),(-0.0077156,0.0119459,-0.0040000),(-0.0079337,0.0121586,-0.0040000),(-0.0077156,0.0119459,-0.0040000),(-0.0077230,0.0119459,-0.0040000),(-0.0079337,0.0121586,-0.0040000),(-0.0077230,0.0119459,-0.0040000),(-0.0077969,0.0119616,-0.0040000),(-0.0079337,0.0121586,-0.0040000),(-0.0077969,0.0119616,-0.0040000),(-0.0078567,0.0120023,-0.0040000),(-0.0153557,0.0107902,-0.0040000),(-0.0153081,0.0107415,-0.0040000),(-0.0152521,0.0106640,-0.0040000),(-0.0153557,0.0107902,-0.0040000),(-0.0152521,0.0106640,-0.0040000),(-0.0152035,0.0105826,-0.0040000),(-0.0153557,0.0107902,-0.0040000),(-0.0152035,0.0105826,-0.0040000),(-0.0151624,0.0104974,-0.0040000),(-0.0153557,0.0107902,-0.0040000),(-0.0151624,0.0104974,-0.0040000),(-0.0151287,0.0104084,-0.0040000),(-0.0153557,0.0107902,-0.0040000),(-0.0151287,0.0104084,-0.0040000),(-0.0151026,0.0103156,-0.0040000),(-0.0153557,0.0107902,-0.0040000),(-0.0151026,0.0103156,-0.0040000),(-0.0150839,0.0102191,-0.0040000),(-0.0153557,0.0107902,-0.0040000),(-0.0150839,0.0102191,-0.0040000),(-0.0150727,0.0101187,-0.0040000),(-0.0153557,0.0107902,-0.0040000),(-0.0150727,0.0101187,-0.0040000),(-0.0150689,0.0100145,-0.0040000),(-0.0153557,0.0107902,-0.0040000),(-0.0150689,0.0100145,-0.0040000),(-0.0150727,0.0099103,-0.0040000),(-0.0153557,0.0107902,-0.0040000),(-0.0150727,0.0099103,-0.0040000),(-0.0150838,0.0098107,-0.0040000),(-0.0153557,0.0107902,-0.0040000),(-0.0150838,0.0098107,-0.0040000),(-0.0151024,0.0097156,-0.0040000),(-0.0153557,0.0107902,-0.0040000),(-0.0151024,0.0097156,-0.0040000),(-0.0151285,0.0096250,-0.0040000),(-0.0153557,0.0107902,-0.0040000),(-0.0151285,0.0096250,-0.0040000),(-0.0151620,0.0095389,-0.0040000),(-0.0153557,0.0107902,-0.0040000),(-0.0151620,0.0095389,-0.0040000),(-0.0152029,0.0094572,-0.0040000),(-0.0153557,0.0107902,-0.0040000),(-0.0152029,0.0094572,-0.0040000),(-0.0152513,0.0093801,-0.0040000),(-0.0153557,0.0107902,-0.0040000),(-0.0152513,0.0093801,-0.0040000),(-0.0153071,0.0093075,-0.0040000),(-0.0153557,0.0107902,-0.0040000),(-0.0153071,0.0093075,-0.0040000),(-0.0153688,0.0092415,-0.0040000),(-0.0153557,0.0107902,-0.0040000),(-0.0153688,0.0092415,-0.0040000),(-0.0154355,0.0091843,-0.0040000),(-0.0153557,0.0107902,-0.0040000),(-0.0154355,0.0091843,-0.0040000),(-0.0155072,0.0091359,-0.0040000),(-0.0153557,0.0107902,-0.0040000),(-0.0155072,0.0091359,-0.0040000),(-0.0155838,0.0090964,-0.0040000),(-0.0155838,0.0090964,-0.0040000),(-0.0156654,0.0090656,-0.0040000),(-0.0157520,0.0090436,-0.0040000),(-0.0155838,0.0090964,-0.0040000),(-0.0157520,0.0090436,-0.0040000),(-0.0158435,0.0090304,-0.0040000),(-0.0155838,0.0090964,-0.0040000),(-0.0158435,0.0090304,-0.0040000),(-0.0159399,0.0090260,-0.0040000),(-0.0155838,0.0090964,-0.0040000),(-0.0159399,0.0090260,-0.0040000),(-0.0160355,0.0090304,-0.0040000),(-0.0155838,0.0090964,-0.0040000),(-0.0160355,0.0090304,-0.0040000),(-0.0161267,0.0090435,-0.0040000),(-0.0155838,0.0090964,-0.0040000),(-0.0161267,0.0090435,-0.0040000),(-0.0162138,0.0090654,-0.0040000),(-0.0155838,0.0090964,-0.0040000),(-0.0162138,0.0090654,-0.0040000),(-0.0162966,0.0090961,-0.0040000),(-0.0155838,0.0090964,-0.0040000),(-0.0162966,0.0090961,-0.0040000),(-0.0163752,0.0091355,-0.0040000),(-0.0155838,0.0090964,-0.0040000),(-0.0163752,0.0091355,-0.0040000),(-0.0164495,0.0091837,-0.0040000),(-0.0155838,0.0090964,-0.0040000),(-0.0164495,0.0091837,-0.0040000),(-0.0165196,0.0092407,-0.0040000),(-0.0155838,0.0090964,-0.0040000),(-0.0165196,0.0092407,-0.0040000),(-0.0165855,0.0093064,-0.0040000),(-0.0155838,0.0090964,-0.0040000),(-0.0165855,0.0093064,-0.0040000),(-0.0166453,0.0093788,-0.0040000),(-0.0155838,0.0090964,-0.0040000),(-0.0166453,0.0093788,-0.0040000),(-0.0166971,0.0094559,-0.0040000),(-0.0155838,0.0090964,-0.0040000),(-0.0166971,0.0094559,-0.0040000),(-0.0167410,0.0095375,-0.0040000),(-0.0155838,0.0090964,-0.0040000),(-0.0167410,0.0095375,-0.0040000),(-0.0167768,0.0096237,-0.0040000),(-0.0155838,0.0090964,-0.0040000),(-0.0167768,0.0096237,-0.0040000),(-0.0168047,0.0097145,-0.0040000),(-0.0155838,0.0090964,-0.0040000),(-0.0168047,0.0097145,-0.0040000),(-0.0168246,0.0098099,-0.0040000),(-0.0155838,0.0090964,-0.0040000),(-0.0168246,0.0098099,-0.0040000),(-0.0168366,0.0099099,-0.0040000),(-0.0168366,0.0099099,-0.0040000),(-0.0168406,0.0100145,-0.0040000),(-0.0168252,0.0100967,-0.0040000),(-0.0168366,0.0099099,-0.0040000),(-0.0168252,0.0100967,-0.0040000),(-0.0167792,0.0101658,-0.0040000),(-0.0168366,0.0099099,-0.0040000),(-0.0167792,0.0101658,-0.0040000),(-0.0167109,0.0102126,-0.0040000),(-0.0168366,0.0099099,-0.0040000),(-0.0167109,0.0102126,-0.0040000),(-0.0166289,0.0102282,-0.0040000),(-0.0168366,0.0099099,-0.0040000),(-0.0166289,0.0102282,-0.0040000),(-0.0165461,0.0102126,-0.0040000),(-0.0168366,0.0099099,-0.0040000),(-0.0165461,0.0102126,-0.0040000),(-0.0164776,0.0101658,-0.0040000),(-0.0168366,0.0099099,-0.0040000),(-0.0164776,0.0101658,-0.0040000),(-0.0164315,0.0100967,-0.0040000),(-0.0168366,0.0099099,-0.0040000),(-0.0164315,0.0100967,-0.0040000),(-0.0164162,0.0100145,-0.0040000),(-0.0168366,0.0099099,-0.0040000),(-0.0164162,0.0100145,-0.0040000),(-0.0164075,0.0098882,-0.0040000),(-0.0168366,0.0099099,-0.0040000),(-0.0164075,0.0098882,-0.0040000),(-0.0163815,0.0097771,-0.0040000),(-0.0168366,0.0099099,-0.0040000),(-0.0163815,0.0097771,-0.0040000),(-0.0163382,0.0096813,-0.0040000),(-0.0168366,0.0099099,-0.0040000),(-0.0163382,0.0096813,-0.0040000),(-0.0162776,0.0096007,-0.0040000),(-0.0168366,0.0099099,-0.0040000),(-0.0162776,0.0096007,-0.0040000),(-0.0162060,0.0095358,-0.0040000),(-0.0155838,0.0090964,-0.0040000),(-0.0168366,0.0099099,-0.0040000),(-0.0162060,0.0095358,-0.0040000),(-0.0155838,0.0090964,-0.0040000),(-0.0162060,0.0095358,-0.0040000),(-0.0161259,0.0094895,-0.0040000),(-0.0155838,0.0090964,-0.0040000),(-0.0161259,0.0094895,-0.0040000),(-0.0160372,0.0094617,-0.0040000),(-0.0155838,0.0090964,-0.0040000),(-0.0160372,0.0094617,-0.0040000),(-0.0159399,0.0094525,-0.0040000),(-0.0155838,0.0090964,-0.0040000),(-0.0159399,0.0094525,-0.0040000),(-0.0158461,0.0094617,-0.0040000),(-0.0155838,0.0090964,-0.0040000),(-0.0158461,0.0094617,-0.0040000),(-0.0157614,0.0094893,-0.0040000),(-0.0155838,0.0090964,-0.0040000),(-0.0157614,0.0094893,-0.0040000),(-0.0156857,0.0095352,-0.0040000),(-0.0155838,0.0090964,-0.0040000),(-0.0156857,0.0095352,-0.0040000),(-0.0156193,0.0095996,-0.0040000),(-0.0155838,0.0090964,-0.0040000),(-0.0156193,0.0095996,-0.0040000),(-0.0155651,0.0096807,-0.0040000),(-0.0155838,0.0090964,-0.0040000),(-0.0155651,0.0096807,-0.0040000),(-0.0155264,0.0097769,-0.0040000),(-0.0155838,0.0090964,-0.0040000),(-0.0155264,0.0097769,-0.0040000),(-0.0155032,0.0098881,-0.0040000),(-0.0153557,0.0107902,-0.0040000),(-0.0155838,0.0090964,-0.0040000),(-0.0155032,0.0098881,-0.0040000),(-0.0153557,0.0107902,-0.0040000),(-0.0155032,0.0098881,-0.0040000),(-0.0154954,0.0100145,-0.0040000),(-0.0153557,0.0107902,-0.0040000),(-0.0154954,0.0100145,-0.0040000),(-0.0155031,0.0101425,-0.0040000),(-0.0153557,0.0107902,-0.0040000),(-0.0155031,0.0101425,-0.0040000),(-0.0155261,0.0102579,-0.0040000),(-0.0153557,0.0107902,-0.0040000),(-0.0155261,0.0102579,-0.0040000),(-0.0155645,0.0103605,-0.0040000),(-0.0153557,0.0107902,-0.0040000),(-0.0155645,0.0103605,-0.0040000),(-0.0156182,0.0104505,-0.0040000),(-0.0153557,0.0107902,-0.0040000),(-0.0156182,0.0104505,-0.0040000),(-0.0156805,0.0105153,-0.0040000),(-0.0152713,0.0108664,-0.0040000),(-0.0153557,0.0107902,-0.0040000),(-0.0156805,0.0105153,-0.0040000),(-0.0152713,0.0108664,-0.0040000),(-0.0156805,0.0105153,-0.0040000),(-0.0157497,0.0105616,-0.0040000),(-0.0152713,0.0108664,-0.0040000),(-0.0157497,0.0105616,-0.0040000),(-0.0158260,0.0105894,-0.0040000),(-0.0152713,0.0108664,-0.0040000),(-0.0158260,0.0105894,-0.0040000),(-0.0159093,0.0105987,-0.0040000),(-0.0152713,0.0108664,-0.0040000),(-0.0159093,0.0105987,-0.0040000),(-0.0159516,0.0105987,-0.0040000),(-0.0152713,0.0108664,-0.0040000),(-0.0159516,0.0105987,-0.0040000),(-0.0160183,0.0105987,-0.0040000),(-0.0152713,0.0108664,-0.0040000),(-0.0160183,0.0105987,-0.0040000),(-0.0160998,0.0106143,-0.0040000),(-0.0152713,0.0108664,-0.0040000),(-0.0160998,0.0106143,-0.0040000),(-0.0161685,0.0106611,-0.0040000),(-0.0152713,0.0108664,-0.0040000),(-0.0161685,0.0106611,-0.0040000),(-0.0162154,0.0107296,-0.0040000),(-0.0152713,0.0108664,-0.0040000),(-0.0162154,0.0107296,-0.0040000),(-0.0162310,0.0108103,-0.0040000),(-0.0152713,0.0108664,-0.0040000),(-0.0162310,0.0108103,-0.0040000),(-0.0162154,0.0108913,-0.0040000),(-0.0152713,0.0108664,-0.0040000),(-0.0162154,0.0108913,-0.0040000),(-0.0161685,0.0109606,-0.0040000),(-0.0152713,0.0108664,-0.0040000),(-0.0161685,0.0109606,-0.0040000),(-0.0160998,0.0110082,-0.0040000),(-0.0152713,0.0108664,-0.0040000),(-0.0160998,0.0110082,-0.0040000),(-0.0160183,0.0110241,-0.0040000),(-0.0152713,0.0108664,-0.0040000),(-0.0160183,0.0110241,-0.0040000),(-0.0159516,0.0110241,-0.0040000),(-0.0152713,0.0108664,-0.0040000),(-0.0159516,0.0110241,-0.0040000),(-0.0158212,0.0110381,-0.0040000),(-0.0152713,0.0108664,-0.0040000),(-0.0158212,0.0110381,-0.0040000),(-0.0157031,0.0110799,-0.0040000),(-0.0152713,0.0108664,-0.0040000),(-0.0157031,0.0110799,-0.0040000),(-0.0155974,0.0111497,-0.0040000),(-0.0152713,0.0108664,-0.0040000),(-0.0155974,0.0111497,-0.0040000),(-0.0155039,0.0112474,-0.0040000),(-0.0152713,0.0108664,-0.0040000),(-0.0155039,0.0112474,-0.0040000),(-0.0154270,0.0113686,-0.0040000),(-0.0152713,0.0108664,-0.0040000),(-0.0154270,0.0113686,-0.0040000),(-0.0153721,0.0115088,-0.0040000),(-0.0152713,0.0108664,-0.0040000),(-0.0153721,0.0115088,-0.0040000),(-0.0153392,0.0116681,-0.0040000),(-0.0152713,0.0108664,-0.0040000),(-0.0153392,0.0116681,-0.0040000),(-0.0153310,0.0117549,-0.0040000),(-0.0152713,0.0108664,-0.0040000),(-0.0153310,0.0117549,-0.0040000),(-0.0153282,0.0118464,-0.0040000),(-0.0152713,0.0108664,-0.0040000),(-0.0153282,0.0118464,-0.0040000),(-0.0153310,0.0119371,-0.0040000),(-0.0165500,0.0118819,-0.0040000),(-0.0165527,0.0117819,-0.0040000),(-0.0165686,0.0116999,-0.0040000),(-0.0165419,0.0119763,-0.0040000),(-0.0165500,0.0118819,-0.0040000),(-0.0165686,0.0116999,-0.0040000),(-0.0165419,0.0119763,-0.0040000),(-0.0165686,0.0116999,-0.0040000),(-0.0166162,0.0116316,-0.0040000),(-0.0165283,0.0120649,-0.0040000),(-0.0165419,0.0119763,-0.0040000),(-0.0166162,0.0116316,-0.0040000),(-0.0165283,0.0120649,-0.0040000),(-0.0166162,0.0116316,-0.0040000),(-0.0166855,0.0115856,-0.0040000),(-0.0165093,0.0121478,-0.0040000),(-0.0165283,0.0120649,-0.0040000),(-0.0166855,0.0115856,-0.0040000),(-0.0165093,0.0121478,-0.0040000),(-0.0166855,0.0115856,-0.0040000),(-0.0167686,0.0115702,-0.0040000),(-0.0164551,0.0122964,-0.0040000),(-0.0165093,0.0121478,-0.0040000),(-0.0167686,0.0115702,-0.0040000),(-0.0164551,0.0122964,-0.0040000),(-0.0167686,0.0115702,-0.0040000),(-0.0168514,0.0115856,-0.0040000),(-0.0164551,0.0122964,-0.0040000),(-0.0168514,0.0115856,-0.0040000),(-0.0169200,0.0116316,-0.0040000),(-0.0163792,0.0124222,-0.0040000),(-0.0164551,0.0122964,-0.0040000),(-0.0169200,0.0116316,-0.0040000),(-0.0163792,0.0124222,-0.0040000),(-0.0169200,0.0116316,-0.0040000),(-0.0169660,0.0116999,-0.0040000),(-0.0163792,0.0124222,-0.0040000),(-0.0169660,0.0116999,-0.0040000),(-0.0169813,0.0117819,-0.0040000),(-0.0162886,0.0125217,-0.0040000),(-0.0163792,0.0124222,-0.0040000),(-0.0169813,0.0117819,-0.0040000),(-0.0162886,0.0125217,-0.0040000),(-0.0169813,0.0117819,-0.0040000),(-0.0169769,0.0119188,-0.0040000),(-0.0162886,0.0125217,-0.0040000),(-0.0169769,0.0119188,-0.0040000),(-0.0169637,0.0120498,-0.0040000),(-0.0162886,0.0125217,-0.0040000),(-0.0169637,0.0120498,-0.0040000),(-0.0169416,0.0121748,-0.0040000),(-0.0161852,0.0125928,-0.0040000),(-0.0162886,0.0125217,-0.0040000),(-0.0169416,0.0121748,-0.0040000),(-0.0161852,0.0125928,-0.0040000),(-0.0169416,0.0121748,-0.0040000),(-0.0169107,0.0122938,-0.0040000),(-0.0161852,0.0125928,-0.0040000),(-0.0169107,0.0122938,-0.0040000),(-0.0168710,0.0124069,-0.0040000),(-0.0160690,0.0126355,-0.0040000),(-0.0161852,0.0125928,-0.0040000),(-0.0168710,0.0124069,-0.0040000),(-0.0160690,0.0126355,-0.0040000),(-0.0168710,0.0124069,-0.0040000),(-0.0168224,0.0125139,-0.0040000),(-0.0160690,0.0126355,-0.0040000),(-0.0168224,0.0125139,-0.0040000),(-0.0167650,0.0126150,-0.0040000),(-0.0159399,0.0126497,-0.0040000),(-0.0160690,0.0126355,-0.0040000),(-0.0167650,0.0126150,-0.0040000),(-0.0159399,0.0126497,-0.0040000),(-0.0167650,0.0126150,-0.0040000),(-0.0166988,0.0127100,-0.0040000),(-0.0159399,0.0126497,-0.0040000),(-0.0166988,0.0127100,-0.0040000),(-0.0166267,0.0127956,-0.0040000),(-0.0158164,0.0126363,-0.0040000),(-0.0159399,0.0126497,-0.0040000),(-0.0166267,0.0127956,-0.0040000),(-0.0158164,0.0126363,-0.0040000),(-0.0166267,0.0127956,-0.0040000),(-0.0165482,0.0128698,-0.0040000),(-0.0158164,0.0126363,-0.0040000),(-0.0165482,0.0128698,-0.0040000),(-0.0164631,0.0129325,-0.0040000),(-0.0157029,0.0125960,-0.0040000),(-0.0158164,0.0126363,-0.0040000),(-0.0164631,0.0129325,-0.0040000),(-0.0157029,0.0125960,-0.0040000),(-0.0164631,0.0129325,-0.0040000),(-0.0163715,0.0129839,-0.0040000),(-0.0157029,0.0125960,-0.0040000),(-0.0163715,0.0129839,-0.0040000),(-0.0162734,0.0130238,-0.0040000),(-0.0155994,0.0125289,-0.0040000),(-0.0157029,0.0125960,-0.0040000),(-0.0162734,0.0130238,-0.0040000),(-0.0155994,0.0125289,-0.0040000),(-0.0162734,0.0130238,-0.0040000),(-0.0161687,0.0130523,-0.0040000),(-0.0155994,0.0125289,-0.0040000),(-0.0161687,0.0130523,-0.0040000),(-0.0160576,0.0130695,-0.0040000),(-0.0155060,0.0124349,-0.0040000),(-0.0155994,0.0125289,-0.0040000),(-0.0160576,0.0130695,-0.0040000),(-0.0155060,0.0124349,-0.0040000),(-0.0160576,0.0130695,-0.0040000),(-0.0159399,0.0130752,-0.0040000),(-0.0155060,0.0124349,-0.0040000),(-0.0159399,0.0130752,-0.0040000),(-0.0158268,0.0130697,-0.0040000),(-0.0154282,0.0123171,-0.0040000),(-0.0155060,0.0124349,-0.0040000),(-0.0158268,0.0130697,-0.0040000),(-0.0154282,0.0123171,-0.0040000),(-0.0158268,0.0130697,-0.0040000),(-0.0157192,0.0130532,-0.0040000),(-0.0153727,0.0121798,-0.0040000),(-0.0154282,0.0123171,-0.0040000),(-0.0157192,0.0130532,-0.0040000),(-0.0153727,0.0121798,-0.0040000),(-0.0157192,0.0130532,-0.0040000),(-0.0156171,0.0130258,-0.0040000),(-0.0153727,0.0121798,-0.0040000),(-0.0156171,0.0130258,-0.0040000),(-0.0155206,0.0129873,-0.0040000),(-0.0153532,0.0121038,-0.0040000),(-0.0153727,0.0121798,-0.0040000),(-0.0155206,0.0129873,-0.0040000),(-0.0153532,0.0121038,-0.0040000),(-0.0155206,0.0129873,-0.0040000),(-0.0154295,0.0129379,-0.0040000),(-0.0153393,0.0120229,-0.0040000),(-0.0153532,0.0121038,-0.0040000),(-0.0154295,0.0129379,-0.0040000),(-0.0153393,0.0120229,-0.0040000),(-0.0154295,0.0129379,-0.0040000),(-0.0153440,0.0128775,-0.0040000),(-0.0153310,0.0119371,-0.0040000),(-0.0153393,0.0120229,-0.0040000),(-0.0153440,0.0128775,-0.0040000),(-0.0152713,0.0108664,-0.0040000),(-0.0153310,0.0119371,-0.0040000),(-0.0153440,0.0128775,-0.0040000),(-0.0152713,0.0108664,-0.0040000),(-0.0153440,0.0128775,-0.0040000),(-0.0152640,0.0128061,-0.0040000),(-0.0152713,0.0108664,-0.0040000),(-0.0152640,0.0128061,-0.0040000),(-0.0151896,0.0127238,-0.0040000),(-0.0152713,0.0108664,-0.0040000),(-0.0151896,0.0127238,-0.0040000),(-0.0151219,0.0126325,-0.0040000),(-0.0152713,0.0108664,-0.0040000),(-0.0151219,0.0126325,-0.0040000),(-0.0150632,0.0125360,-0.0040000),(-0.0152713,0.0108664,-0.0040000),(-0.0150632,0.0125360,-0.0040000),(-0.0150135,0.0124342,-0.0040000),(-0.0152713,0.0108664,-0.0040000),(-0.0150135,0.0124342,-0.0040000),(-0.0149729,0.0123272,-0.0040000),(-0.0152713,0.0108664,-0.0040000),(-0.0149729,0.0123272,-0.0040000),(-0.0149413,0.0122149,-0.0040000),(-0.0152713,0.0108664,-0.0040000),(-0.0149413,0.0122149,-0.0040000),(-0.0149187,0.0120973,-0.0040000),(-0.0152713,0.0108664,-0.0040000),(-0.0149187,0.0120973,-0.0040000),(-0.0149052,0.0119745,-0.0040000),(-0.0152713,0.0108664,-0.0040000),(-0.0149052,0.0119745,-0.0040000),(-0.0149007,0.0118464,-0.0040000),(-0.0152713,0.0108664,-0.0040000),(-0.0149007,0.0118464,-0.0040000),(-0.0149051,0.0117171,-0.0040000),(-0.0152713,0.0108664,-0.0040000),(-0.0149051,0.0117171,-0.0040000),(-0.0149186,0.0115930,-0.0040000),(-0.0152713,0.0108664,-0.0040000),(-0.0149186,0.0115930,-0.0040000),(-0.0149410,0.0114742,-0.0040000),(-0.0152713,0.0108664,-0.0040000),(-0.0149410,0.0114742,-0.0040000),(-0.0149724,0.0113607,-0.0040000),(-0.0152713,0.0108664,-0.0040000),(-0.0149724,0.0113607,-0.0040000),(-0.0150127,0.0112524,-0.0040000),(-0.0152713,0.0108664,-0.0040000),(-0.0150127,0.0112524,-0.0040000),(-0.0150620,0.0111495,-0.0040000),(-0.0152713,0.0108664,-0.0040000),(-0.0150620,0.0111495,-0.0040000),(-0.0151202,0.0110519,-0.0040000),(-0.0152713,0.0108664,-0.0040000),(-0.0151202,0.0110519,-0.0040000),(-0.0151875,0.0109596,-0.0040000),(-0.0140119,0.0131035,-0.0040000),(-0.0139503,0.0130476,-0.0040000),(-0.0132306,0.0120518,-0.0040000),(-0.0132306,0.0120518,-0.0040000),(-0.0125131,0.0130476,-0.0040000),(-0.0124509,0.0131035,-0.0040000),(-0.0132306,0.0120518,-0.0040000),(-0.0124509,0.0131035,-0.0040000),(-0.0123723,0.0131313,-0.0040000),(-0.0132306,0.0120518,-0.0040000),(-0.0123723,0.0131313,-0.0040000),(-0.0122898,0.0131289,-0.0040000),(-0.0132306,0.0120518,-0.0040000),(-0.0122898,0.0131289,-0.0040000),(-0.0122157,0.0130942,-0.0040000),(-0.0132306,0.0120518,-0.0040000),(-0.0122157,0.0130942,-0.0040000),(-0.0121590,0.0130344,-0.0040000),(-0.0132306,0.0120518,-0.0040000),(-0.0121590,0.0130344,-0.0040000),(-0.0121310,0.0129566,-0.0040000),(-0.0132306,0.0120518,-0.0040000),(-0.0121310,0.0129566,-0.0040000),(-0.0121326,0.0128735,-0.0040000),(-0.0132306,0.0120518,-0.0040000),(-0.0121326,0.0128735,-0.0040000),(-0.0121649,0.0127979,-0.0040000),(-0.0132306,0.0120518,-0.0040000),(-0.0121649,0.0127979,-0.0040000),(-0.0129692,0.0116866,-0.0040000),(-0.0140119,0.0131035,-0.0040000),(-0.0132306,0.0120518,-0.0040000),(-0.0129692,0.0116866,-0.0040000),(-0.0140119,0.0131035,-0.0040000),(-0.0129692,0.0116866,-0.0040000),(-0.0121649,0.0105775,-0.0040000),(-0.0140119,0.0131035,-0.0040000),(-0.0121649,0.0105775,-0.0040000),(-0.0121326,0.0105034,-0.0040000),(-0.0140119,0.0131035,-0.0040000),(-0.0121326,0.0105034,-0.0040000),(-0.0121310,0.0104209,-0.0040000),(-0.0140119,0.0131035,-0.0040000),(-0.0121310,0.0104209,-0.0040000),(-0.0121590,0.0103428,-0.0040000),(-0.0140119,0.0131035,-0.0040000),(-0.0121590,0.0103428,-0.0040000),(-0.0122157,0.0102822,-0.0040000),(-0.0140119,0.0131035,-0.0040000),(-0.0122157,0.0102822,-0.0040000),(-0.0122898,0.0102468,-0.0040000),(-0.0140119,0.0131035,-0.0040000),(-0.0122898,0.0102468,-0.0040000),(-0.0123723,0.0102441,-0.0040000),(-0.0140119,0.0131035,-0.0040000),(-0.0123723,0.0102441,-0.0040000),(-0.0124509,0.0102724,-0.0040000),(-0.0140119,0.0131035,-0.0040000),(-0.0124509,0.0102724,-0.0040000),(-0.0125131,0.0103298,-0.0040000),(-0.0140119,0.0131035,-0.0040000),(-0.0125131,0.0103298,-0.0040000),(-0.0132306,0.0113257,-0.0040000),(-0.0132306,0.0113257,-0.0040000),(-0.0139503,0.0103298,-0.0040000),(-0.0140114,0.0102714,-0.0040000),(-0.0132306,0.0113257,-0.0040000),(-0.0140114,0.0102714,-0.0040000),(-0.0140889,0.0102441,-0.0040000),(-0.0132306,0.0113257,-0.0040000),(-0.0140889,0.0102441,-0.0040000),(-0.0141754,0.0102465,-0.0040000),(-0.0132306,0.0113257,-0.0040000),(-0.0141754,0.0102465,-0.0040000),(-0.0142487,0.0102812,-0.0040000),(-0.0132306,0.0113257,-0.0040000),(-0.0142487,0.0102812,-0.0040000),(-0.0143046,0.0103418,-0.0040000),(-0.0132306,0.0113257,-0.0040000),(-0.0143046,0.0103418,-0.0040000),(-0.0143323,0.0104177,-0.0040000),(-0.0132306,0.0113257,-0.0040000),(-0.0143323,0.0104177,-0.0040000),(-0.0143294,0.0105026,-0.0040000),(-0.0132306,0.0113257,-0.0040000),(-0.0143294,0.0105026,-0.0040000),(-0.0142932,0.0105775,-0.0040000),(-0.0132306,0.0113257,-0.0040000),(-0.0142932,0.0105775,-0.0040000),(-0.0134941,0.0116866,-0.0040000),(-0.0140119,0.0131035,-0.0040000),(-0.0132306,0.0113257,-0.0040000),(-0.0134941,0.0116866,-0.0040000),(-0.0140119,0.0131035,-0.0040000),(-0.0134941,0.0116866,-0.0040000),(-0.0142974,0.0127979,-0.0040000),(-0.0140119,0.0131035,-0.0040000),(-0.0142974,0.0127979,-0.0040000),(-0.0143305,0.0128733,-0.0040000),(-0.0140119,0.0131035,-0.0040000),(-0.0143305,0.0128733,-0.0040000),(-0.0143323,0.0129556,-0.0040000),(-0.0140119,0.0131035,-0.0040000),(-0.0143323,0.0129556,-0.0040000),(-0.0143043,0.0130368,-0.0040000),(-0.0140119,0.0131035,-0.0040000),(-0.0143043,0.0130368,-0.0040000),(-0.0142477,0.0130963,-0.0040000),(-0.0140119,0.0131035,-0.0040000),(-0.0142477,0.0130963,-0.0040000),(-0.0141731,0.0131294,-0.0040000),(-0.0140119,0.0131035,-0.0040000),(-0.0141731,0.0131294,-0.0040000),(-0.0140910,0.0131313,-0.0040000),(-0.0090237,0.0130479,-0.0040000),(-0.0089507,0.0131545,-0.0040000),(-0.0088441,0.0132276,-0.0040000),(-0.0090237,0.0130479,-0.0040000),(-0.0088441,0.0132276,-0.0040000),(-0.0087189,0.0132519,-0.0040000),(-0.0090237,0.0130479,-0.0040000),(-0.0087189,0.0132519,-0.0040000),(-0.0085941,0.0132276,-0.0040000),(-0.0090237,0.0130479,-0.0040000),(-0.0085941,0.0132276,-0.0040000),(-0.0084882,0.0131545,-0.0040000),(-0.0090237,0.0130479,-0.0040000),(-0.0084882,0.0131545,-0.0040000),(-0.0084152,0.0130479,-0.0040000),(-0.0090237,0.0130479,-0.0040000),(-0.0084152,0.0130479,-0.0040000),(-0.0083909,0.0129228,-0.0040000),(-0.0090237,0.0130479,-0.0040000),(-0.0083909,0.0129228,-0.0040000),(-0.0084152,0.0127976,-0.0040000),(-0.0090237,0.0130479,-0.0040000),(-0.0084152,0.0127976,-0.0040000),(-0.0084882,0.0126910,-0.0040000),(-0.0090237,0.0130479,-0.0040000),(-0.0084882,0.0126910,-0.0040000),(-0.0085941,0.0126180,-0.0040000),(-0.0090237,0.0130479,-0.0040000),(-0.0085941,0.0126180,-0.0040000),(-0.0087189,0.0125936,-0.0040000),(-0.0090237,0.0130479,-0.0040000),(-0.0087189,0.0125936,-0.0040000),(-0.0088441,0.0126180,-0.0040000),(-0.0090237,0.0130479,-0.0040000),(-0.0088441,0.0126180,-0.0040000),(-0.0089507,0.0126910,-0.0040000),(-0.0090237,0.0130479,-0.0040000),(-0.0089507,0.0126910,-0.0040000),(-0.0090237,0.0127976,-0.0040000),(-0.0090237,0.0130479,-0.0040000),(-0.0090237,0.0127976,-0.0040000),(-0.0090481,0.0129228,-0.0040000),(0.0059249,0.0113236,-0.0040000),(0.0073071,0.0131133,-0.0040000),(0.0073793,0.0131752,-0.0040000),(0.0059249,0.0113236,-0.0040000),(0.0073793,0.0131752,-0.0040000),(0.0074712,0.0131958,-0.0040000),(0.0059249,0.0113236,-0.0040000),(0.0074712,0.0131958,-0.0040000),(0.0076034,0.0131503,-0.0040000),(0.0059249,0.0113236,-0.0040000),(0.0076034,0.0131503,-0.0040000),(0.0076677,0.0130767,-0.0040000),(0.0059249,0.0113236,-0.0040000),(0.0076677,0.0130767,-0.0040000),(0.0076892,0.0129810,-0.0040000),(0.0059249,0.0113236,-0.0040000),(0.0076892,0.0129810,-0.0040000),(0.0076447,0.0128487,-0.0040000),(0.0059249,0.0113236,-0.0040000),(0.0076447,0.0128487,-0.0040000),(0.0064689,0.0113236,-0.0040000),(0.0064689,0.0113236,-0.0040000),(0.0065546,0.0113236,-0.0040000),(0.0066739,0.0113185,-0.0040000),(0.0059249,0.0113236,-0.0040000),(0.0064689,0.0113236,-0.0040000),(0.0066739,0.0113185,-0.0040000),(0.0050613,0.0113236,-0.0040000),(0.0059249,0.0113236,-0.0040000),(0.0066739,0.0113185,-0.0040000),(0.0050613,0.0113236,-0.0040000),(0.0066739,0.0113185,-0.0040000),(0.0067877,0.0113032,-0.0040000),(0.0050613,0.0113236,-0.0040000),(0.0067877,0.0113032,-0.0040000),(0.0068960,0.0112776,-0.0040000),(0.0050613,0.0113236,-0.0040000),(0.0068960,0.0112776,-0.0040000),(0.0069989,0.0112419,-0.0040000),(0.0050613,0.0113236,-0.0040000),(0.0069989,0.0112419,-0.0040000),(0.0070963,0.0111959,-0.0040000),(0.0050613,0.0113236,-0.0040000),(0.0070963,0.0111959,-0.0040000),(0.0071882,0.0111397,-0.0040000),(0.0050613,0.0113236,-0.0040000),(0.0071882,0.0111397,-0.0040000),(0.0072748,0.0110732,-0.0040000),(0.0050613,0.0113236,-0.0040000),(0.0072748,0.0110732,-0.0040000),(0.0073558,0.0109966,-0.0040000),(0.0050613,0.0113236,-0.0040000),(0.0073558,0.0109966,-0.0040000),(0.0074322,0.0109069,-0.0040000),(0.0050613,0.0113236,-0.0040000),(0.0074322,0.0109069,-0.0040000),(0.0074984,0.0108144,-0.0040000),(0.0050613,0.0113236,-0.0040000),(0.0074984,0.0108144,-0.0040000),(0.0075544,0.0107193,-0.0040000),(0.0075544,0.0107193,-0.0040000),(0.0076003,0.0106214,-0.0040000),(0.0072047,0.0104722,-0.0040000),(0.0075544,0.0107193,-0.0040000),(0.0072047,0.0104722,-0.0040000),(0.0071402,0.0105898,-0.0040000),(0.0075544,0.0107193,-0.0040000),(0.0071402,0.0105898,-0.0040000),(0.0070499,0.0106960,-0.0040000),(0.0075544,0.0107193,-0.0040000),(0.0070499,0.0106960,-0.0040000),(0.0069400,0.0107840,-0.0040000),(0.0075544,0.0107193,-0.0040000),(0.0069400,0.0107840,-0.0040000),(0.0068208,0.0108468,-0.0040000),(0.0075544,0.0107193,-0.0040000),(0.0068208,0.0108468,-0.0040000),(0.0066924,0.0108845,-0.0040000),(0.0050613,0.0113236,-0.0040000),(0.0075544,0.0107193,-0.0040000),(0.0066924,0.0108845,-0.0040000),(0.0050613,0.0113236,-0.0040000),(0.0066924,0.0108845,-0.0040000),(0.0065546,0.0108971,-0.0040000),(0.0050613,0.0113236,-0.0040000),(0.0065546,0.0108971,-0.0040000),(0.0050613,0.0108971,-0.0040000),(0.0072434,0.0103432,-0.0040000),(0.0072047,0.0104722,-0.0040000),(0.0076003,0.0106214,-0.0040000),(0.0072563,0.0102028,-0.0040000),(0.0072434,0.0103432,-0.0040000),(0.0076003,0.0106214,-0.0040000),(0.0072434,0.0100638,-0.0040000),(0.0072563,0.0102028,-0.0040000),(0.0076003,0.0106214,-0.0040000),(0.0072047,0.0099356,-0.0040000),(0.0072434,0.0100638,-0.0040000),(0.0076003,0.0106214,-0.0040000),(0.0071402,0.0098183,-0.0040000),(0.0072047,0.0099356,-0.0040000),(0.0076003,0.0106214,-0.0040000),(0.0071402,0.0098183,-0.0040000),(0.0076003,0.0106214,-0.0040000),(0.0076359,0.0105208,-0.0040000),(0.0071402,0.0098183,-0.0040000),(0.0076359,0.0105208,-0.0040000),(0.0076614,0.0104176,-0.0040000),(0.0070499,0.0097118,-0.0040000),(0.0071402,0.0098183,-0.0040000),(0.0076614,0.0104176,-0.0040000),(0.0070499,0.0097118,-0.0040000),(0.0076614,0.0104176,-0.0040000),(0.0076767,0.0103116,-0.0040000),(0.0070499,0.0097118,-0.0040000),(0.0076767,0.0103116,-0.0040000),(0.0076818,0.0102028,-0.0040000),(0.0069428,0.0096238,-0.0040000),(0.0070499,0.0097118,-0.0040000),(0.0076818,0.0102028,-0.0040000),(0.0069428,0.0096238,-0.0040000),(0.0076818,0.0102028,-0.0040000),(0.0076767,0.0100902,-0.0040000),(0.0069428,0.0096238,-0.0040000),(0.0076767,0.0100902,-0.0040000),(0.0076614,0.0099815,-0.0040000),(0.0068256,0.0095610,-0.0040000),(0.0069428,0.0096238,-0.0040000),(0.0076614,0.0099815,-0.0040000),(0.0068256,0.0095610,-0.0040000),(0.0076614,0.0099815,-0.0040000),(0.0076359,0.0098767,-0.0040000),(0.0068256,0.0095610,-0.0040000),(0.0076359,0.0098767,-0.0040000),(0.0076003,0.0097758,-0.0040000),(0.0066983,0.0095233,-0.0040000),(0.0068256,0.0095610,-0.0040000),(0.0076003,0.0097758,-0.0040000),(0.0066983,0.0095233,-0.0040000),(0.0076003,0.0097758,-0.0040000),(0.0075544,0.0096788,-0.0040000),(0.0066983,0.0095233,-0.0040000),(0.0075544,0.0096788,-0.0040000),(0.0074984,0.0095857,-0.0040000),(0.0065610,0.0095107,-0.0040000),(0.0066983,0.0095233,-0.0040000),(0.0074984,0.0095857,-0.0040000),(0.0065610,0.0095107,-0.0040000),(0.0074984,0.0095857,-0.0040000),(0.0074322,0.0094965,-0.0040000),(0.0050613,0.0095107,-0.0040000),(0.0065610,0.0095107,-0.0040000),(0.0074322,0.0094965,-0.0040000),(0.0050613,0.0095107,-0.0040000),(0.0074322,0.0094965,-0.0040000),(0.0073558,0.0094112,-0.0040000),(0.0050613,0.0095107,-0.0040000),(0.0073558,0.0094112,-0.0040000),(0.0072687,0.0093331,-0.0040000),(0.0050613,0.0095107,-0.0040000),(0.0072687,0.0093331,-0.0040000),(0.0071779,0.0092654,-0.0040000),(0.0050613,0.0095107,-0.0040000),(0.0071779,0.0092654,-0.0040000),(0.0070834,0.0092081,-0.0040000),(0.0050613,0.0095107,-0.0040000),(0.0070834,0.0092081,-0.0040000),(0.0069851,0.0091612,-0.0040000),(0.0050613,0.0095107,-0.0040000),(0.0069851,0.0091612,-0.0040000),(0.0068831,0.0091247,-0.0040000),(0.0050613,0.0095107,-0.0040000),(0.0068831,0.0091247,-0.0040000),(0.0067774,0.0090987,-0.0040000),(0.0050613,0.0095107,-0.0040000),(0.0067774,0.0090987,-0.0040000),(0.0066679,0.0090830,-0.0040000),(0.0050613,0.0095107,-0.0040000),(0.0066679,0.0090830,-0.0040000),(0.0065546,0.0090778,-0.0040000),(0.0050613,0.0095107,-0.0040000),(0.0065546,0.0090778,-0.0040000),(0.0048486,0.0090778,-0.0040000),(0.0050613,0.0108971,-0.0040000),(0.0050613,0.0095107,-0.0040000),(0.0048486,0.0090778,-0.0040000),(0.0050613,0.0113236,-0.0040000),(0.0050613,0.0108971,-0.0040000),(0.0048486,0.0090778,-0.0040000),(0.0050613,0.0113236,-0.0040000),(0.0048486,0.0090778,-0.0040000),(0.0047626,0.0090945,-0.0040000),(0.0050613,0.0113236,-0.0040000),(0.0047626,0.0090945,-0.0040000),(0.0046909,0.0091445,-0.0040000),(0.0050613,0.0113236,-0.0040000),(0.0046909,0.0091445,-0.0040000),(0.0046488,0.0092189,-0.0040000),(0.0050613,0.0113236,-0.0040000),(0.0046488,0.0092189,-0.0040000),(0.0046348,0.0092980,-0.0040000),(0.0050613,0.0113236,-0.0040000),(0.0046348,0.0092980,-0.0040000),(0.0046348,0.0129249,-0.0040000),(0.0050613,0.0113236,-0.0040000),(0.0046348,0.0129249,-0.0040000),(0.0046577,0.0130082,-0.0040000),(0.0050613,0.0113236,-0.0040000),(0.0046577,0.0130082,-0.0040000),(0.0047010,0.0130678,-0.0040000),(0.0050613,0.0113236,-0.0040000),(0.0047010,0.0130678,-0.0040000),(0.0048486,0.0131154,-0.0040000),(0.0050613,0.0113236,-0.0040000),(0.0048486,0.0131154,-0.0040000),(0.0049226,0.0131035,-0.0040000),(0.0050613,0.0113236,-0.0040000),(0.0049226,0.0131035,-0.0040000),(0.0049827,0.0130678,-0.0040000),(0.0050613,0.0113236,-0.0040000),(0.0049827,0.0130678,-0.0040000),(0.0050613,0.0129249,-0.0040000),(0.0036728,0.0113183,-0.0040000),(0.0036707,0.0129249,-0.0040000),(0.0036868,0.0130069,-0.0040000),(0.0036728,0.0113183,-0.0040000),(0.0036868,0.0130069,-0.0040000),(0.0037352,0.0130752,-0.0040000),(0.0036728,0.0113183,-0.0040000),(0.0037352,0.0130752,-0.0040000),(0.0038040,0.0131212,-0.0040000),(0.0036728,0.0113183,-0.0040000),(0.0038040,0.0131212,-0.0040000),(0.0038813,0.0131365,-0.0040000),(0.0036728,0.0113183,-0.0040000),(0.0038813,0.0131365,-0.0040000),(0.0039641,0.0131212,-0.0040000),(0.0036728,0.0113183,-0.0040000),(0.0039641,0.0131212,-0.0040000),(0.0040326,0.0130752,-0.0040000),(0.0036728,0.0113183,-0.0040000),(0.0040326,0.0130752,-0.0040000),(0.0040787,0.0130069,-0.0040000),(0.0036728,0.0113183,-0.0040000),(0.0040787,0.0130069,-0.0040000),(0.0040940,0.0129249,-0.0040000),(0.0036728,0.0113183,-0.0040000),(0.0040940,0.0129249,-0.0040000),(0.0040940,0.0092980,-0.0040000),(0.0036728,0.0113183,-0.0040000),(0.0040940,0.0092980,-0.0040000),(0.0040787,0.0092165,-0.0040000),(0.0036728,0.0113183,-0.0040000),(0.0040787,0.0092165,-0.0040000),(0.0040326,0.0091477,-0.0040000),(0.0036728,0.0113183,-0.0040000),(0.0040326,0.0091477,-0.0040000),(0.0039652,0.0091001,-0.0040000),(0.0036728,0.0113183,-0.0040000),(0.0039652,0.0091001,-0.0040000),(0.0038855,0.0090842,-0.0040000),(0.0036728,0.0113183,-0.0040000),(0.0038855,0.0090842,-0.0040000),(0.0038035,0.0091006,-0.0040000),(0.0036728,0.0113183,-0.0040000),(0.0038035,0.0091006,-0.0040000),(0.0037331,0.0091498,-0.0040000),(0.0036728,0.0113183,-0.0040000),(0.0037331,0.0091498,-0.0040000),(0.0036863,0.0092144,-0.0040000),(0.0036728,0.0113183,-0.0040000),(0.0036863,0.0092144,-0.0040000),(0.0036707,0.0092980,-0.0040000),(0.0036728,0.0113183,-0.0040000),(0.0036707,0.0092980,-0.0040000),(0.0036707,0.0108971,-0.0040000),(0.0014715,0.0113183,-0.0040000),(0.0036728,0.0113183,-0.0040000),(0.0036707,0.0108971,-0.0040000),(0.0014715,0.0113183,-0.0040000),(0.0036707,0.0108971,-0.0040000),(0.0014778,0.0108971,-0.0040000),(0.0014715,0.0113183,-0.0040000),(0.0014778,0.0108971,-0.0040000),(0.0014778,0.0092980,-0.0040000),(0.0014715,0.0113183,-0.0040000),(0.0014778,0.0092980,-0.0040000),(0.0014614,0.0092165,-0.0040000),(0.0014715,0.0113183,-0.0040000),(0.0014614,0.0092165,-0.0040000),(0.0014122,0.0091477,-0.0040000),(0.0014715,0.0113183,-0.0040000),(0.0014122,0.0091477,-0.0040000),(0.0013426,0.0091001,-0.0040000),(0.0014715,0.0113183,-0.0040000),(0.0013426,0.0091001,-0.0040000),(0.0012651,0.0090842,-0.0040000),(0.0014715,0.0113183,-0.0040000),(0.0012651,0.0090842,-0.0040000),(0.0011828,0.0091001,-0.0040000),(0.0014715,0.0113183,-0.0040000),(0.0011828,0.0091001,-0.0040000),(0.0011116,0.0091477,-0.0040000),(0.0014715,0.0113183,-0.0040000),(0.0011116,0.0091477,-0.0040000),(0.0010632,0.0092165,-0.0040000),(0.0014715,0.0113183,-0.0040000),(0.0010632,0.0092165,-0.0040000),(0.0010471,0.0092980,-0.0040000),(0.0014715,0.0113183,-0.0040000),(0.0010471,0.0092980,-0.0040000),(0.0010471,0.0129249,-0.0040000),(0.0014715,0.0113183,-0.0040000),(0.0010471,0.0129249,-0.0040000),(0.0010627,0.0130069,-0.0040000),(0.0014715,0.0113183,-0.0040000),(0.0010627,0.0130069,-0.0040000),(0.0011095,0.0130752,-0.0040000),(0.0014715,0.0113183,-0.0040000),(0.0011095,0.0130752,-0.0040000),(0.0011791,0.0131212,-0.0040000),(0.0014715,0.0113183,-0.0040000),(0.0011791,0.0131212,-0.0040000),(0.0012609,0.0131365,-0.0040000),(0.0014715,0.0113183,-0.0040000),(0.0012609,0.0131365,-0.0040000),(0.0013386,0.0131215,-0.0040000),(0.0014715,0.0113183,-0.0040000),(0.0013386,0.0131215,-0.0040000),(0.0014111,0.0130762,-0.0040000),(0.0014715,0.0113183,-0.0040000),(0.0014111,0.0130762,-0.0040000),(0.0014564,0.0130114,-0.0040000),(0.0014715,0.0113183,-0.0040000),(0.0014564,0.0130114,-0.0040000),(0.0014715,0.0129249,-0.0040000),(0.0086533,0.0116062,-0.0040000),(0.0086533,0.0092980,-0.0040000),(0.0086380,0.0092165,-0.0040000),(0.0086533,0.0116062,-0.0040000),(0.0086380,0.0092165,-0.0040000),(0.0085919,0.0091477,-0.0040000),(0.0086533,0.0116062,-0.0040000),(0.0085919,0.0091477,-0.0040000),(0.0085245,0.0091001,-0.0040000),(0.0086583,0.0117187,-0.0040000),(0.0086533,0.0116062,-0.0040000),(0.0085245,0.0091001,-0.0040000),(0.0086583,0.0117187,-0.0040000),(0.0085245,0.0091001,-0.0040000),(0.0084448,0.0090842,-0.0040000),(0.0086583,0.0117187,-0.0040000),(0.0084448,0.0090842,-0.0040000),(0.0083615,0.0091006,-0.0040000),(0.0086583,0.0117187,-0.0040000),(0.0083615,0.0091006,-0.0040000),(0.0082871,0.0091498,-0.0040000),(0.0086583,0.0117187,-0.0040000),(0.0082871,0.0091498,-0.0040000),(0.0082419,0.0092144,-0.0040000),(0.0086583,0.0117187,-0.0040000),(0.0082419,0.0092144,-0.0040000),(0.0082268,0.0092980,-0.0040000),(0.0086583,0.0117187,-0.0040000),(0.0082268,0.0092980,-0.0040000),(0.0082268,0.0116062,-0.0040000),(0.0086583,0.0117187,-0.0040000),(0.0082268,0.0116062,-0.0040000),(0.0082338,0.0117613,-0.0040000),(0.0086583,0.0117187,-0.0040000),(0.0082338,0.0117613,-0.0040000),(0.0082546,0.0119107,-0.0040000),(0.0086583,0.0117187,-0.0040000),(0.0082546,0.0119107,-0.0040000),(0.0082893,0.0120543,-0.0040000),(0.0086583,0.0117187,-0.0040000),(0.0082893,0.0120543,-0.0040000),(0.0083379,0.0121922,-0.0040000),(0.0086583,0.0117187,-0.0040000),(0.0083379,0.0121922,-0.0040000),(0.0084004,0.0123245,-0.0040000),(0.0086583,0.0117187,-0.0040000),(0.0084004,0.0123245,-0.0040000),(0.0084768,0.0124509,-0.0040000),(0.0086583,0.0117187,-0.0040000),(0.0084768,0.0124509,-0.0040000),(0.0085671,0.0125717,-0.0040000),(0.0086583,0.0117187,-0.0040000),(0.0085671,0.0125717,-0.0040000),(0.0086713,0.0126868,-0.0040000),(0.0086583,0.0117187,-0.0040000),(0.0086713,0.0126868,-0.0040000),(0.0087839,0.0127922,-0.0040000),(0.0087839,0.0127922,-0.0040000),(0.0089026,0.0128835,-0.0040000),(0.0090273,0.0129608,-0.0040000),(0.0087839,0.0127922,-0.0040000),(0.0090273,0.0129608,-0.0040000),(0.0091581,0.0130241,-0.0040000),(0.0087839,0.0127922,-0.0040000),(0.0091581,0.0130241,-0.0040000),(0.0092951,0.0130733,-0.0040000),(0.0087839,0.0127922,-0.0040000),(0.0092951,0.0130733,-0.0040000),(0.0094381,0.0131084,-0.0040000),(0.0087839,0.0127922,-0.0040000),(0.0094381,0.0131084,-0.0040000),(0.0095872,0.0131295,-0.0040000),(0.0087839,0.0127922,-0.0040000),(0.0095872,0.0131295,-0.0040000),(0.0097423,0.0131365,-0.0040000),(0.0087839,0.0127922,-0.0040000),(0.0097423,0.0131365,-0.0040000),(0.0098977,0.0131295,-0.0040000),(0.0087839,0.0127922,-0.0040000),(0.0098977,0.0131295,-0.0040000),(0.0100475,0.0131084,-0.0040000),(0.0087839,0.0127922,-0.0040000),(0.0100475,0.0131084,-0.0040000),(0.0101916,0.0130733,-0.0040000),(0.0087839,0.0127922,-0.0040000),(0.0101916,0.0130733,-0.0040000),(0.0103300,0.0130241,-0.0040000),(0.0087839,0.0127922,-0.0040000),(0.0103300,0.0130241,-0.0040000),(0.0104627,0.0129608,-0.0040000),(0.0087839,0.0127922,-0.0040000),(0.0104627,0.0129608,-0.0040000),(0.0105899,0.0128835,-0.0040000),(0.0087839,0.0127922,-0.0040000),(0.0105899,0.0128835,-0.0040000),(0.0107113,0.0127922,-0.0040000),(0.0087839,0.0127922,-0.0040000),(0.0107113,0.0127922,-0.0040000),(0.0108271,0.0126868,-0.0040000),(0.0108271,0.0126868,-0.0040000),(0.0109318,0.0125730,-0.0040000),(0.0110225,0.0124531,-0.0040000),(0.0108271,0.0126868,-0.0040000),(0.0110225,0.0124531,-0.0040000),(0.0110993,0.0123270,-0.0040000),(0.0108271,0.0126868,-0.0040000),(0.0110993,0.0123270,-0.0040000),(0.0111621,0.0121946,-0.0040000),(0.0108271,0.0126868,-0.0040000),(0.0111621,0.0121946,-0.0040000),(0.0112109,0.0120561,-0.0040000),(0.0108271,0.0126868,-0.0040000),(0.0112109,0.0120561,-0.0040000),(0.0112458,0.0119113,-0.0040000),(0.0108271,0.0126868,-0.0040000),(0.0112458,0.0119113,-0.0040000),(0.0112668,0.0117602,-0.0040000),(0.0108271,0.0126868,-0.0040000),(0.0112668,0.0117602,-0.0040000),(0.0112737,0.0116030,-0.0040000),(0.0108271,0.0126868,-0.0040000),(0.0112737,0.0116030,-0.0040000),(0.0112737,0.0092980,-0.0040000),(0.0108271,0.0126868,-0.0040000),(0.0112737,0.0092980,-0.0040000),(0.0112584,0.0092165,-0.0040000),(0.0108271,0.0126868,-0.0040000),(0.0112584,0.0092165,-0.0040000),(0.0112124,0.0091477,-0.0040000),(0.0108271,0.0126868,-0.0040000),(0.0112124,0.0091477,-0.0040000),(0.0111441,0.0091001,-0.0040000),(0.0108271,0.0126868,-0.0040000),(0.0111441,0.0091001,-0.0040000),(0.0110621,0.0090842,-0.0040000),(0.0108271,0.0126868,-0.0040000),(0.0110621,0.0090842,-0.0040000),(0.0109801,0.0091001,-0.0040000),(0.0108271,0.0126868,-0.0040000),(0.0109801,0.0091001,-0.0040000),(0.0109118,0.0091477,-0.0040000),(0.0109118,0.0091477,-0.0040000),(0.0108658,0.0092165,-0.0040000),(0.0108504,0.0092980,-0.0040000),(0.0109118,0.0091477,-0.0040000),(0.0108504,0.0092980,-0.0040000),(0.0108504,0.0116030,-0.0040000),(0.0108271,0.0126868,-0.0040000),(0.0109118,0.0091477,-0.0040000),(0.0108504,0.0116030,-0.0040000),(0.0108271,0.0126868,-0.0040000),(0.0108504,0.0116030,-0.0040000),(0.0108453,0.0117150,-0.0040000),(0.0108271,0.0126868,-0.0040000),(0.0108453,0.0117150,-0.0040000),(0.0108300,0.0118230,-0.0040000),(0.0108271,0.0126868,-0.0040000),(0.0108300,0.0118230,-0.0040000),(0.0108044,0.0119270,-0.0040000),(0.0108271,0.0126868,-0.0040000),(0.0108044,0.0119270,-0.0040000),(0.0107687,0.0120269,-0.0040000),(0.0108271,0.0126868,-0.0040000),(0.0107687,0.0120269,-0.0040000),(0.0107227,0.0121228,-0.0040000),(0.0108271,0.0126868,-0.0040000),(0.0107227,0.0121228,-0.0040000),(0.0106665,0.0122146,-0.0040000),(0.0108271,0.0126868,-0.0040000),(0.0106665,0.0122146,-0.0040000),(0.0106000,0.0123024,-0.0040000),(0.0108271,0.0126868,-0.0040000),(0.0106000,0.0123024,-0.0040000),(0.0105234,0.0123862,-0.0040000),(0.0108271,0.0126868,-0.0040000),(0.0105234,0.0123862,-0.0040000),(0.0104415,0.0124626,-0.0040000),(0.0108271,0.0126868,-0.0040000),(0.0104415,0.0124626,-0.0040000),(0.0103552,0.0125288,-0.0040000),(0.0108271,0.0126868,-0.0040000),(0.0103552,0.0125288,-0.0040000),(0.0102644,0.0125848,-0.0040000),(0.0108271,0.0126868,-0.0040000),(0.0102644,0.0125848,-0.0040000),(0.0101691,0.0126307,-0.0040000),(0.0108271,0.0126868,-0.0040000),(0.0101691,0.0126307,-0.0040000),(0.0100694,0.0126663,-0.0040000),(0.0108271,0.0126868,-0.0040000),(0.0100694,0.0126663,-0.0040000),(0.0099652,0.0126918,-0.0040000),(0.0108271,0.0126868,-0.0040000),(0.0099652,0.0126918,-0.0040000),(0.0098565,0.0127071,-0.0040000),(0.0087839,0.0127922,-0.0040000),(0.0108271,0.0126868,-0.0040000),(0.0098565,0.0127071,-0.0040000),(0.0087839,0.0127922,-0.0040000),(0.0098565,0.0127071,-0.0040000),(0.0097434,0.0127122,-0.0040000),(0.0087839,0.0127922,-0.0040000),(0.0097434,0.0127122,-0.0040000),(0.0096323,0.0127071,-0.0040000),(0.0087839,0.0127922,-0.0040000),(0.0096323,0.0127071,-0.0040000),(0.0095253,0.0126919,-0.0040000),(0.0087839,0.0127922,-0.0040000),(0.0095253,0.0126919,-0.0040000),(0.0094226,0.0126666,-0.0040000),(0.0087839,0.0127922,-0.0040000),(0.0094226,0.0126666,-0.0040000),(0.0093240,0.0126312,-0.0040000),(0.0087839,0.0127922,-0.0040000),(0.0093240,0.0126312,-0.0040000),(0.0092297,0.0125856,-0.0040000),(0.0087839,0.0127922,-0.0040000),(0.0092297,0.0125856,-0.0040000),(0.0091396,0.0125300,-0.0040000),(0.0087839,0.0127922,-0.0040000),(0.0091396,0.0125300,-0.0040000),(0.0090536,0.0124642,-0.0040000),(0.0087839,0.0127922,-0.0040000),(0.0090536,0.0124642,-0.0040000),(0.0089719,0.0123883,-0.0040000),(0.0087839,0.0127922,-0.0040000),(0.0089719,0.0123883,-0.0040000),(0.0088972,0.0123052,-0.0040000),(0.0087839,0.0127922,-0.0040000),(0.0088972,0.0123052,-0.0040000),(0.0088325,0.0122180,-0.0040000),(0.0087839,0.0127922,-0.0040000),(0.0088325,0.0122180,-0.0040000),(0.0087778,0.0121265,-0.0040000),(0.0087839,0.0127922,-0.0040000),(0.0087778,0.0121265,-0.0040000),(0.0087330,0.0120309,-0.0040000),(0.0087839,0.0127922,-0.0040000),(0.0087330,0.0120309,-0.0040000),(0.0086981,0.0119310,-0.0040000),(0.0087839,0.0127922,-0.0040000),(0.0086981,0.0119310,-0.0040000),(0.0086732,0.0118269,-0.0040000),(0.0086583,0.0117187,-0.0040000),(0.0087839,0.0127922,-0.0040000),(0.0086732,0.0118269,-0.0040000),(0.0004510,0.0094575,-0.0040000),(0.0005041,0.0092980,-0.0040000),(0.0004891,0.0092181,-0.0040000),(0.0004510,0.0094575,-0.0040000),(0.0004891,0.0092181,-0.0040000),(0.0004438,0.0091498,-0.0040000),(0.0004510,0.0094575,-0.0040000),(0.0004438,0.0091498,-0.0040000),(0.0003756,0.0091006,-0.0040000),(0.0004510,0.0094575,-0.0040000),(0.0003756,0.0091006,-0.0040000),(0.0002914,0.0090842,-0.0040000),(0.0004510,0.0094575,-0.0040000),(0.0002914,0.0090842,-0.0040000),(-0.0023290,0.0090842,-0.0040000),(0.0004510,0.0094575,-0.0040000),(-0.0023290,0.0090842,-0.0040000),(-0.0024221,0.0091046,-0.0040000),(0.0004510,0.0094575,-0.0040000),(-0.0024221,0.0091046,-0.0040000),(-0.0024962,0.0091657,-0.0040000),(0.0004510,0.0094575,-0.0040000),(-0.0024962,0.0091657,-0.0040000),(-0.0025428,0.0092980,-0.0040000),(0.0004510,0.0094575,-0.0040000),(-0.0025428,0.0092980,-0.0040000),(-0.0025428,0.0093138,-0.0040000),(0.0004510,0.0094575,-0.0040000),(-0.0025428,0.0093138,-0.0040000),(-0.0024825,0.0094430,-0.0040000),(0.0004510,0.0094575,-0.0040000),(-0.0024825,0.0094430,-0.0040000),(-0.0024113,0.0094938,-0.0040000),(0.0004510,0.0094575,-0.0040000),(-0.0024113,0.0094938,-0.0040000),(-0.0023290,0.0095107,-0.0040000),(0.0004510,0.0094575,-0.0040000),(-0.0023290,0.0095107,-0.0040000),(-0.0012294,0.0095107,-0.0040000),(-0.0012294,0.0095107,-0.0040000),(-0.0012294,0.0129249,-0.0040000),(-0.0012141,0.0130069,-0.0040000),(-0.0012294,0.0095107,-0.0040000),(-0.0012141,0.0130069,-0.0040000),(-0.0011680,0.0130752,-0.0040000),(-0.0012294,0.0095107,-0.0040000),(-0.0011680,0.0130752,-0.0040000),(-0.0010998,0.0131212,-0.0040000),(-0.0012294,0.0095107,-0.0040000),(-0.0010998,0.0131212,-0.0040000),(-0.0010177,0.0131365,-0.0040000),(-0.0012294,0.0095107,-0.0040000),(-0.0010177,0.0131365,-0.0040000),(-0.0009357,0.0131212,-0.0040000),(-0.0012294,0.0095107,-0.0040000),(-0.0009357,0.0131212,-0.0040000),(-0.0008675,0.0130752,-0.0040000),(-0.0012294,0.0095107,-0.0040000),(-0.0008675,0.0130752,-0.0040000),(-0.0008214,0.0130069,-0.0040000),(-0.0012294,0.0095107,-0.0040000),(-0.0008214,0.0130069,-0.0040000),(-0.0008061,0.0129249,-0.0040000),(-0.0012294,0.0095107,-0.0040000),(-0.0008061,0.0129249,-0.0040000),(-0.0008061,0.0095107,-0.0040000),(0.0004510,0.0094575,-0.0040000),(-0.0012294,0.0095107,-0.0040000),(-0.0008061,0.0095107,-0.0040000),(0.0004510,0.0094575,-0.0040000),(-0.0008061,0.0095107,-0.0040000),(0.0002914,0.0095107,-0.0040000),(0.0004510,0.0094575,-0.0040000),(0.0002914,0.0095107,-0.0040000),(0.0003845,0.0094974,-0.0040000),(-0.0183391,0.0068840,-0.0040000),(-0.0183391,0.0034709,-0.0040000),(-0.0183553,0.0033891,-0.0040000),(-0.0183391,0.0068840,-0.0040000),(-0.0183553,0.0033891,-0.0040000),(-0.0184037,0.0033195,-0.0040000),(-0.0183391,0.0068840,-0.0040000),(-0.0184037,0.0033195,-0.0040000),(-0.0184735,0.0032719,-0.0040000),(-0.0183391,0.0068840,-0.0040000),(-0.0184735,0.0032719,-0.0040000),(-0.0185561,0.0032560,-0.0040000),(-0.0183391,0.0068840,-0.0040000),(-0.0185561,0.0032560,-0.0040000),(-0.0186386,0.0032719,-0.0040000),(-0.0183391,0.0068840,-0.0040000),(-0.0186386,0.0032719,-0.0040000),(-0.0187085,0.0033195,-0.0040000),(-0.0183391,0.0068840,-0.0040000),(-0.0187085,0.0033195,-0.0040000),(-0.0187561,0.0033891,-0.0040000),(-0.0183391,0.0068840,-0.0040000),(-0.0187561,0.0033891,-0.0040000),(-0.0187720,0.0034709,-0.0040000),(-0.0183391,0.0068840,-0.0040000),(-0.0187720,0.0034709,-0.0040000),(-0.0187720,0.0070989,-0.0040000),(-0.0115171,0.0068840,-0.0040000),(-0.0183391,0.0068840,-0.0040000),(-0.0187720,0.0070989,-0.0040000),(-0.0115171,0.0068840,-0.0040000),(-0.0187720,0.0070989,-0.0040000),(-0.0187564,0.0071838,-0.0040000),(-0.0115171,0.0068840,-0.0040000),(-0.0187564,0.0071838,-0.0040000),(-0.0187095,0.0072523,-0.0040000),(-0.0115171,0.0068840,-0.0040000),(-0.0187095,0.0072523,-0.0040000),(-0.0186397,0.0072983,-0.0040000),(-0.0115171,0.0068840,-0.0040000),(-0.0186397,0.0072983,-0.0040000),(-0.0185550,0.0073137,-0.0040000),(-0.0115171,0.0068840,-0.0040000),(-0.0185550,0.0073137,-0.0040000),(-0.0113012,0.0073137,-0.0040000),(-0.0115171,0.0068840,-0.0040000),(-0.0113012,0.0073137,-0.0040000),(-0.0112168,0.0072983,-0.0040000),(-0.0115171,0.0068840,-0.0040000),(-0.0112168,0.0072983,-0.0040000),(-0.0111478,0.0072523,-0.0040000),(-0.0115171,0.0068840,-0.0040000),(-0.0111478,0.0072523,-0.0040000),(-0.0111017,0.0071838,-0.0040000),(-0.0115171,0.0068840,-0.0040000),(-0.0111017,0.0071838,-0.0040000),(-0.0110864,0.0070989,-0.0040000),(-0.0115171,0.0068840,-0.0040000),(-0.0110864,0.0070989,-0.0040000),(-0.0110864,0.0034709,-0.0040000),(-0.0115171,0.0068840,-0.0040000),(-0.0110864,0.0034709,-0.0040000),(-0.0111022,0.0033891,-0.0040000),(-0.0115171,0.0068840,-0.0040000),(-0.0111022,0.0033891,-0.0040000),(-0.0111499,0.0033195,-0.0040000),(-0.0115171,0.0068840,-0.0040000),(-0.0111499,0.0033195,-0.0040000),(-0.0112195,0.0032719,-0.0040000),(-0.0115171,0.0068840,-0.0040000),(-0.0112195,0.0032719,-0.0040000),(-0.0113012,0.0032560,-0.0040000),(-0.0115171,0.0068840,-0.0040000),(-0.0113012,0.0032560,-0.0040000),(-0.0113832,0.0032719,-0.0040000),(-0.0115171,0.0068840,-0.0040000),(-0.0113832,0.0032719,-0.0040000),(-0.0114536,0.0033195,-0.0040000),(-0.0115171,0.0068840,-0.0040000),(-0.0114536,0.0033195,-0.0040000),(-0.0115012,0.0033891,-0.0040000),(-0.0115171,0.0068840,-0.0040000),(-0.0115012,0.0033891,-0.0040000),(-0.0115171,0.0034709,-0.0040000),(-0.0092303,0.0071380,-0.0040000),(-0.0091333,0.0071787,-0.0040000),(-0.0090353,0.0072139,-0.0040000),(-0.0092303,0.0071380,-0.0040000),(-0.0090353,0.0072139,-0.0040000),(-0.0089363,0.0072438,-0.0040000),(-0.0092303,0.0071380,-0.0040000),(-0.0089363,0.0072438,-0.0040000),(-0.0088364,0.0072682,-0.0040000),(-0.0092303,0.0071380,-0.0040000),(-0.0088364,0.0072682,-0.0040000),(-0.0087355,0.0072872,-0.0040000),(-0.0092303,0.0071380,-0.0040000),(-0.0087355,0.0072872,-0.0040000),(-0.0086336,0.0073007,-0.0040000),(-0.0092303,0.0071380,-0.0040000),(-0.0086336,0.0073007,-0.0040000),(-0.0085308,0.0073089,-0.0040000),(-0.0092303,0.0071380,-0.0040000),(-0.0085308,0.0073089,-0.0040000),(-0.0084271,0.0073116,-0.0040000),(-0.0092303,0.0071380,-0.0040000),(-0.0084271,0.0073116,-0.0040000),(-0.0082913,0.0073073,-0.0040000),(-0.0092303,0.0071380,-0.0040000),(-0.0082913,0.0073073,-0.0040000),(-0.0081581,0.0072943,-0.0040000),(-0.0092303,0.0071380,-0.0040000),(-0.0081581,0.0072943,-0.0040000),(-0.0080274,0.0072727,-0.0040000),(-0.0092303,0.0071380,-0.0040000),(-0.0080274,0.0072727,-0.0040000),(-0.0078992,0.0072425,-0.0040000),(-0.0092303,0.0071380,-0.0040000),(-0.0078992,0.0072425,-0.0040000),(-0.0077736,0.0072037,-0.0040000),(-0.0092303,0.0071380,-0.0040000),(-0.0077736,0.0072037,-0.0040000),(-0.0076506,0.0071562,-0.0040000),(-0.0092303,0.0071380,-0.0040000),(-0.0076506,0.0071562,-0.0040000),(-0.0075301,0.0071001,-0.0040000),(-0.0092303,0.0071380,-0.0040000),(-0.0075301,0.0071001,-0.0040000),(-0.0074121,0.0070354,-0.0040000),(-0.0092303,0.0071380,-0.0040000),(-0.0074121,0.0070354,-0.0040000),(-0.0072986,0.0069630,-0.0040000),(-0.0092303,0.0071380,-0.0040000),(-0.0072986,0.0069630,-0.0040000),(-0.0071912,0.0068844,-0.0040000),(-0.0092303,0.0071380,-0.0040000),(-0.0071912,0.0068844,-0.0040000),(-0.0070901,0.0067997,-0.0040000),(-0.0092303,0.0071380,-0.0040000),(-0.0070901,0.0067997,-0.0040000),(-0.0069951,0.0067089,-0.0040000),(-0.0092303,0.0071380,-0.0040000),(-0.0069951,0.0067089,-0.0040000),(-0.0069064,0.0066119,-0.0040000),(-0.0069064,0.0066119,-0.0040000),(-0.0068240,0.0065087,-0.0040000),(-0.0067477,0.0063994,-0.0040000),(-0.0069064,0.0066119,-0.0040000),(-0.0067477,0.0063994,-0.0040000),(-0.0066776,0.0062839,-0.0040000),(-0.0069064,0.0066119,-0.0040000),(-0.0066776,0.0062839,-0.0040000),(-0.0066146,0.0061642,-0.0040000),(-0.0069064,0.0066119,-0.0040000),(-0.0066146,0.0061642,-0.0040000),(-0.0065600,0.0060419,-0.0040000),(-0.0069064,0.0066119,-0.0040000),(-0.0065600,0.0060419,-0.0040000),(-0.0065138,0.0059172,-0.0040000),(-0.0069064,0.0066119,-0.0040000),(-0.0065138,0.0059172,-0.0040000),(-0.0064760,0.0057900,-0.0040000),(-0.0069064,0.0066119,-0.0040000),(-0.0064760,0.0057900,-0.0040000),(-0.0064466,0.0056603,-0.0040000),(-0.0069064,0.0066119,-0.0040000),(-0.0064466,0.0056603,-0.0040000),(-0.0064256,0.0055281,-0.0040000),(-0.0069064,0.0066119,-0.0040000),(-0.0064256,0.0055281,-0.0040000),(-0.0064130,0.0053934,-0.0040000),(-0.0069064,0.0066119,-0.0040000),(-0.0064130,0.0053934,-0.0040000),(-0.0064088,0.0052563,-0.0040000),(-0.0069064,0.0066119,-0.0040000),(-0.0064088,0.0052563,-0.0040000),(-0.0064130,0.0051247,-0.0040000),(-0.0069064,0.0066119,-0.0040000),(-0.0064130,0.0051247,-0.0040000),(-0.0064256,0.0049938,-0.0040000),(-0.0069064,0.0066119,-0.0040000),(-0.0064256,0.0049938,-0.0040000),(-0.0064466,0.0048638,-0.0040000),(-0.0069064,0.0066119,-0.0040000),(-0.0064466,0.0048638,-0.0040000),(-0.0064760,0.0047345,-0.0040000),(-0.0069064,0.0066119,-0.0040000),(-0.0064760,0.0047345,-0.0040000),(-0.0065138,0.0046061,-0.0040000),(-0.0069064,0.0066119,-0.0040000),(-0.0065138,0.0046061,-0.0040000),(-0.0065600,0.0044784,-0.0040000),(-0.0065600,0.0044784,-0.0040000),(-0.0069518,0.0046199,-0.0040000),(-0.0069153,0.0047178,-0.0040000),(-0.0065600,0.0044784,-0.0040000),(-0.0069153,0.0047178,-0.0040000),(-0.0068853,0.0048189,-0.0040000),(-0.0065600,0.0044784,-0.0040000),(-0.0068853,0.0048189,-0.0040000),(-0.0068621,0.0049234,-0.0040000),(-0.0065600,0.0044784,-0.0040000),(-0.0068621,0.0049234,-0.0040000),(-0.0068455,0.0050311,-0.0040000),(-0.0065600,0.0044784,-0.0040000),(-0.0068455,0.0050311,-0.0040000),(-0.0068355,0.0051420,-0.0040000),(-0.0065600,0.0044784,-0.0040000),(-0.0068355,0.0051420,-0.0040000),(-0.0068322,0.0052563,-0.0040000),(-0.0065600,0.0044784,-0.0040000),(-0.0068322,0.0052563,-0.0040000),(-0.0068355,0.0053663,-0.0040000),(-0.0069064,0.0066119,-0.0040000),(-0.0065600,0.0044784,-0.0040000),(-0.0068355,0.0053663,-0.0040000),(-0.0069064,0.0066119,-0.0040000),(-0.0068355,0.0053663,-0.0040000),(-0.0068456,0.0054742,-0.0040000),(-0.0069064,0.0066119,-0.0040000),(-0.0068456,0.0054742,-0.0040000),(-0.0068624,0.0055798,-0.0040000),(-0.0069064,0.0066119,-0.0040000),(-0.0068624,0.0055798,-0.0040000),(-0.0068859,0.0056833,-0.0040000),(-0.0069064,0.0066119,-0.0040000),(-0.0068859,0.0056833,-0.0040000),(-0.0069161,0.0057846,-0.0040000),(-0.0069064,0.0066119,-0.0040000),(-0.0069161,0.0057846,-0.0040000),(-0.0069530,0.0058838,-0.0040000),(-0.0069064,0.0066119,-0.0040000),(-0.0069530,0.0058838,-0.0040000),(-0.0069967,0.0059807,-0.0040000),(-0.0069064,0.0066119,-0.0040000),(-0.0069967,0.0059807,-0.0040000),(-0.0070470,0.0060754,-0.0040000),(-0.0069064,0.0066119,-0.0040000),(-0.0070470,0.0060754,-0.0040000),(-0.0071029,0.0061667,-0.0040000),(-0.0069064,0.0066119,-0.0040000),(-0.0071029,0.0061667,-0.0040000),(-0.0071635,0.0062530,-0.0040000),(-0.0069064,0.0066119,-0.0040000),(-0.0071635,0.0062530,-0.0040000),(-0.0072289,0.0063344,-0.0040000),(-0.0069064,0.0066119,-0.0040000),(-0.0072289,0.0063344,-0.0040000),(-0.0072992,0.0064109,-0.0040000),(-0.0069064,0.0066119,-0.0040000),(-0.0072992,0.0064109,-0.0040000),(-0.0073742,0.0064826,-0.0040000),(-0.0069064,0.0066119,-0.0040000),(-0.0073742,0.0064826,-0.0040000),(-0.0074540,0.0065493,-0.0040000),(-0.0069064,0.0066119,-0.0040000),(-0.0074540,0.0065493,-0.0040000),(-0.0075386,0.0066112,-0.0040000),(-0.0069064,0.0066119,-0.0040000),(-0.0075386,0.0066112,-0.0040000),(-0.0076280,0.0066681,-0.0040000),(-0.0069064,0.0066119,-0.0040000),(-0.0076280,0.0066681,-0.0040000),(-0.0077206,0.0067192,-0.0040000),(-0.0069064,0.0066119,-0.0040000),(-0.0077206,0.0067192,-0.0040000),(-0.0078153,0.0067635,-0.0040000),(-0.0069064,0.0066119,-0.0040000),(-0.0078153,0.0067635,-0.0040000),(-0.0079120,0.0068010,-0.0040000),(-0.0069064,0.0066119,-0.0040000),(-0.0079120,0.0068010,-0.0040000),(-0.0080109,0.0068316,-0.0040000),(-0.0092303,0.0071380,-0.0040000),(-0.0069064,0.0066119,-0.0040000),(-0.0080109,0.0068316,-0.0040000),(-0.0092303,0.0071380,-0.0040000),(-0.0080109,0.0068316,-0.0040000),(-0.0081118,0.0068555,-0.0040000),(-0.0092303,0.0071380,-0.0040000),(-0.0081118,0.0068555,-0.0040000),(-0.0082148,0.0068725,-0.0040000),(-0.0092303,0.0071380,-0.0040000),(-0.0082148,0.0068725,-0.0040000),(-0.0083199,0.0068827,-0.0040000),(-0.0092303,0.0071380,-0.0040000),(-0.0083199,0.0068827,-0.0040000),(-0.0084271,0.0068861,-0.0040000),(-0.0092303,0.0071380,-0.0040000),(-0.0084271,0.0068861,-0.0040000),(-0.0085807,0.0068791,-0.0040000),(-0.0092303,0.0071380,-0.0040000),(-0.0085807,0.0068791,-0.0040000),(-0.0087303,0.0068578,-0.0040000),(-0.0092303,0.0071380,-0.0040000),(-0.0087303,0.0068578,-0.0040000),(-0.0088759,0.0068224,-0.0040000),(-0.0092303,0.0071380,-0.0040000),(-0.0088759,0.0068224,-0.0040000),(-0.0090176,0.0067729,-0.0040000),(-0.0092303,0.0071380,-0.0040000),(-0.0090176,0.0067729,-0.0040000),(-0.0074206,0.0039895,-0.0040000),(-0.0097913,0.0081127,-0.0040000),(-0.0092303,0.0071380,-0.0040000),(-0.0074206,0.0039895,-0.0040000),(-0.0069950,0.0045253,-0.0040000),(-0.0069518,0.0046199,-0.0040000),(-0.0065600,0.0044784,-0.0040000),(-0.0070449,0.0044340,-0.0040000),(-0.0069950,0.0045253,-0.0040000),(-0.0065600,0.0044784,-0.0040000),(-0.0071128,0.0043300,-0.0040000),(-0.0070449,0.0044340,-0.0040000),(-0.0065600,0.0044784,-0.0040000),(-0.0071981,0.0042212,-0.0040000),(-0.0071128,0.0043300,-0.0040000),(-0.0065600,0.0044784,-0.0040000),(-0.0072472,0.0041651,-0.0040000),(-0.0071981,0.0042212,-0.0040000),(-0.0065600,0.0044784,-0.0040000),(-0.0073007,0.0041077,-0.0040000),(-0.0072472,0.0041651,-0.0040000),(-0.0065600,0.0044784,-0.0040000),(-0.0073585,0.0040492,-0.0040000),(-0.0073007,0.0041077,-0.0040000),(-0.0065600,0.0044784,-0.0040000),(-0.0074206,0.0039895,-0.0040000),(-0.0073585,0.0040492,-0.0040000),(-0.0065600,0.0044784,-0.0040000),(-0.0074206,0.0039895,-0.0040000),(-0.0065600,0.0044784,-0.0040000),(-0.0066146,0.0043516,-0.0040000),(-0.0074206,0.0039895,-0.0040000),(-0.0066146,0.0043516,-0.0040000),(-0.0066776,0.0042255,-0.0040000),(-0.0074206,0.0039895,-0.0040000),(-0.0066776,0.0042255,-0.0040000),(-0.0067278,0.0041388,-0.0040000),(-0.0074206,0.0039895,-0.0040000),(-0.0067278,0.0041388,-0.0040000),(-0.0067826,0.0040554,-0.0040000),(-0.0074206,0.0039895,-0.0040000),(-0.0067826,0.0040554,-0.0040000),(-0.0068420,0.0039752,-0.0040000),(-0.0074206,0.0039895,-0.0040000),(-0.0068420,0.0039752,-0.0040000),(-0.0069060,0.0038985,-0.0040000),(-0.0074206,0.0039895,-0.0040000),(-0.0069060,0.0038985,-0.0040000),(-0.0069746,0.0038250,-0.0040000),(-0.0074206,0.0039895,-0.0040000),(-0.0069746,0.0038250,-0.0040000),(-0.0070477,0.0037548,-0.0040000),(-0.0074206,0.0039895,-0.0040000),(-0.0070477,0.0037548,-0.0040000),(-0.0071255,0.0036879,-0.0040000),(-0.0074206,0.0039895,-0.0040000),(-0.0071255,0.0036879,-0.0040000),(-0.0072079,0.0036243,-0.0040000),(-0.0074206,0.0039895,-0.0040000),(-0.0072079,0.0036243,-0.0040000),(-0.0066660,0.0026718,-0.0040000),(-0.0097913,0.0081127,-0.0040000),(-0.0074206,0.0039895,-0.0040000),(-0.0066660,0.0026718,-0.0040000),(-0.0097913,0.0081127,-0.0040000),(-0.0066660,0.0026718,-0.0040000),(-0.0066374,0.0025681,-0.0040000),(-0.0097913,0.0081127,-0.0040000),(-0.0066374,0.0025681,-0.0040000),(-0.0066448,0.0025078,-0.0040000),(-0.0097913,0.0081127,-0.0040000),(-0.0066448,0.0025078,-0.0040000),(-0.0066835,0.0024327,-0.0040000),(-0.0097913,0.0081127,-0.0040000),(-0.0066835,0.0024327,-0.0040000),(-0.0067486,0.0023787,-0.0040000),(-0.0097913,0.0081127,-0.0040000),(-0.0067486,0.0023787,-0.0040000),(-0.0068512,0.0023480,-0.0040000),(-0.0097913,0.0081127,-0.0040000),(-0.0068512,0.0023480,-0.0040000),(-0.0069115,0.0023554,-0.0040000),(-0.0097913,0.0081127,-0.0040000),(-0.0069115,0.0023554,-0.0040000),(-0.0069872,0.0023940,-0.0040000),(-0.0097913,0.0081127,-0.0040000),(-0.0069872,0.0023940,-0.0040000),(-0.0070428,0.0024591,-0.0040000),(-0.0097913,0.0081127,-0.0040000),(-0.0070428,0.0024591,-0.0040000),(-0.0075783,0.0033873,-0.0040000),(-0.0075783,0.0033873,-0.0040000),(-0.0076789,0.0033429,-0.0040000),(-0.0077828,0.0033044,-0.0040000),(-0.0075783,0.0033873,-0.0040000),(-0.0077828,0.0033044,-0.0040000),(-0.0078900,0.0032718,-0.0040000),(-0.0075783,0.0033873,-0.0040000),(-0.0078900,0.0032718,-0.0040000),(-0.0080006,0.0032452,-0.0040000),(-0.0075783,0.0033873,-0.0040000),(-0.0080006,0.0032452,-0.0040000),(-0.0081144,0.0032245,-0.0040000),(-0.0075783,0.0033873,-0.0040000),(-0.0081144,0.0032245,-0.0040000),(-0.0082315,0.0032097,-0.0040000),(-0.0075783,0.0033873,-0.0040000),(-0.0082315,0.0032097,-0.0040000),(-0.0083520,0.0032008,-0.0040000),(-0.0075783,0.0033873,-0.0040000),(-0.0083520,0.0032008,-0.0040000),(-0.0084758,0.0031978,-0.0040000),(-0.0075783,0.0033873,-0.0040000),(-0.0084758,0.0031978,-0.0040000),(-0.0086004,0.0032022,-0.0040000),(-0.0075783,0.0033873,-0.0040000),(-0.0086004,0.0032022,-0.0040000),(-0.0087239,0.0032152,-0.0040000),(-0.0075783,0.0033873,-0.0040000),(-0.0087239,0.0032152,-0.0040000),(-0.0088463,0.0032368,-0.0040000),(-0.0075783,0.0033873,-0.0040000),(-0.0088463,0.0032368,-0.0040000),(-0.0089676,0.0032672,-0.0040000),(-0.0075783,0.0033873,-0.0040000),(-0.0089676,0.0032672,-0.0040000),(-0.0090879,0.0033062,-0.0040000),(-0.0075783,0.0033873,-0.0040000),(-0.0090879,0.0033062,-0.0040000),(-0.0092070,0.0033538,-0.0040000),(-0.0075783,0.0033873,-0.0040000),(-0.0092070,0.0033538,-0.0040000),(-0.0093251,0.0034101,-0.0040000),(-0.0075783,0.0033873,-0.0040000),(-0.0093251,0.0034101,-0.0040000),(-0.0094420,0.0034751,-0.0040000),(-0.0075783,0.0033873,-0.0040000),(-0.0094420,0.0034751,-0.0040000),(-0.0095551,0.0035473,-0.0040000),(-0.0075783,0.0033873,-0.0040000),(-0.0095551,0.0035473,-0.0040000),(-0.0096621,0.0036257,-0.0040000),(-0.0075783,0.0033873,-0.0040000),(-0.0096621,0.0036257,-0.0040000),(-0.0097631,0.0037103,-0.0040000),(-0.0075783,0.0033873,-0.0040000),(-0.0097631,0.0037103,-0.0040000),(-0.0098579,0.0038011,-0.0040000),(-0.0075783,0.0033873,-0.0040000),(-0.0098579,0.0038011,-0.0040000),(-0.0099467,0.0038981,-0.0040000),(-0.0099467,0.0038981,-0.0040000),(-0.0100294,0.0040014,-0.0040000),(-0.0101060,0.0041108,-0.0040000),(-0.0099467,0.0038981,-0.0040000),(-0.0101060,0.0041108,-0.0040000),(-0.0101765,0.0042265,-0.0040000),(-0.0099467,0.0038981,-0.0040000),(-0.0101765,0.0042265,-0.0040000),(-0.0102398,0.0043463,-0.0040000),(-0.0099467,0.0038981,-0.0040000),(-0.0102398,0.0043463,-0.0040000),(-0.0102946,0.0044687,-0.0040000),(-0.0099467,0.0038981,-0.0040000),(-0.0102946,0.0044687,-0.0040000),(-0.0103410,0.0045936,-0.0040000),(-0.0099467,0.0038981,-0.0040000),(-0.0103410,0.0045936,-0.0040000),(-0.0103789,0.0047210,-0.0040000),(-0.0099467,0.0038981,-0.0040000),(-0.0103789,0.0047210,-0.0040000),(-0.0104084,0.0048510,-0.0040000),(-0.0099467,0.0038981,-0.0040000),(-0.0104084,0.0048510,-0.0040000),(-0.0104295,0.0049836,-0.0040000),(-0.0099467,0.0038981,-0.0040000),(-0.0104295,0.0049836,-0.0040000),(-0.0104422,0.0051187,-0.0040000),(-0.0099467,0.0038981,-0.0040000),(-0.0104422,0.0051187,-0.0040000),(-0.0104464,0.0052563,-0.0040000),(-0.0099467,0.0038981,-0.0040000),(-0.0104464,0.0052563,-0.0040000),(-0.0104422,0.0053944,-0.0040000),(-0.0099467,0.0038981,-0.0040000),(-0.0104422,0.0053944,-0.0040000),(-0.0104296,0.0055297,-0.0040000),(-0.0099467,0.0038981,-0.0040000),(-0.0104296,0.0055297,-0.0040000),(-0.0104086,0.0056622,-0.0040000),(-0.0099467,0.0038981,-0.0040000),(-0.0104086,0.0056622,-0.0040000),(-0.0103792,0.0057921,-0.0040000),(-0.0099467,0.0038981,-0.0040000),(-0.0103792,0.0057921,-0.0040000),(-0.0103414,0.0059192,-0.0040000),(-0.0099467,0.0038981,-0.0040000),(-0.0103414,0.0059192,-0.0040000),(-0.0102952,0.0060435,-0.0040000),(-0.0099467,0.0038981,-0.0040000),(-0.0102952,0.0060435,-0.0040000),(-0.0102406,0.0061651,-0.0040000),(-0.0099467,0.0038981,-0.0040000),(-0.0102406,0.0061651,-0.0040000),(-0.0101776,0.0062839,-0.0040000),(-0.0101776,0.0062839,-0.0040000),(-0.0098093,0.0060754,-0.0040000),(-0.0098586,0.0059807,-0.0040000),(-0.0101776,0.0062839,-0.0040000),(-0.0098586,0.0059807,-0.0040000),(-0.0099014,0.0058838,-0.0040000),(-0.0101776,0.0062839,-0.0040000),(-0.0099014,0.0058838,-0.0040000),(-0.0099376,0.0057848,-0.0040000),(-0.0101776,0.0062839,-0.0040000),(-0.0099376,0.0057848,-0.0040000),(-0.0099672,0.0056836,-0.0040000),(-0.0101776,0.0062839,-0.0040000),(-0.0099672,0.0056836,-0.0040000),(-0.0099902,0.0055803,-0.0040000),(-0.0101776,0.0062839,-0.0040000),(-0.0099902,0.0055803,-0.0040000),(-0.0100067,0.0054748,-0.0040000),(-0.0101776,0.0062839,-0.0040000),(-0.0100067,0.0054748,-0.0040000),(-0.0100166,0.0053671,-0.0040000),(-0.0101776,0.0062839,-0.0040000),(-0.0100166,0.0053671,-0.0040000),(-0.0100199,0.0052574,-0.0040000),(-0.0101776,0.0062839,-0.0040000),(-0.0100199,0.0052574,-0.0040000),(-0.0100165,0.0051475,-0.0040000),(-0.0099467,0.0038981,-0.0040000),(-0.0101776,0.0062839,-0.0040000),(-0.0100165,0.0051475,-0.0040000),(-0.0099467,0.0038981,-0.0040000),(-0.0100165,0.0051475,-0.0040000),(-0.0100065,0.0050398,-0.0040000),(-0.0099467,0.0038981,-0.0040000),(-0.0100065,0.0050398,-0.0040000),(-0.0099898,0.0049341,-0.0040000),(-0.0099467,0.0038981,-0.0040000),(-0.0099898,0.0049341,-0.0040000),(-0.0099664,0.0048306,-0.0040000),(-0.0099467,0.0038981,-0.0040000),(-0.0099664,0.0048306,-0.0040000),(-0.0099364,0.0047291,-0.0040000),(-0.0099467,0.0038981,-0.0040000),(-0.0099364,0.0047291,-0.0040000),(-0.0098996,0.0046297,-0.0040000),(-0.0099467,0.0038981,-0.0040000),(-0.0098996,0.0046297,-0.0040000),(-0.0098562,0.0045324,-0.0040000),(-0.0099467,0.0038981,-0.0040000),(-0.0098562,0.0045324,-0.0040000),(-0.0098061,0.0044371,-0.0040000),(-0.0099467,0.0038981,-0.0040000),(-0.0098061,0.0044371,-0.0040000),(-0.0097502,0.0043452,-0.0040000),(-0.0099467,0.0038981,-0.0040000),(-0.0097502,0.0043452,-0.0040000),(-0.0096896,0.0042583,-0.0040000),(-0.0099467,0.0038981,-0.0040000),(-0.0096896,0.0042583,-0.0040000),(-0.0096242,0.0041764,-0.0040000),(-0.0099467,0.0038981,-0.0040000),(-0.0096242,0.0041764,-0.0040000),(-0.0095539,0.0040995,-0.0040000),(-0.0099467,0.0038981,-0.0040000),(-0.0095539,0.0040995,-0.0040000),(-0.0094789,0.0040277,-0.0040000),(-0.0099467,0.0038981,-0.0040000),(-0.0094789,0.0040277,-0.0040000),(-0.0093991,0.0039609,-0.0040000),(-0.0099467,0.0038981,-0.0040000),(-0.0093991,0.0039609,-0.0040000),(-0.0093145,0.0038991,-0.0040000),(-0.0099467,0.0038981,-0.0040000),(-0.0093145,0.0038991,-0.0040000),(-0.0092251,0.0038424,-0.0040000),(-0.0099467,0.0038981,-0.0040000),(-0.0092251,0.0038424,-0.0040000),(-0.0091330,0.0037913,-0.0040000),(-0.0099467,0.0038981,-0.0040000),(-0.0091330,0.0037913,-0.0040000),(-0.0090404,0.0037470,-0.0040000),(-0.0099467,0.0038981,-0.0040000),(-0.0090404,0.0037470,-0.0040000),(-0.0089472,0.0037095,-0.0040000),(-0.0099467,0.0038981,-0.0040000),(-0.0089472,0.0037095,-0.0040000),(-0.0088536,0.0036788,-0.0040000),(-0.0099467,0.0038981,-0.0040000),(-0.0088536,0.0036788,-0.0040000),(-0.0087594,0.0036550,-0.0040000),(-0.0075783,0.0033873,-0.0040000),(-0.0099467,0.0038981,-0.0040000),(-0.0087594,0.0036550,-0.0040000),(-0.0075783,0.0033873,-0.0040000),(-0.0087594,0.0036550,-0.0040000),(-0.0086647,0.0036380,-0.0040000),(-0.0075783,0.0033873,-0.0040000),(-0.0086647,0.0036380,-0.0040000),(-0.0085694,0.0036278,-0.0040000),(-0.0075783,0.0033873,-0.0040000),(-0.0085694,0.0036278,-0.0040000),(-0.0084736,0.0036243,-0.0040000),(-0.0075783,0.0033873,-0.0040000),(-0.0084736,0.0036243,-0.0040000),(-0.0084673,0.0036243,-0.0040000),(-0.0075783,0.0033873,-0.0040000),(-0.0084673,0.0036243,-0.0040000),(-0.0083736,0.0036264,-0.0040000),(-0.0075783,0.0033873,-0.0040000),(-0.0083736,0.0036264,-0.0040000),(-0.0082824,0.0036327,-0.0040000),(-0.0075783,0.0033873,-0.0040000),(-0.0082824,0.0036327,-0.0040000),(-0.0081938,0.0036431,-0.0040000),(-0.0075783,0.0033873,-0.0040000),(-0.0081938,0.0036431,-0.0040000),(-0.0081077,0.0036577,-0.0040000),(-0.0075783,0.0033873,-0.0040000),(-0.0081077,0.0036577,-0.0040000),(-0.0080242,0.0036764,-0.0040000),(-0.0075783,0.0033873,-0.0040000),(-0.0080242,0.0036764,-0.0040000),(-0.0079432,0.0036994,-0.0040000),(-0.0075783,0.0033873,-0.0040000),(-0.0079432,0.0036994,-0.0040000),(-0.0078648,0.0037264,-0.0040000),(-0.0075783,0.0033873,-0.0040000),(-0.0078648,0.0037264,-0.0040000),(-0.0077889,0.0037577,-0.0040000),(-0.0097913,0.0081127,-0.0040000),(-0.0075783,0.0033873,-0.0040000),(-0.0077889,0.0037577,-0.0040000),(-0.0097913,0.0081127,-0.0040000),(-0.0077889,0.0037577,-0.0040000),(-0.0093933,0.0065528,-0.0040000),(-0.0097913,0.0081127,-0.0040000),(-0.0093933,0.0065528,-0.0040000),(-0.0095138,0.0064499,-0.0040000),(-0.0097669,0.0061447,-0.0040000),(-0.0098093,0.0060754,-0.0040000),(-0.0101776,0.0062839,-0.0040000),(-0.0097217,0.0062112,-0.0040000),(-0.0097669,0.0061447,-0.0040000),(-0.0101776,0.0062839,-0.0040000),(-0.0096233,0.0063361,-0.0040000),(-0.0097217,0.0062112,-0.0040000),(-0.0101776,0.0062839,-0.0040000),(-0.0095138,0.0064499,-0.0040000),(-0.0096233,0.0063361,-0.0040000),(-0.0101776,0.0062839,-0.0040000),(-0.0095138,0.0064499,-0.0040000),(-0.0101776,0.0062839,-0.0040000),(-0.0101196,0.0063790,-0.0040000),(-0.0095138,0.0064499,-0.0040000),(-0.0101196,0.0063790,-0.0040000),(-0.0100580,0.0064699,-0.0040000),(-0.0095138,0.0064499,-0.0040000),(-0.0100580,0.0064699,-0.0040000),(-0.0099926,0.0065568,-0.0040000),(-0.0095138,0.0064499,-0.0040000),(-0.0099926,0.0065568,-0.0040000),(-0.0099236,0.0066395,-0.0040000),(-0.0095138,0.0064499,-0.0040000),(-0.0099236,0.0066395,-0.0040000),(-0.0098508,0.0067182,-0.0040000),(-0.0095138,0.0064499,-0.0040000),(-0.0098508,0.0067182,-0.0040000),(-0.0097743,0.0067927,-0.0040000),(-0.0095138,0.0064499,-0.0040000),(-0.0097743,0.0067927,-0.0040000),(-0.0096942,0.0068632,-0.0040000),(-0.0095138,0.0064499,-0.0040000),(-0.0096942,0.0068632,-0.0040000),(-0.0096103,0.0069295,-0.0040000),(-0.0097913,0.0081127,-0.0040000),(-0.0095138,0.0064499,-0.0040000),(-0.0096103,0.0069295,-0.0040000),(-0.0097913,0.0081127,-0.0040000),(-0.0096103,0.0069295,-0.0040000),(-0.0101659,0.0079000,-0.0040000),(-0.0097913,0.0081127,-0.0040000),(-0.0101659,0.0079000,-0.0040000),(-0.0101934,0.0080016,-0.0040000),(-0.0097913,0.0081127,-0.0040000),(-0.0101934,0.0080016,-0.0040000),(-0.0101871,0.0080619,-0.0040000),(-0.0097913,0.0081127,-0.0040000),(-0.0101871,0.0080619,-0.0040000),(-0.0101479,0.0081389,-0.0040000),(-0.0097913,0.0081127,-0.0040000),(-0.0101479,0.0081389,-0.0040000),(-0.0100855,0.0081942,-0.0040000),(-0.0097913,0.0081127,-0.0040000),(-0.0100855,0.0081942,-0.0040000),(-0.0099807,0.0082217,-0.0040000),(-0.0097913,0.0081127,-0.0040000),(-0.0099807,0.0082217,-0.0040000),(-0.0099204,0.0082143,-0.0040000),(-0.0097913,0.0081127,-0.0040000),(-0.0099204,0.0082143,-0.0040000),(-0.0098479,0.0081789,-0.0040000),(-0.0038287,0.0061962,-0.0040000),(-0.0038233,0.0060617,-0.0040000),(-0.0038246,0.0059584,-0.0040000),(-0.0038287,0.0061962,-0.0040000),(-0.0038246,0.0059584,-0.0040000),(-0.0038285,0.0058592,-0.0040000),(-0.0038287,0.0061962,-0.0040000),(-0.0038285,0.0058592,-0.0040000),(-0.0038349,0.0057640,-0.0040000),(-0.0038287,0.0061962,-0.0040000),(-0.0038349,0.0057640,-0.0040000),(-0.0038440,0.0056728,-0.0040000),(-0.0038287,0.0061962,-0.0040000),(-0.0038440,0.0056728,-0.0040000),(-0.0038556,0.0055857,-0.0040000),(-0.0038287,0.0061962,-0.0040000),(-0.0038556,0.0055857,-0.0040000),(-0.0038698,0.0055026,-0.0040000),(-0.0038287,0.0061962,-0.0040000),(-0.0038698,0.0055026,-0.0040000),(-0.0038865,0.0054236,-0.0040000),(-0.0038287,0.0061962,-0.0040000),(-0.0038865,0.0054236,-0.0040000),(-0.0039059,0.0053486,-0.0040000),(-0.0038287,0.0061962,-0.0040000),(-0.0039059,0.0053486,-0.0040000),(-0.0039523,0.0052108,-0.0040000),(-0.0038287,0.0061962,-0.0040000),(-0.0039523,0.0052108,-0.0040000),(-0.0040091,0.0050891,-0.0040000),(-0.0038287,0.0061962,-0.0040000),(-0.0040091,0.0050891,-0.0040000),(-0.0040761,0.0049837,-0.0040000),(-0.0038287,0.0061962,-0.0040000),(-0.0040761,0.0049837,-0.0040000),(-0.0041535,0.0048943,-0.0040000),(-0.0038287,0.0061962,-0.0040000),(-0.0041535,0.0048943,-0.0040000),(-0.0042330,0.0048249,-0.0040000),(-0.0038287,0.0061962,-0.0040000),(-0.0042330,0.0048249,-0.0040000),(-0.0043149,0.0047647,-0.0040000),(-0.0038287,0.0061962,-0.0040000),(-0.0043149,0.0047647,-0.0040000),(-0.0043990,0.0047138,-0.0040000),(-0.0038287,0.0061962,-0.0040000),(-0.0043990,0.0047138,-0.0040000),(-0.0044856,0.0046721,-0.0040000),(-0.0038287,0.0061962,-0.0040000),(-0.0044856,0.0046721,-0.0040000),(-0.0045745,0.0046397,-0.0040000),(-0.0038287,0.0061962,-0.0040000),(-0.0045745,0.0046397,-0.0040000),(-0.0046657,0.0046165,-0.0040000),(-0.0038287,0.0061962,-0.0040000),(-0.0046657,0.0046165,-0.0040000),(-0.0047593,0.0046026,-0.0040000),(-0.0047593,0.0046026,-0.0040000),(-0.0048552,0.0045980,-0.0040000),(-0.0049438,0.0046016,-0.0040000),(-0.0047593,0.0046026,-0.0040000),(-0.0049438,0.0046016,-0.0040000),(-0.0050293,0.0046122,-0.0040000),(-0.0047593,0.0046026,-0.0040000),(-0.0050293,0.0046122,-0.0040000),(-0.0051116,0.0046300,-0.0040000),(-0.0047593,0.0046026,-0.0040000),(-0.0051116,0.0046300,-0.0040000),(-0.0051907,0.0046549,-0.0040000),(-0.0047593,0.0046026,-0.0040000),(-0.0051907,0.0046549,-0.0040000),(-0.0052666,0.0046869,-0.0040000),(-0.0047593,0.0046026,-0.0040000),(-0.0052666,0.0046869,-0.0040000),(-0.0053394,0.0047260,-0.0040000),(-0.0047593,0.0046026,-0.0040000),(-0.0053394,0.0047260,-0.0040000),(-0.0054090,0.0047722,-0.0040000),(-0.0047593,0.0046026,-0.0040000),(-0.0054090,0.0047722,-0.0040000),(-0.0054754,0.0048256,-0.0040000),(-0.0043644,0.0039246,-0.0040000),(-0.0042975,0.0040636,-0.0040000),(-0.0042144,0.0041588,-0.0040000),(-0.0043644,0.0039246,-0.0040000),(-0.0042144,0.0041588,-0.0040000),(-0.0040985,0.0042117,-0.0040000),(-0.0044594,0.0038043,-0.0040000),(-0.0043644,0.0039246,-0.0040000),(-0.0040985,0.0042117,-0.0040000),(-0.0044594,0.0038043,-0.0040000),(-0.0040985,0.0042117,-0.0040000),(-0.0040225,0.0041802,-0.0040000),(-0.0044594,0.0038043,-0.0040000),(-0.0040225,0.0041802,-0.0040000),(-0.0039617,0.0041342,-0.0040000),(-0.0045524,0.0037255,-0.0040000),(-0.0044594,0.0038043,-0.0040000),(-0.0039617,0.0041342,-0.0040000),(-0.0045524,0.0037255,-0.0040000),(-0.0039617,0.0041342,-0.0040000),(-0.0038858,0.0039990,-0.0040000),(-0.0046507,0.0036693,-0.0040000),(-0.0045524,0.0037255,-0.0040000),(-0.0038858,0.0039990,-0.0040000),(-0.0046507,0.0036693,-0.0040000),(-0.0038858,0.0039990,-0.0040000),(-0.0038921,0.0039249,-0.0040000),(-0.0046507,0.0036693,-0.0040000),(-0.0038921,0.0039249,-0.0040000),(-0.0039412,0.0038081,-0.0040000),(-0.0047541,0.0036356,-0.0040000),(-0.0046507,0.0036693,-0.0040000),(-0.0039412,0.0038081,-0.0040000),(-0.0047541,0.0036356,-0.0040000),(-0.0039412,0.0038081,-0.0040000),(-0.0040027,0.0036990,-0.0040000),(-0.0048626,0.0036243,-0.0040000),(-0.0047541,0.0036356,-0.0040000),(-0.0040027,0.0036990,-0.0040000),(-0.0048626,0.0036243,-0.0040000),(-0.0040027,0.0036990,-0.0040000),(-0.0040767,0.0035975,-0.0040000),(-0.0048626,0.0036243,-0.0040000),(-0.0040767,0.0035975,-0.0040000),(-0.0041630,0.0035037,-0.0040000),(-0.0049579,0.0036363,-0.0040000),(-0.0048626,0.0036243,-0.0040000),(-0.0041630,0.0035037,-0.0040000),(-0.0049579,0.0036363,-0.0040000),(-0.0041630,0.0035037,-0.0040000),(-0.0042397,0.0034320,-0.0040000),(-0.0049579,0.0036363,-0.0040000),(-0.0042397,0.0034320,-0.0040000),(-0.0043195,0.0033699,-0.0040000),(-0.0050587,0.0036722,-0.0040000),(-0.0049579,0.0036363,-0.0040000),(-0.0043195,0.0033699,-0.0040000),(-0.0050587,0.0036722,-0.0040000),(-0.0043195,0.0033699,-0.0040000),(-0.0044023,0.0033173,-0.0040000),(-0.0050587,0.0036722,-0.0040000),(-0.0044023,0.0033173,-0.0040000),(-0.0044882,0.0032743,-0.0040000),(-0.0051648,0.0037321,-0.0040000),(-0.0050587,0.0036722,-0.0040000),(-0.0044882,0.0032743,-0.0040000),(-0.0051648,0.0037321,-0.0040000),(-0.0044882,0.0032743,-0.0040000),(-0.0045772,0.0032408,-0.0040000),(-0.0052764,0.0038159,-0.0040000),(-0.0051648,0.0037321,-0.0040000),(-0.0045772,0.0032408,-0.0040000),(-0.0052764,0.0038159,-0.0040000),(-0.0045772,0.0032408,-0.0040000),(-0.0046693,0.0032170,-0.0040000),(-0.0052764,0.0038159,-0.0040000),(-0.0046693,0.0032170,-0.0040000),(-0.0047644,0.0032026,-0.0040000),(-0.0053635,0.0039122,-0.0040000),(-0.0052764,0.0038159,-0.0040000),(-0.0047644,0.0032026,-0.0040000),(-0.0053635,0.0039122,-0.0040000),(-0.0047644,0.0032026,-0.0040000),(-0.0048626,0.0031978,-0.0040000),(-0.0053635,0.0039122,-0.0040000),(-0.0048626,0.0031978,-0.0040000),(-0.0049477,0.0032024,-0.0040000),(-0.0053635,0.0039122,-0.0040000),(-0.0049477,0.0032024,-0.0040000),(-0.0050333,0.0032162,-0.0040000),(-0.0054256,0.0040392,-0.0040000),(-0.0053635,0.0039122,-0.0040000),(-0.0050333,0.0032162,-0.0040000),(-0.0054256,0.0040392,-0.0040000),(-0.0050333,0.0032162,-0.0040000),(-0.0051192,0.0032392,-0.0040000),(-0.0054256,0.0040392,-0.0040000),(-0.0051192,0.0032392,-0.0040000),(-0.0052055,0.0032714,-0.0040000),(-0.0054474,0.0041142,-0.0040000),(-0.0054256,0.0040392,-0.0040000),(-0.0052055,0.0032714,-0.0040000),(-0.0054474,0.0041142,-0.0040000),(-0.0052055,0.0032714,-0.0040000),(-0.0052922,0.0033128,-0.0040000),(-0.0054474,0.0041142,-0.0040000),(-0.0052922,0.0033128,-0.0040000),(-0.0053793,0.0033633,-0.0040000),(-0.0054629,0.0041969,-0.0040000),(-0.0054474,0.0041142,-0.0040000),(-0.0053793,0.0033633,-0.0040000),(-0.0054723,0.0042873,-0.0040000),(-0.0054629,0.0041969,-0.0040000),(-0.0053793,0.0033633,-0.0040000),(-0.0054723,0.0042873,-0.0040000),(-0.0053793,0.0033633,-0.0040000),(-0.0054668,0.0034231,-0.0040000),(-0.0054754,0.0043853,-0.0040000),(-0.0054723,0.0042873,-0.0040000),(-0.0054668,0.0034231,-0.0040000),(-0.0054754,0.0043853,-0.0040000),(-0.0054668,0.0034231,-0.0040000),(-0.0055548,0.0034921,-0.0040000),(-0.0054754,0.0048256,-0.0040000),(-0.0054754,0.0043853,-0.0040000),(-0.0055548,0.0034921,-0.0040000),(-0.0054754,0.0048256,-0.0040000),(-0.0055548,0.0034921,-0.0040000),(-0.0056366,0.0035686,-0.0040000),(-0.0054754,0.0048256,-0.0040000),(-0.0056366,0.0035686,-0.0040000),(-0.0057076,0.0036547,-0.0040000),(-0.0054754,0.0048256,-0.0040000),(-0.0057076,0.0036547,-0.0040000),(-0.0057676,0.0037505,-0.0040000),(-0.0054754,0.0048256,-0.0040000),(-0.0057676,0.0037505,-0.0040000),(-0.0058167,0.0038559,-0.0040000),(-0.0054754,0.0048256,-0.0040000),(-0.0058167,0.0038559,-0.0040000),(-0.0058549,0.0039709,-0.0040000),(-0.0054754,0.0048256,-0.0040000),(-0.0058549,0.0039709,-0.0040000),(-0.0058822,0.0040955,-0.0040000),(-0.0054754,0.0048256,-0.0040000),(-0.0058822,0.0040955,-0.0040000),(-0.0058986,0.0042298,-0.0040000),(-0.0054754,0.0048256,-0.0040000),(-0.0058986,0.0042298,-0.0040000),(-0.0059040,0.0043736,-0.0040000),(-0.0054754,0.0048256,-0.0040000),(-0.0059040,0.0043736,-0.0040000),(-0.0059040,0.0056934,-0.0040000),(-0.0047593,0.0046026,-0.0040000),(-0.0054754,0.0048256,-0.0040000),(-0.0059040,0.0056934,-0.0040000),(-0.0059040,0.0056934,-0.0040000),(-0.0055082,0.0056870,-0.0040000),(-0.0054927,0.0055618,-0.0040000),(-0.0059040,0.0056934,-0.0040000),(-0.0054927,0.0055618,-0.0040000),(-0.0054463,0.0054389,-0.0040000),(-0.0059040,0.0056934,-0.0040000),(-0.0054463,0.0054389,-0.0040000),(-0.0053689,0.0053183,-0.0040000),(-0.0047593,0.0046026,-0.0040000),(-0.0059040,0.0056934,-0.0040000),(-0.0053689,0.0053183,-0.0040000),(-0.0047593,0.0046026,-0.0040000),(-0.0053689,0.0053183,-0.0040000),(-0.0052605,0.0052002,-0.0040000),(-0.0047593,0.0046026,-0.0040000),(-0.0052605,0.0052002,-0.0040000),(-0.0051650,0.0051224,-0.0040000),(-0.0047593,0.0046026,-0.0040000),(-0.0051650,0.0051224,-0.0040000),(-0.0050655,0.0050669,-0.0040000),(-0.0047593,0.0046026,-0.0040000),(-0.0050655,0.0050669,-0.0040000),(-0.0049623,0.0050335,-0.0040000),(-0.0047593,0.0046026,-0.0040000),(-0.0049623,0.0050335,-0.0040000),(-0.0048552,0.0050224,-0.0040000),(-0.0047593,0.0046026,-0.0040000),(-0.0048552,0.0050224,-0.0040000),(-0.0047495,0.0050335,-0.0040000),(-0.0047593,0.0046026,-0.0040000),(-0.0047495,0.0050335,-0.0040000),(-0.0046472,0.0050669,-0.0040000),(-0.0047593,0.0046026,-0.0040000),(-0.0046472,0.0050669,-0.0040000),(-0.0045484,0.0051224,-0.0040000),(-0.0047593,0.0046026,-0.0040000),(-0.0045484,0.0051224,-0.0040000),(-0.0044530,0.0052002,-0.0040000),(-0.0047593,0.0046026,-0.0040000),(-0.0044530,0.0052002,-0.0040000),(-0.0043646,0.0053288,-0.0040000),(-0.0038287,0.0061962,-0.0040000),(-0.0047593,0.0046026,-0.0040000),(-0.0043646,0.0053288,-0.0040000),(-0.0038287,0.0061962,-0.0040000),(-0.0043646,0.0053288,-0.0040000),(-0.0043299,0.0054149,-0.0040000),(-0.0038287,0.0061962,-0.0040000),(-0.0043299,0.0054149,-0.0040000),(-0.0043014,0.0055156,-0.0040000),(-0.0038287,0.0061962,-0.0040000),(-0.0043014,0.0055156,-0.0040000),(-0.0042793,0.0056308,-0.0040000),(-0.0038287,0.0061962,-0.0040000),(-0.0042793,0.0056308,-0.0040000),(-0.0042635,0.0057606,-0.0040000),(-0.0038287,0.0061962,-0.0040000),(-0.0042635,0.0057606,-0.0040000),(-0.0042540,0.0059049,-0.0040000),(-0.0038287,0.0061962,-0.0040000),(-0.0042540,0.0059049,-0.0040000),(-0.0042509,0.0060638,-0.0040000),(-0.0038287,0.0061962,-0.0040000),(-0.0042509,0.0060638,-0.0040000),(-0.0042543,0.0061552,-0.0040000),(-0.0038287,0.0061962,-0.0040000),(-0.0042543,0.0061552,-0.0040000),(-0.0042644,0.0062417,-0.0040000),(-0.0038287,0.0061962,-0.0040000),(-0.0042644,0.0062417,-0.0040000),(-0.0042813,0.0063233,-0.0040000),(-0.0038287,0.0061962,-0.0040000),(-0.0042813,0.0063233,-0.0040000),(-0.0043049,0.0063998,-0.0040000),(-0.0038287,0.0061962,-0.0040000),(-0.0043049,0.0063998,-0.0040000),(-0.0043723,0.0065381,-0.0040000),(-0.0038287,0.0061962,-0.0040000),(-0.0043723,0.0065381,-0.0040000),(-0.0044668,0.0066565,-0.0040000),(-0.0038287,0.0061962,-0.0040000),(-0.0044668,0.0066565,-0.0040000),(-0.0045581,0.0067324,-0.0040000),(-0.0055073,0.0057772,-0.0040000),(-0.0055082,0.0056870,-0.0040000),(-0.0059040,0.0056934,-0.0040000),(-0.0055045,0.0058634,-0.0040000),(-0.0055073,0.0057772,-0.0040000),(-0.0059040,0.0056934,-0.0040000),(-0.0054933,0.0060239,-0.0040000),(-0.0055045,0.0058634,-0.0040000),(-0.0059040,0.0056934,-0.0040000),(-0.0054747,0.0061682,-0.0040000),(-0.0054933,0.0060239,-0.0040000),(-0.0059040,0.0056934,-0.0040000),(-0.0054487,0.0062966,-0.0040000),(-0.0054747,0.0061682,-0.0040000),(-0.0059040,0.0056934,-0.0040000),(-0.0054152,0.0064090,-0.0040000),(-0.0054487,0.0062966,-0.0040000),(-0.0059040,0.0056934,-0.0040000),(-0.0053742,0.0065054,-0.0040000),(-0.0054152,0.0064090,-0.0040000),(-0.0059040,0.0056934,-0.0040000),(-0.0053259,0.0065858,-0.0040000),(-0.0053742,0.0065054,-0.0040000),(-0.0059040,0.0056934,-0.0040000),(-0.0053259,0.0065858,-0.0040000),(-0.0059040,0.0056934,-0.0040000),(-0.0059027,0.0058091,-0.0040000),(-0.0053259,0.0065858,-0.0040000),(-0.0059027,0.0058091,-0.0040000),(-0.0058986,0.0059199,-0.0040000),(-0.0053259,0.0065858,-0.0040000),(-0.0058986,0.0059199,-0.0040000),(-0.0058920,0.0060258,-0.0040000),(-0.0052701,0.0066501,-0.0040000),(-0.0053259,0.0065858,-0.0040000),(-0.0058920,0.0060258,-0.0040000),(-0.0052701,0.0066501,-0.0040000),(-0.0058920,0.0060258,-0.0040000),(-0.0058826,0.0061268,-0.0040000),(-0.0052701,0.0066501,-0.0040000),(-0.0058826,0.0061268,-0.0040000),(-0.0058705,0.0062230,-0.0040000),(-0.0051730,0.0067288,-0.0040000),(-0.0052701,0.0066501,-0.0040000),(-0.0058705,0.0062230,-0.0040000),(-0.0051730,0.0067288,-0.0040000),(-0.0058705,0.0062230,-0.0040000),(-0.0058558,0.0063142,-0.0040000),(-0.0051730,0.0067288,-0.0040000),(-0.0058558,0.0063142,-0.0040000),(-0.0058384,0.0064006,-0.0040000),(-0.0050724,0.0067851,-0.0040000),(-0.0051730,0.0067288,-0.0040000),(-0.0058384,0.0064006,-0.0040000),(-0.0050724,0.0067851,-0.0040000),(-0.0058384,0.0064006,-0.0040000),(-0.0058183,0.0064821,-0.0040000),(-0.0050724,0.0067851,-0.0040000),(-0.0058183,0.0064821,-0.0040000),(-0.0057955,0.0065587,-0.0040000),(-0.0049682,0.0068188,-0.0040000),(-0.0050724,0.0067851,-0.0040000),(-0.0057955,0.0065587,-0.0040000),(-0.0049682,0.0068188,-0.0040000),(-0.0057955,0.0065587,-0.0040000),(-0.0057701,0.0066304,-0.0040000),(-0.0049682,0.0068188,-0.0040000),(-0.0057701,0.0066304,-0.0040000),(-0.0057111,0.0067592,-0.0040000),(-0.0048605,0.0068300,-0.0040000),(-0.0049682,0.0068188,-0.0040000),(-0.0057111,0.0067592,-0.0040000),(-0.0048605,0.0068300,-0.0040000),(-0.0057111,0.0067592,-0.0040000),(-0.0056415,0.0068684,-0.0040000),(-0.0048605,0.0068300,-0.0040000),(-0.0056415,0.0068684,-0.0040000),(-0.0055611,0.0069581,-0.0040000),(-0.0047549,0.0068192,-0.0040000),(-0.0048605,0.0068300,-0.0040000),(-0.0055611,0.0069581,-0.0040000),(-0.0047549,0.0068192,-0.0040000),(-0.0055611,0.0069581,-0.0040000),(-0.0054817,0.0070275,-0.0040000),(-0.0047549,0.0068192,-0.0040000),(-0.0054817,0.0070275,-0.0040000),(-0.0053998,0.0070877,-0.0040000),(-0.0046541,0.0067866,-0.0040000),(-0.0047549,0.0068192,-0.0040000),(-0.0053998,0.0070877,-0.0040000),(-0.0046541,0.0067866,-0.0040000),(-0.0053998,0.0070877,-0.0040000),(-0.0053152,0.0071387,-0.0040000),(-0.0046541,0.0067866,-0.0040000),(-0.0053152,0.0071387,-0.0040000),(-0.0052280,0.0071803,-0.0040000),(-0.0045581,0.0067324,-0.0040000),(-0.0046541,0.0067866,-0.0040000),(-0.0052280,0.0071803,-0.0040000),(-0.0045581,0.0067324,-0.0040000),(-0.0052280,0.0071803,-0.0040000),(-0.0051382,0.0072128,-0.0040000),(-0.0038287,0.0061962,-0.0040000),(-0.0045581,0.0067324,-0.0040000),(-0.0051382,0.0072128,-0.0040000),(-0.0038287,0.0061962,-0.0040000),(-0.0051382,0.0072128,-0.0040000),(-0.0050458,0.0072359,-0.0040000),(-0.0038287,0.0061962,-0.0040000),(-0.0050458,0.0072359,-0.0040000),(-0.0049507,0.0072498,-0.0040000),(-0.0038287,0.0061962,-0.0040000),(-0.0049507,0.0072498,-0.0040000),(-0.0048531,0.0072544,-0.0040000),(-0.0038287,0.0061962,-0.0040000),(-0.0048531,0.0072544,-0.0040000),(-0.0047578,0.0072497,-0.0040000),(-0.0038287,0.0061962,-0.0040000),(-0.0047578,0.0072497,-0.0040000),(-0.0046652,0.0072356,-0.0040000),(-0.0038287,0.0061962,-0.0040000),(-0.0046652,0.0072356,-0.0040000),(-0.0045753,0.0072120,-0.0040000),(-0.0038287,0.0061962,-0.0040000),(-0.0045753,0.0072120,-0.0040000),(-0.0044880,0.0071790,-0.0040000),(-0.0038287,0.0061962,-0.0040000),(-0.0044880,0.0071790,-0.0040000),(-0.0044033,0.0071366,-0.0040000),(-0.0038287,0.0061962,-0.0040000),(-0.0044033,0.0071366,-0.0040000),(-0.0043213,0.0070848,-0.0040000),(-0.0038287,0.0061962,-0.0040000),(-0.0043213,0.0070848,-0.0040000),(-0.0042419,0.0070235,-0.0040000),(-0.0038287,0.0061962,-0.0040000),(-0.0042419,0.0070235,-0.0040000),(-0.0041652,0.0069528,-0.0040000),(-0.0038287,0.0061962,-0.0040000),(-0.0041652,0.0069528,-0.0040000),(-0.0040850,0.0068646,-0.0040000),(-0.0038287,0.0061962,-0.0040000),(-0.0040850,0.0068646,-0.0040000),(-0.0040156,0.0067697,-0.0040000),(-0.0038287,0.0061962,-0.0040000),(-0.0040156,0.0067697,-0.0040000),(-0.0039569,0.0066682,-0.0040000),(-0.0038287,0.0061962,-0.0040000),(-0.0039569,0.0066682,-0.0040000),(-0.0039088,0.0065602,-0.0040000),(-0.0038287,0.0061962,-0.0040000),(-0.0039088,0.0065602,-0.0040000),(-0.0038714,0.0064455,-0.0040000),(-0.0038287,0.0061962,-0.0040000),(-0.0038714,0.0064455,-0.0040000),(-0.0038447,0.0063242,-0.0040000),(-0.0022750,0.0063347,-0.0040000),(-0.0022729,0.0063834,-0.0040000),(-0.0022489,0.0064755,-0.0040000),(-0.0022750,0.0063347,-0.0040000),(-0.0022489,0.0064755,-0.0040000),(-0.0022211,0.0065618,-0.0040000),(-0.0022750,0.0063347,-0.0040000),(-0.0022211,0.0065618,-0.0040000),(-0.0021893,0.0066423,-0.0040000),(-0.0022750,0.0063347,-0.0040000),(-0.0021893,0.0066423,-0.0040000),(-0.0021535,0.0067171,-0.0040000),(-0.0022750,0.0063347,-0.0040000),(-0.0021535,0.0067171,-0.0040000),(-0.0021139,0.0067860,-0.0040000),(-0.0022750,0.0063347,-0.0040000),(-0.0021139,0.0067860,-0.0040000),(-0.0020703,0.0068492,-0.0040000),(-0.0022750,0.0063347,-0.0040000),(-0.0020703,0.0068492,-0.0040000),(-0.0019712,0.0069581,-0.0040000),(-0.0022750,0.0063347,-0.0040000),(-0.0019712,0.0069581,-0.0040000),(-0.0018903,0.0070275,-0.0040000),(-0.0022750,0.0063347,-0.0040000),(-0.0018903,0.0070275,-0.0040000),(-0.0018071,0.0070877,-0.0040000),(-0.0022750,0.0063347,-0.0040000),(-0.0018071,0.0070877,-0.0040000),(-0.0017219,0.0071387,-0.0040000),(-0.0022750,0.0063347,-0.0040000),(-0.0017219,0.0071387,-0.0040000),(-0.0016344,0.0071803,-0.0040000),(-0.0022750,0.0063347,-0.0040000),(-0.0016344,0.0071803,-0.0040000),(-0.0015448,0.0072128,-0.0040000),(-0.0022750,0.0063347,-0.0040000),(-0.0015448,0.0072128,-0.0040000),(-0.0014531,0.0072359,-0.0040000),(-0.0022750,0.0063347,-0.0040000),(-0.0014531,0.0072359,-0.0040000),(-0.0013592,0.0072498,-0.0040000),(-0.0022750,0.0063347,-0.0040000),(-0.0013592,0.0072498,-0.0040000),(-0.0012632,0.0072544,-0.0040000),(-0.0022750,0.0063347,-0.0040000),(-0.0012632,0.0072544,-0.0040000),(-0.0011680,0.0072497,-0.0040000),(-0.0022750,0.0063347,-0.0040000),(-0.0011680,0.0072497,-0.0040000),(-0.0010754,0.0072356,-0.0040000),(-0.0022750,0.0063347,-0.0040000),(-0.0010754,0.0072356,-0.0040000),(-0.0009854,0.0072120,-0.0040000),(-0.0022750,0.0063347,-0.0040000),(-0.0009854,0.0072120,-0.0040000),(-0.0008981,0.0071790,-0.0040000),(-0.0008981,0.0071790,-0.0040000),(-0.0008134,0.0071366,-0.0040000),(-0.0007314,0.0070848,-0.0040000),(-0.0008981,0.0071790,-0.0040000),(-0.0007314,0.0070848,-0.0040000),(-0.0006520,0.0070235,-0.0040000),(-0.0008981,0.0071790,-0.0040000),(-0.0006520,0.0070235,-0.0040000),(-0.0005753,0.0069528,-0.0040000),(-0.0008981,0.0071790,-0.0040000),(-0.0005753,0.0069528,-0.0040000),(-0.0004952,0.0068646,-0.0040000),(-0.0008981,0.0071790,-0.0040000),(-0.0004952,0.0068646,-0.0040000),(-0.0004257,0.0067697,-0.0040000),(-0.0008981,0.0071790,-0.0040000),(-0.0004257,0.0067697,-0.0040000),(-0.0003670,0.0066682,-0.0040000),(-0.0008981,0.0071790,-0.0040000),(-0.0003670,0.0066682,-0.0040000),(-0.0003189,0.0065602,-0.0040000),(-0.0008981,0.0071790,-0.0040000),(-0.0003189,0.0065602,-0.0040000),(-0.0002815,0.0064455,-0.0040000),(-0.0008981,0.0071790,-0.0040000),(-0.0002815,0.0064455,-0.0040000),(-0.0002548,0.0063242,-0.0040000),(-0.0008981,0.0071790,-0.0040000),(-0.0002548,0.0063242,-0.0040000),(-0.0002388,0.0061962,-0.0040000),(-0.0008981,0.0071790,-0.0040000),(-0.0002388,0.0061962,-0.0040000),(-0.0002335,0.0060617,-0.0040000),(-0.0008981,0.0071790,-0.0040000),(-0.0002335,0.0060617,-0.0040000),(-0.0002347,0.0059584,-0.0040000),(-0.0008981,0.0071790,-0.0040000),(-0.0002347,0.0059584,-0.0040000),(-0.0002386,0.0058592,-0.0040000),(-0.0008981,0.0071790,-0.0040000),(-0.0002386,0.0058592,-0.0040000),(-0.0002451,0.0057640,-0.0040000),(-0.0008981,0.0071790,-0.0040000),(-0.0002451,0.0057640,-0.0040000),(-0.0002541,0.0056728,-0.0040000),(-0.0008981,0.0071790,-0.0040000),(-0.0002541,0.0056728,-0.0040000),(-0.0002657,0.0055857,-0.0040000),(-0.0008981,0.0071790,-0.0040000),(-0.0002657,0.0055857,-0.0040000),(-0.0002799,0.0055026,-0.0040000),(-0.0008981,0.0071790,-0.0040000),(-0.0002799,0.0055026,-0.0040000),(-0.0002967,0.0054236,-0.0040000),(-0.0008981,0.0071790,-0.0040000),(-0.0002967,0.0054236,-0.0040000),(-0.0003160,0.0053486,-0.0040000),(-0.0008981,0.0071790,-0.0040000),(-0.0003160,0.0053486,-0.0040000),(-0.0003624,0.0052108,-0.0040000),(-0.0003624,0.0052108,-0.0040000),(-0.0004192,0.0050891,-0.0040000),(-0.0004863,0.0049837,-0.0040000),(-0.0003624,0.0052108,-0.0040000),(-0.0004863,0.0049837,-0.0040000),(-0.0005637,0.0048943,-0.0040000),(-0.0003624,0.0052108,-0.0040000),(-0.0005637,0.0048943,-0.0040000),(-0.0006431,0.0048249,-0.0040000),(-0.0003624,0.0052108,-0.0040000),(-0.0006431,0.0048249,-0.0040000),(-0.0007250,0.0047647,-0.0040000),(-0.0003624,0.0052108,-0.0040000),(-0.0007250,0.0047647,-0.0040000),(-0.0008092,0.0047138,-0.0040000),(-0.0003624,0.0052108,-0.0040000),(-0.0008092,0.0047138,-0.0040000),(-0.0008957,0.0046721,-0.0040000),(-0.0003624,0.0052108,-0.0040000),(-0.0008957,0.0046721,-0.0040000),(-0.0009846,0.0046397,-0.0040000),(-0.0003624,0.0052108,-0.0040000),(-0.0009846,0.0046397,-0.0040000),(-0.0010758,0.0046165,-0.0040000),(-0.0003624,0.0052108,-0.0040000),(-0.0010758,0.0046165,-0.0040000),(-0.0011694,0.0046026,-0.0040000),(-0.0003624,0.0052108,-0.0040000),(-0.0011694,0.0046026,-0.0040000),(-0.0012653,0.0045980,-0.0040000),(-0.0003624,0.0052108,-0.0040000),(-0.0012653,0.0045980,-0.0040000),(-0.0013506,0.0046013,-0.0040000),(-0.0003624,0.0052108,-0.0040000),(-0.0013506,0.0046013,-0.0040000),(-0.0014330,0.0046110,-0.0040000),(-0.0003624,0.0052108,-0.0040000),(-0.0014330,0.0046110,-0.0040000),(-0.0015124,0.0046273,-0.0040000),(-0.0003624,0.0052108,-0.0040000),(-0.0015124,0.0046273,-0.0040000),(-0.0015889,0.0046501,-0.0040000),(-0.0003624,0.0052108,-0.0040000),(-0.0015889,0.0046501,-0.0040000),(-0.0017330,0.0047153,-0.0040000),(-0.0003624,0.0052108,-0.0040000),(-0.0017330,0.0047153,-0.0040000),(-0.0018654,0.0048065,-0.0040000),(-0.0018231,0.0036286,-0.0040000),(-0.0005478,0.0036286,-0.0040000),(-0.0004663,0.0036127,-0.0040000),(-0.0018231,0.0036286,-0.0040000),(-0.0004663,0.0036127,-0.0040000),(-0.0003975,0.0035651,-0.0040000),(-0.0018231,0.0036286,-0.0040000),(-0.0003975,0.0035651,-0.0040000),(-0.0003507,0.0034958,-0.0040000),(-0.0018231,0.0036286,-0.0040000),(-0.0003507,0.0034958,-0.0040000),(-0.0003351,0.0034148,-0.0040000),(-0.0018231,0.0036286,-0.0040000),(-0.0003351,0.0034148,-0.0040000),(-0.0003507,0.0033341,-0.0040000),(-0.0018231,0.0036286,-0.0040000),(-0.0003507,0.0033341,-0.0040000),(-0.0003975,0.0032656,-0.0040000),(-0.0018231,0.0036286,-0.0040000),(-0.0003975,0.0032656,-0.0040000),(-0.0004663,0.0032179,-0.0040000),(-0.0018231,0.0036286,-0.0040000),(-0.0004663,0.0032179,-0.0040000),(-0.0005478,0.0032021,-0.0040000),(-0.0018231,0.0036286,-0.0040000),(-0.0005478,0.0032021,-0.0040000),(-0.0020199,0.0032021,-0.0040000),(-0.0018654,0.0048065,-0.0040000),(-0.0018231,0.0036286,-0.0040000),(-0.0020199,0.0032021,-0.0040000),(-0.0018654,0.0048065,-0.0040000),(-0.0020199,0.0032021,-0.0040000),(-0.0021004,0.0032161,-0.0040000),(-0.0018654,0.0048065,-0.0040000),(-0.0021004,0.0032161,-0.0040000),(-0.0021702,0.0032582,-0.0040000),(-0.0018654,0.0048065,-0.0040000),(-0.0021702,0.0032582,-0.0040000),(-0.0022178,0.0033232,-0.0040000),(-0.0018654,0.0048065,-0.0040000),(-0.0022178,0.0033232,-0.0040000),(-0.0022337,0.0034021,-0.0040000),(-0.0018654,0.0048065,-0.0040000),(-0.0022337,0.0034021,-0.0040000),(-0.0023141,0.0054669,-0.0040000),(-0.0018654,0.0048065,-0.0040000),(-0.0023141,0.0054669,-0.0040000),(-0.0023009,0.0055463,-0.0040000),(-0.0018654,0.0048065,-0.0040000),(-0.0023009,0.0055463,-0.0040000),(-0.0022612,0.0056172,-0.0040000),(-0.0018654,0.0048065,-0.0040000),(-0.0022612,0.0056172,-0.0040000),(-0.0021961,0.0056712,-0.0040000),(-0.0018654,0.0048065,-0.0040000),(-0.0021961,0.0056712,-0.0040000),(-0.0021131,0.0056892,-0.0040000),(-0.0018654,0.0048065,-0.0040000),(-0.0021131,0.0056892,-0.0040000),(-0.0020318,0.0056757,-0.0040000),(-0.0018654,0.0048065,-0.0040000),(-0.0020318,0.0056757,-0.0040000),(-0.0019596,0.0056352,-0.0040000),(-0.0018654,0.0048065,-0.0040000),(-0.0019596,0.0056352,-0.0040000),(-0.0018972,0.0055336,-0.0040000),(-0.0018654,0.0048065,-0.0040000),(-0.0018972,0.0055336,-0.0040000),(-0.0018632,0.0054484,-0.0040000),(-0.0018654,0.0048065,-0.0040000),(-0.0018632,0.0054484,-0.0040000),(-0.0018141,0.0053645,-0.0040000),(-0.0018654,0.0048065,-0.0040000),(-0.0018141,0.0053645,-0.0040000),(-0.0017499,0.0052818,-0.0040000),(-0.0018654,0.0048065,-0.0040000),(-0.0017499,0.0052818,-0.0040000),(-0.0016707,0.0052002,-0.0040000),(-0.0018654,0.0048065,-0.0040000),(-0.0016707,0.0052002,-0.0040000),(-0.0015751,0.0051224,-0.0040000),(-0.0018654,0.0048065,-0.0040000),(-0.0015751,0.0051224,-0.0040000),(-0.0014757,0.0050669,-0.0040000),(-0.0018654,0.0048065,-0.0040000),(-0.0014757,0.0050669,-0.0040000),(-0.0013724,0.0050335,-0.0040000),(-0.0018654,0.0048065,-0.0040000),(-0.0013724,0.0050335,-0.0040000),(-0.0012653,0.0050224,-0.0040000),(-0.0018654,0.0048065,-0.0040000),(-0.0012653,0.0050224,-0.0040000),(-0.0011588,0.0050335,-0.0040000),(-0.0003624,0.0052108,-0.0040000),(-0.0018654,0.0048065,-0.0040000),(-0.0011588,0.0050335,-0.0040000),(-0.0003624,0.0052108,-0.0040000),(-0.0011588,0.0050335,-0.0040000),(-0.0010563,0.0050669,-0.0040000),(-0.0003624,0.0052108,-0.0040000),(-0.0010563,0.0050669,-0.0040000),(-0.0009578,0.0051224,-0.0040000),(-0.0003624,0.0052108,-0.0040000),(-0.0009578,0.0051224,-0.0040000),(-0.0008632,0.0052002,-0.0040000),(-0.0003624,0.0052108,-0.0040000),(-0.0008632,0.0052002,-0.0040000),(-0.0007729,0.0053288,-0.0040000),(-0.0003624,0.0052108,-0.0040000),(-0.0007729,0.0053288,-0.0040000),(-0.0007374,0.0054149,-0.0040000),(-0.0003624,0.0052108,-0.0040000),(-0.0007374,0.0054149,-0.0040000),(-0.0007084,0.0055156,-0.0040000),(-0.0003624,0.0052108,-0.0040000),(-0.0007084,0.0055156,-0.0040000),(-0.0006858,0.0056308,-0.0040000),(-0.0003624,0.0052108,-0.0040000),(-0.0006858,0.0056308,-0.0040000),(-0.0006697,0.0057606,-0.0040000),(-0.0003624,0.0052108,-0.0040000),(-0.0006697,0.0057606,-0.0040000),(-0.0006600,0.0059049,-0.0040000),(-0.0003624,0.0052108,-0.0040000),(-0.0006600,0.0059049,-0.0040000),(-0.0006568,0.0060638,-0.0040000),(-0.0003624,0.0052108,-0.0040000),(-0.0006568,0.0060638,-0.0040000),(-0.0006602,0.0061552,-0.0040000),(-0.0003624,0.0052108,-0.0040000),(-0.0006602,0.0061552,-0.0040000),(-0.0006705,0.0062417,-0.0040000),(-0.0003624,0.0052108,-0.0040000),(-0.0006705,0.0062417,-0.0040000),(-0.0006877,0.0063233,-0.0040000),(-0.0008981,0.0071790,-0.0040000),(-0.0003624,0.0052108,-0.0040000),(-0.0006877,0.0063233,-0.0040000),(-0.0008981,0.0071790,-0.0040000),(-0.0006877,0.0063233,-0.0040000),(-0.0007118,0.0063998,-0.0040000),(-0.0008981,0.0071790,-0.0040000),(-0.0007118,0.0063998,-0.0040000),(-0.0007806,0.0065381,-0.0040000),(-0.0008981,0.0071790,-0.0040000),(-0.0007806,0.0065381,-0.0040000),(-0.0008769,0.0066565,-0.0040000),(-0.0008981,0.0071790,-0.0040000),(-0.0008769,0.0066565,-0.0040000),(-0.0009682,0.0067324,-0.0040000),(-0.0008981,0.0071790,-0.0040000),(-0.0009682,0.0067324,-0.0040000),(-0.0010642,0.0067866,-0.0040000),(-0.0008981,0.0071790,-0.0040000),(-0.0010642,0.0067866,-0.0040000),(-0.0011651,0.0068192,-0.0040000),(-0.0008981,0.0071790,-0.0040000),(-0.0011651,0.0068192,-0.0040000),(-0.0012706,0.0068300,-0.0040000),(-0.0008981,0.0071790,-0.0040000),(-0.0012706,0.0068300,-0.0040000),(-0.0013732,0.0068188,-0.0040000),(-0.0008981,0.0071790,-0.0040000),(-0.0013732,0.0068188,-0.0040000),(-0.0014757,0.0067851,-0.0040000),(-0.0008981,0.0071790,-0.0040000),(-0.0014757,0.0067851,-0.0040000),(-0.0015780,0.0067288,-0.0040000),(-0.0022750,0.0063347,-0.0040000),(-0.0008981,0.0071790,-0.0040000),(-0.0015780,0.0067288,-0.0040000),(-0.0022750,0.0063347,-0.0040000),(-0.0015780,0.0067288,-0.0040000),(-0.0016802,0.0066501,-0.0040000),(-0.0022750,0.0063347,-0.0040000),(-0.0016802,0.0066501,-0.0040000),(-0.0017823,0.0065072,-0.0040000),(-0.0022750,0.0063347,-0.0040000),(-0.0017823,0.0065072,-0.0040000),(-0.0018219,0.0064072,-0.0040000),(-0.0022750,0.0063347,-0.0040000),(-0.0018219,0.0064072,-0.0040000),(-0.0018538,0.0062882,-0.0040000),(-0.0022750,0.0063347,-0.0040000),(-0.0018538,0.0062882,-0.0040000),(-0.0018978,0.0062155,-0.0040000),(-0.0022750,0.0063347,-0.0040000),(-0.0018978,0.0062155,-0.0040000),(-0.0019464,0.0061636,-0.0040000),(-0.0022750,0.0063347,-0.0040000),(-0.0019464,0.0061636,-0.0040000),(-0.0020570,0.0061220,-0.0040000),(-0.0022750,0.0063347,-0.0040000),(-0.0020570,0.0061220,-0.0040000),(-0.0020644,0.0061220,-0.0040000),(-0.0022750,0.0063347,-0.0040000),(-0.0020644,0.0061220,-0.0040000),(-0.0021383,0.0061377,-0.0040000),(-0.0022750,0.0063347,-0.0040000),(-0.0021383,0.0061377,-0.0040000),(-0.0021980,0.0061784,-0.0040000),(-0.0033651,0.0072240,-0.0040000),(-0.0032920,0.0073306,-0.0040000),(-0.0031854,0.0074037,-0.0040000),(-0.0033651,0.0072240,-0.0040000),(-0.0031854,0.0074037,-0.0040000),(-0.0030603,0.0074280,-0.0040000),(-0.0033651,0.0072240,-0.0040000),(-0.0030603,0.0074280,-0.0040000),(-0.0029354,0.0074037,-0.0040000),(-0.0033651,0.0072240,-0.0040000),(-0.0029354,0.0074037,-0.0040000),(-0.0028295,0.0073306,-0.0040000),(-0.0033651,0.0072240,-0.0040000),(-0.0028295,0.0073306,-0.0040000),(-0.0027565,0.0072240,-0.0040000),(-0.0033651,0.0072240,-0.0040000),(-0.0027565,0.0072240,-0.0040000),(-0.0027322,0.0070989,-0.0040000),(-0.0033651,0.0072240,-0.0040000),(-0.0027322,0.0070989,-0.0040000),(-0.0027565,0.0069737,-0.0040000),(-0.0033651,0.0072240,-0.0040000),(-0.0027565,0.0069737,-0.0040000),(-0.0028295,0.0068671,-0.0040000),(-0.0033651,0.0072240,-0.0040000),(-0.0028295,0.0068671,-0.0040000),(-0.0029354,0.0067941,-0.0040000),(-0.0033651,0.0072240,-0.0040000),(-0.0029354,0.0067941,-0.0040000),(-0.0030603,0.0067697,-0.0040000),(-0.0033651,0.0072240,-0.0040000),(-0.0030603,0.0067697,-0.0040000),(-0.0031854,0.0067941,-0.0040000),(-0.0033651,0.0072240,-0.0040000),(-0.0031854,0.0067941,-0.0040000),(-0.0032920,0.0068671,-0.0040000),(-0.0033651,0.0072240,-0.0040000),(-0.0032920,0.0068671,-0.0040000),(-0.0033651,0.0069737,-0.0040000),(-0.0033651,0.0072240,-0.0040000),(-0.0033651,0.0069737,-0.0040000),(-0.0033894,0.0070989,-0.0040000),(0.0034995,0.0072042,-0.0040000),(0.0035990,0.0073132,-0.0040000),(0.0037122,0.0073407,-0.0040000),(0.0034995,0.0072042,-0.0040000),(0.0037122,0.0073407,-0.0040000),(0.0038133,0.0073153,-0.0040000),(0.0034995,0.0072042,-0.0040000),(0.0038133,0.0073153,-0.0040000),(0.0038900,0.0072391,-0.0040000),(0.0034995,0.0072042,-0.0040000),(0.0038900,0.0072391,-0.0040000),(0.0038974,0.0072327,-0.0040000),(0.0034995,0.0072042,-0.0040000),(0.0038974,0.0072327,-0.0040000),(0.0051431,0.0050653,-0.0040000),(0.0034995,0.0072042,-0.0040000),(0.0051431,0.0050653,-0.0040000),(0.0051706,0.0049584,-0.0040000),(0.0034995,0.0072042,-0.0040000),(0.0051706,0.0049584,-0.0040000),(0.0051428,0.0048491,-0.0040000),(0.0034995,0.0072042,-0.0040000),(0.0051428,0.0048491,-0.0040000),(0.0050595,0.0047710,-0.0040000),(0.0034995,0.0072042,-0.0040000),(0.0050595,0.0047710,-0.0040000),(0.0049526,0.0047414,-0.0040000),(0.0034995,0.0072042,-0.0040000),(0.0049526,0.0047414,-0.0040000),(0.0048438,0.0047692,-0.0040000),(0.0034995,0.0072042,-0.0040000),(0.0048438,0.0047692,-0.0040000),(0.0047674,0.0048525,-0.0040000),(0.0034995,0.0072042,-0.0040000),(0.0047674,0.0048525,-0.0040000),(0.0039249,0.0063183,-0.0040000),(0.0034995,0.0072042,-0.0040000),(0.0039249,0.0063183,-0.0040000),(0.0039249,0.0037106,-0.0040000),(0.0039249,0.0037106,-0.0040000),(0.0055114,0.0037106,-0.0040000),(0.0055963,0.0036947,-0.0040000),(0.0039249,0.0037106,-0.0040000),(0.0055963,0.0036947,-0.0040000),(0.0056669,0.0036471,-0.0040000),(0.0039249,0.0037106,-0.0040000),(0.0056669,0.0036471,-0.0040000),(0.0057146,0.0035775,-0.0040000),(0.0039249,0.0037106,-0.0040000),(0.0057146,0.0035775,-0.0040000),(0.0057304,0.0034958,-0.0040000),(0.0039249,0.0037106,-0.0040000),(0.0057304,0.0034958,-0.0040000),(0.0057146,0.0034137,-0.0040000),(0.0039249,0.0037106,-0.0040000),(0.0057146,0.0034137,-0.0040000),(0.0056669,0.0033434,-0.0040000),(0.0039249,0.0037106,-0.0040000),(0.0056669,0.0033434,-0.0040000),(0.0055963,0.0032941,-0.0040000),(0.0039249,0.0037106,-0.0040000),(0.0055963,0.0032941,-0.0040000),(0.0055114,0.0032777,-0.0040000),(0.0039249,0.0037106,-0.0040000),(0.0055114,0.0032777,-0.0040000),(0.0037048,0.0032777,-0.0040000),(0.0034995,0.0072042,-0.0040000),(0.0039249,0.0037106,-0.0040000),(0.0037048,0.0032777,-0.0040000),(0.0037048,0.0032777,-0.0040000),(0.0018993,0.0032777,-0.0040000),(0.0018165,0.0032941,-0.0040000),(0.0037048,0.0032777,-0.0040000),(0.0018165,0.0032941,-0.0040000),(0.0017479,0.0033434,-0.0040000),(0.0037048,0.0032777,-0.0040000),(0.0017479,0.0033434,-0.0040000),(0.0017019,0.0034137,-0.0040000),(0.0037048,0.0032777,-0.0040000),(0.0017019,0.0034137,-0.0040000),(0.0016865,0.0034958,-0.0040000),(0.0037048,0.0032777,-0.0040000),(0.0016865,0.0034958,-0.0040000),(0.0017019,0.0035775,-0.0040000),(0.0037048,0.0032777,-0.0040000),(0.0017019,0.0035775,-0.0040000),(0.0017479,0.0036471,-0.0040000),(0.0037048,0.0032777,-0.0040000),(0.0017479,0.0036471,-0.0040000),(0.0018165,0.0036947,-0.0040000),(0.0037048,0.0032777,-0.0040000),(0.0018165,0.0036947,-0.0040000),(0.0018993,0.0037106,-0.0040000),(0.0037048,0.0032777,-0.0040000),(0.0018993,0.0037106,-0.0040000),(0.0034921,0.0037106,-0.0040000),(0.0034995,0.0072042,-0.0040000),(0.0037048,0.0032777,-0.0040000),(0.0034921,0.0037106,-0.0040000),(0.0034995,0.0072042,-0.0040000),(0.0034921,0.0037106,-0.0040000),(0.0034921,0.0063226,-0.0040000),(0.0034995,0.0072042,-0.0040000),(0.0034921,0.0063226,-0.0040000),(0.0026359,0.0048335,-0.0040000),(0.0034995,0.0072042,-0.0040000),(0.0026359,0.0048335,-0.0040000),(0.0025562,0.0047541,-0.0040000),(0.0034995,0.0072042,-0.0040000),(0.0025562,0.0047541,-0.0040000),(0.0024485,0.0047277,-0.0040000),(0.0034995,0.0072042,-0.0040000),(0.0024485,0.0047277,-0.0040000),(0.0023374,0.0047552,-0.0040000),(0.0034995,0.0072042,-0.0040000),(0.0023374,0.0047552,-0.0040000),(0.0022557,0.0048348,-0.0040000),(0.0034995,0.0072042,-0.0040000),(0.0022557,0.0048348,-0.0040000),(0.0022284,0.0049446,-0.0040000),(0.0034995,0.0072042,-0.0040000),(0.0022284,0.0049446,-0.0040000),(0.0022602,0.0050536,-0.0040000),(0.0083488,0.0049933,-0.0040000),(0.0083964,0.0049446,-0.0040000),(0.0084524,0.0048670,-0.0040000),(0.0083488,0.0049933,-0.0040000),(0.0084524,0.0048670,-0.0040000),(0.0085010,0.0047857,-0.0040000),(0.0083488,0.0049933,-0.0040000),(0.0085010,0.0047857,-0.0040000),(0.0085421,0.0047005,-0.0040000),(0.0083488,0.0049933,-0.0040000),(0.0085421,0.0047005,-0.0040000),(0.0085758,0.0046115,-0.0040000),(0.0083488,0.0049933,-0.0040000),(0.0085758,0.0046115,-0.0040000),(0.0086019,0.0045187,-0.0040000),(0.0083488,0.0049933,-0.0040000),(0.0086019,0.0045187,-0.0040000),(0.0086206,0.0044221,-0.0040000),(0.0083488,0.0049933,-0.0040000),(0.0086206,0.0044221,-0.0040000),(0.0086318,0.0043217,-0.0040000),(0.0083488,0.0049933,-0.0040000),(0.0086318,0.0043217,-0.0040000),(0.0086356,0.0042175,-0.0040000),(0.0083488,0.0049933,-0.0040000),(0.0086356,0.0042175,-0.0040000),(0.0086318,0.0041134,-0.0040000),(0.0083488,0.0049933,-0.0040000),(0.0086318,0.0041134,-0.0040000),(0.0086207,0.0040138,-0.0040000),(0.0083488,0.0049933,-0.0040000),(0.0086207,0.0040138,-0.0040000),(0.0086021,0.0039187,-0.0040000),(0.0083488,0.0049933,-0.0040000),(0.0086021,0.0039187,-0.0040000),(0.0085760,0.0038281,-0.0040000),(0.0083488,0.0049933,-0.0040000),(0.0085760,0.0038281,-0.0040000),(0.0085425,0.0037420,-0.0040000),(0.0083488,0.0049933,-0.0040000),(0.0085425,0.0037420,-0.0040000),(0.0085016,0.0036603,-0.0040000),(0.0083488,0.0049933,-0.0040000),(0.0085016,0.0036603,-0.0040000),(0.0084532,0.0035832,-0.0040000),(0.0083488,0.0049933,-0.0040000),(0.0084532,0.0035832,-0.0040000),(0.0083974,0.0035106,-0.0040000),(0.0083488,0.0049933,-0.0040000),(0.0083974,0.0035106,-0.0040000),(0.0083357,0.0034446,-0.0040000),(0.0083488,0.0049933,-0.0040000),(0.0083357,0.0034446,-0.0040000),(0.0082690,0.0033874,-0.0040000),(0.0083488,0.0049933,-0.0040000),(0.0082690,0.0033874,-0.0040000),(0.0081973,0.0033390,-0.0040000),(0.0083488,0.0049933,-0.0040000),(0.0081973,0.0033390,-0.0040000),(0.0081207,0.0032994,-0.0040000),(0.0081207,0.0032994,-0.0040000),(0.0080391,0.0032686,-0.0040000),(0.0079525,0.0032467,-0.0040000),(0.0081207,0.0032994,-0.0040000),(0.0079525,0.0032467,-0.0040000),(0.0078610,0.0032335,-0.0040000),(0.0081207,0.0032994,-0.0040000),(0.0078610,0.0032335,-0.0040000),(0.0077646,0.0032291,-0.0040000),(0.0081207,0.0032994,-0.0040000),(0.0077646,0.0032291,-0.0040000),(0.0076690,0.0032334,-0.0040000),(0.0081207,0.0032994,-0.0040000),(0.0076690,0.0032334,-0.0040000),(0.0075778,0.0032466,-0.0040000),(0.0081207,0.0032994,-0.0040000),(0.0075778,0.0032466,-0.0040000),(0.0074907,0.0032685,-0.0040000),(0.0081207,0.0032994,-0.0040000),(0.0074907,0.0032685,-0.0040000),(0.0074079,0.0032992,-0.0040000),(0.0081207,0.0032994,-0.0040000),(0.0074079,0.0032992,-0.0040000),(0.0073293,0.0033386,-0.0040000),(0.0081207,0.0032994,-0.0040000),(0.0073293,0.0033386,-0.0040000),(0.0072550,0.0033868,-0.0040000),(0.0081207,0.0032994,-0.0040000),(0.0072550,0.0033868,-0.0040000),(0.0071848,0.0034438,-0.0040000),(0.0081207,0.0032994,-0.0040000),(0.0071848,0.0034438,-0.0040000),(0.0071190,0.0035095,-0.0040000),(0.0081207,0.0032994,-0.0040000),(0.0071190,0.0035095,-0.0040000),(0.0070592,0.0035819,-0.0040000),(0.0081207,0.0032994,-0.0040000),(0.0070592,0.0035819,-0.0040000),(0.0070074,0.0036589,-0.0040000),(0.0081207,0.0032994,-0.0040000),(0.0070074,0.0036589,-0.0040000),(0.0069635,0.0037405,-0.0040000),(0.0081207,0.0032994,-0.0040000),(0.0069635,0.0037405,-0.0040000),(0.0069277,0.0038268,-0.0040000),(0.0081207,0.0032994,-0.0040000),(0.0069277,0.0038268,-0.0040000),(0.0068998,0.0039176,-0.0040000),(0.0081207,0.0032994,-0.0040000),(0.0068998,0.0039176,-0.0040000),(0.0068799,0.0040130,-0.0040000),(0.0081207,0.0032994,-0.0040000),(0.0068799,0.0040130,-0.0040000),(0.0068679,0.0041129,-0.0040000),(0.0068679,0.0041129,-0.0040000),(0.0068639,0.0042175,-0.0040000),(0.0068793,0.0042998,-0.0040000),(0.0068679,0.0041129,-0.0040000),(0.0068793,0.0042998,-0.0040000),(0.0069253,0.0043689,-0.0040000),(0.0068679,0.0041129,-0.0040000),(0.0069253,0.0043689,-0.0040000),(0.0069936,0.0044157,-0.0040000),(0.0068679,0.0041129,-0.0040000),(0.0069936,0.0044157,-0.0040000),(0.0070756,0.0044313,-0.0040000),(0.0068679,0.0041129,-0.0040000),(0.0070756,0.0044313,-0.0040000),(0.0071584,0.0044157,-0.0040000),(0.0068679,0.0041129,-0.0040000),(0.0071584,0.0044157,-0.0040000),(0.0072269,0.0043689,-0.0040000),(0.0068679,0.0041129,-0.0040000),(0.0072269,0.0043689,-0.0040000),(0.0072730,0.0042998,-0.0040000),(0.0068679,0.0041129,-0.0040000),(0.0072730,0.0042998,-0.0040000),(0.0072883,0.0042175,-0.0040000),(0.0068679,0.0041129,-0.0040000),(0.0072883,0.0042175,-0.0040000),(0.0072970,0.0040913,-0.0040000),(0.0068679,0.0041129,-0.0040000),(0.0072970,0.0040913,-0.0040000),(0.0073230,0.0039802,-0.0040000),(0.0068679,0.0041129,-0.0040000),(0.0073230,0.0039802,-0.0040000),(0.0073663,0.0038844,-0.0040000),(0.0068679,0.0041129,-0.0040000),(0.0073663,0.0038844,-0.0040000),(0.0074269,0.0038037,-0.0040000),(0.0068679,0.0041129,-0.0040000),(0.0074269,0.0038037,-0.0040000),(0.0074984,0.0037389,-0.0040000),(0.0081207,0.0032994,-0.0040000),(0.0068679,0.0041129,-0.0040000),(0.0074984,0.0037389,-0.0040000),(0.0081207,0.0032994,-0.0040000),(0.0074984,0.0037389,-0.0040000),(0.0075785,0.0036926,-0.0040000),(0.0081207,0.0032994,-0.0040000),(0.0075785,0.0036926,-0.0040000),(0.0076673,0.0036648,-0.0040000),(0.0081207,0.0032994,-0.0040000),(0.0076673,0.0036648,-0.0040000),(0.0077646,0.0036556,-0.0040000),(0.0081207,0.0032994,-0.0040000),(0.0077646,0.0036556,-0.0040000),(0.0078584,0.0036648,-0.0040000),(0.0081207,0.0032994,-0.0040000),(0.0078584,0.0036648,-0.0040000),(0.0079431,0.0036923,-0.0040000),(0.0081207,0.0032994,-0.0040000),(0.0079431,0.0036923,-0.0040000),(0.0080187,0.0037383,-0.0040000),(0.0081207,0.0032994,-0.0040000),(0.0080187,0.0037383,-0.0040000),(0.0080852,0.0038027,-0.0040000),(0.0081207,0.0032994,-0.0040000),(0.0080852,0.0038027,-0.0040000),(0.0081394,0.0038838,-0.0040000),(0.0081207,0.0032994,-0.0040000),(0.0081394,0.0038838,-0.0040000),(0.0081781,0.0039799,-0.0040000),(0.0081207,0.0032994,-0.0040000),(0.0081781,0.0039799,-0.0040000),(0.0082013,0.0040912,-0.0040000),(0.0083488,0.0049933,-0.0040000),(0.0081207,0.0032994,-0.0040000),(0.0082013,0.0040912,-0.0040000),(0.0083488,0.0049933,-0.0040000),(0.0082013,0.0040912,-0.0040000),(0.0082091,0.0042175,-0.0040000),(0.0083488,0.0049933,-0.0040000),(0.0082091,0.0042175,-0.0040000),(0.0082014,0.0043456,-0.0040000),(0.0083488,0.0049933,-0.0040000),(0.0082014,0.0043456,-0.0040000),(0.0081784,0.0044610,-0.0040000),(0.0083488,0.0049933,-0.0040000),(0.0081784,0.0044610,-0.0040000),(0.0081400,0.0045636,-0.0040000),(0.0083488,0.0049933,-0.0040000),(0.0081400,0.0045636,-0.0040000),(0.0080863,0.0046536,-0.0040000),(0.0083488,0.0049933,-0.0040000),(0.0080863,0.0046536,-0.0040000),(0.0080240,0.0047184,-0.0040000),(0.0084332,0.0050695,-0.0040000),(0.0083488,0.0049933,-0.0040000),(0.0080240,0.0047184,-0.0040000),(0.0084332,0.0050695,-0.0040000),(0.0080240,0.0047184,-0.0040000),(0.0079548,0.0047647,-0.0040000),(0.0084332,0.0050695,-0.0040000),(0.0079548,0.0047647,-0.0040000),(0.0078785,0.0047925,-0.0040000),(0.0084332,0.0050695,-0.0040000),(0.0078785,0.0047925,-0.0040000),(0.0077952,0.0048017,-0.0040000),(0.0084332,0.0050695,-0.0040000),(0.0077952,0.0048017,-0.0040000),(0.0077529,0.0048017,-0.0040000),(0.0084332,0.0050695,-0.0040000),(0.0077529,0.0048017,-0.0040000),(0.0076862,0.0048017,-0.0040000),(0.0084332,0.0050695,-0.0040000),(0.0076862,0.0048017,-0.0040000),(0.0076047,0.0048174,-0.0040000),(0.0084332,0.0050695,-0.0040000),(0.0076047,0.0048174,-0.0040000),(0.0075360,0.0048642,-0.0040000),(0.0084332,0.0050695,-0.0040000),(0.0075360,0.0048642,-0.0040000),(0.0074891,0.0049327,-0.0040000),(0.0084332,0.0050695,-0.0040000),(0.0074891,0.0049327,-0.0040000),(0.0074735,0.0050134,-0.0040000),(0.0084332,0.0050695,-0.0040000),(0.0074735,0.0050134,-0.0040000),(0.0074891,0.0050944,-0.0040000),(0.0084332,0.0050695,-0.0040000),(0.0074891,0.0050944,-0.0040000),(0.0075360,0.0051637,-0.0040000),(0.0084332,0.0050695,-0.0040000),(0.0075360,0.0051637,-0.0040000),(0.0076047,0.0052113,-0.0040000),(0.0084332,0.0050695,-0.0040000),(0.0076047,0.0052113,-0.0040000),(0.0076862,0.0052272,-0.0040000),(0.0084332,0.0050695,-0.0040000),(0.0076862,0.0052272,-0.0040000),(0.0077529,0.0052272,-0.0040000),(0.0084332,0.0050695,-0.0040000),(0.0077529,0.0052272,-0.0040000),(0.0078833,0.0052411,-0.0040000),(0.0084332,0.0050695,-0.0040000),(0.0078833,0.0052411,-0.0040000),(0.0080014,0.0052830,-0.0040000),(0.0084332,0.0050695,-0.0040000),(0.0080014,0.0052830,-0.0040000),(0.0081071,0.0053528,-0.0040000),(0.0084332,0.0050695,-0.0040000),(0.0081071,0.0053528,-0.0040000),(0.0082006,0.0054505,-0.0040000),(0.0084332,0.0050695,-0.0040000),(0.0082006,0.0054505,-0.0040000),(0.0082774,0.0055717,-0.0040000),(0.0084332,0.0050695,-0.0040000),(0.0082774,0.0055717,-0.0040000),(0.0083323,0.0057119,-0.0040000),(0.0084332,0.0050695,-0.0040000),(0.0083323,0.0057119,-0.0040000),(0.0083653,0.0058712,-0.0040000),(0.0084332,0.0050695,-0.0040000),(0.0083653,0.0058712,-0.0040000),(0.0083735,0.0059580,-0.0040000),(0.0084332,0.0050695,-0.0040000),(0.0083735,0.0059580,-0.0040000),(0.0083763,0.0060495,-0.0040000),(0.0084332,0.0050695,-0.0040000),(0.0083763,0.0060495,-0.0040000),(0.0083735,0.0061402,-0.0040000),(0.0071545,0.0060850,-0.0040000),(0.0071518,0.0059850,-0.0040000),(0.0071359,0.0059029,-0.0040000),(0.0071626,0.0061794,-0.0040000),(0.0071545,0.0060850,-0.0040000),(0.0071359,0.0059029,-0.0040000),(0.0071626,0.0061794,-0.0040000),(0.0071359,0.0059029,-0.0040000),(0.0070883,0.0058347,-0.0040000),(0.0071762,0.0062680,-0.0040000),(0.0071626,0.0061794,-0.0040000),(0.0070883,0.0058347,-0.0040000),(0.0071762,0.0062680,-0.0040000),(0.0070883,0.0058347,-0.0040000),(0.0070190,0.0057886,-0.0040000),(0.0071952,0.0063509,-0.0040000),(0.0071762,0.0062680,-0.0040000),(0.0070190,0.0057886,-0.0040000),(0.0071952,0.0063509,-0.0040000),(0.0070190,0.0057886,-0.0040000),(0.0069359,0.0057733,-0.0040000),(0.0072494,0.0064995,-0.0040000),(0.0071952,0.0063509,-0.0040000),(0.0069359,0.0057733,-0.0040000),(0.0072494,0.0064995,-0.0040000),(0.0069359,0.0057733,-0.0040000),(0.0068531,0.0057886,-0.0040000),(0.0072494,0.0064995,-0.0040000),(0.0068531,0.0057886,-0.0040000),(0.0067845,0.0058347,-0.0040000),(0.0073253,0.0066252,-0.0040000),(0.0072494,0.0064995,-0.0040000),(0.0067845,0.0058347,-0.0040000),(0.0073253,0.0066252,-0.0040000),(0.0067845,0.0058347,-0.0040000),(0.0067385,0.0059029,-0.0040000),(0.0073253,0.0066252,-0.0040000),(0.0067385,0.0059029,-0.0040000),(0.0067232,0.0059850,-0.0040000),(0.0074159,0.0067248,-0.0040000),(0.0073253,0.0066252,-0.0040000),(0.0067232,0.0059850,-0.0040000),(0.0074159,0.0067248,-0.0040000),(0.0067232,0.0059850,-0.0040000),(0.0067276,0.0061219,-0.0040000),(0.0074159,0.0067248,-0.0040000),(0.0067276,0.0061219,-0.0040000),(0.0067408,0.0062529,-0.0040000),(0.0074159,0.0067248,-0.0040000),(0.0067408,0.0062529,-0.0040000),(0.0067629,0.0063779,-0.0040000),(0.0075193,0.0067959,-0.0040000),(0.0074159,0.0067248,-0.0040000),(0.0067629,0.0063779,-0.0040000),(0.0075193,0.0067959,-0.0040000),(0.0067629,0.0063779,-0.0040000),(0.0067938,0.0064969,-0.0040000),(0.0075193,0.0067959,-0.0040000),(0.0067938,0.0064969,-0.0040000),(0.0068335,0.0066100,-0.0040000),(0.0076355,0.0068386,-0.0040000),(0.0075193,0.0067959,-0.0040000),(0.0068335,0.0066100,-0.0040000),(0.0076355,0.0068386,-0.0040000),(0.0068335,0.0066100,-0.0040000),(0.0068821,0.0067170,-0.0040000),(0.0076355,0.0068386,-0.0040000),(0.0068821,0.0067170,-0.0040000),(0.0069395,0.0068180,-0.0040000),(0.0077646,0.0068528,-0.0040000),(0.0076355,0.0068386,-0.0040000),(0.0069395,0.0068180,-0.0040000),(0.0077646,0.0068528,-0.0040000),(0.0069395,0.0068180,-0.0040000),(0.0070057,0.0069131,-0.0040000),(0.0077646,0.0068528,-0.0040000),(0.0070057,0.0069131,-0.0040000),(0.0070778,0.0069987,-0.0040000),(0.0078881,0.0068394,-0.0040000),(0.0077646,0.0068528,-0.0040000),(0.0070778,0.0069987,-0.0040000),(0.0078881,0.0068394,-0.0040000),(0.0070778,0.0069987,-0.0040000),(0.0071563,0.0070729,-0.0040000),(0.0078881,0.0068394,-0.0040000),(0.0071563,0.0070729,-0.0040000),(0.0072414,0.0071356,-0.0040000),(0.0080016,0.0067991,-0.0040000),(0.0078881,0.0068394,-0.0040000),(0.0072414,0.0071356,-0.0040000),(0.0080016,0.0067991,-0.0040000),(0.0072414,0.0071356,-0.0040000),(0.0073330,0.0071870,-0.0040000),(0.0080016,0.0067991,-0.0040000),(0.0073330,0.0071870,-0.0040000),(0.0074311,0.0072269,-0.0040000),(0.0081051,0.0067319,-0.0040000),(0.0080016,0.0067991,-0.0040000),(0.0074311,0.0072269,-0.0040000),(0.0081051,0.0067319,-0.0040000),(0.0074311,0.0072269,-0.0040000),(0.0075358,0.0072554,-0.0040000),(0.0081051,0.0067319,-0.0040000),(0.0075358,0.0072554,-0.0040000),(0.0076469,0.0072725,-0.0040000),(0.0081985,0.0066379,-0.0040000),(0.0081051,0.0067319,-0.0040000),(0.0076469,0.0072725,-0.0040000),(0.0081985,0.0066379,-0.0040000),(0.0076469,0.0072725,-0.0040000),(0.0077646,0.0072782,-0.0040000),(0.0081985,0.0066379,-0.0040000),(0.0077646,0.0072782,-0.0040000),(0.0078777,0.0072728,-0.0040000),(0.0082763,0.0065202,-0.0040000),(0.0081985,0.0066379,-0.0040000),(0.0078777,0.0072728,-0.0040000),(0.0082763,0.0065202,-0.0040000),(0.0078777,0.0072728,-0.0040000),(0.0079853,0.0072563,-0.0040000),(0.0083318,0.0063829,-0.0040000),(0.0082763,0.0065202,-0.0040000),(0.0079853,0.0072563,-0.0040000),(0.0083318,0.0063829,-0.0040000),(0.0079853,0.0072563,-0.0040000),(0.0080874,0.0072288,-0.0040000),(0.0083318,0.0063829,-0.0040000),(0.0080874,0.0072288,-0.0040000),(0.0081839,0.0071904,-0.0040000),(0.0083513,0.0063069,-0.0040000),(0.0083318,0.0063829,-0.0040000),(0.0081839,0.0071904,-0.0040000),(0.0083513,0.0063069,-0.0040000),(0.0081839,0.0071904,-0.0040000),(0.0082749,0.0071410,-0.0040000),(0.0083652,0.0062260,-0.0040000),(0.0083513,0.0063069,-0.0040000),(0.0082749,0.0071410,-0.0040000),(0.0083652,0.0062260,-0.0040000),(0.0082749,0.0071410,-0.0040000),(0.0083605,0.0070806,-0.0040000),(0.0083735,0.0061402,-0.0040000),(0.0083652,0.0062260,-0.0040000),(0.0083605,0.0070806,-0.0040000),(0.0084332,0.0050695,-0.0040000),(0.0083735,0.0061402,-0.0040000),(0.0083605,0.0070806,-0.0040000),(0.0084332,0.0050695,-0.0040000),(0.0083605,0.0070806,-0.0040000),(0.0084404,0.0070092,-0.0040000),(0.0084332,0.0050695,-0.0040000),(0.0084404,0.0070092,-0.0040000),(0.0085149,0.0069269,-0.0040000),(0.0084332,0.0050695,-0.0040000),(0.0085149,0.0069269,-0.0040000),(0.0085826,0.0068356,-0.0040000),(0.0084332,0.0050695,-0.0040000),(0.0085826,0.0068356,-0.0040000),(0.0086413,0.0067391,-0.0040000),(0.0084332,0.0050695,-0.0040000),(0.0086413,0.0067391,-0.0040000),(0.0086910,0.0066373,-0.0040000),(0.0084332,0.0050695,-0.0040000),(0.0086910,0.0066373,-0.0040000),(0.0087316,0.0065303,-0.0040000),(0.0084332,0.0050695,-0.0040000),(0.0087316,0.0065303,-0.0040000),(0.0087632,0.0064180,-0.0040000),(0.0084332,0.0050695,-0.0040000),(0.0087632,0.0064180,-0.0040000),(0.0087858,0.0063004,-0.0040000),(0.0084332,0.0050695,-0.0040000),(0.0087858,0.0063004,-0.0040000),(0.0087993,0.0061776,-0.0040000),(0.0084332,0.0050695,-0.0040000),(0.0087993,0.0061776,-0.0040000),(0.0088038,0.0060495,-0.0040000),(0.0084332,0.0050695,-0.0040000),(0.0088038,0.0060495,-0.0040000),(0.0087994,0.0059201,-0.0040000),(0.0084332,0.0050695,-0.0040000),(0.0087994,0.0059201,-0.0040000),(0.0087859,0.0057960,-0.0040000),(0.0084332,0.0050695,-0.0040000),(0.0087859,0.0057960,-0.0040000),(0.0087635,0.0056772,-0.0040000),(0.0084332,0.0050695,-0.0040000),(0.0087635,0.0056772,-0.0040000),(0.0087321,0.0055637,-0.0040000),(0.0084332,0.0050695,-0.0040000),(0.0087321,0.0055637,-0.0040000),(0.0086918,0.0054555,-0.0040000),(0.0084332,0.0050695,-0.0040000),(0.0086918,0.0054555,-0.0040000),(0.0086425,0.0053526,-0.0040000),(0.0084332,0.0050695,-0.0040000),(0.0086425,0.0053526,-0.0040000),(0.0085842,0.0052550,-0.0040000),(0.0084332,0.0050695,-0.0040000),(0.0085842,0.0052550,-0.0040000),(0.0085170,0.0051626,-0.0040000),(-0.0164228,0.0004643,-0.0040000),(-0.0163257,0.0005049,-0.0040000),(-0.0162277,0.0005402,-0.0040000),(-0.0164228,0.0004643,-0.0040000),(-0.0162277,0.0005402,-0.0040000),(-0.0161287,0.0005700,-0.0040000),(-0.0164228,0.0004643,-0.0040000),(-0.0161287,0.0005700,-0.0040000),(-0.0160288,0.0005944,-0.0040000),(-0.0164228,0.0004643,-0.0040000),(-0.0160288,0.0005944,-0.0040000),(-0.0159279,0.0006134,-0.0040000),(-0.0164228,0.0004643,-0.0040000),(-0.0159279,0.0006134,-0.0040000),(-0.0158261,0.0006270,-0.0040000),(-0.0164228,0.0004643,-0.0040000),(-0.0158261,0.0006270,-0.0040000),(-0.0157233,0.0006351,-0.0040000),(-0.0164228,0.0004643,-0.0040000),(-0.0157233,0.0006351,-0.0040000),(-0.0156195,0.0006378,-0.0040000),(-0.0164228,0.0004643,-0.0040000),(-0.0156195,0.0006378,-0.0040000),(-0.0154837,0.0006335,-0.0040000),(-0.0164228,0.0004643,-0.0040000),(-0.0154837,0.0006335,-0.0040000),(-0.0153505,0.0006206,-0.0040000),(-0.0164228,0.0004643,-0.0040000),(-0.0153505,0.0006206,-0.0040000),(-0.0152198,0.0005990,-0.0040000),(-0.0164228,0.0004643,-0.0040000),(-0.0152198,0.0005990,-0.0040000),(-0.0150917,0.0005688,-0.0040000),(-0.0164228,0.0004643,-0.0040000),(-0.0150917,0.0005688,-0.0040000),(-0.0149661,0.0005299,-0.0040000),(-0.0164228,0.0004643,-0.0040000),(-0.0149661,0.0005299,-0.0040000),(-0.0148430,0.0004825,-0.0040000),(-0.0164228,0.0004643,-0.0040000),(-0.0148430,0.0004825,-0.0040000),(-0.0147225,0.0004263,-0.0040000),(-0.0164228,0.0004643,-0.0040000),(-0.0147225,0.0004263,-0.0040000),(-0.0146046,0.0003616,-0.0040000),(-0.0164228,0.0004643,-0.0040000),(-0.0146046,0.0003616,-0.0040000),(-0.0144910,0.0002892,-0.0040000),(-0.0164228,0.0004643,-0.0040000),(-0.0144910,0.0002892,-0.0040000),(-0.0143836,0.0002107,-0.0040000),(-0.0164228,0.0004643,-0.0040000),(-0.0143836,0.0002107,-0.0040000),(-0.0142825,0.0001260,-0.0040000),(-0.0164228,0.0004643,-0.0040000),(-0.0142825,0.0001260,-0.0040000),(-0.0141876,0.0000351,-0.0040000),(-0.0164228,0.0004643,-0.0040000),(-0.0141876,0.0000351,-0.0040000),(-0.0140989,-0.0000619,-0.0040000),(-0.0140989,-0.0000619,-0.0040000),(-0.0140164,-0.0001651,-0.0040000),(-0.0139401,-0.0002744,-0.0040000),(-0.0140989,-0.0000619,-0.0040000),(-0.0139401,-0.0002744,-0.0040000),(-0.0138701,-0.0003898,-0.0040000),(-0.0140989,-0.0000619,-0.0040000),(-0.0138701,-0.0003898,-0.0040000),(-0.0138071,-0.0005096,-0.0040000),(-0.0140989,-0.0000619,-0.0040000),(-0.0138071,-0.0005096,-0.0040000),(-0.0137525,-0.0006318,-0.0040000),(-0.0140989,-0.0000619,-0.0040000),(-0.0137525,-0.0006318,-0.0040000),(-0.0137063,-0.0007566,-0.0040000),(-0.0140989,-0.0000619,-0.0040000),(-0.0137063,-0.0007566,-0.0040000),(-0.0136685,-0.0008838,-0.0040000),(-0.0140989,-0.0000619,-0.0040000),(-0.0136685,-0.0008838,-0.0040000),(-0.0136391,-0.0010135,-0.0040000),(-0.0140989,-0.0000619,-0.0040000),(-0.0136391,-0.0010135,-0.0040000),(-0.0136181,-0.0011457,-0.0040000),(-0.0140989,-0.0000619,-0.0040000),(-0.0136181,-0.0011457,-0.0040000),(-0.0136055,-0.0012803,-0.0040000),(-0.0140989,-0.0000619,-0.0040000),(-0.0136055,-0.0012803,-0.0040000),(-0.0136013,-0.0014175,-0.0040000),(-0.0140989,-0.0000619,-0.0040000),(-0.0136013,-0.0014175,-0.0040000),(-0.0136055,-0.0015491,-0.0040000),(-0.0140989,-0.0000619,-0.0040000),(-0.0136055,-0.0015491,-0.0040000),(-0.0136181,-0.0016799,-0.0040000),(-0.0140989,-0.0000619,-0.0040000),(-0.0136181,-0.0016799,-0.0040000),(-0.0136391,-0.0018100,-0.0040000),(-0.0140989,-0.0000619,-0.0040000),(-0.0136391,-0.0018100,-0.0040000),(-0.0136685,-0.0019392,-0.0040000),(-0.0140989,-0.0000619,-0.0040000),(-0.0136685,-0.0019392,-0.0040000),(-0.0137063,-0.0020677,-0.0040000),(-0.0140989,-0.0000619,-0.0040000),(-0.0137063,-0.0020677,-0.0040000),(-0.0137525,-0.0021953,-0.0040000),(-0.0137525,-0.0021953,-0.0040000),(-0.0141443,-0.0020538,-0.0040000),(-0.0141077,-0.0019560,-0.0040000),(-0.0137525,-0.0021953,-0.0040000),(-0.0141077,-0.0019560,-0.0040000),(-0.0140778,-0.0018548,-0.0040000),(-0.0137525,-0.0021953,-0.0040000),(-0.0140778,-0.0018548,-0.0040000),(-0.0140545,-0.0017504,-0.0040000),(-0.0137525,-0.0021953,-0.0040000),(-0.0140545,-0.0017504,-0.0040000),(-0.0140379,-0.0016427,-0.0040000),(-0.0137525,-0.0021953,-0.0040000),(-0.0140379,-0.0016427,-0.0040000),(-0.0140279,-0.0015317,-0.0040000),(-0.0137525,-0.0021953,-0.0040000),(-0.0140279,-0.0015317,-0.0040000),(-0.0140246,-0.0014175,-0.0040000),(-0.0137525,-0.0021953,-0.0040000),(-0.0140246,-0.0014175,-0.0040000),(-0.0140280,-0.0013074,-0.0040000),(-0.0140989,-0.0000619,-0.0040000),(-0.0137525,-0.0021953,-0.0040000),(-0.0140280,-0.0013074,-0.0040000),(-0.0140989,-0.0000619,-0.0040000),(-0.0140280,-0.0013074,-0.0040000),(-0.0140380,-0.0011996,-0.0040000),(-0.0140989,-0.0000619,-0.0040000),(-0.0140380,-0.0011996,-0.0040000),(-0.0140548,-0.0010939,-0.0040000),(-0.0140989,-0.0000619,-0.0040000),(-0.0140548,-0.0010939,-0.0040000),(-0.0140783,-0.0009904,-0.0040000),(-0.0140989,-0.0000619,-0.0040000),(-0.0140783,-0.0009904,-0.0040000),(-0.0141085,-0.0008891,-0.0040000),(-0.0140989,-0.0000619,-0.0040000),(-0.0141085,-0.0008891,-0.0040000),(-0.0141454,-0.0007900,-0.0040000),(-0.0140989,-0.0000619,-0.0040000),(-0.0141454,-0.0007900,-0.0040000),(-0.0141891,-0.0006931,-0.0040000),(-0.0140989,-0.0000619,-0.0040000),(-0.0141891,-0.0006931,-0.0040000),(-0.0142394,-0.0005983,-0.0040000),(-0.0140989,-0.0000619,-0.0040000),(-0.0142394,-0.0005983,-0.0040000),(-0.0142953,-0.0005071,-0.0040000),(-0.0140989,-0.0000619,-0.0040000),(-0.0142953,-0.0005071,-0.0040000),(-0.0143559,-0.0004208,-0.0040000),(-0.0140989,-0.0000619,-0.0040000),(-0.0143559,-0.0004208,-0.0040000),(-0.0144214,-0.0003393,-0.0040000),(-0.0140989,-0.0000619,-0.0040000),(-0.0144214,-0.0003393,-0.0040000),(-0.0144916,-0.0002628,-0.0040000),(-0.0140989,-0.0000619,-0.0040000),(-0.0144916,-0.0002628,-0.0040000),(-0.0145666,-0.0001912,-0.0040000),(-0.0140989,-0.0000619,-0.0040000),(-0.0145666,-0.0001912,-0.0040000),(-0.0146464,-0.0001244,-0.0040000),(-0.0140989,-0.0000619,-0.0040000),(-0.0146464,-0.0001244,-0.0040000),(-0.0147311,-0.0000626,-0.0040000),(-0.0140989,-0.0000619,-0.0040000),(-0.0147311,-0.0000626,-0.0040000),(-0.0148205,-0.0000056,-0.0040000),(-0.0140989,-0.0000619,-0.0040000),(-0.0148205,-0.0000056,-0.0040000),(-0.0149131,0.0000455,-0.0040000),(-0.0140989,-0.0000619,-0.0040000),(-0.0149131,0.0000455,-0.0040000),(-0.0150077,0.0000897,-0.0040000),(-0.0140989,-0.0000619,-0.0040000),(-0.0150077,0.0000897,-0.0040000),(-0.0151045,0.0001272,-0.0040000),(-0.0140989,-0.0000619,-0.0040000),(-0.0151045,0.0001272,-0.0040000),(-0.0152033,0.0001579,-0.0040000),(-0.0164228,0.0004643,-0.0040000),(-0.0140989,-0.0000619,-0.0040000),(-0.0152033,0.0001579,-0.0040000),(-0.0164228,0.0004643,-0.0040000),(-0.0152033,0.0001579,-0.0040000),(-0.0153042,0.0001817,-0.0040000),(-0.0164228,0.0004643,-0.0040000),(-0.0153042,0.0001817,-0.0040000),(-0.0154072,0.0001988,-0.0040000),(-0.0164228,0.0004643,-0.0040000),(-0.0154072,0.0001988,-0.0040000),(-0.0155123,0.0002090,-0.0040000),(-0.0164228,0.0004643,-0.0040000),(-0.0155123,0.0002090,-0.0040000),(-0.0156195,0.0002124,-0.0040000),(-0.0164228,0.0004643,-0.0040000),(-0.0156195,0.0002124,-0.0040000),(-0.0157731,0.0002053,-0.0040000),(-0.0164228,0.0004643,-0.0040000),(-0.0157731,0.0002053,-0.0040000),(-0.0159227,0.0001841,-0.0040000),(-0.0164228,0.0004643,-0.0040000),(-0.0159227,0.0001841,-0.0040000),(-0.0160684,0.0001487,-0.0040000),(-0.0164228,0.0004643,-0.0040000),(-0.0160684,0.0001487,-0.0040000),(-0.0162101,0.0000991,-0.0040000),(-0.0164228,0.0004643,-0.0040000),(-0.0162101,0.0000991,-0.0040000),(-0.0146130,-0.0026843,-0.0040000),(-0.0169837,0.0014390,-0.0040000),(-0.0164228,0.0004643,-0.0040000),(-0.0146130,-0.0026843,-0.0040000),(-0.0141875,-0.0021484,-0.0040000),(-0.0141443,-0.0020538,-0.0040000),(-0.0137525,-0.0021953,-0.0040000),(-0.0142373,-0.0022398,-0.0040000),(-0.0141875,-0.0021484,-0.0040000),(-0.0137525,-0.0021953,-0.0040000),(-0.0143053,-0.0023438,-0.0040000),(-0.0142373,-0.0022398,-0.0040000),(-0.0137525,-0.0021953,-0.0040000),(-0.0143905,-0.0024525,-0.0040000),(-0.0143053,-0.0023438,-0.0040000),(-0.0137525,-0.0021953,-0.0040000),(-0.0144396,-0.0025087,-0.0040000),(-0.0143905,-0.0024525,-0.0040000),(-0.0137525,-0.0021953,-0.0040000),(-0.0144931,-0.0025660,-0.0040000),(-0.0144396,-0.0025087,-0.0040000),(-0.0137525,-0.0021953,-0.0040000),(-0.0145509,-0.0026246,-0.0040000),(-0.0144931,-0.0025660,-0.0040000),(-0.0137525,-0.0021953,-0.0040000),(-0.0146130,-0.0026843,-0.0040000),(-0.0145509,-0.0026246,-0.0040000),(-0.0137525,-0.0021953,-0.0040000),(-0.0146130,-0.0026843,-0.0040000),(-0.0137525,-0.0021953,-0.0040000),(-0.0138071,-0.0023222,-0.0040000),(-0.0146130,-0.0026843,-0.0040000),(-0.0138071,-0.0023222,-0.0040000),(-0.0138701,-0.0024483,-0.0040000),(-0.0146130,-0.0026843,-0.0040000),(-0.0138701,-0.0024483,-0.0040000),(-0.0139203,-0.0025350,-0.0040000),(-0.0146130,-0.0026843,-0.0040000),(-0.0139203,-0.0025350,-0.0040000),(-0.0139751,-0.0026184,-0.0040000),(-0.0146130,-0.0026843,-0.0040000),(-0.0139751,-0.0026184,-0.0040000),(-0.0140344,-0.0026985,-0.0040000),(-0.0146130,-0.0026843,-0.0040000),(-0.0140344,-0.0026985,-0.0040000),(-0.0140984,-0.0027753,-0.0040000),(-0.0146130,-0.0026843,-0.0040000),(-0.0140984,-0.0027753,-0.0040000),(-0.0141670,-0.0028488,-0.0040000),(-0.0146130,-0.0026843,-0.0040000),(-0.0141670,-0.0028488,-0.0040000),(-0.0142402,-0.0029190,-0.0040000),(-0.0146130,-0.0026843,-0.0040000),(-0.0142402,-0.0029190,-0.0040000),(-0.0143179,-0.0029858,-0.0040000),(-0.0146130,-0.0026843,-0.0040000),(-0.0143179,-0.0029858,-0.0040000),(-0.0144003,-0.0030494,-0.0040000),(-0.0146130,-0.0026843,-0.0040000),(-0.0144003,-0.0030494,-0.0040000),(-0.0138584,-0.0040019,-0.0040000),(-0.0169837,0.0014390,-0.0040000),(-0.0146130,-0.0026843,-0.0040000),(-0.0138584,-0.0040019,-0.0040000),(-0.0169837,0.0014390,-0.0040000),(-0.0138584,-0.0040019,-0.0040000),(-0.0138299,-0.0041056,-0.0040000),(-0.0169837,0.0014390,-0.0040000),(-0.0138299,-0.0041056,-0.0040000),(-0.0138373,-0.0041659,-0.0040000),(-0.0169837,0.0014390,-0.0040000),(-0.0138373,-0.0041659,-0.0040000),(-0.0138759,-0.0042411,-0.0040000),(-0.0169837,0.0014390,-0.0040000),(-0.0138759,-0.0042411,-0.0040000),(-0.0139410,-0.0042951,-0.0040000),(-0.0169837,0.0014390,-0.0040000),(-0.0139410,-0.0042951,-0.0040000),(-0.0140436,-0.0043258,-0.0040000),(-0.0169837,0.0014390,-0.0040000),(-0.0140436,-0.0043258,-0.0040000),(-0.0141040,-0.0043183,-0.0040000),(-0.0169837,0.0014390,-0.0040000),(-0.0141040,-0.0043183,-0.0040000),(-0.0141796,-0.0042797,-0.0040000),(-0.0169837,0.0014390,-0.0040000),(-0.0141796,-0.0042797,-0.0040000),(-0.0142352,-0.0042146,-0.0040000),(-0.0169837,0.0014390,-0.0040000),(-0.0142352,-0.0042146,-0.0040000),(-0.0147707,-0.0032865,-0.0040000),(-0.0147707,-0.0032865,-0.0040000),(-0.0148713,-0.0033309,-0.0040000),(-0.0149752,-0.0033694,-0.0040000),(-0.0147707,-0.0032865,-0.0040000),(-0.0149752,-0.0033694,-0.0040000),(-0.0150825,-0.0034019,-0.0040000),(-0.0147707,-0.0032865,-0.0040000),(-0.0150825,-0.0034019,-0.0040000),(-0.0151930,-0.0034286,-0.0040000),(-0.0147707,-0.0032865,-0.0040000),(-0.0151930,-0.0034286,-0.0040000),(-0.0153068,-0.0034493,-0.0040000),(-0.0147707,-0.0032865,-0.0040000),(-0.0153068,-0.0034493,-0.0040000),(-0.0154240,-0.0034641,-0.0040000),(-0.0147707,-0.0032865,-0.0040000),(-0.0154240,-0.0034641,-0.0040000),(-0.0155444,-0.0034730,-0.0040000),(-0.0147707,-0.0032865,-0.0040000),(-0.0155444,-0.0034730,-0.0040000),(-0.0156682,-0.0034759,-0.0040000),(-0.0147707,-0.0032865,-0.0040000),(-0.0156682,-0.0034759,-0.0040000),(-0.0157928,-0.0034716,-0.0040000),(-0.0147707,-0.0032865,-0.0040000),(-0.0157928,-0.0034716,-0.0040000),(-0.0159163,-0.0034586,-0.0040000),(-0.0147707,-0.0032865,-0.0040000),(-0.0159163,-0.0034586,-0.0040000),(-0.0160387,-0.0034369,-0.0040000),(-0.0147707,-0.0032865,-0.0040000),(-0.0160387,-0.0034369,-0.0040000),(-0.0161601,-0.0034066,-0.0040000),(-0.0147707,-0.0032865,-0.0040000),(-0.0161601,-0.0034066,-0.0040000),(-0.0162803,-0.0033676,-0.0040000),(-0.0147707,-0.0032865,-0.0040000),(-0.0162803,-0.0033676,-0.0040000),(-0.0163994,-0.0033199,-0.0040000),(-0.0147707,-0.0032865,-0.0040000),(-0.0163994,-0.0033199,-0.0040000),(-0.0165175,-0.0032636,-0.0040000),(-0.0147707,-0.0032865,-0.0040000),(-0.0165175,-0.0032636,-0.0040000),(-0.0166344,-0.0031986,-0.0040000),(-0.0147707,-0.0032865,-0.0040000),(-0.0166344,-0.0031986,-0.0040000),(-0.0167476,-0.0031265,-0.0040000),(-0.0147707,-0.0032865,-0.0040000),(-0.0167476,-0.0031265,-0.0040000),(-0.0168546,-0.0030481,-0.0040000),(-0.0147707,-0.0032865,-0.0040000),(-0.0168546,-0.0030481,-0.0040000),(-0.0169555,-0.0029635,-0.0040000),(-0.0147707,-0.0032865,-0.0040000),(-0.0169555,-0.0029635,-0.0040000),(-0.0170504,-0.0028727,-0.0040000),(-0.0147707,-0.0032865,-0.0040000),(-0.0170504,-0.0028727,-0.0040000),(-0.0171391,-0.0027756,-0.0040000),(-0.0171391,-0.0027756,-0.0040000),(-0.0172218,-0.0026724,-0.0040000),(-0.0172984,-0.0025629,-0.0040000),(-0.0171391,-0.0027756,-0.0040000),(-0.0172984,-0.0025629,-0.0040000),(-0.0173689,-0.0024472,-0.0040000),(-0.0171391,-0.0027756,-0.0040000),(-0.0173689,-0.0024472,-0.0040000),(-0.0174322,-0.0023274,-0.0040000),(-0.0171391,-0.0027756,-0.0040000),(-0.0174322,-0.0023274,-0.0040000),(-0.0174870,-0.0022051,-0.0040000),(-0.0171391,-0.0027756,-0.0040000),(-0.0174870,-0.0022051,-0.0040000),(-0.0175334,-0.0020802,-0.0040000),(-0.0171391,-0.0027756,-0.0040000),(-0.0175334,-0.0020802,-0.0040000),(-0.0175713,-0.0019527,-0.0040000),(-0.0171391,-0.0027756,-0.0040000),(-0.0175713,-0.0019527,-0.0040000),(-0.0176009,-0.0018227,-0.0040000),(-0.0171391,-0.0027756,-0.0040000),(-0.0176009,-0.0018227,-0.0040000),(-0.0176219,-0.0016902,-0.0040000),(-0.0171391,-0.0027756,-0.0040000),(-0.0176219,-0.0016902,-0.0040000),(-0.0176346,-0.0015551,-0.0040000),(-0.0171391,-0.0027756,-0.0040000),(-0.0176346,-0.0015551,-0.0040000),(-0.0176388,-0.0014175,-0.0040000),(-0.0171391,-0.0027756,-0.0040000),(-0.0176388,-0.0014175,-0.0040000),(-0.0176346,-0.0012794,-0.0040000),(-0.0171391,-0.0027756,-0.0040000),(-0.0176346,-0.0012794,-0.0040000),(-0.0176220,-0.0011441,-0.0040000),(-0.0171391,-0.0027756,-0.0040000),(-0.0176220,-0.0011441,-0.0040000),(-0.0176010,-0.0010115,-0.0040000),(-0.0171391,-0.0027756,-0.0040000),(-0.0176010,-0.0010115,-0.0040000),(-0.0175716,-0.0008817,-0.0040000),(-0.0171391,-0.0027756,-0.0040000),(-0.0175716,-0.0008817,-0.0040000),(-0.0175338,-0.0007546,-0.0040000),(-0.0171391,-0.0027756,-0.0040000),(-0.0175338,-0.0007546,-0.0040000),(-0.0174876,-0.0006303,-0.0040000),(-0.0171391,-0.0027756,-0.0040000),(-0.0174876,-0.0006303,-0.0040000),(-0.0174330,-0.0005087,-0.0040000),(-0.0171391,-0.0027756,-0.0040000),(-0.0174330,-0.0005087,-0.0040000),(-0.0173700,-0.0003898,-0.0040000),(-0.0173700,-0.0003898,-0.0040000),(-0.0170017,-0.0005983,-0.0040000),(-0.0170511,-0.0006930,-0.0040000),(-0.0173700,-0.0003898,-0.0040000),(-0.0170511,-0.0006930,-0.0040000),(-0.0170938,-0.0007899,-0.0040000),(-0.0173700,-0.0003898,-0.0040000),(-0.0170938,-0.0007899,-0.0040000),(-0.0171300,-0.0008890,-0.0040000),(-0.0173700,-0.0003898,-0.0040000),(-0.0171300,-0.0008890,-0.0040000),(-0.0171596,-0.0009902,-0.0040000),(-0.0173700,-0.0003898,-0.0040000),(-0.0171596,-0.0009902,-0.0040000),(-0.0171827,-0.0010935,-0.0040000),(-0.0173700,-0.0003898,-0.0040000),(-0.0171827,-0.0010935,-0.0040000),(-0.0171991,-0.0011990,-0.0040000),(-0.0173700,-0.0003898,-0.0040000),(-0.0171991,-0.0011990,-0.0040000),(-0.0172090,-0.0013066,-0.0040000),(-0.0173700,-0.0003898,-0.0040000),(-0.0172090,-0.0013066,-0.0040000),(-0.0172123,-0.0014164,-0.0040000),(-0.0173700,-0.0003898,-0.0040000),(-0.0172123,-0.0014164,-0.0040000),(-0.0172090,-0.0015262,-0.0040000),(-0.0171391,-0.0027756,-0.0040000),(-0.0173700,-0.0003898,-0.0040000),(-0.0172090,-0.0015262,-0.0040000),(-0.0171391,-0.0027756,-0.0040000),(-0.0172090,-0.0015262,-0.0040000),(-0.0171989,-0.0016340,-0.0040000),(-0.0171391,-0.0027756,-0.0040000),(-0.0171989,-0.0016340,-0.0040000),(-0.0171822,-0.0017396,-0.0040000),(-0.0171391,-0.0027756,-0.0040000),(-0.0171822,-0.0017396,-0.0040000),(-0.0171589,-0.0018432,-0.0040000),(-0.0171391,-0.0027756,-0.0040000),(-0.0171589,-0.0018432,-0.0040000),(-0.0171288,-0.0019447,-0.0040000),(-0.0171391,-0.0027756,-0.0040000),(-0.0171288,-0.0019447,-0.0040000),(-0.0170920,-0.0020441,-0.0040000),(-0.0171391,-0.0027756,-0.0040000),(-0.0170920,-0.0020441,-0.0040000),(-0.0170486,-0.0021414,-0.0040000),(-0.0171391,-0.0027756,-0.0040000),(-0.0170486,-0.0021414,-0.0040000),(-0.0169985,-0.0022366,-0.0040000),(-0.0171391,-0.0027756,-0.0040000),(-0.0169985,-0.0022366,-0.0040000),(-0.0169427,-0.0023285,-0.0040000),(-0.0171391,-0.0027756,-0.0040000),(-0.0169427,-0.0023285,-0.0040000),(-0.0168820,-0.0024155,-0.0040000),(-0.0171391,-0.0027756,-0.0040000),(-0.0168820,-0.0024155,-0.0040000),(-0.0168166,-0.0024974,-0.0040000),(-0.0171391,-0.0027756,-0.0040000),(-0.0168166,-0.0024974,-0.0040000),(-0.0167464,-0.0025742,-0.0040000),(-0.0171391,-0.0027756,-0.0040000),(-0.0167464,-0.0025742,-0.0040000),(-0.0166713,-0.0026460,-0.0040000),(-0.0171391,-0.0027756,-0.0040000),(-0.0166713,-0.0026460,-0.0040000),(-0.0165915,-0.0027129,-0.0040000),(-0.0171391,-0.0027756,-0.0040000),(-0.0165915,-0.0027129,-0.0040000),(-0.0165069,-0.0027746,-0.0040000),(-0.0171391,-0.0027756,-0.0040000),(-0.0165069,-0.0027746,-0.0040000),(-0.0164175,-0.0028314,-0.0040000),(-0.0171391,-0.0027756,-0.0040000),(-0.0164175,-0.0028314,-0.0040000),(-0.0163254,-0.0028825,-0.0040000),(-0.0171391,-0.0027756,-0.0040000),(-0.0163254,-0.0028825,-0.0040000),(-0.0162328,-0.0029268,-0.0040000),(-0.0171391,-0.0027756,-0.0040000),(-0.0162328,-0.0029268,-0.0040000),(-0.0161397,-0.0029642,-0.0040000),(-0.0171391,-0.0027756,-0.0040000),(-0.0161397,-0.0029642,-0.0040000),(-0.0160460,-0.0029949,-0.0040000),(-0.0171391,-0.0027756,-0.0040000),(-0.0160460,-0.0029949,-0.0040000),(-0.0159518,-0.0030187,-0.0040000),(-0.0147707,-0.0032865,-0.0040000),(-0.0171391,-0.0027756,-0.0040000),(-0.0159518,-0.0030187,-0.0040000),(-0.0147707,-0.0032865,-0.0040000),(-0.0159518,-0.0030187,-0.0040000),(-0.0158571,-0.0030358,-0.0040000),(-0.0147707,-0.0032865,-0.0040000),(-0.0158571,-0.0030358,-0.0040000),(-0.0157619,-0.0030460,-0.0040000),(-0.0147707,-0.0032865,-0.0040000),(-0.0157619,-0.0030460,-0.0040000),(-0.0156661,-0.0030494,-0.0040000),(-0.0147707,-0.0032865,-0.0040000),(-0.0156661,-0.0030494,-0.0040000),(-0.0156597,-0.0030494,-0.0040000),(-0.0147707,-0.0032865,-0.0040000),(-0.0156597,-0.0030494,-0.0040000),(-0.0155660,-0.0030473,-0.0040000),(-0.0147707,-0.0032865,-0.0040000),(-0.0155660,-0.0030473,-0.0040000),(-0.0154748,-0.0030411,-0.0040000),(-0.0147707,-0.0032865,-0.0040000),(-0.0154748,-0.0030411,-0.0040000),(-0.0153862,-0.0030307,-0.0040000),(-0.0147707,-0.0032865,-0.0040000),(-0.0153862,-0.0030307,-0.0040000),(-0.0153002,-0.0030161,-0.0040000),(-0.0147707,-0.0032865,-0.0040000),(-0.0153002,-0.0030161,-0.0040000),(-0.0152166,-0.0029973,-0.0040000),(-0.0147707,-0.0032865,-0.0040000),(-0.0152166,-0.0029973,-0.0040000),(-0.0151357,-0.0029744,-0.0040000),(-0.0147707,-0.0032865,-0.0040000),(-0.0151357,-0.0029744,-0.0040000),(-0.0150572,-0.0029473,-0.0040000),(-0.0147707,-0.0032865,-0.0040000),(-0.0150572,-0.0029473,-0.0040000),(-0.0149813,-0.0029161,-0.0040000),(-0.0169837,0.0014390,-0.0040000),(-0.0147707,-0.0032865,-0.0040000),(-0.0149813,-0.0029161,-0.0040000),(-0.0169837,0.0014390,-0.0040000),(-0.0149813,-0.0029161,-0.0040000),(-0.0165858,-0.0001210,-0.0040000),(-0.0169837,0.0014390,-0.0040000),(-0.0165858,-0.0001210,-0.0040000),(-0.0167062,-0.0002239,-0.0040000),(-0.0169593,-0.0005290,-0.0040000),(-0.0170017,-0.0005983,-0.0040000),(-0.0173700,-0.0003898,-0.0040000),(-0.0169142,-0.0004625,-0.0040000),(-0.0169593,-0.0005290,-0.0040000),(-0.0173700,-0.0003898,-0.0040000),(-0.0168157,-0.0003377,-0.0040000),(-0.0169142,-0.0004625,-0.0040000),(-0.0173700,-0.0003898,-0.0040000),(-0.0167062,-0.0002239,-0.0040000),(-0.0168157,-0.0003377,-0.0040000),(-0.0173700,-0.0003898,-0.0040000),(-0.0167062,-0.0002239,-0.0040000),(-0.0173700,-0.0003898,-0.0040000),(-0.0173120,-0.0002948,-0.0040000),(-0.0167062,-0.0002239,-0.0040000),(-0.0173120,-0.0002948,-0.0040000),(-0.0172504,-0.0002038,-0.0040000),(-0.0167062,-0.0002239,-0.0040000),(-0.0172504,-0.0002038,-0.0040000),(-0.0171850,-0.0001170,-0.0040000),(-0.0167062,-0.0002239,-0.0040000),(-0.0171850,-0.0001170,-0.0040000),(-0.0171160,-0.0000342,-0.0040000),(-0.0167062,-0.0002239,-0.0040000),(-0.0171160,-0.0000342,-0.0040000),(-0.0170432,0.0000444,-0.0040000),(-0.0167062,-0.0002239,-0.0040000),(-0.0170432,0.0000444,-0.0040000),(-0.0169668,0.0001190,-0.0040000),(-0.0167062,-0.0002239,-0.0040000),(-0.0169668,0.0001190,-0.0040000),(-0.0168866,0.0001894,-0.0040000),(-0.0167062,-0.0002239,-0.0040000),(-0.0168866,0.0001894,-0.0040000),(-0.0168027,0.0002558,-0.0040000),(-0.0169837,0.0014390,-0.0040000),(-0.0167062,-0.0002239,-0.0040000),(-0.0168027,0.0002558,-0.0040000),(-0.0169837,0.0014390,-0.0040000),(-0.0168027,0.0002558,-0.0040000),(-0.0173583,0.0012263,-0.0040000),(-0.0169837,0.0014390,-0.0040000),(-0.0173583,0.0012263,-0.0040000),(-0.0173859,0.0013279,-0.0040000),(-0.0169837,0.0014390,-0.0040000),(-0.0173859,0.0013279,-0.0040000),(-0.0173795,0.0013882,-0.0040000),(-0.0169837,0.0014390,-0.0040000),(-0.0173795,0.0013882,-0.0040000),(-0.0173404,0.0014652,-0.0040000),(-0.0169837,0.0014390,-0.0040000),(-0.0173404,0.0014652,-0.0040000),(-0.0172779,0.0015205,-0.0040000),(-0.0169837,0.0014390,-0.0040000),(-0.0172779,0.0015205,-0.0040000),(-0.0171731,0.0015480,-0.0040000),(-0.0169837,0.0014390,-0.0040000),(-0.0171731,0.0015480,-0.0040000),(-0.0171128,0.0015406,-0.0040000),(-0.0169837,0.0014390,-0.0040000),(-0.0171128,0.0015406,-0.0040000),(-0.0170403,0.0015051,-0.0040000),(-0.0094674,-0.0003390,-0.0040000),(-0.0094653,-0.0002903,-0.0040000),(-0.0094414,-0.0001982,-0.0040000),(-0.0094674,-0.0003390,-0.0040000),(-0.0094414,-0.0001982,-0.0040000),(-0.0094135,-0.0001119,-0.0040000),(-0.0094674,-0.0003390,-0.0040000),(-0.0094135,-0.0001119,-0.0040000),(-0.0093817,-0.0000314,-0.0040000),(-0.0094674,-0.0003390,-0.0040000),(-0.0093817,-0.0000314,-0.0040000),(-0.0093460,0.0000433,-0.0040000),(-0.0094674,-0.0003390,-0.0040000),(-0.0093460,0.0000433,-0.0040000),(-0.0093063,0.0001122,-0.0040000),(-0.0094674,-0.0003390,-0.0040000),(-0.0093063,0.0001122,-0.0040000),(-0.0092627,0.0001754,-0.0040000),(-0.0094674,-0.0003390,-0.0040000),(-0.0092627,0.0001754,-0.0040000),(-0.0091637,0.0002843,-0.0040000),(-0.0094674,-0.0003390,-0.0040000),(-0.0091637,0.0002843,-0.0040000),(-0.0090827,0.0003538,-0.0040000),(-0.0094674,-0.0003390,-0.0040000),(-0.0090827,0.0003538,-0.0040000),(-0.0089996,0.0004140,-0.0040000),(-0.0094674,-0.0003390,-0.0040000),(-0.0089996,0.0004140,-0.0040000),(-0.0089143,0.0004649,-0.0040000),(-0.0094674,-0.0003390,-0.0040000),(-0.0089143,0.0004649,-0.0040000),(-0.0088269,0.0005066,-0.0040000),(-0.0094674,-0.0003390,-0.0040000),(-0.0088269,0.0005066,-0.0040000),(-0.0087373,0.0005390,-0.0040000),(-0.0094674,-0.0003390,-0.0040000),(-0.0087373,0.0005390,-0.0040000),(-0.0086456,0.0005622,-0.0040000),(-0.0094674,-0.0003390,-0.0040000),(-0.0086456,0.0005622,-0.0040000),(-0.0085517,0.0005760,-0.0040000),(-0.0094674,-0.0003390,-0.0040000),(-0.0085517,0.0005760,-0.0040000),(-0.0084556,0.0005807,-0.0040000),(-0.0094674,-0.0003390,-0.0040000),(-0.0084556,0.0005807,-0.0040000),(-0.0083604,0.0005760,-0.0040000),(-0.0094674,-0.0003390,-0.0040000),(-0.0083604,0.0005760,-0.0040000),(-0.0082678,0.0005618,-0.0040000),(-0.0094674,-0.0003390,-0.0040000),(-0.0082678,0.0005618,-0.0040000),(-0.0081778,0.0005383,-0.0040000),(-0.0094674,-0.0003390,-0.0040000),(-0.0081778,0.0005383,-0.0040000),(-0.0080905,0.0005053,-0.0040000),(-0.0080905,0.0005053,-0.0040000),(-0.0080059,0.0004629,-0.0040000),(-0.0079238,0.0004110,-0.0040000),(-0.0080905,0.0005053,-0.0040000),(-0.0079238,0.0004110,-0.0040000),(-0.0078445,0.0003497,-0.0040000),(-0.0080905,0.0005053,-0.0040000),(-0.0078445,0.0003497,-0.0040000),(-0.0077677,0.0002791,-0.0040000),(-0.0080905,0.0005053,-0.0040000),(-0.0077677,0.0002791,-0.0040000),(-0.0076876,0.0001908,-0.0040000),(-0.0080905,0.0005053,-0.0040000),(-0.0076876,0.0001908,-0.0040000),(-0.0076182,0.0000960,-0.0040000),(-0.0080905,0.0005053,-0.0040000),(-0.0076182,0.0000960,-0.0040000),(-0.0075594,-0.0000055,-0.0040000),(-0.0080905,0.0005053,-0.0040000),(-0.0075594,-0.0000055,-0.0040000),(-0.0075114,-0.0001136,-0.0040000),(-0.0080905,0.0005053,-0.0040000),(-0.0075114,-0.0001136,-0.0040000),(-0.0074740,-0.0002283,-0.0040000),(-0.0080905,0.0005053,-0.0040000),(-0.0074740,-0.0002283,-0.0040000),(-0.0074473,-0.0003496,-0.0040000),(-0.0080905,0.0005053,-0.0040000),(-0.0074473,-0.0003496,-0.0040000),(-0.0074312,-0.0004775,-0.0040000),(-0.0080905,0.0005053,-0.0040000),(-0.0074312,-0.0004775,-0.0040000),(-0.0074259,-0.0006121,-0.0040000),(-0.0080905,0.0005053,-0.0040000),(-0.0074259,-0.0006121,-0.0040000),(-0.0074272,-0.0007153,-0.0040000),(-0.0080905,0.0005053,-0.0040000),(-0.0074272,-0.0007153,-0.0040000),(-0.0074310,-0.0008146,-0.0040000),(-0.0080905,0.0005053,-0.0040000),(-0.0074310,-0.0008146,-0.0040000),(-0.0074375,-0.0009098,-0.0040000),(-0.0080905,0.0005053,-0.0040000),(-0.0074375,-0.0009098,-0.0040000),(-0.0074465,-0.0010009,-0.0040000),(-0.0080905,0.0005053,-0.0040000),(-0.0074465,-0.0010009,-0.0040000),(-0.0074581,-0.0010880,-0.0040000),(-0.0080905,0.0005053,-0.0040000),(-0.0074581,-0.0010880,-0.0040000),(-0.0074723,-0.0011711,-0.0040000),(-0.0080905,0.0005053,-0.0040000),(-0.0074723,-0.0011711,-0.0040000),(-0.0074891,-0.0012501,-0.0040000),(-0.0080905,0.0005053,-0.0040000),(-0.0074891,-0.0012501,-0.0040000),(-0.0075084,-0.0013251,-0.0040000),(-0.0080905,0.0005053,-0.0040000),(-0.0075084,-0.0013251,-0.0040000),(-0.0075549,-0.0014629,-0.0040000),(-0.0075549,-0.0014629,-0.0040000),(-0.0076116,-0.0015846,-0.0040000),(-0.0076787,-0.0016901,-0.0040000),(-0.0075549,-0.0014629,-0.0040000),(-0.0076787,-0.0016901,-0.0040000),(-0.0077561,-0.0017794,-0.0040000),(-0.0075549,-0.0014629,-0.0040000),(-0.0077561,-0.0017794,-0.0040000),(-0.0078356,-0.0018489,-0.0040000),(-0.0075549,-0.0014629,-0.0040000),(-0.0078356,-0.0018489,-0.0040000),(-0.0079174,-0.0019091,-0.0040000),(-0.0075549,-0.0014629,-0.0040000),(-0.0079174,-0.0019091,-0.0040000),(-0.0080016,-0.0019600,-0.0040000),(-0.0075549,-0.0014629,-0.0040000),(-0.0080016,-0.0019600,-0.0040000),(-0.0080881,-0.0020017,-0.0040000),(-0.0075549,-0.0014629,-0.0040000),(-0.0080881,-0.0020017,-0.0040000),(-0.0081770,-0.0020341,-0.0040000),(-0.0075549,-0.0014629,-0.0040000),(-0.0081770,-0.0020341,-0.0040000),(-0.0082683,-0.0020572,-0.0040000),(-0.0075549,-0.0014629,-0.0040000),(-0.0082683,-0.0020572,-0.0040000),(-0.0083618,-0.0020711,-0.0040000),(-0.0075549,-0.0014629,-0.0040000),(-0.0083618,-0.0020711,-0.0040000),(-0.0084578,-0.0020757,-0.0040000),(-0.0075549,-0.0014629,-0.0040000),(-0.0084578,-0.0020757,-0.0040000),(-0.0085431,-0.0020725,-0.0040000),(-0.0075549,-0.0014629,-0.0040000),(-0.0085431,-0.0020725,-0.0040000),(-0.0086254,-0.0020627,-0.0040000),(-0.0075549,-0.0014629,-0.0040000),(-0.0086254,-0.0020627,-0.0040000),(-0.0087049,-0.0020464,-0.0040000),(-0.0075549,-0.0014629,-0.0040000),(-0.0087049,-0.0020464,-0.0040000),(-0.0087814,-0.0020236,-0.0040000),(-0.0075549,-0.0014629,-0.0040000),(-0.0087814,-0.0020236,-0.0040000),(-0.0089255,-0.0019585,-0.0040000),(-0.0075549,-0.0014629,-0.0040000),(-0.0089255,-0.0019585,-0.0040000),(-0.0090578,-0.0018672,-0.0040000),(-0.0090155,-0.0030452,-0.0040000),(-0.0077402,-0.0030452,-0.0040000),(-0.0076587,-0.0030610,-0.0040000),(-0.0090155,-0.0030452,-0.0040000),(-0.0076587,-0.0030610,-0.0040000),(-0.0075899,-0.0031087,-0.0040000),(-0.0090155,-0.0030452,-0.0040000),(-0.0075899,-0.0031087,-0.0040000),(-0.0075431,-0.0031780,-0.0040000),(-0.0090155,-0.0030452,-0.0040000),(-0.0075431,-0.0031780,-0.0040000),(-0.0075275,-0.0032590,-0.0040000),(-0.0090155,-0.0030452,-0.0040000),(-0.0075275,-0.0032590,-0.0040000),(-0.0075431,-0.0033397,-0.0040000),(-0.0090155,-0.0030452,-0.0040000),(-0.0075431,-0.0033397,-0.0040000),(-0.0075899,-0.0034082,-0.0040000),(-0.0090155,-0.0030452,-0.0040000),(-0.0075899,-0.0034082,-0.0040000),(-0.0076587,-0.0034558,-0.0040000),(-0.0090155,-0.0030452,-0.0040000),(-0.0076587,-0.0034558,-0.0040000),(-0.0077402,-0.0034717,-0.0040000),(-0.0090155,-0.0030452,-0.0040000),(-0.0077402,-0.0034717,-0.0040000),(-0.0092124,-0.0034717,-0.0040000),(-0.0090578,-0.0018672,-0.0040000),(-0.0090155,-0.0030452,-0.0040000),(-0.0092124,-0.0034717,-0.0040000),(-0.0090578,-0.0018672,-0.0040000),(-0.0092124,-0.0034717,-0.0040000),(-0.0092928,-0.0034577,-0.0040000),(-0.0090578,-0.0018672,-0.0040000),(-0.0092928,-0.0034577,-0.0040000),(-0.0093626,-0.0034156,-0.0040000),(-0.0090578,-0.0018672,-0.0040000),(-0.0093626,-0.0034156,-0.0040000),(-0.0094103,-0.0033505,-0.0040000),(-0.0090578,-0.0018672,-0.0040000),(-0.0094103,-0.0033505,-0.0040000),(-0.0094261,-0.0032717,-0.0040000),(-0.0090578,-0.0018672,-0.0040000),(-0.0094261,-0.0032717,-0.0040000),(-0.0095066,-0.0012068,-0.0040000),(-0.0090578,-0.0018672,-0.0040000),(-0.0095066,-0.0012068,-0.0040000),(-0.0094933,-0.0011275,-0.0040000),(-0.0090578,-0.0018672,-0.0040000),(-0.0094933,-0.0011275,-0.0040000),(-0.0094537,-0.0010566,-0.0040000),(-0.0090578,-0.0018672,-0.0040000),(-0.0094537,-0.0010566,-0.0040000),(-0.0093886,-0.0010026,-0.0040000),(-0.0090578,-0.0018672,-0.0040000),(-0.0093886,-0.0010026,-0.0040000),(-0.0093055,-0.0009846,-0.0040000),(-0.0090578,-0.0018672,-0.0040000),(-0.0093055,-0.0009846,-0.0040000),(-0.0092243,-0.0009981,-0.0040000),(-0.0090578,-0.0018672,-0.0040000),(-0.0092243,-0.0009981,-0.0040000),(-0.0091520,-0.0010386,-0.0040000),(-0.0090578,-0.0018672,-0.0040000),(-0.0091520,-0.0010386,-0.0040000),(-0.0090896,-0.0011402,-0.0040000),(-0.0090578,-0.0018672,-0.0040000),(-0.0090896,-0.0011402,-0.0040000),(-0.0090556,-0.0012253,-0.0040000),(-0.0090578,-0.0018672,-0.0040000),(-0.0090556,-0.0012253,-0.0040000),(-0.0090065,-0.0013092,-0.0040000),(-0.0090578,-0.0018672,-0.0040000),(-0.0090065,-0.0013092,-0.0040000),(-0.0089423,-0.0013920,-0.0040000),(-0.0090578,-0.0018672,-0.0040000),(-0.0089423,-0.0013920,-0.0040000),(-0.0088631,-0.0014735,-0.0040000),(-0.0090578,-0.0018672,-0.0040000),(-0.0088631,-0.0014735,-0.0040000),(-0.0087675,-0.0015513,-0.0040000),(-0.0090578,-0.0018672,-0.0040000),(-0.0087675,-0.0015513,-0.0040000),(-0.0086681,-0.0016069,-0.0040000),(-0.0090578,-0.0018672,-0.0040000),(-0.0086681,-0.0016069,-0.0040000),(-0.0085649,-0.0016402,-0.0040000),(-0.0090578,-0.0018672,-0.0040000),(-0.0085649,-0.0016402,-0.0040000),(-0.0084578,-0.0016513,-0.0040000),(-0.0090578,-0.0018672,-0.0040000),(-0.0084578,-0.0016513,-0.0040000),(-0.0083513,-0.0016402,-0.0040000),(-0.0075549,-0.0014629,-0.0040000),(-0.0090578,-0.0018672,-0.0040000),(-0.0083513,-0.0016402,-0.0040000),(-0.0075549,-0.0014629,-0.0040000),(-0.0083513,-0.0016402,-0.0040000),(-0.0082487,-0.0016069,-0.0040000),(-0.0075549,-0.0014629,-0.0040000),(-0.0082487,-0.0016069,-0.0040000),(-0.0081502,-0.0015513,-0.0040000),(-0.0075549,-0.0014629,-0.0040000),(-0.0081502,-0.0015513,-0.0040000),(-0.0080556,-0.0014735,-0.0040000),(-0.0075549,-0.0014629,-0.0040000),(-0.0080556,-0.0014735,-0.0040000),(-0.0079653,-0.0013450,-0.0040000),(-0.0075549,-0.0014629,-0.0040000),(-0.0079653,-0.0013450,-0.0040000),(-0.0079298,-0.0012588,-0.0040000),(-0.0075549,-0.0014629,-0.0040000),(-0.0079298,-0.0012588,-0.0040000),(-0.0079008,-0.0011582,-0.0040000),(-0.0075549,-0.0014629,-0.0040000),(-0.0079008,-0.0011582,-0.0040000),(-0.0078782,-0.0010429,-0.0040000),(-0.0075549,-0.0014629,-0.0040000),(-0.0078782,-0.0010429,-0.0040000),(-0.0078621,-0.0009132,-0.0040000),(-0.0075549,-0.0014629,-0.0040000),(-0.0078621,-0.0009132,-0.0040000),(-0.0078524,-0.0007688,-0.0040000),(-0.0075549,-0.0014629,-0.0040000),(-0.0078524,-0.0007688,-0.0040000),(-0.0078492,-0.0006099,-0.0040000),(-0.0075549,-0.0014629,-0.0040000),(-0.0078492,-0.0006099,-0.0040000),(-0.0078527,-0.0005185,-0.0040000),(-0.0075549,-0.0014629,-0.0040000),(-0.0078527,-0.0005185,-0.0040000),(-0.0078630,-0.0004320,-0.0040000),(-0.0075549,-0.0014629,-0.0040000),(-0.0078630,-0.0004320,-0.0040000),(-0.0078802,-0.0003505,-0.0040000),(-0.0080905,0.0005053,-0.0040000),(-0.0075549,-0.0014629,-0.0040000),(-0.0078802,-0.0003505,-0.0040000),(-0.0080905,0.0005053,-0.0040000),(-0.0078802,-0.0003505,-0.0040000),(-0.0079043,-0.0002739,-0.0040000),(-0.0080905,0.0005053,-0.0040000),(-0.0079043,-0.0002739,-0.0040000),(-0.0079730,-0.0001357,-0.0040000),(-0.0080905,0.0005053,-0.0040000),(-0.0079730,-0.0001357,-0.0040000),(-0.0080694,-0.0000173,-0.0040000),(-0.0080905,0.0005053,-0.0040000),(-0.0080694,-0.0000173,-0.0040000),(-0.0081606,0.0000587,-0.0040000),(-0.0080905,0.0005053,-0.0040000),(-0.0081606,0.0000587,-0.0040000),(-0.0082567,0.0001129,-0.0040000),(-0.0080905,0.0005053,-0.0040000),(-0.0082567,0.0001129,-0.0040000),(-0.0083575,0.0001454,-0.0040000),(-0.0080905,0.0005053,-0.0040000),(-0.0083575,0.0001454,-0.0040000),(-0.0084631,0.0001563,-0.0040000),(-0.0080905,0.0005053,-0.0040000),(-0.0084631,0.0001563,-0.0040000),(-0.0085656,0.0001450,-0.0040000),(-0.0080905,0.0005053,-0.0040000),(-0.0085656,0.0001450,-0.0040000),(-0.0086681,0.0001113,-0.0040000),(-0.0080905,0.0005053,-0.0040000),(-0.0086681,0.0001113,-0.0040000),(-0.0087704,0.0000551,-0.0040000),(-0.0094674,-0.0003390,-0.0040000),(-0.0080905,0.0005053,-0.0040000),(-0.0087704,0.0000551,-0.0040000),(-0.0094674,-0.0003390,-0.0040000),(-0.0087704,0.0000551,-0.0040000),(-0.0088726,-0.0000236,-0.0040000),(-0.0094674,-0.0003390,-0.0040000),(-0.0088726,-0.0000236,-0.0040000),(-0.0089748,-0.0001665,-0.0040000),(-0.0094674,-0.0003390,-0.0040000),(-0.0089748,-0.0001665,-0.0040000),(-0.0090143,-0.0002665,-0.0040000),(-0.0094674,-0.0003390,-0.0040000),(-0.0090143,-0.0002665,-0.0040000),(-0.0090462,-0.0003856,-0.0040000),(-0.0094674,-0.0003390,-0.0040000),(-0.0090462,-0.0003856,-0.0040000),(-0.0090903,-0.0004583,-0.0040000),(-0.0094674,-0.0003390,-0.0040000),(-0.0090903,-0.0004583,-0.0040000),(-0.0091388,-0.0005102,-0.0040000),(-0.0094674,-0.0003390,-0.0040000),(-0.0091388,-0.0005102,-0.0040000),(-0.0092494,-0.0005517,-0.0040000),(-0.0094674,-0.0003390,-0.0040000),(-0.0092494,-0.0005517,-0.0040000),(-0.0092568,-0.0005517,-0.0040000),(-0.0094674,-0.0003390,-0.0040000),(-0.0092568,-0.0005517,-0.0040000),(-0.0093307,-0.0005361,-0.0040000),(-0.0094674,-0.0003390,-0.0040000),(-0.0093307,-0.0005361,-0.0040000),(-0.0093904,-0.0004954,-0.0040000),(-0.0124625,0.0001563,-0.0040000),(-0.0112909,-0.0014344,-0.0040000),(-0.0112264,-0.0015281,-0.0040000),(-0.0124625,0.0001563,-0.0040000),(-0.0112264,-0.0015281,-0.0040000),(-0.0111705,-0.0016257,-0.0040000),(-0.0124625,0.0001563,-0.0040000),(-0.0111705,-0.0016257,-0.0040000),(-0.0111232,-0.0017272,-0.0040000),(-0.0124625,0.0001563,-0.0040000),(-0.0111232,-0.0017272,-0.0040000),(-0.0110845,-0.0018326,-0.0040000),(-0.0124625,0.0001563,-0.0040000),(-0.0110845,-0.0018326,-0.0040000),(-0.0110545,-0.0019418,-0.0040000),(-0.0124625,0.0001563,-0.0040000),(-0.0110545,-0.0019418,-0.0040000),(-0.0110330,-0.0020549,-0.0040000),(-0.0124625,0.0001563,-0.0040000),(-0.0110330,-0.0020549,-0.0040000),(-0.0110201,-0.0021719,-0.0040000),(-0.0124625,0.0001563,-0.0040000),(-0.0110201,-0.0021719,-0.0040000),(-0.0110158,-0.0022927,-0.0040000),(-0.0124625,0.0001563,-0.0040000),(-0.0110158,-0.0022927,-0.0040000),(-0.0110209,-0.0024177,-0.0040000),(-0.0124625,0.0001563,-0.0040000),(-0.0110209,-0.0024177,-0.0040000),(-0.0110363,-0.0025380,-0.0040000),(-0.0124625,0.0001563,-0.0040000),(-0.0110363,-0.0025380,-0.0040000),(-0.0110619,-0.0026538,-0.0040000),(-0.0124625,0.0001563,-0.0040000),(-0.0110619,-0.0026538,-0.0040000),(-0.0110978,-0.0027650,-0.0040000),(-0.0110978,-0.0027650,-0.0040000),(-0.0111439,-0.0028716,-0.0040000),(-0.0112003,-0.0029735,-0.0040000),(-0.0110978,-0.0027650,-0.0040000),(-0.0112003,-0.0029735,-0.0040000),(-0.0112669,-0.0030709,-0.0040000),(-0.0110978,-0.0027650,-0.0040000),(-0.0112669,-0.0030709,-0.0040000),(-0.0113438,-0.0031637,-0.0040000),(-0.0110978,-0.0027650,-0.0040000),(-0.0113438,-0.0031637,-0.0040000),(-0.0114167,-0.0032369,-0.0040000),(-0.0110978,-0.0027650,-0.0040000),(-0.0114167,-0.0032369,-0.0040000),(-0.0114941,-0.0033003,-0.0040000),(-0.0110978,-0.0027650,-0.0040000),(-0.0114941,-0.0033003,-0.0040000),(-0.0115760,-0.0033540,-0.0040000),(-0.0110978,-0.0027650,-0.0040000),(-0.0115760,-0.0033540,-0.0040000),(-0.0116624,-0.0033979,-0.0040000),(-0.0110978,-0.0027650,-0.0040000),(-0.0116624,-0.0033979,-0.0040000),(-0.0117533,-0.0034320,-0.0040000),(-0.0110978,-0.0027650,-0.0040000),(-0.0117533,-0.0034320,-0.0040000),(-0.0118487,-0.0034564,-0.0040000),(-0.0110978,-0.0027650,-0.0040000),(-0.0118487,-0.0034564,-0.0040000),(-0.0119485,-0.0034710,-0.0040000),(-0.0110978,-0.0027650,-0.0040000),(-0.0119485,-0.0034710,-0.0040000),(-0.0120529,-0.0034759,-0.0040000),(-0.0110978,-0.0027650,-0.0040000),(-0.0120529,-0.0034759,-0.0040000),(-0.0121514,-0.0034711,-0.0040000),(-0.0110978,-0.0027650,-0.0040000),(-0.0121514,-0.0034711,-0.0040000),(-0.0122469,-0.0034568,-0.0040000),(-0.0110978,-0.0027650,-0.0040000),(-0.0122469,-0.0034568,-0.0040000),(-0.0123394,-0.0034329,-0.0040000),(-0.0110978,-0.0027650,-0.0040000),(-0.0123394,-0.0034329,-0.0040000),(-0.0124289,-0.0033994,-0.0040000),(-0.0110978,-0.0027650,-0.0040000),(-0.0124289,-0.0033994,-0.0040000),(-0.0125154,-0.0033564,-0.0040000),(-0.0110978,-0.0027650,-0.0040000),(-0.0125154,-0.0033564,-0.0040000),(-0.0125988,-0.0033039,-0.0040000),(-0.0125988,-0.0033039,-0.0040000),(-0.0126793,-0.0032417,-0.0040000),(-0.0127567,-0.0031701,-0.0040000),(-0.0125988,-0.0033039,-0.0040000),(-0.0127567,-0.0031701,-0.0040000),(-0.0128358,-0.0030835,-0.0040000),(-0.0125988,-0.0033039,-0.0040000),(-0.0128358,-0.0030835,-0.0040000),(-0.0129044,-0.0029907,-0.0040000),(-0.0125988,-0.0033039,-0.0040000),(-0.0129044,-0.0029907,-0.0040000),(-0.0129624,-0.0028914,-0.0040000),(-0.0125988,-0.0033039,-0.0040000),(-0.0129624,-0.0028914,-0.0040000),(-0.0130099,-0.0027859,-0.0040000),(-0.0125988,-0.0033039,-0.0040000),(-0.0130099,-0.0027859,-0.0040000),(-0.0130468,-0.0026740,-0.0040000),(-0.0125988,-0.0033039,-0.0040000),(-0.0130468,-0.0026740,-0.0040000),(-0.0130732,-0.0025557,-0.0040000),(-0.0125988,-0.0033039,-0.0040000),(-0.0130732,-0.0025557,-0.0040000),(-0.0130890,-0.0024311,-0.0040000),(-0.0125988,-0.0033039,-0.0040000),(-0.0130890,-0.0024311,-0.0040000),(-0.0130943,-0.0023001,-0.0040000),(-0.0125988,-0.0033039,-0.0040000),(-0.0130943,-0.0023001,-0.0040000),(-0.0130943,-0.0022948,-0.0040000),(-0.0125988,-0.0033039,-0.0040000),(-0.0130943,-0.0022948,-0.0040000),(-0.0130787,-0.0022133,-0.0040000),(-0.0125988,-0.0033039,-0.0040000),(-0.0130787,-0.0022133,-0.0040000),(-0.0130319,-0.0021445,-0.0040000),(-0.0125988,-0.0033039,-0.0040000),(-0.0130319,-0.0021445,-0.0040000),(-0.0129631,-0.0020977,-0.0040000),(-0.0125988,-0.0033039,-0.0040000),(-0.0129631,-0.0020977,-0.0040000),(-0.0128816,-0.0020821,-0.0040000),(-0.0125988,-0.0033039,-0.0040000),(-0.0128816,-0.0020821,-0.0040000),(-0.0128001,-0.0020977,-0.0040000),(-0.0125988,-0.0033039,-0.0040000),(-0.0128001,-0.0020977,-0.0040000),(-0.0127313,-0.0021445,-0.0040000),(-0.0125988,-0.0033039,-0.0040000),(-0.0127313,-0.0021445,-0.0040000),(-0.0126837,-0.0022133,-0.0040000),(-0.0126837,-0.0022133,-0.0040000),(-0.0126678,-0.0022948,-0.0040000),(-0.0126678,-0.0023001,-0.0040000),(-0.0126837,-0.0022133,-0.0040000),(-0.0126678,-0.0023001,-0.0040000),(-0.0126645,-0.0023870,-0.0040000),(-0.0125988,-0.0033039,-0.0040000),(-0.0126837,-0.0022133,-0.0040000),(-0.0126645,-0.0023870,-0.0040000),(-0.0125988,-0.0033039,-0.0040000),(-0.0126645,-0.0023870,-0.0040000),(-0.0126545,-0.0024694,-0.0040000),(-0.0125988,-0.0033039,-0.0040000),(-0.0126545,-0.0024694,-0.0040000),(-0.0126379,-0.0025474,-0.0040000),(-0.0125988,-0.0033039,-0.0040000),(-0.0126379,-0.0025474,-0.0040000),(-0.0126146,-0.0026208,-0.0040000),(-0.0125988,-0.0033039,-0.0040000),(-0.0126146,-0.0026208,-0.0040000),(-0.0125482,-0.0027541,-0.0040000),(-0.0125988,-0.0033039,-0.0040000),(-0.0125482,-0.0027541,-0.0040000),(-0.0124551,-0.0028695,-0.0040000),(-0.0125988,-0.0033039,-0.0040000),(-0.0124551,-0.0028695,-0.0040000),(-0.0123642,-0.0029482,-0.0040000),(-0.0125988,-0.0033039,-0.0040000),(-0.0123642,-0.0029482,-0.0040000),(-0.0122672,-0.0030044,-0.0040000),(-0.0125988,-0.0033039,-0.0040000),(-0.0122672,-0.0030044,-0.0040000),(-0.0121642,-0.0030382,-0.0040000),(-0.0125988,-0.0033039,-0.0040000),(-0.0121642,-0.0030382,-0.0040000),(-0.0120550,-0.0030494,-0.0040000),(-0.0125988,-0.0033039,-0.0040000),(-0.0120550,-0.0030494,-0.0040000),(-0.0119418,-0.0030386,-0.0040000),(-0.0125988,-0.0033039,-0.0040000),(-0.0119418,-0.0030386,-0.0040000),(-0.0118381,-0.0030060,-0.0040000),(-0.0110978,-0.0027650,-0.0040000),(-0.0125988,-0.0033039,-0.0040000),(-0.0118381,-0.0030060,-0.0040000),(-0.0110978,-0.0027650,-0.0040000),(-0.0118381,-0.0030060,-0.0040000),(-0.0117439,-0.0029518,-0.0040000),(-0.0110978,-0.0027650,-0.0040000),(-0.0117439,-0.0029518,-0.0040000),(-0.0116592,-0.0028758,-0.0040000),(-0.0110978,-0.0027650,-0.0040000),(-0.0116592,-0.0028758,-0.0040000),(-0.0116076,-0.0028147,-0.0040000),(-0.0110978,-0.0027650,-0.0040000),(-0.0116076,-0.0028147,-0.0040000),(-0.0115629,-0.0027502,-0.0040000),(-0.0110978,-0.0027650,-0.0040000),(-0.0115629,-0.0027502,-0.0040000),(-0.0114941,-0.0026115,-0.0040000),(-0.0110978,-0.0027650,-0.0040000),(-0.0114941,-0.0026115,-0.0040000),(-0.0114528,-0.0024597,-0.0040000),(-0.0110978,-0.0027650,-0.0040000),(-0.0114528,-0.0024597,-0.0040000),(-0.0114425,-0.0023789,-0.0040000),(-0.0110978,-0.0027650,-0.0040000),(-0.0114425,-0.0023789,-0.0040000),(-0.0114391,-0.0022948,-0.0040000),(-0.0110978,-0.0027650,-0.0040000),(-0.0114391,-0.0022948,-0.0040000),(-0.0114420,-0.0022081,-0.0040000),(-0.0110978,-0.0027650,-0.0040000),(-0.0114420,-0.0022081,-0.0040000),(-0.0114508,-0.0021247,-0.0040000),(-0.0110978,-0.0027650,-0.0040000),(-0.0114508,-0.0021247,-0.0040000),(-0.0114654,-0.0020446,-0.0040000),(-0.0110978,-0.0027650,-0.0040000),(-0.0114654,-0.0020446,-0.0040000),(-0.0114859,-0.0019678,-0.0040000),(-0.0110978,-0.0027650,-0.0040000),(-0.0114859,-0.0019678,-0.0040000),(-0.0115445,-0.0018241,-0.0040000),(-0.0124625,0.0001563,-0.0040000),(-0.0110978,-0.0027650,-0.0040000),(-0.0115445,-0.0018241,-0.0040000),(-0.0124625,0.0001563,-0.0040000),(-0.0115445,-0.0018241,-0.0040000),(-0.0116264,-0.0016937,-0.0040000),(-0.0124625,0.0001563,-0.0040000),(-0.0116264,-0.0016937,-0.0040000),(-0.0130499,0.0002399,-0.0040000),(-0.0112264,0.0001563,-0.0040000),(-0.0124625,0.0001563,-0.0040000),(-0.0130499,0.0002399,-0.0040000),(-0.0112264,0.0001563,-0.0040000),(-0.0130499,0.0002399,-0.0040000),(-0.0130964,0.0003648,-0.0040000),(-0.0112264,0.0001563,-0.0040000),(-0.0130964,0.0003648,-0.0040000),(-0.0130943,0.0003997,-0.0040000),(-0.0112264,0.0001563,-0.0040000),(-0.0130943,0.0003997,-0.0040000),(-0.0130679,0.0004783,-0.0040000),(-0.0112264,0.0001563,-0.0040000),(-0.0130679,0.0004783,-0.0040000),(-0.0130160,0.0005341,-0.0040000),(-0.0112264,0.0001563,-0.0040000),(-0.0130160,0.0005341,-0.0040000),(-0.0129475,0.0005690,-0.0040000),(-0.0112264,0.0001563,-0.0040000),(-0.0129475,0.0005690,-0.0040000),(-0.0128816,0.0005807,-0.0040000),(-0.0112264,0.0001563,-0.0040000),(-0.0128816,0.0005807,-0.0040000),(-0.0112264,0.0005807,-0.0040000),(-0.0112264,0.0001563,-0.0040000),(-0.0112264,0.0005807,-0.0040000),(-0.0111430,0.0005656,-0.0040000),(-0.0112264,0.0001563,-0.0040000),(-0.0111430,0.0005656,-0.0040000),(-0.0110750,0.0005204,-0.0040000),(-0.0112264,0.0001563,-0.0040000),(-0.0110750,0.0005204,-0.0040000),(-0.0110306,0.0004524,-0.0040000),(-0.0112264,0.0001563,-0.0040000),(-0.0110306,0.0004524,-0.0040000),(-0.0110158,0.0003690,-0.0040000),(-0.0112264,0.0001563,-0.0040000),(-0.0110158,0.0003690,-0.0040000),(-0.0110306,0.0002849,-0.0040000),(-0.0112264,0.0001563,-0.0040000),(-0.0110306,0.0002849,-0.0040000),(-0.0110750,0.0002166,-0.0040000),(-0.0112264,0.0001563,-0.0040000),(-0.0110750,0.0002166,-0.0040000),(-0.0111409,0.0001714,-0.0040000),(-0.0105575,0.0005503,-0.0040000),(-0.0104845,0.0006569,-0.0040000),(-0.0103778,0.0007299,-0.0040000),(-0.0105575,0.0005503,-0.0040000),(-0.0103778,0.0007299,-0.0040000),(-0.0102527,0.0007542,-0.0040000),(-0.0105575,0.0005503,-0.0040000),(-0.0102527,0.0007542,-0.0040000),(-0.0101278,0.0007299,-0.0040000),(-0.0105575,0.0005503,-0.0040000),(-0.0101278,0.0007299,-0.0040000),(-0.0100220,0.0006569,-0.0040000),(-0.0105575,0.0005503,-0.0040000),(-0.0100220,0.0006569,-0.0040000),(-0.0099490,0.0005503,-0.0040000),(-0.0105575,0.0005503,-0.0040000),(-0.0099490,0.0005503,-0.0040000),(-0.0099246,0.0004251,-0.0040000),(-0.0105575,0.0005503,-0.0040000),(-0.0099246,0.0004251,-0.0040000),(-0.0099490,0.0003000,-0.0040000),(-0.0105575,0.0005503,-0.0040000),(-0.0099490,0.0003000,-0.0040000),(-0.0100220,0.0001933,-0.0040000),(-0.0105575,0.0005503,-0.0040000),(-0.0100220,0.0001933,-0.0040000),(-0.0101278,0.0001203,-0.0040000),(-0.0105575,0.0005503,-0.0040000),(-0.0101278,0.0001203,-0.0040000),(-0.0102527,0.0000960,-0.0040000),(-0.0105575,0.0005503,-0.0040000),(-0.0102527,0.0000960,-0.0040000),(-0.0103778,0.0001203,-0.0040000),(-0.0105575,0.0005503,-0.0040000),(-0.0103778,0.0001203,-0.0040000),(-0.0104845,0.0001933,-0.0040000),(-0.0105575,0.0005503,-0.0040000),(-0.0104845,0.0001933,-0.0040000),(-0.0105575,0.0003000,-0.0040000),(-0.0105575,0.0005503,-0.0040000),(-0.0105575,0.0003000,-0.0040000),(-0.0105818,0.0004251,-0.0040000),(0.0029618,-0.0012021,-0.0040000),(0.0043440,0.0005876,-0.0040000),(0.0044162,0.0006495,-0.0040000),(0.0029618,-0.0012021,-0.0040000),(0.0044162,0.0006495,-0.0040000),(0.0045081,0.0006701,-0.0040000),(0.0029618,-0.0012021,-0.0040000),(0.0045081,0.0006701,-0.0040000),(0.0046404,0.0006246,-0.0040000),(0.0029618,-0.0012021,-0.0040000),(0.0046404,0.0006246,-0.0040000),(0.0047046,0.0005510,-0.0040000),(0.0029618,-0.0012021,-0.0040000),(0.0047046,0.0005510,-0.0040000),(0.0047261,0.0004553,-0.0040000),(0.0029618,-0.0012021,-0.0040000),(0.0047261,0.0004553,-0.0040000),(0.0046816,0.0003230,-0.0040000),(0.0029618,-0.0012021,-0.0040000),(0.0046816,0.0003230,-0.0040000),(0.0035058,-0.0012021,-0.0040000),(0.0035058,-0.0012021,-0.0040000),(0.0035915,-0.0012021,-0.0040000),(0.0037108,-0.0012072,-0.0040000),(0.0029618,-0.0012021,-0.0040000),(0.0035058,-0.0012021,-0.0040000),(0.0037108,-0.0012072,-0.0040000),(0.0020982,-0.0012021,-0.0040000),(0.0029618,-0.0012021,-0.0040000),(0.0037108,-0.0012072,-0.0040000),(0.0020982,-0.0012021,-0.0040000),(0.0037108,-0.0012072,-0.0040000),(0.0038246,-0.0012225,-0.0040000),(0.0020982,-0.0012021,-0.0040000),(0.0038246,-0.0012225,-0.0040000),(0.0039329,-0.0012481,-0.0040000),(0.0020982,-0.0012021,-0.0040000),(0.0039329,-0.0012481,-0.0040000),(0.0040358,-0.0012838,-0.0040000),(0.0020982,-0.0012021,-0.0040000),(0.0040358,-0.0012838,-0.0040000),(0.0041332,-0.0013298,-0.0040000),(0.0020982,-0.0012021,-0.0040000),(0.0041332,-0.0013298,-0.0040000),(0.0042252,-0.0013860,-0.0040000),(0.0020982,-0.0012021,-0.0040000),(0.0042252,-0.0013860,-0.0040000),(0.0043117,-0.0014525,-0.0040000),(0.0020982,-0.0012021,-0.0040000),(0.0043117,-0.0014525,-0.0040000),(0.0043927,-0.0015291,-0.0040000),(0.0020982,-0.0012021,-0.0040000),(0.0043927,-0.0015291,-0.0040000),(0.0044691,-0.0016188,-0.0040000),(0.0020982,-0.0012021,-0.0040000),(0.0044691,-0.0016188,-0.0040000),(0.0045353,-0.0017113,-0.0040000),(0.0020982,-0.0012021,-0.0040000),(0.0045353,-0.0017113,-0.0040000),(0.0045913,-0.0018064,-0.0040000),(0.0045913,-0.0018064,-0.0040000),(0.0046372,-0.0019043,-0.0040000),(0.0042416,-0.0020535,-0.0040000),(0.0045913,-0.0018064,-0.0040000),(0.0042416,-0.0020535,-0.0040000),(0.0041771,-0.0019359,-0.0040000),(0.0045913,-0.0018064,-0.0040000),(0.0041771,-0.0019359,-0.0040000),(0.0040868,-0.0018297,-0.0040000),(0.0045913,-0.0018064,-0.0040000),(0.0040868,-0.0018297,-0.0040000),(0.0039769,-0.0017417,-0.0040000),(0.0045913,-0.0018064,-0.0040000),(0.0039769,-0.0017417,-0.0040000),(0.0038577,-0.0016789,-0.0040000),(0.0045913,-0.0018064,-0.0040000),(0.0038577,-0.0016789,-0.0040000),(0.0037293,-0.0016412,-0.0040000),(0.0020982,-0.0012021,-0.0040000),(0.0045913,-0.0018064,-0.0040000),(0.0037293,-0.0016412,-0.0040000),(0.0020982,-0.0012021,-0.0040000),(0.0037293,-0.0016412,-0.0040000),(0.0035915,-0.0016286,-0.0040000),(0.0020982,-0.0012021,-0.0040000),(0.0035915,-0.0016286,-0.0040000),(0.0020982,-0.0016286,-0.0040000),(0.0042803,-0.0021825,-0.0040000),(0.0042416,-0.0020535,-0.0040000),(0.0046372,-0.0019043,-0.0040000),(0.0042932,-0.0023229,-0.0040000),(0.0042803,-0.0021825,-0.0040000),(0.0046372,-0.0019043,-0.0040000),(0.0042803,-0.0024619,-0.0040000),(0.0042932,-0.0023229,-0.0040000),(0.0046372,-0.0019043,-0.0040000),(0.0042416,-0.0025901,-0.0040000),(0.0042803,-0.0024619,-0.0040000),(0.0046372,-0.0019043,-0.0040000),(0.0041771,-0.0027074,-0.0040000),(0.0042416,-0.0025901,-0.0040000),(0.0046372,-0.0019043,-0.0040000),(0.0041771,-0.0027074,-0.0040000),(0.0046372,-0.0019043,-0.0040000),(0.0046728,-0.0020049,-0.0040000),(0.0041771,-0.0027074,-0.0040000),(0.0046728,-0.0020049,-0.0040000),(0.0046983,-0.0021082,-0.0040000),(0.0040868,-0.0028139,-0.0040000),(0.0041771,-0.0027074,-0.0040000),(0.0046983,-0.0021082,-0.0040000),(0.0040868,-0.0028139,-0.0040000),(0.0046983,-0.0021082,-0.0040000),(0.0047136,-0.0022141,-0.0040000),(0.0040868,-0.0028139,-0.0040000),(0.0047136,-0.0022141,-0.0040000),(0.0047187,-0.0023229,-0.0040000),(0.0039797,-0.0029019,-0.0040000),(0.0040868,-0.0028139,-0.0040000),(0.0047187,-0.0023229,-0.0040000),(0.0039797,-0.0029019,-0.0040000),(0.0047187,-0.0023229,-0.0040000),(0.0047136,-0.0024355,-0.0040000),(0.0039797,-0.0029019,-0.0040000),(0.0047136,-0.0024355,-0.0040000),(0.0046983,-0.0025442,-0.0040000),(0.0038625,-0.0029647,-0.0040000),(0.0039797,-0.0029019,-0.0040000),(0.0046983,-0.0025442,-0.0040000),(0.0038625,-0.0029647,-0.0040000),(0.0046983,-0.0025442,-0.0040000),(0.0046728,-0.0026490,-0.0040000),(0.0038625,-0.0029647,-0.0040000),(0.0046728,-0.0026490,-0.0040000),(0.0046372,-0.0027499,-0.0040000),(0.0037352,-0.0030024,-0.0040000),(0.0038625,-0.0029647,-0.0040000),(0.0046372,-0.0027499,-0.0040000),(0.0037352,-0.0030024,-0.0040000),(0.0046372,-0.0027499,-0.0040000),(0.0045913,-0.0028469,-0.0040000),(0.0037352,-0.0030024,-0.0040000),(0.0045913,-0.0028469,-0.0040000),(0.0045353,-0.0029400,-0.0040000),(0.0035979,-0.0030150,-0.0040000),(0.0037352,-0.0030024,-0.0040000),(0.0045353,-0.0029400,-0.0040000),(0.0035979,-0.0030150,-0.0040000),(0.0045353,-0.0029400,-0.0040000),(0.0044691,-0.0030292,-0.0040000),(0.0020982,-0.0030150,-0.0040000),(0.0035979,-0.0030150,-0.0040000),(0.0044691,-0.0030292,-0.0040000),(0.0020982,-0.0030150,-0.0040000),(0.0044691,-0.0030292,-0.0040000),(0.0043927,-0.0031145,-0.0040000),(0.0020982,-0.0030150,-0.0040000),(0.0043927,-0.0031145,-0.0040000),(0.0043056,-0.0031926,-0.0040000),(0.0020982,-0.0030150,-0.0040000),(0.0043056,-0.0031926,-0.0040000),(0.0042148,-0.0032603,-0.0040000),(0.0020982,-0.0030150,-0.0040000),(0.0042148,-0.0032603,-0.0040000),(0.0041203,-0.0033176,-0.0040000),(0.0020982,-0.0030150,-0.0040000),(0.0041203,-0.0033176,-0.0040000),(0.0040220,-0.0033645,-0.0040000),(0.0020982,-0.0030150,-0.0040000),(0.0040220,-0.0033645,-0.0040000),(0.0039200,-0.0034010,-0.0040000),(0.0020982,-0.0030150,-0.0040000),(0.0039200,-0.0034010,-0.0040000),(0.0038143,-0.0034270,-0.0040000),(0.0020982,-0.0030150,-0.0040000),(0.0038143,-0.0034270,-0.0040000),(0.0037048,-0.0034427,-0.0040000),(0.0020982,-0.0030150,-0.0040000),(0.0037048,-0.0034427,-0.0040000),(0.0035915,-0.0034479,-0.0040000),(0.0020982,-0.0030150,-0.0040000),(0.0035915,-0.0034479,-0.0040000),(0.0018855,-0.0034479,-0.0040000),(0.0020982,-0.0016286,-0.0040000),(0.0020982,-0.0030150,-0.0040000),(0.0018855,-0.0034479,-0.0040000),(0.0020982,-0.0012021,-0.0040000),(0.0020982,-0.0016286,-0.0040000),(0.0018855,-0.0034479,-0.0040000),(0.0020982,-0.0012021,-0.0040000),(0.0018855,-0.0034479,-0.0040000),(0.0017995,-0.0034312,-0.0040000),(0.0020982,-0.0012021,-0.0040000),(0.0017995,-0.0034312,-0.0040000),(0.0017278,-0.0033812,-0.0040000),(0.0020982,-0.0012021,-0.0040000),(0.0017278,-0.0033812,-0.0040000),(0.0016857,-0.0033068,-0.0040000),(0.0020982,-0.0012021,-0.0040000),(0.0016857,-0.0033068,-0.0040000),(0.0016717,-0.0032277,-0.0040000),(0.0020982,-0.0012021,-0.0040000),(0.0016717,-0.0032277,-0.0040000),(0.0016717,0.0003992,-0.0040000),(0.0020982,-0.0012021,-0.0040000),(0.0016717,0.0003992,-0.0040000),(0.0016946,0.0004825,-0.0040000),(0.0020982,-0.0012021,-0.0040000),(0.0016946,0.0004825,-0.0040000),(0.0017379,0.0005420,-0.0040000),(0.0020982,-0.0012021,-0.0040000),(0.0017379,0.0005420,-0.0040000),(0.0018855,0.0005897,-0.0040000),(0.0020982,-0.0012021,-0.0040000),(0.0018855,0.0005897,-0.0040000),(0.0019595,0.0005778,-0.0040000),(0.0020982,-0.0012021,-0.0040000),(0.0019595,0.0005778,-0.0040000),(0.0020197,0.0005420,-0.0040000),(0.0020982,-0.0012021,-0.0040000),(0.0020197,0.0005420,-0.0040000),(0.0020982,0.0003992,-0.0040000),(0.0007097,-0.0012074,-0.0040000),(0.0007076,0.0003992,-0.0040000),(0.0007237,0.0004812,-0.0040000),(0.0007097,-0.0012074,-0.0040000),(0.0007237,0.0004812,-0.0040000),(0.0007721,0.0005495,-0.0040000),(0.0007097,-0.0012074,-0.0040000),(0.0007721,0.0005495,-0.0040000),(0.0008409,0.0005955,-0.0040000),(0.0007097,-0.0012074,-0.0040000),(0.0008409,0.0005955,-0.0040000),(0.0009182,0.0006108,-0.0040000),(0.0007097,-0.0012074,-0.0040000),(0.0009182,0.0006108,-0.0040000),(0.0010010,0.0005955,-0.0040000),(0.0007097,-0.0012074,-0.0040000),(0.0010010,0.0005955,-0.0040000),(0.0010695,0.0005495,-0.0040000),(0.0007097,-0.0012074,-0.0040000),(0.0010695,0.0005495,-0.0040000),(0.0011156,0.0004812,-0.0040000),(0.0007097,-0.0012074,-0.0040000),(0.0011156,0.0004812,-0.0040000),(0.0011309,0.0003992,-0.0040000),(0.0007097,-0.0012074,-0.0040000),(0.0011309,0.0003992,-0.0040000),(0.0011309,-0.0032277,-0.0040000),(0.0007097,-0.0012074,-0.0040000),(0.0011309,-0.0032277,-0.0040000),(0.0011156,-0.0033092,-0.0040000),(0.0007097,-0.0012074,-0.0040000),(0.0011156,-0.0033092,-0.0040000),(0.0010695,-0.0033780,-0.0040000),(0.0007097,-0.0012074,-0.0040000),(0.0010695,-0.0033780,-0.0040000),(0.0010021,-0.0034256,-0.0040000),(0.0007097,-0.0012074,-0.0040000),(0.0010021,-0.0034256,-0.0040000),(0.0009224,-0.0034415,-0.0040000),(0.0007097,-0.0012074,-0.0040000),(0.0009224,-0.0034415,-0.0040000),(0.0008404,-0.0034251,-0.0040000),(0.0007097,-0.0012074,-0.0040000),(0.0008404,-0.0034251,-0.0040000),(0.0007700,-0.0033759,-0.0040000),(0.0007097,-0.0012074,-0.0040000),(0.0007700,-0.0033759,-0.0040000),(0.0007232,-0.0033113,-0.0040000),(0.0007097,-0.0012074,-0.0040000),(0.0007232,-0.0033113,-0.0040000),(0.0007076,-0.0032277,-0.0040000),(0.0007097,-0.0012074,-0.0040000),(0.0007076,-0.0032277,-0.0040000),(0.0007076,-0.0016286,-0.0040000),(-0.0014916,-0.0012074,-0.0040000),(0.0007097,-0.0012074,-0.0040000),(0.0007076,-0.0016286,-0.0040000),(-0.0014916,-0.0012074,-0.0040000),(0.0007076,-0.0016286,-0.0040000),(-0.0014853,-0.0016286,-0.0040000),(-0.0014916,-0.0012074,-0.0040000),(-0.0014853,-0.0016286,-0.0040000),(-0.0014853,-0.0032277,-0.0040000),(-0.0014916,-0.0012074,-0.0040000),(-0.0014853,-0.0032277,-0.0040000),(-0.0015017,-0.0033092,-0.0040000),(-0.0014916,-0.0012074,-0.0040000),(-0.0015017,-0.0033092,-0.0040000),(-0.0015509,-0.0033780,-0.0040000),(-0.0014916,-0.0012074,-0.0040000),(-0.0015509,-0.0033780,-0.0040000),(-0.0016205,-0.0034256,-0.0040000),(-0.0014916,-0.0012074,-0.0040000),(-0.0016205,-0.0034256,-0.0040000),(-0.0016980,-0.0034415,-0.0040000),(-0.0014916,-0.0012074,-0.0040000),(-0.0016980,-0.0034415,-0.0040000),(-0.0017803,-0.0034256,-0.0040000),(-0.0014916,-0.0012074,-0.0040000),(-0.0017803,-0.0034256,-0.0040000),(-0.0018515,-0.0033780,-0.0040000),(-0.0014916,-0.0012074,-0.0040000),(-0.0018515,-0.0033780,-0.0040000),(-0.0018999,-0.0033092,-0.0040000),(-0.0014916,-0.0012074,-0.0040000),(-0.0018999,-0.0033092,-0.0040000),(-0.0019160,-0.0032277,-0.0040000),(-0.0014916,-0.0012074,-0.0040000),(-0.0019160,-0.0032277,-0.0040000),(-0.0019160,0.0003992,-0.0040000),(-0.0014916,-0.0012074,-0.0040000),(-0.0019160,0.0003992,-0.0040000),(-0.0019004,0.0004812,-0.0040000),(-0.0014916,-0.0012074,-0.0040000),(-0.0019004,0.0004812,-0.0040000),(-0.0018536,0.0005495,-0.0040000),(-0.0014916,-0.0012074,-0.0040000),(-0.0018536,0.0005495,-0.0040000),(-0.0017840,0.0005955,-0.0040000),(-0.0014916,-0.0012074,-0.0040000),(-0.0017840,0.0005955,-0.0040000),(-0.0017022,0.0006108,-0.0040000),(-0.0014916,-0.0012074,-0.0040000),(-0.0017022,0.0006108,-0.0040000),(-0.0016245,0.0005958,-0.0040000),(-0.0014916,-0.0012074,-0.0040000),(-0.0016245,0.0005958,-0.0040000),(-0.0015520,0.0005505,-0.0040000),(-0.0014916,-0.0012074,-0.0040000),(-0.0015520,0.0005505,-0.0040000),(-0.0015067,0.0004857,-0.0040000),(-0.0014916,-0.0012074,-0.0040000),(-0.0015067,0.0004857,-0.0040000),(-0.0014916,0.0003992,-0.0040000),(0.0056902,-0.0009195,-0.0040000),(0.0056902,-0.0032277,-0.0040000),(0.0056749,-0.0033092,-0.0040000),(0.0056902,-0.0009195,-0.0040000),(0.0056749,-0.0033092,-0.0040000),(0.0056288,-0.0033780,-0.0040000),(0.0056902,-0.0009195,-0.0040000),(0.0056288,-0.0033780,-0.0040000),(0.0055614,-0.0034256,-0.0040000),(0.0056952,-0.0008070,-0.0040000),(0.0056902,-0.0009195,-0.0040000),(0.0055614,-0.0034256,-0.0040000),(0.0056952,-0.0008070,-0.0040000),(0.0055614,-0.0034256,-0.0040000),(0.0054817,-0.0034415,-0.0040000),(0.0056952,-0.0008070,-0.0040000),(0.0054817,-0.0034415,-0.0040000),(0.0053984,-0.0034251,-0.0040000),(0.0056952,-0.0008070,-0.0040000),(0.0053984,-0.0034251,-0.0040000),(0.0053240,-0.0033759,-0.0040000),(0.0056952,-0.0008070,-0.0040000),(0.0053240,-0.0033759,-0.0040000),(0.0052788,-0.0033113,-0.0040000),(0.0056952,-0.0008070,-0.0040000),(0.0052788,-0.0033113,-0.0040000),(0.0052637,-0.0032277,-0.0040000),(0.0056952,-0.0008070,-0.0040000),(0.0052637,-0.0032277,-0.0040000),(0.0052637,-0.0009195,-0.0040000),(0.0056952,-0.0008070,-0.0040000),(0.0052637,-0.0009195,-0.0040000),(0.0052707,-0.0007644,-0.0040000),(0.0056952,-0.0008070,-0.0040000),(0.0052707,-0.0007644,-0.0040000),(0.0052915,-0.0006150,-0.0040000),(0.0056952,-0.0008070,-0.0040000),(0.0052915,-0.0006150,-0.0040000),(0.0053262,-0.0004714,-0.0040000),(0.0056952,-0.0008070,-0.0040000),(0.0053262,-0.0004714,-0.0040000),(0.0053748,-0.0003335,-0.0040000),(0.0056952,-0.0008070,-0.0040000),(0.0053748,-0.0003335,-0.0040000),(0.0054373,-0.0002012,-0.0040000),(0.0056952,-0.0008070,-0.0040000),(0.0054373,-0.0002012,-0.0040000),(0.0055137,-0.0000748,-0.0040000),(0.0056952,-0.0008070,-0.0040000),(0.0055137,-0.0000748,-0.0040000),(0.0056040,0.0000460,-0.0040000),(0.0056952,-0.0008070,-0.0040000),(0.0056040,0.0000460,-0.0040000),(0.0057082,0.0001610,-0.0040000),(0.0056952,-0.0008070,-0.0040000),(0.0057082,0.0001610,-0.0040000),(0.0058208,0.0002665,-0.0040000),(0.0058208,0.0002665,-0.0040000),(0.0059395,0.0003578,-0.0040000),(0.0060642,0.0004351,-0.0040000),(0.0058208,0.0002665,-0.0040000),(0.0060642,0.0004351,-0.0040000),(0.0061950,0.0004984,-0.0040000),(0.0058208,0.0002665,-0.0040000),(0.0061950,0.0004984,-0.0040000),(0.0063320,0.0005476,-0.0040000),(0.0058208,0.0002665,-0.0040000),(0.0063320,0.0005476,-0.0040000),(0.0064750,0.0005827,-0.0040000),(0.0058208,0.0002665,-0.0040000),(0.0064750,0.0005827,-0.0040000),(0.0066241,0.0006038,-0.0040000),(0.0058208,0.0002665,-0.0040000),(0.0066241,0.0006038,-0.0040000),(0.0067792,0.0006108,-0.0040000),(0.0058208,0.0002665,-0.0040000),(0.0067792,0.0006108,-0.0040000),(0.0069346,0.0006038,-0.0040000),(0.0058208,0.0002665,-0.0040000),(0.0069346,0.0006038,-0.0040000),(0.0070844,0.0005827,-0.0040000),(0.0058208,0.0002665,-0.0040000),(0.0070844,0.0005827,-0.0040000),(0.0072285,0.0005476,-0.0040000),(0.0058208,0.0002665,-0.0040000),(0.0072285,0.0005476,-0.0040000),(0.0073669,0.0004984,-0.0040000),(0.0058208,0.0002665,-0.0040000),(0.0073669,0.0004984,-0.0040000),(0.0074997,0.0004351,-0.0040000),(0.0058208,0.0002665,-0.0040000),(0.0074997,0.0004351,-0.0040000),(0.0076268,0.0003578,-0.0040000),(0.0058208,0.0002665,-0.0040000),(0.0076268,0.0003578,-0.0040000),(0.0077482,0.0002665,-0.0040000),(0.0058208,0.0002665,-0.0040000),(0.0077482,0.0002665,-0.0040000),(0.0078640,0.0001610,-0.0040000),(0.0078640,0.0001610,-0.0040000),(0.0079687,0.0000473,-0.0040000),(0.0080594,-0.0000726,-0.0040000),(0.0078640,0.0001610,-0.0040000),(0.0080594,-0.0000726,-0.0040000),(0.0081362,-0.0001987,-0.0040000),(0.0078640,0.0001610,-0.0040000),(0.0081362,-0.0001987,-0.0040000),(0.0081990,-0.0003311,-0.0040000),(0.0078640,0.0001610,-0.0040000),(0.0081990,-0.0003311,-0.0040000),(0.0082478,-0.0004697,-0.0040000),(0.0078640,0.0001610,-0.0040000),(0.0082478,-0.0004697,-0.0040000),(0.0082827,-0.0006144,-0.0040000),(0.0078640,0.0001610,-0.0040000),(0.0082827,-0.0006144,-0.0040000),(0.0083037,-0.0007655,-0.0040000),(0.0078640,0.0001610,-0.0040000),(0.0083037,-0.0007655,-0.0040000),(0.0083107,-0.0009227,-0.0040000),(0.0078640,0.0001610,-0.0040000),(0.0083107,-0.0009227,-0.0040000),(0.0083107,-0.0032277,-0.0040000),(0.0078640,0.0001610,-0.0040000),(0.0083107,-0.0032277,-0.0040000),(0.0082953,-0.0033092,-0.0040000),(0.0078640,0.0001610,-0.0040000),(0.0082953,-0.0033092,-0.0040000),(0.0082493,-0.0033780,-0.0040000),(0.0078640,0.0001610,-0.0040000),(0.0082493,-0.0033780,-0.0040000),(0.0081810,-0.0034256,-0.0040000),(0.0078640,0.0001610,-0.0040000),(0.0081810,-0.0034256,-0.0040000),(0.0080990,-0.0034415,-0.0040000),(0.0078640,0.0001610,-0.0040000),(0.0080990,-0.0034415,-0.0040000),(0.0080170,-0.0034256,-0.0040000),(0.0078640,0.0001610,-0.0040000),(0.0080170,-0.0034256,-0.0040000),(0.0079487,-0.0033780,-0.0040000),(0.0079487,-0.0033780,-0.0040000),(0.0079027,-0.0033092,-0.0040000),(0.0078873,-0.0032277,-0.0040000),(0.0079487,-0.0033780,-0.0040000),(0.0078873,-0.0032277,-0.0040000),(0.0078873,-0.0009227,-0.0040000),(0.0078640,0.0001610,-0.0040000),(0.0079487,-0.0033780,-0.0040000),(0.0078873,-0.0009227,-0.0040000),(0.0078640,0.0001610,-0.0040000),(0.0078873,-0.0009227,-0.0040000),(0.0078822,-0.0008107,-0.0040000),(0.0078640,0.0001610,-0.0040000),(0.0078822,-0.0008107,-0.0040000),(0.0078669,-0.0007027,-0.0040000),(0.0078640,0.0001610,-0.0040000),(0.0078669,-0.0007027,-0.0040000),(0.0078413,-0.0005987,-0.0040000),(0.0078640,0.0001610,-0.0040000),(0.0078413,-0.0005987,-0.0040000),(0.0078056,-0.0004988,-0.0040000),(0.0078640,0.0001610,-0.0040000),(0.0078056,-0.0004988,-0.0040000),(0.0077596,-0.0004029,-0.0040000),(0.0078640,0.0001610,-0.0040000),(0.0077596,-0.0004029,-0.0040000),(0.0077034,-0.0003111,-0.0040000),(0.0078640,0.0001610,-0.0040000),(0.0077034,-0.0003111,-0.0040000),(0.0076369,-0.0002233,-0.0040000),(0.0078640,0.0001610,-0.0040000),(0.0076369,-0.0002233,-0.0040000),(0.0075603,-0.0001395,-0.0040000),(0.0078640,0.0001610,-0.0040000),(0.0075603,-0.0001395,-0.0040000),(0.0074784,-0.0000631,-0.0040000),(0.0078640,0.0001610,-0.0040000),(0.0074784,-0.0000631,-0.0040000),(0.0073921,0.0000031,-0.0040000),(0.0078640,0.0001610,-0.0040000),(0.0073921,0.0000031,-0.0040000),(0.0073013,0.0000591,-0.0040000),(0.0078640,0.0001610,-0.0040000),(0.0073013,0.0000591,-0.0040000),(0.0072060,0.0001050,-0.0040000),(0.0078640,0.0001610,-0.0040000),(0.0072060,0.0001050,-0.0040000),(0.0071063,0.0001406,-0.0040000),(0.0078640,0.0001610,-0.0040000),(0.0071063,0.0001406,-0.0040000),(0.0070021,0.0001661,-0.0040000),(0.0078640,0.0001610,-0.0040000),(0.0070021,0.0001661,-0.0040000),(0.0068934,0.0001814,-0.0040000),(0.0058208,0.0002665,-0.0040000),(0.0078640,0.0001610,-0.0040000),(0.0068934,0.0001814,-0.0040000),(0.0058208,0.0002665,-0.0040000),(0.0068934,0.0001814,-0.0040000),(0.0067803,0.0001864,-0.0040000),(0.0058208,0.0002665,-0.0040000),(0.0067803,0.0001864,-0.0040000),(0.0066692,0.0001814,-0.0040000),(0.0058208,0.0002665,-0.0040000),(0.0066692,0.0001814,-0.0040000),(0.0065622,0.0001662,-0.0040000),(0.0058208,0.0002665,-0.0040000),(0.0065622,0.0001662,-0.0040000),(0.0064595,0.0001409,-0.0040000),(0.0058208,0.0002665,-0.0040000),(0.0064595,0.0001409,-0.0040000),(0.0063609,0.0001055,-0.0040000),(0.0058208,0.0002665,-0.0040000),(0.0063609,0.0001055,-0.0040000),(0.0062666,0.0000599,-0.0040000),(0.0058208,0.0002665,-0.0040000),(0.0062666,0.0000599,-0.0040000),(0.0061765,0.0000043,-0.0040000),(0.0058208,0.0002665,-0.0040000),(0.0061765,0.0000043,-0.0040000),(0.0060905,-0.0000615,-0.0040000),(0.0058208,0.0002665,-0.0040000),(0.0060905,-0.0000615,-0.0040000),(0.0060088,-0.0001374,-0.0040000),(0.0058208,0.0002665,-0.0040000),(0.0060088,-0.0001374,-0.0040000),(0.0059341,-0.0002205,-0.0040000),(0.0058208,0.0002665,-0.0040000),(0.0059341,-0.0002205,-0.0040000),(0.0058694,-0.0003077,-0.0040000),(0.0058208,0.0002665,-0.0040000),(0.0058694,-0.0003077,-0.0040000),(0.0058147,-0.0003992,-0.0040000),(0.0058208,0.0002665,-0.0040000),(0.0058147,-0.0003992,-0.0040000),(0.0057699,-0.0004949,-0.0040000),(0.0058208,0.0002665,-0.0040000),(0.0057699,-0.0004949,-0.0040000),(0.0057350,-0.0005947,-0.0040000),(0.0058208,0.0002665,-0.0040000),(0.0057350,-0.0005947,-0.0040000),(0.0057101,-0.0006988,-0.0040000),(0.0056952,-0.0008070,-0.0040000),(0.0058208,0.0002665,-0.0040000),(0.0057101,-0.0006988,-0.0040000),(-0.0025121,-0.0030682,-0.0040000),(-0.0024589,-0.0032277,-0.0040000),(-0.0024740,-0.0033076,-0.0040000),(-0.0025121,-0.0030682,-0.0040000),(-0.0024740,-0.0033076,-0.0040000),(-0.0025193,-0.0033759,-0.0040000),(-0.0025121,-0.0030682,-0.0040000),(-0.0025193,-0.0033759,-0.0040000),(-0.0025875,-0.0034251,-0.0040000),(-0.0025121,-0.0030682,-0.0040000),(-0.0025875,-0.0034251,-0.0040000),(-0.0026717,-0.0034415,-0.0040000),(-0.0025121,-0.0030682,-0.0040000),(-0.0026717,-0.0034415,-0.0040000),(-0.0052921,-0.0034415,-0.0040000),(-0.0025121,-0.0030682,-0.0040000),(-0.0052921,-0.0034415,-0.0040000),(-0.0053852,-0.0034211,-0.0040000),(-0.0025121,-0.0030682,-0.0040000),(-0.0053852,-0.0034211,-0.0040000),(-0.0054593,-0.0033600,-0.0040000),(-0.0025121,-0.0030682,-0.0040000),(-0.0054593,-0.0033600,-0.0040000),(-0.0055059,-0.0032277,-0.0040000),(-0.0025121,-0.0030682,-0.0040000),(-0.0055059,-0.0032277,-0.0040000),(-0.0055059,-0.0032119,-0.0040000),(-0.0025121,-0.0030682,-0.0040000),(-0.0055059,-0.0032119,-0.0040000),(-0.0054456,-0.0030827,-0.0040000),(-0.0025121,-0.0030682,-0.0040000),(-0.0054456,-0.0030827,-0.0040000),(-0.0053744,-0.0030319,-0.0040000),(-0.0025121,-0.0030682,-0.0040000),(-0.0053744,-0.0030319,-0.0040000),(-0.0052921,-0.0030150,-0.0040000),(-0.0025121,-0.0030682,-0.0040000),(-0.0052921,-0.0030150,-0.0040000),(-0.0041925,-0.0030150,-0.0040000),(-0.0041925,-0.0030150,-0.0040000),(-0.0041925,0.0003992,-0.0040000),(-0.0041772,0.0004812,-0.0040000),(-0.0041925,-0.0030150,-0.0040000),(-0.0041772,0.0004812,-0.0040000),(-0.0041311,0.0005495,-0.0040000),(-0.0041925,-0.0030150,-0.0040000),(-0.0041311,0.0005495,-0.0040000),(-0.0040629,0.0005955,-0.0040000),(-0.0041925,-0.0030150,-0.0040000),(-0.0040629,0.0005955,-0.0040000),(-0.0039808,0.0006108,-0.0040000),(-0.0041925,-0.0030150,-0.0040000),(-0.0039808,0.0006108,-0.0040000),(-0.0038988,0.0005955,-0.0040000),(-0.0041925,-0.0030150,-0.0040000),(-0.0038988,0.0005955,-0.0040000),(-0.0038305,0.0005495,-0.0040000),(-0.0041925,-0.0030150,-0.0040000),(-0.0038305,0.0005495,-0.0040000),(-0.0037845,0.0004812,-0.0040000),(-0.0041925,-0.0030150,-0.0040000),(-0.0037845,0.0004812,-0.0040000),(-0.0037692,0.0003992,-0.0040000),(-0.0041925,-0.0030150,-0.0040000),(-0.0037692,0.0003992,-0.0040000),(-0.0037692,-0.0030150,-0.0040000),(-0.0025121,-0.0030682,-0.0040000),(-0.0041925,-0.0030150,-0.0040000),(-0.0037692,-0.0030150,-0.0040000),(-0.0025121,-0.0030682,-0.0040000),(-0.0037692,-0.0030150,-0.0040000),(-0.0026717,-0.0030150,-0.0040000),(-0.0025121,-0.0030682,-0.0040000),(-0.0026717,-0.0030150,-0.0040000),(-0.0025786,-0.0030283,-0.0040000)));
#1210=COMPLEX_TRIANGULATED_SURFACE_SET('surface set',#1209,6582,(),(),(),((1,2,3),(4,5,6),(7,8,9),(10,11,12),(13,14,15),(16,17,18),(19,20,21),(22,23,24),(25,26,27),(28,29,30),(31,32,33),(34,35,36),(37,38,39),(40,41,42),(43,44,45),(46,47,48),(49,50,51),(52,53,54),(55,56,57),(58,59,60),(61,62,63),(64,65,66),(67,68,69),(70,71,72),(73,74,75),(76,77,78),(79,80,81),(82,83,84),(85,86,87),(88,89,90),(91,92,93),(94,95,96),(97,98,99),(100,101,102),(103,104,105),(106,107,108),(109,110,111),(112,113,114),(115,116,117),(118,119,120),(121,122,123),(124,125,126),(127,128,129),(130,131,132),(133,134,135),(136,137,138),(139,140,141),(142,143,144),(145,146,147),(148,149,150),(151,152,153),(154,155,156),(157,158,159),(160,161,162),(163,164,165),(166,167,168),(169,170,171),(172,173,174),(175,176,177),(178,179,180),(181,182,183),(184,185,186),(187,188,189),(190,191,192),(193,194,195),(196,197,198),(199,200,201),(202,203,204),(205,206,207),(208,209,210),(211,212,213),(214,215,216),(217,218,219),(220,221,222),(223,224,225),(226,227,228),(229,230,231),(232,233,234),(235,236,237),(238,239,240),(241,242,243),(244,245,246),(247,248,249),(250,251,252),(253,254,255),(256,257,258),(259,260,261),(262,263,264),(265,266,267),(268,269,270),(271,272,273),(274,275,276),(277,278,279),(280,281,282),(283,284,285),(286,287,288),(289,290,291),(292,293,294),(295,296,297),(298,299,300),(301,302,303),(304,305,306),(307,308,309),(310,311,312),(313,314,315),(316,317,318),(319,320,321),(322,323,324),(325,326,327),(328,329,330),(331,332,333),(334,335,336),(337,338,339),(340,341,342),(343,344,345),(346,347,348),(349,350,351),(352,353,354),(355,356,357),(358,359,360),(361,362,363),(364,365,366),(367,368,369),(370,371,372),(373,374,375),(376,377,378),(379,380,381),(382,383,384),(385,386,387),(388,389,390),(391,392,393),(394,395,396),(397,398,399),(400,401,402),(403,404,405),(406,407,408),(409,410,411),(412,413,414),(415,416,417),(418,419,420),(421,422,423),(424,425,426),(427,428,429),(430,431,432),(433,434,435),(436,437,438),(439,440,441),(442,443,444),(445,446,447),(448,449,450),(451,452,453),(454,455,456),(457,458,459),(460,461,462),(463,464,465),(466,467,468),(469,470,471),(472,473,474),(475,476,477),(478,479,480),(481,482,483),(484,485,486),(487,488,489),(490,491,492),(493,494,495),(496,497,498),(499,500,501),(502,503,504),(505,506,507),(508,509,510),(511,512,513),(514,515,516),(517,518,519),(520,521,522),(523,524,525),(526,527,528),(529,530,531),(532,533,534),(535,536,537),(538,539,540),(541,542,543),(544,545,546),(547,548,549),(550,551,552),(553,554,555),(556,557,558),(559,560,561),(562,563,564),(565,566,567),(568,569,570),(571,572,573),(574,575,576),(577,578,579),(580,581,582),(583,584,585),(586,587,588),(589,590,591),(592,593,594),(595,596,597),(598,599,600),(601,602,603),(604,605,606),(607,608,609),(610,611,612),(613,614,615),(616,617,618),(619,620,621),(622,623,624),(625,626,627),(628,629,630),(631,632,633),(634,635,636),(637,638,639),(640,641,642),(643,644,645),(646,647,648),(649,650,651),(652,653,654),(655,656,657),(658,659,660),(661,662,663),(664,665,666),(667,668,669),(670,671,672),(673,674,675),(676,677,678),(679,680,681),(682,683,684),(685,686,687),(688,689,690),(691,692,693),(694,695,696),(697,698,699),(700,701,702),(703,704,705),(706,707,708),(709,710,711),(712,713,714),(715,716,717),(718,719,720),(721,722,723),(724,725,726),(727,728,729),(730,731,732),(733,734,735),(736,737,738),(739,740,741),(742,743,744),(745,746,747),(748,749,750),(751,752,753),(754,755,756),(757,758,759),(760,761,762),(763,764,765),(766,767,768),(769,770,771),(772,773,774),(775,776,777),(778,779,780),(781,782,783),(784,785,786),(787,788,789),(790,791,792),(793,794,795),(796,797,798),(799,800,801),(802,803,804),(805,806,807),(808,809,810),(811,812,813),(814,815,816),(817,818,819),(820,821,822),(823,824,825),(826,827,828),(829,830,831),(832,833,834),(835,836,837),(838,839,840),(841,842,843),(844,845,846),(847,848,849),(850,851,852),(853,854,855),(856,857,858),(859,860,861),(862,863,864),(865,866,867),(868,869,870),(871,872,873),(874,875,876),(877,878,879),(880,881,882),(883,884,885),(886,887,888),(889,890,891),(892,893,894),(895,896,897),(898,899,900),(901,902,903),(904,905,906),(907,908,909),(910,911,912),(913,914,915),(916,917,918),(919,920,921),(922,923,924),(925,926,927),(928,929,930),(931,932,933),(934,935,936),(937,938,939),(940,941,942),(943,944,945),(946,947,948),(949,950,951),(952,953,954),(955,956,957),(958,959,960),(961,962,963),(964,965,966),(967,968,969),(970,971,972),(973,974,975),(976,977,978),(979,980,981),(982,983,984),(985,986,987),(988,989,990),(991,992,993),(994,995,996),(997,998,999),(1000,1001,1002),(1003,1004,1005),(1006,1007,1008),(1009,1010,1011),(1012,1013,1014),(1015,1016,1017),(1018,1019,1020),(1021,1022,1023),(1024,1025,1026),(1027,1028,1029),(1030,1031,1032),(1033,1034,1035),(1036,1037,1038),(1039,1040,1041),(1042,1043,1044),(1045,1046,1047),(1048,1049,1050),(1051,1052,1053),(1054,1055,1056),(1057,1058,1059),(1060,1061,1062),(1063,1064,1065),(1066,1067,1068),(1069,1070,1071),(1072,1073,1074),(1075,1076,1077),(1078,1079,1080),(1081,1082,1083),(1084,1085,1086),(1087,1088,1089),(1090,1091,1092),(1093,1094,1095),(1096,1097,1098),(1099,1100,1101),(1102,1103,1104),(1105,1106,1107),(1108,1109,1110),(1111,1112,1113),(1114,1115,1116),(1117,1118,1119),(1120,1121,1122),(1123,1124,1125),(1126,1127,1128),(1129,1130,1131),(1132,1133,1134),(1135,1136,1137),(1138,1139,1140),(1141,1142,1143),(1144,1145,1146),(1147,1148,1149),(1150,1151,1152),(1153,1154,1155),(1156,1157,1158),(1159,1160,1161),(1162,1163,1164),(1165,1166,1167),(1168,1169,1170),(1171,1172,1173),(1174,1175,1176),(1177,1178,1179),(1180,1181,1182),(1183,1184,1185),(1186,1187,1188),(1189,1190,1191),(1192,1193,1194),(1195,1196,1197),(1198,1199,1200),(1201,1202,1203),(1204,1205,1206),(1207,1208,1209),(1210,1211,1212),(1213,1214,1215),(1216,1217,1218),(1219,1220,1221),(1222,1223,1224),(1225,1226,1227),(1228,1229,1230),(1231,1232,1233),(1234,1235,1236),(1237,1238,1239),(1240,1241,1242),(1243,1244,1245),(1246,1247,1248),(1249,1250,1251),(1252,1253,1254),(1255,1256,1257),(1258,1259,1260),(1261,1262,1263),(1264,1265,1266),(1267,1268,1269),(1270,1271,1272),(1273,1274,1275),(1276,1277,1278),(1279,1280,1281),(1282,1283,1284),(1285,1286,1287),(1288,1289,1290),(1291,1292,1293),(1294,1295,1296),(1297,1298,1299),(1300,1301,1302),(1303,1304,1305),(1306,1307,1308),(1309,1310,1311),(1312,1313,1314),(1315,1316,1317),(1318,1319,1320),(1321,1322,1323),(1324,1325,1326),(1327,1328,1329),(1330,1331,1332),(1333,1334,1335),(1336,1337,1338),(1339,1340,1341),(1342,1343,1344),(1345,1346,1347),(1348,1349,1350),(1351,1352,1353),(1354,1355,1356),(1357,1358,1359),(1360,1361,1362),(1363,1364,1365),(1366,1367,1368),(1369,1370,1371),(1372,1373,1374),(1375,1376,1377),(1378,1379,1380),(1381,1382,1383),(1384,1385,1386),(1387,1388,1389),(1390,1391,1392),(1393,1394,1395),(1396,1397,1398),(1399,1400,1401),(1402,1403,1404),(1405,1406,1407),(1408,1409,1410),(1411,1412,1413),(1414,1415,1416),(1417,1418,1419),(1420,1421,1422),(1423,1424,1425),(1426,1427,1428),(1429,1430,1431),(1432,1433,1434),(1435,1436,1437),(1438,1439,1440),(1441,1442,1443),(1444,1445,1446),(1447,1448,1449),(1450,1451,1452),(1453,1454,1455),(1456,1457,1458),(1459,1460,1461),(1462,1463,1464),(1465,1466,1467),(1468,1469,1470),(1471,1472,1473),(1474,1475,1476),(1477,1478,1479),(1480,1481,1482),(1483,1484,1485),(1486,1487,1488),(1489,1490,1491),(1492,1493,1494),(1495,1496,1497),(1498,1499,1500),(1501,1502,1503),(1504,1505,1506),(1507,1508,1509),(1510,1511,1512),(1513,1514,1515),(1516,1517,1518),(1519,1520,1521),(1522,1523,1524),(1525,1526,1527),(1528,1529,1530),(1531,1532,1533),(1534,1535,1536),(1537,1538,1539),(1540,1541,1542),(1543,1544,1545),(1546,1547,1548),(1549,1550,1551),(1552,1553,1554),(1555,1556,1557),(1558,1559,1560),(1561,1562,1563),(1564,1565,1566),(1567,1568,1569),(1570,1571,1572),(1573,1574,1575),(1576,1577,1578),(1579,1580,1581),(1582,1583,1584),(1585,1586,1587),(1588,1589,1590),(1591,1592,1593),(1594,1595,1596),(1597,1598,1599),(1600,1601,1602),(1603,1604,1605),(1606,1607,1608),(1609,1610,1611),(1612,1613,1614),(1615,1616,1617),(1618,1619,1620),(1621,1622,1623),(1624,1625,1626),(1627,1628,1629),(1630,1631,1632),(1633,1634,1635),(1636,1637,1638),(1639,1640,1641),(1642,1643,1644),(1645,1646,1647),(1648,1649,1650),(1651,1652,1653),(1654,1655,1656),(1657,1658,1659),(1660,1661,1662),(1663,1664,1665),(1666,1667,1668),(1669,1670,1671),(1672,1673,1674),(1675,1676,1677),(1678,1679,1680),(1681,1682,1683),(1684,1685,1686),(1687,1688,1689),(1690,1691,1692),(1693,1694,1695),(1696,1697,1698),(1699,1700,1701),(1702,1703,1704),(1705,1706,1707),(1708,1709,1710),(1711,1712,1713),(1714,1715,1716),(1717,1718,1719),(1720,1721,1722),(1723,1724,1725),(1726,1727,1728),(1729,1730,1731),(1732,1733,1734),(1735,1736,1737),(1738,1739,1740),(1741,1742,1743),(1744,1745,1746),(1747,1748,1749),(1750,1751,1752),(1753,1754,1755),(1756,1757,1758),(1759,1760,1761),(1762,1763,1764),(1765,1766,1767),(1768,1769,1770),(1771,1772,1773),(1774,1775,1776),(1777,1778,1779),(1780,1781,1782),(1783,1784,1785),(1786,1787,1788),(1789,1790,1791),(1792,1793,1794),(1795,1796,1797),(1798,1799,1800),(1801,1802,1803),(1804,1805,1806),(1807,1808,1809),(1810,1811,1812),(1813,1814,1815),(1816,1817,1818),(1819,1820,1821),(1822,1823,1824),(1825,1826,1827),(1828,1829,1830),(1831,1832,1833),(1834,1835,1836),(1837,1838,1839),(1840,1841,1842),(1843,1844,1845),(1846,1847,1848),(1849,1850,1851),(1852,1853,1854),(1855,1856,1857),(1858,1859,1860),(1861,1862,1863),(1864,1865,1866),(1867,1868,1869),(1870,1871,1872),(1873,1874,1875),(1876,1877,1878),(1879,1880,1881),(1882,1883,1884),(1885,1886,1887),(1888,1889,1890),(1891,1892,1893),(1894,1895,1896),(1897,1898,1899),(1900,1901,1902),(1903,1904,1905),(1906,1907,1908),(1909,1910,1911),(1912,1913,1914),(1915,1916,1917),(1918,1919,1920),(1921,1922,1923),(1924,1925,1926),(1927,1928,1929),(1930,1931,1932),(1933,1934,1935),(1936,1937,1938),(1939,1940,1941),(1942,1943,1944),(1945,1946,1947),(1948,1949,1950),(1951,1952,1953),(1954,1955,1956),(1957,1958,1959),(1960,1961,1962),(1963,1964,1965),(1966,1967,1968),(1969,1970,1971),(1972,1973,1974),(1975,1976,1977),(1978,1979,1980),(1981,1982,1983),(1984,1985,1986),(1987,1988,1989),(1990,1991,1992),(1993,1994,1995),(1996,1997,1998),(1999,2000,2001),(2002,2003,2004),(2005,2006,2007),(2008,2009,2010),(2011,2012,2013),(2014,2015,2016),(2017,2018,2019),(2020,2021,2022),(2023,2024,2025),(2026,2027,2028),(2029,2030,2031),(2032,2033,2034),(2035,2036,2037),(2038,2039,2040),(2041,2042,2043),(2044,2045,2046),(2047,2048,2049),(2050,2051,2052),(2053,2054,2055),(2056,2057,2058),(2059,2060,2061),(2062,2063,2064),(2065,2066,2067),(2068,2069,2070),(2071,2072,2073),(2074,2075,2076),(2077,2078,2079),(2080,2081,2082),(2083,2084,2085),(2086,2087,2088),(2089,2090,2091),(2092,2093,2094),(2095,2096,2097),(2098,2099,2100),(2101,2102,2103),(2104,2105,2106),(2107,2108,2109),(2110,2111,2112),(2113,2114,2115),(2116,2117,2118),(2119,2120,2121),(2122,2123,2124),(2125,2126,2127),(2128,2129,2130),(2131,2132,2133),(2134,2135,2136),(2137,2138,2139),(2140,2141,2142),(2143,2144,2145),(2146,2147,2148),(2149,2150,2151),(2152,2153,2154),(2155,2156,2157),(2158,2159,2160),(2161,2162,2163),(2164,2165,2166),(2167,2168,2169),(2170,2171,2172),(2173,2174,2175),(2176,2177,2178),(2179,2180,2181),(2182,2183,2184),(2185,2186,2187),(2188,2189,2190),(2191,2192,2193),(2194,2195,2196),(2197,2198,2199),(2200,2201,2202),(2203,2204,2205),(2206,2207,2208),(2209,2210,2211),(2212,2213,2214),(2215,2216,2217),(2218,2219,2220),(2221,2222,2223),(2224,2225,2226),(2227,2228,2229),(2230,2231,2232),(2233,2234,2235),(2236,2237,2238),(2239,2240,2241),(2242,2243,2244),(2245,2246,2247),(2248,2249,2250),(2251,2252,2253),(2254,2255,2256),(2257,2258,2259),(2260,2261,2262),(2263,2264,2265),(2266,2267,2268),(2269,2270,2271),(2272,2273,2274),(2275,2276,2277),(2278,2279,2280),(2281,2282,2283),(2284,2285,2286),(2287,2288,2289),(2290,2291,2292),(2293,2294,2295),(2296,2297,2298),(2299,2300,2301),(2302,2303,2304),(2305,2306,2307),(2308,2309,2310),(2311,2312,2313),(2314,2315,2316),(2317,2318,2319),(2320,2321,2322),(2323,2324,2325),(2326,2327,2328),(2329,2330,2331),(2332,2333,2334),(2335,2336,2337),(2338,2339,2340),(2341,2342,2343),(2344,2345,2346),(2347,2348,2349),(2350,2351,2352),(2353,2354,2355),(2356,2357,2358),(2359,2360,2361),(2362,2363,2364),(2365,2366,2367),(2368,2369,2370),(2371,2372,2373),(2374,2375,2376),(2377,2378,2379),(2380,2381,2382),(2383,2384,2385),(2386,2387,2388),(2389,2390,2391),(2392,2393,2394),(2395,2396,2397),(2398,2399,2400),(2401,2402,2403),(2404,2405,2406),(2407,2408,2409),(2410,2411,2412),(2413,2414,2415),(2416,2417,2418),(2419,2420,2421),(2422,2423,2424),(2425,2426,2427),(2428,2429,2430),(2431,2432,2433),(2434,2435,2436),(2437,2438,2439),(2440,2441,2442),(2443,2444,2445),(2446,2447,2448),(2449,2450,2451),(2452,2453,2454),(2455,2456,2457),(2458,2459,2460),(2461,2462,2463),(2464,2465,2466),(2467,2468,2469),(2470,2471,2472),(2473,2474,2475),(2476,2477,2478),(2479,2480,2481),(2482,2483,2484),(2485,2486,2487),(2488,2489,2490),(2491,2492,2493),(2494,2495,2496),(2497,2498,2499),(2500,2501,2502),(2503,2504,2505),(2506,2507,2508),(2509,2510,2511),(2512,2513,2514),(2515,2516,2517),(2518,2519,2520),(2521,2522,2523),(2524,2525,2526),(2527,2528,2529),(2530,2531,2532),(2533,2534,2535),(2536,2537,2538),(2539,2540,2541),(2542,2543,2544),(2545,2546,2547),(2548,2549,2550),(2551,2552,2553),(2554,2555,2556),(2557,2558,2559),(2560,2561,2562),(2563,2564,2565),(2566,2567,2568),(2569,2570,2571),(2572,2573,2574),(2575,2576,2577),(2578,2579,2580),(2581,2582,2583),(2584,2585,2586),(2587,2588,2589),(2590,2591,2592),(2593,2594,2595),(2596,2597,2598),(2599,2600,2601),(2602,2603,2604),(2605,2606,2607),(2608,2609,2610),(2611,2612,2613),(2614,2615,2616),(2617,2618,2619),(2620,2621,2622),(2623,2624,2625),(2626,2627,2628),(2629,2630,2631),(2632,2633,2634),(2635,2636,2637),(2638,2639,2640),(2641,2642,2643),(2644,2645,2646),(2647,2648,2649),(2650,2651,2652),(2653,2654,2655),(2656,2657,2658),(2659,2660,2661),(2662,2663,2664),(2665,2666,2667),(2668,2669,2670),(2671,2672,2673),(2674,2675,2676),(2677,2678,2679),(2680,2681,2682),(2683,2684,2685),(2686,2687,2688),(2689,2690,2691),(2692,2693,2694),(2695,2696,2697),(2698,2699,2700),(2701,2702,2703),(2704,2705,2706),(2707,2708,2709),(2710,2711,2712),(2713,2714,2715),(2716,2717,2718),(2719,2720,2721),(2722,2723,2724),(2725,2726,2727),(2728,2729,2730),(2731,2732,2733),(2734,2735,2736),(2737,2738,2739),(2740,2741,2742),(2743,2744,2745),(2746,2747,2748),(2749,2750,2751),(2752,2753,2754),(2755,2756,2757),(2758,2759,2760),(2761,2762,2763),(2764,2765,2766),(2767,2768,2769),(2770,2771,2772),(2773,2774,2775),(2776,2777,2778),(2779,2780,2781),(2782,2783,2784),(2785,2786,2787),(2788,2789,2790),(2791,2792,2793),(2794,2795,2796),(2797,2798,2799),(2800,2801,2802),(2803,2804,2805),(2806,2807,2808),(2809,2810,2811),(2812,2813,2814),(2815,2816,2817),(2818,2819,2820),(2821,2822,2823),(2824,2825,2826),(2827,2828,2829),(2830,2831,2832),(2833,2834,2835),(2836,2837,2838),(2839,2840,2841),(2842,2843,2844),(2845,2846,2847),(2848,2849,2850),(2851,2852,2853),(2854,2855,2856),(2857,2858,2859),(2860,2861,2862),(2863,2864,2865),(2866,2867,2868),(2869,2870,2871),(2872,2873,2874),(2875,2876,2877),(2878,2879,2880),(2881,2882,2883),(2884,2885,2886),(2887,2888,2889),(2890,2891,2892),(2893,2894,2895),(2896,2897,2898),(2899,2900,2901),(2902,2903,2904),(2905,2906,2907),(2908,2909,2910),(2911,2912,2913),(2914,2915,2916),(2917,2918,2919),(2920,2921,2922),(2923,2924,2925),(2926,2927,2928),(2929,2930,2931),(2932,2933,2934),(2935,2936,2937),(2938,2939,2940),(2941,2942,2943),(2944,2945,2946),(2947,2948,2949),(2950,2951,2952),(2953,2954,2955),(2956,2957,2958),(2959,2960,2961),(2962,2963,2964),(2965,2966,2967),(2968,2969,2970),(2971,2972,2973),(2974,2975,2976),(2977,2978,2979),(2980,2981,2982),(2983,2984,2985),(2986,2987,2988),(2989,2990,2991),(2992,2993,2994),(2995,2996,2997),(2998,2999,3000),(3001,3002,3003),(3004,3005,3006),(3007,3008,3009),(3010,3011,3012),(3013,3014,3015),(3016,3017,3018),(3019,3020,3021),(3022,3023,3024),(3025,3026,3027),(3028,3029,3030),(3031,3032,3033),(3034,3035,3036),(3037,3038,3039),(3040,3041,3042),(3043,3044,3045),(3046,3047,3048),(3049,3050,3051),(3052,3053,3054),(3055,3056,3057),(3058,3059,3060),(3061,3062,3063),(3064,3065,3066),(3067,3068,3069),(3070,3071,3072),(3073,3074,3075),(3076,3077,3078),(3079,3080,3081),(3082,3083,3084),(3085,3086,3087),(3088,3089,3090),(3091,3092,3093),(3094,3095,3096),(3097,3098,3099),(3100,3101,3102),(3103,3104,3105),(3106,3107,3108),(3109,3110,3111),(3112,3113,3114),(3115,3116,3117),(3118,3119,3120),(3121,3122,3123),(3124,3125,3126),(3127,3128,3129),(3130,3131,3132),(3133,3134,3135),(3136,3137,3138),(3139,3140,3141),(3142,3143,3144),(3145,3146,3147),(3148,3149,3150),(3151,3152,3153),(3154,3155,3156),(3157,3158,3159),(3160,3161,3162),(3163,3164,3165),(3166,3167,3168),(3169,3170,3171),(3172,3173,3174),(3175,3176,3177),(3178,3179,3180),(3181,3182,3183),(3184,3185,3186),(3187,3188,3189),(3190,3191,3192),(3193,3194,3195),(3196,3197,3198),(3199,3200,3201),(3202,3203,3204),(3205,3206,3207),(3208,3209,3210),(3211,3212,3213),(3214,3215,3216),(3217,3218,3219),(3220,3221,3222),(3223,3224,3225),(3226,3227,3228),(3229,3230,3231),(3232,3233,3234),(3235,3236,3237),(3238,3239,3240),(3241,3242,3243),(3244,3245,3246),(3247,3248,3249),(3250,3251,3252),(3253,3254,3255),(3256,3257,3258),(3259,3260,3261),(3262,3263,3264),(3265,3266,3267),(3268,3269,3270),(3271,3272,3273),(3274,3275,3276),(3277,3278,3279),(3280,3281,3282),(3283,3284,3285),(3286,3287,3288),(3289,3290,3291),(3292,3293,3294),(3295,3296,3297),(3298,3299,3300),(3301,3302,3303),(3304,3305,3306),(3307,3308,3309),(3310,3311,3312),(3313,3314,3315),(3316,3317,3318),(3319,3320,3321),(3322,3323,3324),(3325,3326,3327),(3328,3329,3330),(3331,3332,3333),(3334,3335,3336),(3337,3338,3339),(3340,3341,3342),(3343,3344,3345),(3346,3347,3348),(3349,3350,3351),(3352,3353,3354),(3355,3356,3357),(3358,3359,3360),(3361,3362,3363),(3364,3365,3366),(3367,3368,3369),(3370,3371,3372),(3373,3374,3375),(3376,3377,3378),(3379,3380,3381),(3382,3383,3384),(3385,3386,3387),(3388,3389,3390),(3391,3392,3393),(3394,3395,3396),(3397,3398,3399),(3400,3401,3402),(3403,3404,3405),(3406,3407,3408),(3409,3410,3411),(3412,3413,3414),(3415,3416,3417),(3418,3419,3420),(3421,3422,3423),(3424,3425,3426),(3427,3428,3429),(3430,3431,3432),(3433,3434,3435),(3436,3437,3438),(3439,3440,3441),(3442,3443,3444),(3445,3446,3447),(3448,3449,3450),(3451,3452,3453),(3454,3455,3456),(3457,3458,3459),(3460,3461,3462),(3463,3464,3465),(3466,3467,3468),(3469,3470,3471),(3472,3473,3474),(3475,3476,3477),(3478,3479,3480),(3481,3482,3483),(3484,3485,3486),(3487,3488,3489),(3490,3491,3492),(3493,3494,3495),(3496,3497,3498),(3499,3500,3501),(3502,3503,3504),(3505,3506,3507),(3508,3509,3510),(3511,3512,3513),(3514,3515,3516),(3517,3518,3519),(3520,3521,3522),(3523,3524,3525),(3526,3527,3528),(3529,3530,3531),(3532,3533,3534),(3535,3536,3537),(3538,3539,3540),(3541,3542,3543),(3544,3545,3546),(3547,3548,3549),(3550,3551,3552),(3553,3554,3555),(3556,3557,3558),(3559,3560,3561),(3562,3563,3564),(3565,3566,3567),(3568,3569,3570),(3571,3572,3573),(3574,3575,3576),(3577,3578,3579),(3580,3581,3582),(3583,3584,3585),(3586,3587,3588),(3589,3590,3591),(3592,3593,3594),(3595,3596,3597),(3598,3599,3600),(3601,3602,3603),(3604,3605,3606),(3607,3608,3609),(3610,3611,3612),(3613,3614,3615),(3616,3617,3618),(3619,3620,3621),(3622,3623,3624),(3625,3626,3627),(3628,3629,3630),(3631,3632,3633),(3634,3635,3636),(3637,3638,3639),(3640,3641,3642),(3643,3644,3645),(3646,3647,3648),(3649,3650,3651),(3652,3653,3654),(3655,3656,3657),(3658,3659,3660),(3661,3662,3663),(3664,3665,3666),(3667,3668,3669),(3670,3671,3672),(3673,3674,3675),(3676,3677,3678),(3679,3680,3681),(3682,3683,3684),(3685,3686,3687),(3688,3689,3690),(3691,3692,3693),(3694,3695,3696),(3697,3698,3699),(3700,3701,3702),(3703,3704,3705),(3706,3707,3708),(3709,3710,3711),(3712,3713,3714),(3715,3716,3717),(3718,3719,3720),(3721,3722,3723),(3724,3725,3726),(3727,3728,3729),(3730,3731,3732),(3733,3734,3735),(3736,3737,3738),(3739,3740,3741),(3742,3743,3744),(3745,3746,3747),(3748,3749,3750),(3751,3752,3753),(3754,3755,3756),(3757,3758,3759),(3760,3761,3762),(3763,3764,3765),(3766,3767,3768),(3769,3770,3771),(3772,3773,3774),(3775,3776,3777),(3778,3779,3780),(3781,3782,3783),(3784,3785,3786),(3787,3788,3789),(3790,3791,3792),(3793,3794,3795),(3796,3797,3798),(3799,3800,3801),(3802,3803,3804),(3805,3806,3807),(3808,3809,3810),(3811,3812,3813),(3814,3815,3816),(3817,3818,3819),(3820,3821,3822),(3823,3824,3825),(3826,3827,3828),(3829,3830,3831),(3832,3833,3834),(3835,3836,3837),(3838,3839,3840),(3841,3842,3843),(3844,3845,3846),(3847,3848,3849),(3850,3851,3852),(3853,3854,3855),(3856,3857,3858),(3859,3860,3861),(3862,3863,3864),(3865,3866,3867),(3868,3869,3870),(3871,3872,3873),(3874,3875,3876),(3877,3878,3879),(3880,3881,3882),(3883,3884,3885),(3886,3887,3888),(3889,3890,3891),(3892,3893,3894),(3895,3896,3897),(3898,3899,3900),(3901,3902,3903),(3904,3905,3906),(3907,3908,3909),(3910,3911,3912),(3913,3914,3915),(3916,3917,3918),(3919,3920,3921),(3922,3923,3924),(3925,3926,3927),(3928,3929,3930),(3931,3932,3933),(3934,3935,3936),(3937,3938,3939),(3940,3941,3942),(3943,3944,3945),(3946,3947,3948),(3949,3950,3951),(3952,3953,3954),(3955,3956,3957),(3958,3959,3960),(3961,3962,3963),(3964,3965,3966),(3967,3968,3969),(3970,3971,3972),(3973,3974,3975),(3976,3977,3978),(3979,3980,3981),(3982,3983,3984),(3985,3986,3987),(3988,3989,3990),(3991,3992,3993),(3994,3995,3996),(3997,3998,3999),(4000,4001,4002),(4003,4004,4005),(4006,4007,4008),(4009,4010,4011),(4012,4013,4014),(4015,4016,4017),(4018,4019,4020),(4021,4022,4023),(4024,4025,4026),(4027,4028,4029),(4030,4031,4032),(4033,4034,4035),(4036,4037,4038),(4039,4040,4041),(4042,4043,4044),(4045,4046,4047),(4048,4049,4050),(4051,4052,4053),(4054,4055,4056),(4057,4058,4059),(4060,4061,4062),(4063,4064,4065),(4066,4067,4068),(4069,4070,4071),(4072,4073,4074),(4075,4076,4077),(4078,4079,4080),(4081,4082,4083),(4084,4085,4086),(4087,4088,4089),(4090,4091,4092),(4093,4094,4095),(4096,4097,4098),(4099,4100,4101),(4102,4103,4104),(4105,4106,4107),(4108,4109,4110),(4111,4112,4113),(4114,4115,4116),(4117,4118,4119),(4120,4121,4122),(4123,4124,4125),(4126,4127,4128),(4129,4130,4131),(4132,4133,4134),(4135,4136,4137),(4138,4139,4140),(4141,4142,4143),(4144,4145,4146),(4147,4148,4149),(4150,4151,4152),(4153,4154,4155),(4156,4157,4158),(4159,4160,4161),(4162,4163,4164),(4165,4166,4167),(4168,4169,4170),(4171,4172,4173),(4174,4175,4176),(4177,4178,4179),(4180,4181,4182),(4183,4184,4185),(4186,4187,4188),(4189,4190,4191),(4192,4193,4194),(4195,4196,4197),(4198,4199,4200),(4201,4202,4203),(4204,4205,4206),(4207,4208,4209),(4210,4211,4212),(4213,4214,4215),(4216,4217,4218),(4219,4220,4221),(4222,4223,4224),(4225,4226,4227),(4228,4229,4230),(4231,4232,4233),(4234,4235,4236),(4237,4238,4239),(4240,4241,4242),(4243,4244,4245),(4246,4247,4248),(4249,4250,4251),(4252,4253,4254),(4255,4256,4257),(4258,4259,4260),(4261,4262,4263),(4264,4265,4266),(4267,4268,4269),(4270,4271,4272),(4273,4274,4275),(4276,4277,4278),(4279,4280,4281),(4282,4283,4284),(4285,4286,4287),(4288,4289,4290),(4291,4292,4293),(4294,4295,4296),(4297,4298,4299),(4300,4301,4302),(4303,4304,4305),(4306,4307,4308),(4309,4310,4311),(4312,4313,4314),(4315,4316,4317),(4318,4319,4320),(4321,4322,4323),(4324,4325,4326),(4327,4328,4329),(4330,4331,4332),(4333,4334,4335),(4336,4337,4338),(4339,4340,4341),(4342,4343,4344),(4345,4346,4347),(4348,4349,4350),(4351,4352,4353),(4354,4355,4356),(4357,4358,4359),(4360,4361,4362),(4363,4364,4365),(4366,4367,4368),(4369,4370,4371),(4372,4373,4374),(4375,4376,4377),(4378,4379,4380),(4381,4382,4383),(4384,4385,4386),(4387,4388,4389),(4390,4391,4392),(4393,4394,4395),(4396,4397,4398),(4399,4400,4401),(4402,4403,4404),(4405,4406,4407),(4408,4409,4410),(4411,4412,4413),(4414,4415,4416),(4417,4418,4419),(4420,4421,4422),(4423,4424,4425),(4426,4427,4428),(4429,4430,4431),(4432,4433,4434),(4435,4436,4437),(4438,4439,4440),(4441,4442,4443),(4444,4445,4446),(4447,4448,4449),(4450,4451,4452),(4453,4454,4455),(4456,4457,4458),(4459,4460,4461),(4462,4463,4464),(4465,4466,4467),(4468,4469,4470),(4471,4472,4473),(4474,4475,4476),(4477,4478,4479),(4480,4481,4482),(4483,4484,4485),(4486,4487,4488),(4489,4490,4491),(4492,4493,4494),(4495,4496,4497),(4498,4499,4500),(4501,4502,4503),(4504,4505,4506),(4507,4508,4509),(4510,4511,4512),(4513,4514,4515),(4516,4517,4518),(4519,4520,4521),(4522,4523,4524),(4525,4526,4527),(4528,4529,4530),(4531,4532,4533),(4534,4535,4536),(4537,4538,4539),(4540,4541,4542),(4543,4544,4545),(4546,4547,4548),(4549,4550,4551),(4552,4553,4554),(4555,4556,4557),(4558,4559,4560),(4561,4562,4563),(4564,4565,4566),(4567,4568,4569),(4570,4571,4572),(4573,4574,4575),(4576,4577,4578),(4579,4580,4581),(4582,4583,4584),(4585,4586,4587),(4588,4589,4590),(4591,4592,4593),(4594,4595,4596),(4597,4598,4599),(4600,4601,4602),(4603,4604,4605),(4606,4607,4608),(4609,4610,4611),(4612,4613,4614),(4615,4616,4617),(4618,4619,4620),(4621,4622,4623),(4624,4625,4626),(4627,4628,4629),(4630,4631,4632),(4633,4634,4635),(4636,4637,4638),(4639,4640,4641),(4642,4643,4644),(4645,4646,4647),(4648,4649,4650),(4651,4652,4653),(4654,4655,4656),(4657,4658,4659),(4660,4661,4662),(4663,4664,4665),(4666,4667,4668),(4669,4670,4671),(4672,4673,4674),(4675,4676,4677),(4678,4679,4680),(4681,4682,4683),(4684,4685,4686),(4687,4688,4689),(4690,4691,4692),(4693,4694,4695),(4696,4697,4698),(4699,4700,4701),(4702,4703,4704),(4705,4706,4707),(4708,4709,4710),(4711,4712,4713),(4714,4715,4716),(4717,4718,4719),(4720,4721,4722),(4723,4724,4725),(4726,4727,4728),(4729,4730,4731),(4732,4733,4734),(4735,4736,4737),(4738,4739,4740),(4741,4742,4743),(4744,4745,4746),(4747,4748,4749),(4750,4751,4752),(4753,4754,4755),(4756,4757,4758),(4759,4760,4761),(4762,4763,4764),(4765,4766,4767),(4768,4769,4770),(4771,4772,4773),(4774,4775,4776),(4777,4778,4779),(4780,4781,4782),(4783,4784,4785),(4786,4787,4788),(4789,4790,4791),(4792,4793,4794),(4795,4796,4797),(4798,4799,4800),(4801,4802,4803),(4804,4805,4806),(4807,4808,4809),(4810,4811,4812),(4813,4814,4815),(4816,4817,4818),(4819,4820,4821),(4822,4823,4824),(4825,4826,4827),(4828,4829,4830),(4831,4832,4833),(4834,4835,4836),(4837,4838,4839),(4840,4841,4842),(4843,4844,4845),(4846,4847,4848),(4849,4850,4851),(4852,4853,4854),(4855,4856,4857),(4858,4859,4860),(4861,4862,4863),(4864,4865,4866),(4867,4868,4869),(4870,4871,4872),(4873,4874,4875),(4876,4877,4878),(4879,4880,4881),(4882,4883,4884),(4885,4886,4887),(4888,4889,4890),(4891,4892,4893),(4894,4895,4896),(4897,4898,4899),(4900,4901,4902),(4903,4904,4905),(4906,4907,4908),(4909,4910,4911),(4912,4913,4914),(4915,4916,4917),(4918,4919,4920),(4921,4922,4923),(4924,4925,4926),(4927,4928,4929),(4930,4931,4932),(4933,4934,4935),(4936,4937,4938),(4939,4940,4941),(4942,4943,4944),(4945,4946,4947),(4948,4949,4950),(4951,4952,4953),(4954,4955,4956),(4957,4958,4959),(4960,4961,4962),(4963,4964,4965),(4966,4967,4968),(4969,4970,4971),(4972,4973,4974),(4975,4976,4977),(4978,4979,4980),(4981,4982,4983),(4984,4985,4986),(4987,4988,4989),(4990,4991,4992),(4993,4994,4995),(4996,4997,4998),(4999,5000,5001),(5002,5003,5004),(5005,5006,5007),(5008,5009,5010),(5011,5012,5013),(5014,5015,5016),(5017,5018,5019),(5020,5021,5022),(5023,5024,5025),(5026,5027,5028),(5029,5030,5031),(5032,5033,5034),(5035,5036,5037),(5038,5039,5040),(5041,5042,5043),(5044,5045,5046),(5047,5048,5049),(5050,5051,5052),(5053,5054,5055),(5056,5057,5058),(5059,5060,5061),(5062,5063,5064),(5065,5066,5067),(5068,5069,5070),(5071,5072,5073),(5074,5075,5076),(5077,5078,5079),(5080,5081,5082),(5083,5084,5085),(5086,5087,5088),(5089,5090,5091),(5092,5093,5094),(5095,5096,5097),(5098,5099,5100),(5101,5102,5103),(5104,5105,5106),(5107,5108,5109),(5110,5111,5112),(5113,5114,5115),(5116,5117,5118),(5119,5120,5121),(5122,5123,5124),(5125,5126,5127),(5128,5129,5130),(5131,5132,5133),(5134,5135,5136),(5137,5138,5139),(5140,5141,5142),(5143,5144,5145),(5146,5147,5148),(5149,5150,5151),(5152,5153,5154),(5155,5156,5157),(5158,5159,5160),(5161,5162,5163),(5164,5165,5166),(5167,5168,5169),(5170,5171,5172),(5173,5174,5175),(5176,5177,5178),(5179,5180,5181),(5182,5183,5184),(5185,5186,5187),(5188,5189,5190),(5191,5192,5193),(5194,5195,5196),(5197,5198,5199),(5200,5201,5202),(5203,5204,5205),(5206,5207,5208),(5209,5210,5211),(5212,5213,5214),(5215,5216,5217),(5218,5219,5220),(5221,5222,5223),(5224,5225,5226),(5227,5228,5229),(5230,5231,5232),(5233,5234,5235),(5236,5237,5238),(5239,5240,5241),(5242,5243,5244),(5245,5246,5247),(5248,5249,5250),(5251,5252,5253),(5254,5255,5256),(5257,5258,5259),(5260,5261,5262),(5263,5264,5265),(5266,5267,5268),(5269,5270,5271),(5272,5273,5274),(5275,5276,5277),(5278,5279,5280),(5281,5282,5283),(5284,5285,5286),(5287,5288,5289),(5290,5291,5292),(5293,5294,5295),(5296,5297,5298),(5299,5300,5301),(5302,5303,5304),(5305,5306,5307),(5308,5309,5310),(5311,5312,5313),(5314,5315,5316),(5317,5318,5319),(5320,5321,5322),(5323,5324,5325),(5326,5327,5328),(5329,5330,5331),(5332,5333,5334),(5335,5336,5337),(5338,5339,5340),(5341,5342,5343),(5344,5345,5346),(5347,5348,5349),(5350,5351,5352),(5353,5354,5355),(5356,5357,5358),(5359,5360,5361),(5362,5363,5364),(5365,5366,5367),(5368,5369,5370),(5371,5372,5373),(5374,5375,5376),(5377,5378,5379),(5380,5381,5382),(5383,5384,5385),(5386,5387,5388),(5389,5390,5391),(5392,5393,5394),(5395,5396,5397),(5398,5399,5400),(5401,5402,5403),(5404,5405,5406),(5407,5408,5409),(5410,5411,5412),(5413,5414,5415),(5416,5417,5418),(5419,5420,5421),(5422,5423,5424),(5425,5426,5427),(5428,5429,5430),(5431,5432,5433),(5434,5435,5436),(5437,5438,5439),(5440,5441,5442),(5443,5444,5445),(5446,5447,5448),(5449,5450,5451),(5452,5453,5454),(5455,5456,5457),(5458,5459,5460),(5461,5462,5463),(5464,5465,5466),(5467,5468,5469),(5470,5471,5472),(5473,5474,5475),(5476,5477,5478),(5479,5480,5481),(5482,5483,5484),(5485,5486,5487),(5488,5489,5490),(5491,5492,5493),(5494,5495,5496),(5497,5498,5499),(5500,5501,5502),(5503,5504,5505),(5506,5507,5508),(5509,5510,5511),(5512,5513,5514),(5515,5516,5517),(5518,5519,5520),(5521,5522,5523),(5524,5525,5526),(5527,5528,5529),(5530,5531,5532),(5533,5534,5535),(5536,5537,5538),(5539,5540,5541),(5542,5543,5544),(5545,5546,5547),(5548,5549,5550),(5551,5552,5553),(5554,5555,5556),(5557,5558,5559),(5560,5561,5562),(5563,5564,5565),(5566,5567,5568),(5569,5570,5571),(5572,5573,5574),(5575,5576,5577),(5578,5579,5580),(5581,5582,5583),(5584,5585,5586),(5587,5588,5589),(5590,5591,5592),(5593,5594,5595),(5596,5597,5598),(5599,5600,5601),(5602,5603,5604),(5605,5606,5607),(5608,5609,5610),(5611,5612,5613),(5614,5615,5616),(5617,5618,5619),(5620,5621,5622),(5623,5624,5625),(5626,5627,5628),(5629,5630,5631),(5632,5633,5634),(5635,5636,5637),(5638,5639,5640),(5641,5642,5643),(5644,5645,5646),(5647,5648,5649),(5650,5651,5652),(5653,5654,5655),(5656,5657,5658),(5659,5660,5661),(5662,5663,5664),(5665,5666,5667),(5668,5669,5670),(5671,5672,5673),(5674,5675,5676),(5677,5678,5679),(5680,5681,5682),(5683,5684,5685),(5686,5687,5688),(5689,5690,5691),(5692,5693,5694),(5695,5696,5697),(5698,5699,5700),(5701,5702,5703),(5704,5705,5706),(5707,5708,5709),(5710,5711,5712),(5713,5714,5715),(5716,5717,5718),(5719,5720,5721),(5722,5723,5724),(5725,5726,5727),(5728,5729,5730),(5731,5732,5733),(5734,5735,5736),(5737,5738,5739),(5740,5741,5742),(5743,5744,5745),(5746,5747,5748),(5749,5750,5751),(5752,5753,5754),(5755,5756,5757),(5758,5759,5760),(5761,5762,5763),(5764,5765,5766),(5767,5768,5769),(5770,5771,5772),(5773,5774,5775),(5776,5777,5778),(5779,5780,5781),(5782,5783,5784),(5785,5786,5787),(5788,5789,5790),(5791,5792,5793),(5794,5795,5796),(5797,5798,5799),(5800,5801,5802),(5803,5804,5805),(5806,5807,5808),(5809,5810,5811),(5812,5813,5814),(5815,5816,5817),(5818,5819,5820),(5821,5822,5823),(5824,5825,5826),(5827,5828,5829),(5830,5831,5832),(5833,5834,5835),(5836,5837,5838),(5839,5840,5841),(5842,5843,5844),(5845,5846,5847),(5848,5849,5850),(5851,5852,5853),(5854,5855,5856),(5857,5858,5859),(5860,5861,5862),(5863,5864,5865),(5866,5867,5868),(5869,5870,5871),(5872,5873,5874),(5875,5876,5877),(5878,5879,5880),(5881,5882,5883),(5884,5885,5886),(5887,5888,5889),(5890,5891,5892),(5893,5894,5895),(5896,5897,5898),(5899,5900,5901),(5902,5903,5904),(5905,5906,5907),(5908,5909,5910),(5911,5912,5913),(5914,5915,5916),(5917,5918,5919),(5920,5921,5922),(5923,5924,5925),(5926,5927,5928),(5929,5930,5931),(5932,5933,5934),(5935,5936,5937),(5938,5939,5940),(5941,5942,5943),(5944,5945,5946),(5947,5948,5949),(5950,5951,5952),(5953,5954,5955),(5956,5957,5958),(5959,5960,5961),(5962,5963,5964),(5965,5966,5967),(5968,5969,5970),(5971,5972,5973),(5974,5975,5976),(5977,5978,5979),(5980,5981,5982),(5983,5984,5985),(5986,5987,5988),(5989,5990,5991),(5992,5993,5994),(5995,5996,5997),(5998,5999,6000),(6001,6002,6003),(6004,6005,6006),(6007,6008,6009),(6010,6011,6012),(6013,6014,6015),(6016,6017,6018),(6019,6020,6021),(6022,6023,6024),(6025,6026,6027),(6028,6029,6030),(6031,6032,6033),(6034,6035,6036),(6037,6038,6039),(6040,6041,6042),(6043,6044,6045),(6046,6047,6048),(6049,6050,6051),(6052,6053,6054),(6055,6056,6057),(6058,6059,6060),(6061,6062,6063),(6064,6065,6066),(6067,6068,6069),(6070,6071,6072),(6073,6074,6075),(6076,6077,6078),(6079,6080,6081),(6082,6083,6084),(6085,6086,6087),(6088,6089,6090),(6091,6092,6093),(6094,6095,6096),(6097,6098,6099),(6100,6101,6102),(6103,6104,6105),(6106,6107,6108),(6109,6110,6111),(6112,6113,6114),(6115,6116,6117),(6118,6119,6120),(6121,6122,6123),(6124,6125,6126),(6127,6128,6129),(6130,6131,6132),(6133,6134,6135),(6136,6137,6138),(6139,6140,6141),(6142,6143,6144),(6145,6146,6147),(6148,6149,6150),(6151,6152,6153),(6154,6155,6156),(6157,6158,6159),(6160,6161,6162),(6163,6164,6165),(6166,6167,6168),(6169,6170,6171),(6172,6173,6174),(6175,6176,6177),(6178,6179,6180),(6181,6182,6183),(6184,6185,6186),(6187,6188,6189),(6190,6191,6192),(6193,6194,6195),(6196,6197,6198),(6199,6200,6201),(6202,6203,6204),(6205,6206,6207),(6208,6209,6210),(6211,6212,6213),(6214,6215,6216),(6217,6218,6219),(6220,6221,6222),(6223,6224,6225),(6226,6227,6228),(6229,6230,6231),(6232,6233,6234),(6235,6236,6237),(6238,6239,6240),(6241,6242,6243),(6244,6245,6246),(6247,6248,6249),(6250,6251,6252),(6253,6254,6255),(6256,6257,6258),(6259,6260,6261),(6262,6263,6264),(6265,6266,6267),(6268,6269,6270),(6271,6272,6273),(6274,6275,6276),(6277,6278,6279),(6280,6281,6282),(6283,6284,6285),(6286,6287,6288),(6289,6290,6291),(6292,6293,6294),(6295,6296,6297),(6298,6299,6300),(6301,6302,6303),(6304,6305,6306),(6307,6308,6309),(6310,6311,6312),(6313,6314,6315),(6316,6317,6318),(6319,6320,6321),(6322,6323,6324),(6325,6326,6327),(6328,6329,6330),(6331,6332,6333),(6334,6335,6336),(6337,6338,6339),(6340,6341,6342),(6343,6344,6345),(6346,6347,6348),(6349,6350,6351),(6352,6353,6354),(6355,6356,6357),(6358,6359,6360),(6361,6362,6363),(6364,6365,6366),(6367,6368,6369),(6370,6371,6372),(6373,6374,6375),(6376,6377,6378),(6379,6380,6381),(6382,6383,6384),(6385,6386,6387),(6388,6389,6390),(6391,6392,6393),(6394,6395,6396),(6397,6398,6399),(6400,6401,6402),(6403,6404,6405),(6406,6407,6408),(6409,6410,6411),(6412,6413,6414),(6415,6416,6417),(6418,6419,6420),(6421,6422,6423),(6424,6425,6426),(6427,6428,6429),(6430,6431,6432),(6433,6434,6435),(6436,6437,6438),(6439,6440,6441),(6442,6443,6444),(6445,6446,6447),(6448,6449,6450),(6451,6452,6453),(6454,6455,6456),(6457,6458,6459),(6460,6461,6462),(6463,6464,6465),(6466,6467,6468),(6469,6470,6471),(6472,6473,6474),(6475,6476,6477),(6478,6479,6480),(6481,6482,6483),(6484,6485,6486),(6487,6488,6489),(6490,6491,6492),(6493,6494,6495),(6496,6497,6498),(6499,6500,6501),(6502,6503,6504),(6505,6506,6507),(6508,6509,6510),(6511,6512,6513),(6514,6515,6516),(6517,6518,6519),(6520,6521,6522),(6523,6524,6525),(6526,6527,6528),(6529,6530,6531),(6532,6533,6534),(6535,6536,6537),(6538,6539,6540),(6541,6542,6543),(6544,6545,6546),(6547,6548,6549),(6550,6551,6552),(6553,6554,6555),(6556,6557,6558),(6559,6560,6561),(6562,6563,6564),(6565,6566,6567),(6568,6569,6570),(6571,6572,6573),(6574,6575,6576),(6577,6578,6579),(6580,6581,6582)));
#1211=TESSELLATED_GEOMETRIC_SET('hole callout',(#1210));
#1212=COORDINATES_LIST('coordinates',5,((-0.0206019,0.0148519,-0.0040000),(0.0112737,0.0148519,-0.0040000),(-0.0353519,0.0246019,-0.0040000),(-0.0256019,0.0148519,-0.0040000),(-0.0206019,0.0148519,-0.0040000)));
#1213=TESSELLATED_CURVE_SET('curve set',#1212,((1,2),(3,4,5)));
#1214=TESSELLATED_GEOMETRIC_SET('hole callout',(#1213));
#1215=TESSELLATED_ANNOTATION_OCCURRENCE('hole callout',(#1208),#1211);
#1216=TESSELLATED_ANNOTATION_OCCURRENCE('hole callout',(#1208),#1214);
#1217=DRAUGHTING_CALLOUT('hole callout',(#1215,#1216));
#1218=DRAUGHTING_MODEL_ITEM_ASSOCIATION('','',#1159,#1204,#1217);
#1219=DRAUGHTING_MODEL_ITEM_ASSOCIATION('','',#1167,#1204,#1217);
#1220=DRAUGHTING_MODEL_ITEM_ASSOCIATION('','',#1175,#1204,#1217);
#1221=DRAUGHTING_MODEL_ITEM_ASSOCIATION('','',#1122,#1204,#1217);
#1222=COMPOSITE_SHAPE_ASPECT('hole_callout.Fq7yabLilOdYbOA_3.JHD.1',$,#1112,$);
#1223=SHAPE_ASPECT('hole_callout.Fq7yabLilOdYbOA_3.JHD.1',$,#1112,.T.);
#1224=GEOMETRIC_ITEM_SPECIFIC_USAGE('','',#1223,#11,#630);
#1225=SHAPE_ASPECT_RELATIONSHIP('','',#1222,#1223);
#1226=SHAPE_ASPECT('hole_callout.Fq7yabLilOdYbOA_3.JHD.1',$,#1112,.T.);
#1227=GEOMETRIC_ITEM_SPECIFIC_USAGE('','',#1226,#11,#629);
#1228=SHAPE_ASPECT_RELATIONSHIP('','',#1222,#1226);
#1229=SHAPE_ASPECT('hole_callout.Fq7yabLilOdYbOA_3.JHD.1',$,#1112,.T.);
#1230=GEOMETRIC_ITEM_SPECIFIC_USAGE('','',#1229,#11,#626);
#1231=SHAPE_ASPECT_RELATIONSHIP('','',#1222,#1229);
#1232=SHAPE_ASPECT('hole_callout.Fq7yabLilOdYbOA_3.JHD.1',$,#1112,.T.);
#1233=GEOMETRIC_ITEM_SPECIFIC_USAGE('','',#1232,#11,#625);
#1234=SHAPE_ASPECT_RELATIONSHIP('','',#1222,#1232);
#1235=SHAPE_ASPECT('hole_callout.Fq7yabLilOdYbOA_3.JHD.1',$,#1112,.T.);
#1236=GEOMETRIC_ITEM_SPECIFIC_USAGE('','',#1235,#11,#632);
#1237=SHAPE_ASPECT_RELATIONSHIP('','',#1222,#1235);
#1238=SHAPE_ASPECT('hole_callout.Fq7yabLilOdYbOA_3.JHD.1',$,#1112,.T.);
#1239=GEOMETRIC_ITEM_SPECIFIC_USAGE('','',#1238,#11,#631);
#1240=SHAPE_ASPECT_RELATIONSHIP('','',#1222,#1238);
#1241=SHAPE_ASPECT('hole_callout.Fq7yabLilOdYbOA_3.JHD.1',$,#1112,.T.);
#1242=GEOMETRIC_ITEM_SPECIFIC_USAGE('','',#1241,#11,#628);
#1243=SHAPE_ASPECT_RELATIONSHIP('','',#1222,#1241);
#1244=SHAPE_ASPECT('hole_callout.Fq7yabLilOdYbOA_3.JHD.1',$,#1112,.T.);
#1245=GEOMETRIC_ITEM_SPECIFIC_USAGE('','',#1244,#11,#627);
#1246=SHAPE_ASPECT_RELATIONSHIP('','',#1222,#1244);
#1247=DIMENSIONAL_SIZE(#1222,'depth');
#1248=(
LENGTH_UNIT()
NAMED_UNIT(*)
SI_UNIT(.MILLI.,.METRE.)
);
#1250=PRECISION_QUALIFIER(3);
#1249=(
LENGTH_MEASURE_WITH_UNIT()
MEASURE_REPRESENTATION_ITEM()
MEASURE_WITH_UNIT(POSITIVE_LENGTH_MEASURE(14.),#1248)
QUALIFIED_REPRESENTATION_ITEM((#1250))
REPRESENTATION_ITEM('nominal value')
);
#1251=COMPOUND_REPRESENTATION_ITEM('modifiers',SET_REPRESENTATION_ITEM((#1252)));
#1252=DESCRIPTIVE_REPRESENTATION_ITEM('dimensional note','depth');
#1253=SHAPE_DIMENSION_REPRESENTATION('',(#1249,#1251),#1107);
#1254=DIMENSIONAL_CHARACTERISTIC_REPRESENTATION(#1247,#1253);
#1255=DIMENSIONAL_SIZE(#1222,'diameter');
#1256=(
LENGTH_UNIT()
NAMED_UNIT(*)
SI_UNIT(.MILLI.,.METRE.)
);
#1258=PRECISION_QUALIFIER(3);
#1257=(
LENGTH_MEASURE_WITH_UNIT()
MEASURE_REPRESENTATION_ITEM()
MEASURE_WITH_UNIT(POSITIVE_LENGTH_MEASURE(2.5),#1256)
QUALIFIED_REPRESENTATION_ITEM((#1258))
REPRESENTATION_ITEM('nominal value')
);
#1259=COMPOUND_REPRESENTATION_ITEM('modifiers',SET_REPRESENTATION_ITEM((#1260)));
#1260=DESCRIPTIVE_REPRESENTATION_ITEM('dimensional note','diameter');
#1261=SHAPE_DIMENSION_REPRESENTATION('',(#1257,#1259),#1107);
#1262=DIMENSIONAL_CHARACTERISTIC_REPRESENTATION(#1255,#1261);
#1263=DIMENSIONAL_SIZE(#1222,'depth');
#1264=(
LENGTH_UNIT()
NAMED_UNIT(*)
SI_UNIT(.MILLI.,.METRE.)
);
#1266=PRECISION_QUALIFIER(3);
#1265=(
LENGTH_MEASURE_WITH_UNIT()
MEASURE_REPRESENTATION_ITEM()
MEASURE_WITH_UNIT(POSITIVE_LENGTH_MEASURE(14.),#1264)
QUALIFIED_REPRESENTATION_ITEM((#1266))
REPRESENTATION_ITEM('nominal value')
);
#1267=COMPOUND_REPRESENTATION_ITEM('modifiers',SET_REPRESENTATION_ITEM((#1268)));
#1268=DESCRIPTIVE_REPRESENTATION_ITEM('dimensional note','depth');
#1269=SHAPE_DIMENSION_REPRESENTATION('',(#1265,#1267),#1107);
#1270=DIMENSIONAL_CHARACTERISTIC_REPRESENTATION(#1263,#1269);
#1271=PRESENTATION_STYLE_ASSIGNMENT((NULL_STYLE(.NULL.)));
#1272=CARTESIAN_POINT('',(-0.03315,0.0224,0.012));
#1273=DIRECTION('',(0.,0.,1.));
#1274=DIRECTION('',(1.,0.,0.));
#1275=AXIS2_PLACEMENT_3D('',#1272,#1273,#1274);
#1276=PLANE('',#1275);
#1277=ANNOTATION_PLANE('',(#1271),#1276,(#1303));
#1278=CARTESIAN_POINT('',(0.,0.,0.));
#1279=DIRECTION('',(0.,0.,1.));
#1280=DIRECTION('',(1.,0.,0.));
#1281=AXIS2_PLACEMENT_3D('',#1278,#1279,#1280);
#1282=CARTESIAN_POINT('',(0.,0.,0.));
#1283=DIRECTION('',(0.,0.,1.));
#1284=DIRECTION('',(1.,0.,0.));
#1285=AXIS2_PLACEMENT_3D('',#1282,#1283,#1284);
#1286=SHAPE_REPRESENTATION('',(#1285,#651),#1107);
#1287=REPRESENTATION_MAP(#1281,#1286);
#1288=MAPPED_ITEM('',#1287,#1281);
#1289=PRESENTATION_STYLE_ASSIGNMENT((NULL_STYLE(.NULL.)));
#1290=STYLED_ITEM('',(#1289),#1288);
#1291=DRAUGHTING_PRE_DEFINED_CURVE_FONT('continuous');
#1292=COLOUR_RGB('',0.,0.,0.);
#1293=CURVE_STYLE('',#1291,POSITIVE_LENGTH_MEASURE(0.02),#1292);
#1294=PRESENTATION_STYLE_ASSIGNMENT((#1293));
#1295=COORDINATES_LIST('coordinates',3663,((-0.0322661,0.0232839,0.0120000),(-0.0308519,0.0261123,0.0120000),(-0.0294377,0.0246981,0.0120000),(-0.0061023,0.0298583,0.0120000),(-0.0060970,0.0299907,0.0120000),(-0.0060970,0.0316808,0.0120000),(-0.0061023,0.0298583,0.0120000),(-0.0060970,0.0316808,0.0120000),(-0.0061023,0.0318114,0.0120000),(-0.0061023,0.0298583,0.0120000),(-0.0061023,0.0318114,0.0120000),(-0.0061182,0.0319361,0.0120000),(-0.0061023,0.0298583,0.0120000),(-0.0061182,0.0319361,0.0120000),(-0.0061448,0.0320547,0.0120000),(-0.0061023,0.0298583,0.0120000),(-0.0061448,0.0320547,0.0120000),(-0.0061819,0.0321674,0.0120000),(-0.0061023,0.0298583,0.0120000),(-0.0061819,0.0321674,0.0120000),(-0.0062297,0.0322741,0.0120000),(-0.0061023,0.0298583,0.0120000),(-0.0062297,0.0322741,0.0120000),(-0.0062881,0.0323748,0.0120000),(-0.0061023,0.0298583,0.0120000),(-0.0062881,0.0323748,0.0120000),(-0.0063571,0.0324695,0.0120000),(-0.0061023,0.0298583,0.0120000),(-0.0063571,0.0324695,0.0120000),(-0.0064367,0.0325582,0.0120000),(-0.0061023,0.0298583,0.0120000),(-0.0064367,0.0325582,0.0120000),(-0.0065134,0.0326299,0.0120000),(-0.0061023,0.0298583,0.0120000),(-0.0065134,0.0326299,0.0120000),(-0.0065932,0.0326920,0.0120000),(-0.0061023,0.0298583,0.0120000),(-0.0065932,0.0326920,0.0120000),(-0.0066760,0.0327446,0.0120000),(-0.0066760,0.0327446,0.0120000),(-0.0067619,0.0327876,0.0120000),(-0.0068509,0.0328210,0.0120000),(-0.0066760,0.0327446,0.0120000),(-0.0068509,0.0328210,0.0120000),(-0.0069429,0.0328449,0.0120000),(-0.0066760,0.0327446,0.0120000),(-0.0069429,0.0328449,0.0120000),(-0.0070381,0.0328593,0.0120000),(-0.0066760,0.0327446,0.0120000),(-0.0070381,0.0328593,0.0120000),(-0.0071363,0.0328640,0.0120000),(-0.0066760,0.0327446,0.0120000),(-0.0071363,0.0328640,0.0120000),(-0.0072334,0.0328593,0.0120000),(-0.0066760,0.0327446,0.0120000),(-0.0072334,0.0328593,0.0120000),(-0.0073278,0.0328449,0.0120000),(-0.0066760,0.0327446,0.0120000),(-0.0073278,0.0328449,0.0120000),(-0.0074195,0.0328210,0.0120000),(-0.0066760,0.0327446,0.0120000),(-0.0074195,0.0328210,0.0120000),(-0.0075086,0.0327876,0.0120000),(-0.0066760,0.0327446,0.0120000),(-0.0075086,0.0327876,0.0120000),(-0.0075949,0.0327446,0.0120000),(-0.0066760,0.0327446,0.0120000),(-0.0075949,0.0327446,0.0120000),(-0.0076786,0.0326920,0.0120000),(-0.0066760,0.0327446,0.0120000),(-0.0076786,0.0326920,0.0120000),(-0.0077596,0.0326299,0.0120000),(-0.0066760,0.0327446,0.0120000),(-0.0077596,0.0326299,0.0120000),(-0.0078380,0.0325582,0.0120000),(-0.0066760,0.0327446,0.0120000),(-0.0078380,0.0325582,0.0120000),(-0.0079176,0.0324712,0.0120000),(-0.0066760,0.0327446,0.0120000),(-0.0079176,0.0324712,0.0120000),(-0.0079866,0.0323780,0.0120000),(-0.0066760,0.0327446,0.0120000),(-0.0079866,0.0323780,0.0120000),(-0.0080450,0.0322786,0.0120000),(-0.0066760,0.0327446,0.0120000),(-0.0080450,0.0322786,0.0120000),(-0.0080928,0.0321730,0.0120000),(-0.0066760,0.0327446,0.0120000),(-0.0080928,0.0321730,0.0120000),(-0.0081299,0.0320611,0.0120000),(-0.0081299,0.0320611,0.0120000),(-0.0081565,0.0319430,0.0120000),(-0.0081724,0.0318187,0.0120000),(-0.0081299,0.0320611,0.0120000),(-0.0081724,0.0318187,0.0120000),(-0.0081777,0.0316882,0.0120000),(-0.0081299,0.0320611,0.0120000),(-0.0081777,0.0316882,0.0120000),(-0.0081777,0.0316808,0.0120000),(-0.0081299,0.0320611,0.0120000),(-0.0081777,0.0316808,0.0120000),(-0.0081777,0.0299864,0.0120000),(-0.0081299,0.0320611,0.0120000),(-0.0081777,0.0299864,0.0120000),(-0.0081724,0.0298551,0.0120000),(-0.0081299,0.0320611,0.0120000),(-0.0081724,0.0298551,0.0120000),(-0.0081565,0.0297300,0.0120000),(-0.0081299,0.0320611,0.0120000),(-0.0081565,0.0297300,0.0120000),(-0.0081299,0.0296110,0.0120000),(-0.0081299,0.0320611,0.0120000),(-0.0081299,0.0296110,0.0120000),(-0.0080928,0.0294983,0.0120000),(-0.0081299,0.0320611,0.0120000),(-0.0080928,0.0294983,0.0120000),(-0.0080450,0.0293917,0.0120000),(-0.0081299,0.0320611,0.0120000),(-0.0080450,0.0293917,0.0120000),(-0.0079866,0.0292913,0.0120000),(-0.0081299,0.0320611,0.0120000),(-0.0079866,0.0292913,0.0120000),(-0.0079176,0.0291971,0.0120000),(-0.0081299,0.0320611,0.0120000),(-0.0079176,0.0291971,0.0120000),(-0.0078380,0.0291091,0.0120000),(-0.0078380,0.0291091,0.0120000),(-0.0075342,0.0294054,0.0120000),(-0.0076282,0.0295218,0.0120000),(-0.0078380,0.0291091,0.0120000),(-0.0076282,0.0295218,0.0120000),(-0.0076954,0.0296581,0.0120000),(-0.0078380,0.0291091,0.0120000),(-0.0076954,0.0296581,0.0120000),(-0.0077356,0.0298144,0.0120000),(-0.0081299,0.0320611,0.0120000),(-0.0078380,0.0291091,0.0120000),(-0.0077356,0.0298144,0.0120000),(-0.0081299,0.0320611,0.0120000),(-0.0077356,0.0298144,0.0120000),(-0.0077457,0.0299000,0.0120000),(-0.0081299,0.0320611,0.0120000),(-0.0077457,0.0299000,0.0120000),(-0.0077491,0.0299907,0.0120000),(-0.0081299,0.0320611,0.0120000),(-0.0077491,0.0299907,0.0120000),(-0.0077491,0.0316882,0.0120000),(-0.0081299,0.0320611,0.0120000),(-0.0077491,0.0316882,0.0120000),(-0.0077457,0.0317765,0.0120000),(-0.0081299,0.0320611,0.0120000),(-0.0077457,0.0317765,0.0120000),(-0.0077358,0.0318599,0.0120000),(-0.0081299,0.0320611,0.0120000),(-0.0077358,0.0318599,0.0120000),(-0.0077192,0.0319385,0.0120000),(-0.0081299,0.0320611,0.0120000),(-0.0077192,0.0319385,0.0120000),(-0.0076959,0.0320121,0.0120000),(-0.0081299,0.0320611,0.0120000),(-0.0076959,0.0320121,0.0120000),(-0.0076294,0.0321446,0.0120000),(-0.0081299,0.0320611,0.0120000),(-0.0076294,0.0321446,0.0120000),(-0.0075363,0.0322576,0.0120000),(-0.0081299,0.0320611,0.0120000),(-0.0075363,0.0322576,0.0120000),(-0.0074411,0.0323363,0.0120000),(-0.0081299,0.0320611,0.0120000),(-0.0074411,0.0323363,0.0120000),(-0.0073427,0.0323926,0.0120000),(-0.0066760,0.0327446,0.0120000),(-0.0081299,0.0320611,0.0120000),(-0.0073427,0.0323926,0.0120000),(-0.0066760,0.0327446,0.0120000),(-0.0073427,0.0323926,0.0120000),(-0.0072411,0.0324263,0.0120000),(-0.0066760,0.0327446,0.0120000),(-0.0072411,0.0324263,0.0120000),(-0.0071363,0.0324375,0.0120000),(-0.0066760,0.0327446,0.0120000),(-0.0071363,0.0324375,0.0120000),(-0.0070272,0.0324263,0.0120000),(-0.0066760,0.0327446,0.0120000),(-0.0070272,0.0324263,0.0120000),(-0.0069244,0.0323926,0.0120000),(-0.0066760,0.0327446,0.0120000),(-0.0069244,0.0323926,0.0120000),(-0.0068277,0.0323363,0.0120000),(-0.0066760,0.0327446,0.0120000),(-0.0068277,0.0323363,0.0120000),(-0.0067373,0.0322576,0.0120000),(-0.0066760,0.0327446,0.0120000),(-0.0067373,0.0322576,0.0120000),(-0.0066442,0.0321390,0.0120000),(-0.0066760,0.0327446,0.0120000),(-0.0066442,0.0321390,0.0120000),(-0.0065778,0.0320034,0.0120000),(-0.0066760,0.0327446,0.0120000),(-0.0065778,0.0320034,0.0120000),(-0.0065379,0.0318506,0.0120000),(-0.0061023,0.0298583,0.0120000),(-0.0066760,0.0327446,0.0120000),(-0.0065379,0.0318506,0.0120000),(-0.0061023,0.0298583,0.0120000),(-0.0065379,0.0318506,0.0120000),(-0.0065279,0.0317679,0.0120000),(-0.0061023,0.0298583,0.0120000),(-0.0065279,0.0317679,0.0120000),(-0.0065246,0.0316808,0.0120000),(-0.0061023,0.0298583,0.0120000),(-0.0065246,0.0316808,0.0120000),(-0.0065246,0.0299907,0.0120000),(-0.0061023,0.0298583,0.0120000),(-0.0065246,0.0299907,0.0120000),(-0.0065279,0.0299010,0.0120000),(-0.0061023,0.0298583,0.0120000),(-0.0065279,0.0299010,0.0120000),(-0.0065379,0.0298162,0.0120000),(-0.0061023,0.0298583,0.0120000),(-0.0065379,0.0298162,0.0120000),(-0.0065545,0.0297363,0.0120000),(-0.0061023,0.0298583,0.0120000),(-0.0065545,0.0297363,0.0120000),(-0.0065778,0.0296613,0.0120000),(-0.0061023,0.0298583,0.0120000),(-0.0065778,0.0296613,0.0120000),(-0.0066442,0.0295257,0.0120000),(-0.0061023,0.0298583,0.0120000),(-0.0066442,0.0295257,0.0120000),(-0.0067373,0.0294096,0.0120000),(-0.0061023,0.0298583,0.0120000),(-0.0067373,0.0294096,0.0120000),(-0.0068285,0.0293319,0.0120000),(-0.0074427,0.0293295,0.0120000),(-0.0075342,0.0294054,0.0120000),(-0.0078380,0.0291091,0.0120000),(-0.0073458,0.0292752,0.0120000),(-0.0074427,0.0293295,0.0120000),(-0.0078380,0.0291091,0.0120000),(-0.0072437,0.0292427,0.0120000),(-0.0073458,0.0292752,0.0120000),(-0.0078380,0.0291091,0.0120000),(-0.0071363,0.0292318,0.0120000),(-0.0072437,0.0292427,0.0120000),(-0.0078380,0.0291091,0.0120000),(-0.0070280,0.0292430,0.0120000),(-0.0071363,0.0292318,0.0120000),(-0.0078380,0.0291091,0.0120000),(-0.0070280,0.0292430,0.0120000),(-0.0078380,0.0291091,0.0120000),(-0.0077611,0.0290384,0.0120000),(-0.0070280,0.0292430,0.0120000),(-0.0077611,0.0290384,0.0120000),(-0.0076813,0.0289771,0.0120000),(-0.0069254,0.0292763,0.0120000),(-0.0070280,0.0292430,0.0120000),(-0.0076813,0.0289771,0.0120000),(-0.0069254,0.0292763,0.0120000),(-0.0076813,0.0289771,0.0120000),(-0.0075985,0.0289253,0.0120000),(-0.0069254,0.0292763,0.0120000),(-0.0075985,0.0289253,0.0120000),(-0.0075128,0.0288829,0.0120000),(-0.0068285,0.0293319,0.0120000),(-0.0069254,0.0292763,0.0120000),(-0.0075128,0.0288829,0.0120000),(-0.0068285,0.0293319,0.0120000),(-0.0075128,0.0288829,0.0120000),(-0.0074241,0.0288499,0.0120000),(-0.0061023,0.0298583,0.0120000),(-0.0068285,0.0293319,0.0120000),(-0.0074241,0.0288499,0.0120000),(-0.0061023,0.0298583,0.0120000),(-0.0074241,0.0288499,0.0120000),(-0.0073325,0.0288263,0.0120000),(-0.0061023,0.0298583,0.0120000),(-0.0073325,0.0288263,0.0120000),(-0.0072380,0.0288122,0.0120000),(-0.0061023,0.0298583,0.0120000),(-0.0072380,0.0288122,0.0120000),(-0.0071405,0.0288075,0.0120000),(-0.0061023,0.0298583,0.0120000),(-0.0071405,0.0288075,0.0120000),(-0.0070414,0.0288121,0.0120000),(-0.0061023,0.0298583,0.0120000),(-0.0070414,0.0288121,0.0120000),(-0.0069455,0.0288260,0.0120000),(-0.0061023,0.0298583,0.0120000),(-0.0069455,0.0288260,0.0120000),(-0.0068528,0.0288491,0.0120000),(-0.0061023,0.0298583,0.0120000),(-0.0068528,0.0288491,0.0120000),(-0.0067635,0.0288815,0.0120000),(-0.0061023,0.0298583,0.0120000),(-0.0067635,0.0288815,0.0120000),(-0.0066774,0.0289232,0.0120000),(-0.0061023,0.0298583,0.0120000),(-0.0066774,0.0289232,0.0120000),(-0.0065946,0.0289741,0.0120000),(-0.0061023,0.0298583,0.0120000),(-0.0065946,0.0289741,0.0120000),(-0.0065151,0.0290343,0.0120000),(-0.0061023,0.0298583,0.0120000),(-0.0065151,0.0290343,0.0120000),(-0.0064388,0.0291038,0.0120000),(-0.0061023,0.0298583,0.0120000),(-0.0064388,0.0291038,0.0120000),(-0.0063587,0.0291931,0.0120000),(-0.0061023,0.0298583,0.0120000),(-0.0063587,0.0291931,0.0120000),(-0.0062893,0.0292886,0.0120000),(-0.0061023,0.0298583,0.0120000),(-0.0062893,0.0292886,0.0120000),(-0.0062305,0.0293902,0.0120000),(-0.0061023,0.0298583,0.0120000),(-0.0062305,0.0293902,0.0120000),(-0.0061825,0.0294980,0.0120000),(-0.0061023,0.0298583,0.0120000),(-0.0061825,0.0294980,0.0120000),(-0.0061451,0.0296119,0.0120000),(-0.0061023,0.0298583,0.0120000),(-0.0061451,0.0296119,0.0120000),(-0.0061184,0.0297320,0.0120000),(-0.0124015,0.0298583,0.0120000),(-0.0123962,0.0299907,0.0120000),(-0.0123962,0.0316808,0.0120000),(-0.0124015,0.0298583,0.0120000),(-0.0123962,0.0316808,0.0120000),(-0.0124015,0.0318114,0.0120000),(-0.0124015,0.0298583,0.0120000),(-0.0124015,0.0318114,0.0120000),(-0.0124174,0.0319361,0.0120000),(-0.0124015,0.0298583,0.0120000),(-0.0124174,0.0319361,0.0120000),(-0.0124440,0.0320547,0.0120000),(-0.0124015,0.0298583,0.0120000),(-0.0124440,0.0320547,0.0120000),(-0.0124811,0.0321674,0.0120000),(-0.0124015,0.0298583,0.0120000),(-0.0124811,0.0321674,0.0120000),(-0.0125289,0.0322741,0.0120000),(-0.0124015,0.0298583,0.0120000),(-0.0125289,0.0322741,0.0120000),(-0.0125873,0.0323748,0.0120000),(-0.0124015,0.0298583,0.0120000),(-0.0125873,0.0323748,0.0120000),(-0.0126563,0.0324695,0.0120000),(-0.0124015,0.0298583,0.0120000),(-0.0126563,0.0324695,0.0120000),(-0.0127359,0.0325582,0.0120000),(-0.0124015,0.0298583,0.0120000),(-0.0127359,0.0325582,0.0120000),(-0.0128126,0.0326299,0.0120000),(-0.0124015,0.0298583,0.0120000),(-0.0128126,0.0326299,0.0120000),(-0.0128924,0.0326920,0.0120000),(-0.0124015,0.0298583,0.0120000),(-0.0128924,0.0326920,0.0120000),(-0.0129752,0.0327446,0.0120000),(-0.0129752,0.0327446,0.0120000),(-0.0130611,0.0327876,0.0120000),(-0.0131501,0.0328210,0.0120000),(-0.0129752,0.0327446,0.0120000),(-0.0131501,0.0328210,0.0120000),(-0.0132421,0.0328449,0.0120000),(-0.0129752,0.0327446,0.0120000),(-0.0132421,0.0328449,0.0120000),(-0.0133373,0.0328593,0.0120000),(-0.0129752,0.0327446,0.0120000),(-0.0133373,0.0328593,0.0120000),(-0.0134355,0.0328640,0.0120000),(-0.0129752,0.0327446,0.0120000),(-0.0134355,0.0328640,0.0120000),(-0.0135326,0.0328593,0.0120000),(-0.0129752,0.0327446,0.0120000),(-0.0135326,0.0328593,0.0120000),(-0.0136270,0.0328449,0.0120000),(-0.0129752,0.0327446,0.0120000),(-0.0136270,0.0328449,0.0120000),(-0.0137187,0.0328210,0.0120000),(-0.0129752,0.0327446,0.0120000),(-0.0137187,0.0328210,0.0120000),(-0.0138078,0.0327876,0.0120000),(-0.0129752,0.0327446,0.0120000),(-0.0138078,0.0327876,0.0120000),(-0.0138941,0.0327446,0.0120000),(-0.0129752,0.0327446,0.0120000),(-0.0138941,0.0327446,0.0120000),(-0.0139778,0.0326920,0.0120000),(-0.0129752,0.0327446,0.0120000),(-0.0139778,0.0326920,0.0120000),(-0.0140588,0.0326299,0.0120000),(-0.0129752,0.0327446,0.0120000),(-0.0140588,0.0326299,0.0120000),(-0.0141372,0.0325582,0.0120000),(-0.0129752,0.0327446,0.0120000),(-0.0141372,0.0325582,0.0120000),(-0.0142168,0.0324712,0.0120000),(-0.0129752,0.0327446,0.0120000),(-0.0142168,0.0324712,0.0120000),(-0.0142858,0.0323780,0.0120000),(-0.0129752,0.0327446,0.0120000),(-0.0142858,0.0323780,0.0120000),(-0.0143442,0.0322786,0.0120000),(-0.0129752,0.0327446,0.0120000),(-0.0143442,0.0322786,0.0120000),(-0.0143920,0.0321730,0.0120000),(-0.0129752,0.0327446,0.0120000),(-0.0143920,0.0321730,0.0120000),(-0.0144291,0.0320611,0.0120000),(-0.0144291,0.0320611,0.0120000),(-0.0144557,0.0319430,0.0120000),(-0.0144716,0.0318187,0.0120000),(-0.0144291,0.0320611,0.0120000),(-0.0144716,0.0318187,0.0120000),(-0.0144769,0.0316882,0.0120000),(-0.0144291,0.0320611,0.0120000),(-0.0144769,0.0316882,0.0120000),(-0.0144769,0.0316808,0.0120000),(-0.0144291,0.0320611,0.0120000),(-0.0144769,0.0316808,0.0120000),(-0.0144769,0.0299864,0.0120000),(-0.0144291,0.0320611,0.0120000),(-0.0144769,0.0299864,0.0120000),(-0.0144716,0.0298551,0.0120000),(-0.0144291,0.0320611,0.0120000),(-0.0144716,0.0298551,0.0120000),(-0.0144557,0.0297300,0.0120000),(-0.0144291,0.0320611,0.0120000),(-0.0144557,0.0297300,0.0120000),(-0.0144291,0.0296110,0.0120000),(-0.0144291,0.0320611,0.0120000),(-0.0144291,0.0296110,0.0120000),(-0.0143920,0.0294983,0.0120000),(-0.0144291,0.0320611,0.0120000),(-0.0143920,0.0294983,0.0120000),(-0.0143442,0.0293917,0.0120000),(-0.0144291,0.0320611,0.0120000),(-0.0143442,0.0293917,0.0120000),(-0.0142858,0.0292913,0.0120000),(-0.0144291,0.0320611,0.0120000),(-0.0142858,0.0292913,0.0120000),(-0.0142168,0.0291971,0.0120000),(-0.0144291,0.0320611,0.0120000),(-0.0142168,0.0291971,0.0120000),(-0.0141372,0.0291091,0.0120000),(-0.0141372,0.0291091,0.0120000),(-0.0138334,0.0294054,0.0120000),(-0.0139274,0.0295218,0.0120000),(-0.0141372,0.0291091,0.0120000),(-0.0139274,0.0295218,0.0120000),(-0.0139946,0.0296581,0.0120000),(-0.0141372,0.0291091,0.0120000),(-0.0139946,0.0296581,0.0120000),(-0.0140348,0.0298144,0.0120000),(-0.0144291,0.0320611,0.0120000),(-0.0141372,0.0291091,0.0120000),(-0.0140348,0.0298144,0.0120000),(-0.0144291,0.0320611,0.0120000),(-0.0140348,0.0298144,0.0120000),(-0.0140449,0.0299000,0.0120000),(-0.0144291,0.0320611,0.0120000),(-0.0140449,0.0299000,0.0120000),(-0.0140483,0.0299907,0.0120000),(-0.0144291,0.0320611,0.0120000),(-0.0140483,0.0299907,0.0120000),(-0.0140483,0.0316882,0.0120000),(-0.0144291,0.0320611,0.0120000),(-0.0140483,0.0316882,0.0120000),(-0.0140449,0.0317765,0.0120000),(-0.0144291,0.0320611,0.0120000),(-0.0140449,0.0317765,0.0120000),(-0.0140350,0.0318599,0.0120000),(-0.0144291,0.0320611,0.0120000),(-0.0140350,0.0318599,0.0120000),(-0.0140184,0.0319385,0.0120000),(-0.0144291,0.0320611,0.0120000),(-0.0140184,0.0319385,0.0120000),(-0.0139951,0.0320121,0.0120000),(-0.0144291,0.0320611,0.0120000),(-0.0139951,0.0320121,0.0120000),(-0.0139286,0.0321446,0.0120000),(-0.0144291,0.0320611,0.0120000),(-0.0139286,0.0321446,0.0120000),(-0.0138355,0.0322576,0.0120000),(-0.0144291,0.0320611,0.0120000),(-0.0138355,0.0322576,0.0120000),(-0.0137403,0.0323363,0.0120000),(-0.0144291,0.0320611,0.0120000),(-0.0137403,0.0323363,0.0120000),(-0.0136419,0.0323926,0.0120000),(-0.0129752,0.0327446,0.0120000),(-0.0144291,0.0320611,0.0120000),(-0.0136419,0.0323926,0.0120000),(-0.0129752,0.0327446,0.0120000),(-0.0136419,0.0323926,0.0120000),(-0.0135403,0.0324263,0.0120000),(-0.0129752,0.0327446,0.0120000),(-0.0135403,0.0324263,0.0120000),(-0.0134355,0.0324375,0.0120000),(-0.0129752,0.0327446,0.0120000),(-0.0134355,0.0324375,0.0120000),(-0.0133264,0.0324263,0.0120000),(-0.0129752,0.0327446,0.0120000),(-0.0133264,0.0324263,0.0120000),(-0.0132236,0.0323926,0.0120000),(-0.0129752,0.0327446,0.0120000),(-0.0132236,0.0323926,0.0120000),(-0.0131269,0.0323363,0.0120000),(-0.0129752,0.0327446,0.0120000),(-0.0131269,0.0323363,0.0120000),(-0.0130365,0.0322576,0.0120000),(-0.0129752,0.0327446,0.0120000),(-0.0130365,0.0322576,0.0120000),(-0.0129434,0.0321390,0.0120000),(-0.0129752,0.0327446,0.0120000),(-0.0129434,0.0321390,0.0120000),(-0.0128770,0.0320034,0.0120000),(-0.0129752,0.0327446,0.0120000),(-0.0128770,0.0320034,0.0120000),(-0.0128371,0.0318506,0.0120000),(-0.0124015,0.0298583,0.0120000),(-0.0129752,0.0327446,0.0120000),(-0.0128371,0.0318506,0.0120000),(-0.0124015,0.0298583,0.0120000),(-0.0128371,0.0318506,0.0120000),(-0.0128271,0.0317679,0.0120000),(-0.0124015,0.0298583,0.0120000),(-0.0128271,0.0317679,0.0120000),(-0.0128238,0.0316808,0.0120000),(-0.0124015,0.0298583,0.0120000),(-0.0128238,0.0316808,0.0120000),(-0.0128238,0.0299907,0.0120000),(-0.0124015,0.0298583,0.0120000),(-0.0128238,0.0299907,0.0120000),(-0.0128271,0.0299010,0.0120000),(-0.0124015,0.0298583,0.0120000),(-0.0128271,0.0299010,0.0120000),(-0.0128371,0.0298162,0.0120000),(-0.0124015,0.0298583,0.0120000),(-0.0128371,0.0298162,0.0120000),(-0.0128537,0.0297363,0.0120000),(-0.0124015,0.0298583,0.0120000),(-0.0128537,0.0297363,0.0120000),(-0.0128770,0.0296613,0.0120000),(-0.0124015,0.0298583,0.0120000),(-0.0128770,0.0296613,0.0120000),(-0.0129434,0.0295257,0.0120000),(-0.0124015,0.0298583,0.0120000),(-0.0129434,0.0295257,0.0120000),(-0.0130365,0.0294096,0.0120000),(-0.0124015,0.0298583,0.0120000),(-0.0130365,0.0294096,0.0120000),(-0.0131277,0.0293319,0.0120000),(-0.0137419,0.0293295,0.0120000),(-0.0138334,0.0294054,0.0120000),(-0.0141372,0.0291091,0.0120000),(-0.0136450,0.0292752,0.0120000),(-0.0137419,0.0293295,0.0120000),(-0.0141372,0.0291091,0.0120000),(-0.0135429,0.0292427,0.0120000),(-0.0136450,0.0292752,0.0120000),(-0.0141372,0.0291091,0.0120000),(-0.0134355,0.0292318,0.0120000),(-0.0135429,0.0292427,0.0120000),(-0.0141372,0.0291091,0.0120000),(-0.0133272,0.0292430,0.0120000),(-0.0134355,0.0292318,0.0120000),(-0.0141372,0.0291091,0.0120000),(-0.0133272,0.0292430,0.0120000),(-0.0141372,0.0291091,0.0120000),(-0.0140603,0.0290384,0.0120000),(-0.0133272,0.0292430,0.0120000),(-0.0140603,0.0290384,0.0120000),(-0.0139805,0.0289771,0.0120000),(-0.0132246,0.0292763,0.0120000),(-0.0133272,0.0292430,0.0120000),(-0.0139805,0.0289771,0.0120000),(-0.0132246,0.0292763,0.0120000),(-0.0139805,0.0289771,0.0120000),(-0.0138977,0.0289253,0.0120000),(-0.0132246,0.0292763,0.0120000),(-0.0138977,0.0289253,0.0120000),(-0.0138120,0.0288829,0.0120000),(-0.0131277,0.0293319,0.0120000),(-0.0132246,0.0292763,0.0120000),(-0.0138120,0.0288829,0.0120000),(-0.0131277,0.0293319,0.0120000),(-0.0138120,0.0288829,0.0120000),(-0.0137233,0.0288499,0.0120000),(-0.0124015,0.0298583,0.0120000),(-0.0131277,0.0293319,0.0120000),(-0.0137233,0.0288499,0.0120000),(-0.0124015,0.0298583,0.0120000),(-0.0137233,0.0288499,0.0120000),(-0.0136317,0.0288263,0.0120000),(-0.0124015,0.0298583,0.0120000),(-0.0136317,0.0288263,0.0120000),(-0.0135372,0.0288122,0.0120000),(-0.0124015,0.0298583,0.0120000),(-0.0135372,0.0288122,0.0120000),(-0.0134397,0.0288075,0.0120000),(-0.0124015,0.0298583,0.0120000),(-0.0134397,0.0288075,0.0120000),(-0.0133406,0.0288121,0.0120000),(-0.0124015,0.0298583,0.0120000),(-0.0133406,0.0288121,0.0120000),(-0.0132447,0.0288260,0.0120000),(-0.0124015,0.0298583,0.0120000),(-0.0132447,0.0288260,0.0120000),(-0.0131520,0.0288491,0.0120000),(-0.0124015,0.0298583,0.0120000),(-0.0131520,0.0288491,0.0120000),(-0.0130627,0.0288815,0.0120000),(-0.0124015,0.0298583,0.0120000),(-0.0130627,0.0288815,0.0120000),(-0.0129766,0.0289232,0.0120000),(-0.0124015,0.0298583,0.0120000),(-0.0129766,0.0289232,0.0120000),(-0.0128938,0.0289741,0.0120000),(-0.0124015,0.0298583,0.0120000),(-0.0128938,0.0289741,0.0120000),(-0.0128143,0.0290343,0.0120000),(-0.0124015,0.0298583,0.0120000),(-0.0128143,0.0290343,0.0120000),(-0.0127380,0.0291038,0.0120000),(-0.0124015,0.0298583,0.0120000),(-0.0127380,0.0291038,0.0120000),(-0.0126579,0.0291931,0.0120000),(-0.0124015,0.0298583,0.0120000),(-0.0126579,0.0291931,0.0120000),(-0.0125885,0.0292886,0.0120000),(-0.0124015,0.0298583,0.0120000),(-0.0125885,0.0292886,0.0120000),(-0.0125297,0.0293902,0.0120000),(-0.0124015,0.0298583,0.0120000),(-0.0125297,0.0293902,0.0120000),(-0.0124817,0.0294980,0.0120000),(-0.0124015,0.0298583,0.0120000),(-0.0124817,0.0294980,0.0120000),(-0.0124443,0.0296119,0.0120000),(-0.0124015,0.0298583,0.0120000),(-0.0124443,0.0296119,0.0120000),(-0.0124176,0.0297320,0.0120000),(-0.0231087,0.0327318,0.0120000),(-0.0231827,0.0328249,0.0120000),(-0.0233129,0.0328598,0.0120000),(-0.0231087,0.0327318,0.0120000),(-0.0233129,0.0328598,0.0120000),(-0.0233899,0.0328447,0.0120000),(-0.0231087,0.0327318,0.0120000),(-0.0233899,0.0328447,0.0120000),(-0.0234558,0.0327995,0.0120000),(-0.0231087,0.0327318,0.0120000),(-0.0234558,0.0327995,0.0120000),(-0.0235010,0.0327310,0.0120000),(-0.0231087,0.0327318,0.0120000),(-0.0235010,0.0327310,0.0120000),(-0.0235161,0.0326460,0.0120000),(-0.0231087,0.0327318,0.0120000),(-0.0235161,0.0326460,0.0120000),(-0.0235161,0.0290191,0.0120000),(-0.0231087,0.0327318,0.0120000),(-0.0235161,0.0290191,0.0120000),(-0.0234997,0.0289368,0.0120000),(-0.0231087,0.0327318,0.0120000),(-0.0234997,0.0289368,0.0120000),(-0.0234505,0.0288678,0.0120000),(-0.0231087,0.0327318,0.0120000),(-0.0234505,0.0288678,0.0120000),(-0.0233830,0.0288225,0.0120000),(-0.0231087,0.0327318,0.0120000),(-0.0233830,0.0288225,0.0120000),(-0.0233013,0.0288075,0.0120000),(-0.0231087,0.0327318,0.0120000),(-0.0233013,0.0288075,0.0120000),(-0.0232195,0.0288225,0.0120000),(-0.0231087,0.0327318,0.0120000),(-0.0232195,0.0288225,0.0120000),(-0.0231520,0.0288678,0.0120000),(-0.0231087,0.0327318,0.0120000),(-0.0231520,0.0288678,0.0120000),(-0.0231052,0.0289368,0.0120000),(-0.0231087,0.0327318,0.0120000),(-0.0231052,0.0289368,0.0120000),(-0.0230896,0.0290191,0.0120000),(-0.0231087,0.0327318,0.0120000),(-0.0230896,0.0290191,0.0120000),(-0.0230896,0.0314840,0.0120000),(-0.0231087,0.0327318,0.0120000),(-0.0230896,0.0314840,0.0120000),(-0.0221868,0.0289376,0.0120000),(-0.0231087,0.0327318,0.0120000),(-0.0221868,0.0289376,0.0120000),(-0.0221146,0.0288400,0.0120000),(-0.0231087,0.0327318,0.0120000),(-0.0221146,0.0288400,0.0120000),(-0.0219911,0.0288075,0.0120000),(-0.0231087,0.0327318,0.0120000),(-0.0219911,0.0288075,0.0120000),(-0.0218675,0.0288400,0.0120000),(-0.0231087,0.0327318,0.0120000),(-0.0218675,0.0288400,0.0120000),(-0.0217953,0.0289376,0.0120000),(-0.0208925,0.0314840,0.0120000),(-0.0208925,0.0290191,0.0120000),(-0.0208769,0.0289056,0.0120000),(-0.0208925,0.0314840,0.0120000),(-0.0208769,0.0289056,0.0120000),(-0.0208301,0.0288678,0.0120000),(-0.0208925,0.0314840,0.0120000),(-0.0208301,0.0288678,0.0120000),(-0.0206819,0.0288075,0.0120000),(-0.0208925,0.0314840,0.0120000),(-0.0206819,0.0288075,0.0120000),(-0.0206491,0.0287958,0.0120000),(-0.0208925,0.0314840,0.0120000),(-0.0206491,0.0287958,0.0120000),(-0.0205295,0.0288678,0.0120000),(-0.0208925,0.0314840,0.0120000),(-0.0205295,0.0288678,0.0120000),(-0.0204843,0.0289358,0.0120000),(-0.0208925,0.0314840,0.0120000),(-0.0204843,0.0289358,0.0120000),(-0.0204692,0.0290191,0.0120000),(-0.0208925,0.0314840,0.0120000),(-0.0204692,0.0290191,0.0120000),(-0.0204692,0.0326460,0.0120000),(-0.0208925,0.0314840,0.0120000),(-0.0204692,0.0326460,0.0120000),(-0.0204843,0.0327270,0.0120000),(-0.0217953,0.0289376,0.0120000),(-0.0208925,0.0314840,0.0120000),(-0.0204843,0.0327270,0.0120000),(-0.0217953,0.0289376,0.0120000),(-0.0204843,0.0327270,0.0120000),(-0.0205295,0.0327942,0.0120000),(-0.0217953,0.0289376,0.0120000),(-0.0205295,0.0327942,0.0120000),(-0.0205959,0.0328434,0.0120000),(-0.0217953,0.0289376,0.0120000),(-0.0205959,0.0328434,0.0120000),(-0.0206703,0.0328598,0.0120000),(-0.0217953,0.0289376,0.0120000),(-0.0206703,0.0328598,0.0120000),(-0.0207973,0.0328249,0.0120000),(-0.0217953,0.0289376,0.0120000),(-0.0207973,0.0328249,0.0120000),(-0.0208766,0.0327275,0.0120000),(-0.0217953,0.0289376,0.0120000),(-0.0208766,0.0327275,0.0120000),(-0.0219921,0.0296763,0.0120000),(-0.0231087,0.0327318,0.0120000),(-0.0217953,0.0289376,0.0120000),(-0.0219921,0.0296763,0.0120000),(-0.0108479,0.0297271,0.0120000),(-0.0108457,0.0296785,0.0120000),(-0.0108218,0.0295864,0.0120000),(-0.0108479,0.0297271,0.0120000),(-0.0108218,0.0295864,0.0120000),(-0.0107940,0.0295001,0.0120000),(-0.0108479,0.0297271,0.0120000),(-0.0107940,0.0295001,0.0120000),(-0.0107622,0.0294195,0.0120000),(-0.0108479,0.0297271,0.0120000),(-0.0107622,0.0294195,0.0120000),(-0.0107264,0.0293448,0.0120000),(-0.0108479,0.0297271,0.0120000),(-0.0107264,0.0293448,0.0120000),(-0.0106868,0.0292759,0.0120000),(-0.0108479,0.0297271,0.0120000),(-0.0106868,0.0292759,0.0120000),(-0.0106431,0.0292127,0.0120000),(-0.0108479,0.0297271,0.0120000),(-0.0106431,0.0292127,0.0120000),(-0.0105441,0.0291038,0.0120000),(-0.0108479,0.0297271,0.0120000),(-0.0105441,0.0291038,0.0120000),(-0.0104631,0.0290343,0.0120000),(-0.0108479,0.0297271,0.0120000),(-0.0104631,0.0290343,0.0120000),(-0.0103800,0.0289741,0.0120000),(-0.0108479,0.0297271,0.0120000),(-0.0103800,0.0289741,0.0120000),(-0.0102947,0.0289232,0.0120000),(-0.0108479,0.0297271,0.0120000),(-0.0102947,0.0289232,0.0120000),(-0.0102073,0.0288815,0.0120000),(-0.0108479,0.0297271,0.0120000),(-0.0102073,0.0288815,0.0120000),(-0.0101177,0.0288491,0.0120000),(-0.0108479,0.0297271,0.0120000),(-0.0101177,0.0288491,0.0120000),(-0.0100260,0.0288260,0.0120000),(-0.0108479,0.0297271,0.0120000),(-0.0100260,0.0288260,0.0120000),(-0.0099321,0.0288121,0.0120000),(-0.0108479,0.0297271,0.0120000),(-0.0099321,0.0288121,0.0120000),(-0.0098361,0.0288075,0.0120000),(-0.0108479,0.0297271,0.0120000),(-0.0098361,0.0288075,0.0120000),(-0.0097408,0.0288122,0.0120000),(-0.0108479,0.0297271,0.0120000),(-0.0097408,0.0288122,0.0120000),(-0.0096482,0.0288263,0.0120000),(-0.0108479,0.0297271,0.0120000),(-0.0096482,0.0288263,0.0120000),(-0.0095583,0.0288499,0.0120000),(-0.0108479,0.0297271,0.0120000),(-0.0095583,0.0288499,0.0120000),(-0.0094710,0.0288829,0.0120000),(-0.0094710,0.0288829,0.0120000),(-0.0093863,0.0289253,0.0120000),(-0.0093043,0.0289771,0.0120000),(-0.0094710,0.0288829,0.0120000),(-0.0093043,0.0289771,0.0120000),(-0.0092249,0.0290384,0.0120000),(-0.0094710,0.0288829,0.0120000),(-0.0092249,0.0290384,0.0120000),(-0.0091482,0.0291091,0.0120000),(-0.0094710,0.0288829,0.0120000),(-0.0091482,0.0291091,0.0120000),(-0.0090681,0.0291973,0.0120000),(-0.0094710,0.0288829,0.0120000),(-0.0090681,0.0291973,0.0120000),(-0.0089986,0.0292922,0.0120000),(-0.0094710,0.0288829,0.0120000),(-0.0089986,0.0292922,0.0120000),(-0.0089399,0.0293936,0.0120000),(-0.0094710,0.0288829,0.0120000),(-0.0089399,0.0293936,0.0120000),(-0.0088918,0.0295017,0.0120000),(-0.0094710,0.0288829,0.0120000),(-0.0088918,0.0295017,0.0120000),(-0.0088544,0.0296164,0.0120000),(-0.0094710,0.0288829,0.0120000),(-0.0088544,0.0296164,0.0120000),(-0.0088277,0.0297377,0.0120000),(-0.0094710,0.0288829,0.0120000),(-0.0088277,0.0297377,0.0120000),(-0.0088117,0.0298657,0.0120000),(-0.0094710,0.0288829,0.0120000),(-0.0088117,0.0298657,0.0120000),(-0.0088063,0.0300002,0.0120000),(-0.0094710,0.0288829,0.0120000),(-0.0088063,0.0300002,0.0120000),(-0.0088076,0.0301035,0.0120000),(-0.0094710,0.0288829,0.0120000),(-0.0088076,0.0301035,0.0120000),(-0.0088115,0.0302027,0.0120000),(-0.0094710,0.0288829,0.0120000),(-0.0088115,0.0302027,0.0120000),(-0.0088180,0.0302979,0.0120000),(-0.0094710,0.0288829,0.0120000),(-0.0088180,0.0302979,0.0120000),(-0.0088270,0.0303891,0.0120000),(-0.0094710,0.0288829,0.0120000),(-0.0088270,0.0303891,0.0120000),(-0.0088386,0.0304762,0.0120000),(-0.0094710,0.0288829,0.0120000),(-0.0088386,0.0304762,0.0120000),(-0.0088528,0.0305592,0.0120000),(-0.0094710,0.0288829,0.0120000),(-0.0088528,0.0305592,0.0120000),(-0.0088695,0.0306383,0.0120000),(-0.0094710,0.0288829,0.0120000),(-0.0088695,0.0306383,0.0120000),(-0.0088889,0.0307132,0.0120000),(-0.0094710,0.0288829,0.0120000),(-0.0088889,0.0307132,0.0120000),(-0.0089353,0.0308511,0.0120000),(-0.0089353,0.0308511,0.0120000),(-0.0089921,0.0309727,0.0120000),(-0.0090592,0.0310782,0.0120000),(-0.0089353,0.0308511,0.0120000),(-0.0090592,0.0310782,0.0120000),(-0.0091365,0.0311675,0.0120000),(-0.0089353,0.0308511,0.0120000),(-0.0091365,0.0311675,0.0120000),(-0.0092160,0.0312370,0.0120000),(-0.0089353,0.0308511,0.0120000),(-0.0092160,0.0312370,0.0120000),(-0.0092979,0.0312972,0.0120000),(-0.0089353,0.0308511,0.0120000),(-0.0092979,0.0312972,0.0120000),(-0.0093821,0.0313481,0.0120000),(-0.0089353,0.0308511,0.0120000),(-0.0093821,0.0313481,0.0120000),(-0.0094686,0.0313898,0.0120000),(-0.0089353,0.0308511,0.0120000),(-0.0094686,0.0313898,0.0120000),(-0.0095575,0.0314222,0.0120000),(-0.0089353,0.0308511,0.0120000),(-0.0095575,0.0314222,0.0120000),(-0.0096487,0.0314453,0.0120000),(-0.0089353,0.0308511,0.0120000),(-0.0096487,0.0314453,0.0120000),(-0.0097423,0.0314592,0.0120000),(-0.0089353,0.0308511,0.0120000),(-0.0097423,0.0314592,0.0120000),(-0.0098382,0.0314639,0.0120000),(-0.0089353,0.0308511,0.0120000),(-0.0098382,0.0314639,0.0120000),(-0.0099235,0.0314606,0.0120000),(-0.0089353,0.0308511,0.0120000),(-0.0099235,0.0314606,0.0120000),(-0.0100059,0.0314508,0.0120000),(-0.0089353,0.0308511,0.0120000),(-0.0100059,0.0314508,0.0120000),(-0.0100853,0.0314345,0.0120000),(-0.0089353,0.0308511,0.0120000),(-0.0100853,0.0314345,0.0120000),(-0.0101618,0.0314117,0.0120000),(-0.0089353,0.0308511,0.0120000),(-0.0101618,0.0314117,0.0120000),(-0.0103059,0.0313466,0.0120000),(-0.0089353,0.0308511,0.0120000),(-0.0103059,0.0313466,0.0120000),(-0.0104383,0.0312554,0.0120000),(-0.0103960,0.0324333,0.0120000),(-0.0091207,0.0324333,0.0120000),(-0.0090392,0.0324492,0.0120000),(-0.0103960,0.0324333,0.0120000),(-0.0090392,0.0324492,0.0120000),(-0.0089704,0.0324968,0.0120000),(-0.0103960,0.0324333,0.0120000),(-0.0089704,0.0324968,0.0120000),(-0.0089236,0.0325661,0.0120000),(-0.0103960,0.0324333,0.0120000),(-0.0089236,0.0325661,0.0120000),(-0.0089079,0.0326471,0.0120000),(-0.0103960,0.0324333,0.0120000),(-0.0089079,0.0326471,0.0120000),(-0.0089236,0.0327278,0.0120000),(-0.0103960,0.0324333,0.0120000),(-0.0089236,0.0327278,0.0120000),(-0.0089704,0.0327963,0.0120000),(-0.0103960,0.0324333,0.0120000),(-0.0089704,0.0327963,0.0120000),(-0.0090392,0.0328439,0.0120000),(-0.0103960,0.0324333,0.0120000),(-0.0090392,0.0328439,0.0120000),(-0.0091207,0.0328598,0.0120000),(-0.0103960,0.0324333,0.0120000),(-0.0091207,0.0328598,0.0120000),(-0.0105928,0.0328598,0.0120000),(-0.0104383,0.0312554,0.0120000),(-0.0103960,0.0324333,0.0120000),(-0.0105928,0.0328598,0.0120000),(-0.0104383,0.0312554,0.0120000),(-0.0105928,0.0328598,0.0120000),(-0.0106732,0.0328458,0.0120000),(-0.0104383,0.0312554,0.0120000),(-0.0106732,0.0328458,0.0120000),(-0.0107431,0.0328037,0.0120000),(-0.0104383,0.0312554,0.0120000),(-0.0107431,0.0328037,0.0120000),(-0.0107907,0.0327386,0.0120000),(-0.0104383,0.0312554,0.0120000),(-0.0107907,0.0327386,0.0120000),(-0.0108066,0.0326598,0.0120000),(-0.0104383,0.0312554,0.0120000),(-0.0108066,0.0326598,0.0120000),(-0.0108870,0.0305950,0.0120000),(-0.0104383,0.0312554,0.0120000),(-0.0108870,0.0305950,0.0120000),(-0.0108738,0.0305156,0.0120000),(-0.0104383,0.0312554,0.0120000),(-0.0108738,0.0305156,0.0120000),(-0.0108341,0.0304447,0.0120000),(-0.0104383,0.0312554,0.0120000),(-0.0108341,0.0304447,0.0120000),(-0.0107690,0.0303907,0.0120000),(-0.0104383,0.0312554,0.0120000),(-0.0107690,0.0303907,0.0120000),(-0.0106859,0.0303727,0.0120000),(-0.0104383,0.0312554,0.0120000),(-0.0106859,0.0303727,0.0120000),(-0.0106047,0.0303862,0.0120000),(-0.0104383,0.0312554,0.0120000),(-0.0106047,0.0303862,0.0120000),(-0.0105325,0.0304267,0.0120000),(-0.0104383,0.0312554,0.0120000),(-0.0105325,0.0304267,0.0120000),(-0.0104700,0.0305283,0.0120000),(-0.0104383,0.0312554,0.0120000),(-0.0104700,0.0305283,0.0120000),(-0.0104360,0.0306134,0.0120000),(-0.0104383,0.0312554,0.0120000),(-0.0104360,0.0306134,0.0120000),(-0.0103870,0.0306974,0.0120000),(-0.0104383,0.0312554,0.0120000),(-0.0103870,0.0306974,0.0120000),(-0.0103228,0.0307801,0.0120000),(-0.0104383,0.0312554,0.0120000),(-0.0103228,0.0307801,0.0120000),(-0.0102436,0.0308617,0.0120000),(-0.0104383,0.0312554,0.0120000),(-0.0102436,0.0308617,0.0120000),(-0.0101480,0.0309395,0.0120000),(-0.0104383,0.0312554,0.0120000),(-0.0101480,0.0309395,0.0120000),(-0.0100486,0.0309950,0.0120000),(-0.0104383,0.0312554,0.0120000),(-0.0100486,0.0309950,0.0120000),(-0.0099453,0.0310284,0.0120000),(-0.0104383,0.0312554,0.0120000),(-0.0099453,0.0310284,0.0120000),(-0.0098382,0.0310395,0.0120000),(-0.0104383,0.0312554,0.0120000),(-0.0098382,0.0310395,0.0120000),(-0.0097317,0.0310284,0.0120000),(-0.0089353,0.0308511,0.0120000),(-0.0104383,0.0312554,0.0120000),(-0.0097317,0.0310284,0.0120000),(-0.0089353,0.0308511,0.0120000),(-0.0097317,0.0310284,0.0120000),(-0.0096292,0.0309950,0.0120000),(-0.0089353,0.0308511,0.0120000),(-0.0096292,0.0309950,0.0120000),(-0.0095306,0.0309395,0.0120000),(-0.0089353,0.0308511,0.0120000),(-0.0095306,0.0309395,0.0120000),(-0.0094360,0.0308617,0.0120000),(-0.0089353,0.0308511,0.0120000),(-0.0094360,0.0308617,0.0120000),(-0.0093458,0.0307331,0.0120000),(-0.0089353,0.0308511,0.0120000),(-0.0093458,0.0307331,0.0120000),(-0.0093103,0.0306470,0.0120000),(-0.0089353,0.0308511,0.0120000),(-0.0093103,0.0306470,0.0120000),(-0.0092813,0.0305463,0.0120000),(-0.0089353,0.0308511,0.0120000),(-0.0092813,0.0305463,0.0120000),(-0.0092587,0.0304311,0.0120000),(-0.0089353,0.0308511,0.0120000),(-0.0092587,0.0304311,0.0120000),(-0.0092426,0.0303013,0.0120000),(-0.0089353,0.0308511,0.0120000),(-0.0092426,0.0303013,0.0120000),(-0.0092329,0.0301570,0.0120000),(-0.0089353,0.0308511,0.0120000),(-0.0092329,0.0301570,0.0120000),(-0.0092297,0.0299981,0.0120000),(-0.0089353,0.0308511,0.0120000),(-0.0092297,0.0299981,0.0120000),(-0.0092331,0.0299066,0.0120000),(-0.0089353,0.0308511,0.0120000),(-0.0092331,0.0299066,0.0120000),(-0.0092434,0.0298201,0.0120000),(-0.0089353,0.0308511,0.0120000),(-0.0092434,0.0298201,0.0120000),(-0.0092606,0.0297386,0.0120000),(-0.0094710,0.0288829,0.0120000),(-0.0089353,0.0308511,0.0120000),(-0.0092606,0.0297386,0.0120000),(-0.0094710,0.0288829,0.0120000),(-0.0092606,0.0297386,0.0120000),(-0.0092847,0.0296621,0.0120000),(-0.0094710,0.0288829,0.0120000),(-0.0092847,0.0296621,0.0120000),(-0.0093535,0.0295238,0.0120000),(-0.0094710,0.0288829,0.0120000),(-0.0093535,0.0295238,0.0120000),(-0.0094498,0.0294054,0.0120000),(-0.0094710,0.0288829,0.0120000),(-0.0094498,0.0294054,0.0120000),(-0.0095411,0.0293295,0.0120000),(-0.0094710,0.0288829,0.0120000),(-0.0095411,0.0293295,0.0120000),(-0.0096371,0.0292752,0.0120000),(-0.0094710,0.0288829,0.0120000),(-0.0096371,0.0292752,0.0120000),(-0.0097379,0.0292427,0.0120000),(-0.0094710,0.0288829,0.0120000),(-0.0097379,0.0292427,0.0120000),(-0.0098435,0.0292318,0.0120000),(-0.0094710,0.0288829,0.0120000),(-0.0098435,0.0292318,0.0120000),(-0.0099461,0.0292431,0.0120000),(-0.0094710,0.0288829,0.0120000),(-0.0099461,0.0292431,0.0120000),(-0.0100486,0.0292768,0.0120000),(-0.0094710,0.0288829,0.0120000),(-0.0100486,0.0292768,0.0120000),(-0.0101509,0.0293330,0.0120000),(-0.0108479,0.0297271,0.0120000),(-0.0094710,0.0288829,0.0120000),(-0.0101509,0.0293330,0.0120000),(-0.0108479,0.0297271,0.0120000),(-0.0101509,0.0293330,0.0120000),(-0.0102531,0.0294118,0.0120000),(-0.0108479,0.0297271,0.0120000),(-0.0102531,0.0294118,0.0120000),(-0.0103552,0.0295546,0.0120000),(-0.0108479,0.0297271,0.0120000),(-0.0103552,0.0295546,0.0120000),(-0.0103948,0.0296546,0.0120000),(-0.0108479,0.0297271,0.0120000),(-0.0103948,0.0296546,0.0120000),(-0.0104266,0.0297737,0.0120000),(-0.0108479,0.0297271,0.0120000),(-0.0104266,0.0297737,0.0120000),(-0.0104707,0.0298464,0.0120000),(-0.0108479,0.0297271,0.0120000),(-0.0104707,0.0298464,0.0120000),(-0.0105193,0.0298983,0.0120000),(-0.0108479,0.0297271,0.0120000),(-0.0105193,0.0298983,0.0120000),(-0.0106298,0.0299399,0.0120000),(-0.0108479,0.0297271,0.0120000),(-0.0106298,0.0299399,0.0120000),(-0.0106373,0.0299399,0.0120000),(-0.0108479,0.0297271,0.0120000),(-0.0106373,0.0299399,0.0120000),(-0.0107111,0.0299242,0.0120000),(-0.0108479,0.0297271,0.0120000),(-0.0107111,0.0299242,0.0120000),(-0.0107709,0.0298835,0.0120000),(-0.0182700,0.0310956,0.0120000),(-0.0182223,0.0311443,0.0120000),(-0.0181663,0.0312218,0.0120000),(-0.0182700,0.0310956,0.0120000),(-0.0181663,0.0312218,0.0120000),(-0.0181177,0.0313032,0.0120000),(-0.0182700,0.0310956,0.0120000),(-0.0181177,0.0313032,0.0120000),(-0.0180766,0.0313884,0.0120000),(-0.0182700,0.0310956,0.0120000),(-0.0180766,0.0313884,0.0120000),(-0.0180429,0.0314774,0.0120000),(-0.0182700,0.0310956,0.0120000),(-0.0180429,0.0314774,0.0120000),(-0.0180168,0.0315701,0.0120000),(-0.0182700,0.0310956,0.0120000),(-0.0180168,0.0315701,0.0120000),(-0.0179981,0.0316667,0.0120000),(-0.0182700,0.0310956,0.0120000),(-0.0179981,0.0316667,0.0120000),(-0.0179869,0.0317671,0.0120000),(-0.0182700,0.0310956,0.0120000),(-0.0179869,0.0317671,0.0120000),(-0.0179831,0.0318713,0.0120000),(-0.0182700,0.0310956,0.0120000),(-0.0179831,0.0318713,0.0120000),(-0.0179869,0.0319754,0.0120000),(-0.0182700,0.0310956,0.0120000),(-0.0179869,0.0319754,0.0120000),(-0.0179980,0.0320751,0.0120000),(-0.0182700,0.0310956,0.0120000),(-0.0179980,0.0320751,0.0120000),(-0.0180166,0.0321702,0.0120000),(-0.0182700,0.0310956,0.0120000),(-0.0180166,0.0321702,0.0120000),(-0.0180427,0.0322608,0.0120000),(-0.0182700,0.0310956,0.0120000),(-0.0180427,0.0322608,0.0120000),(-0.0180762,0.0323469,0.0120000),(-0.0182700,0.0310956,0.0120000),(-0.0180762,0.0323469,0.0120000),(-0.0181171,0.0324285,0.0120000),(-0.0182700,0.0310956,0.0120000),(-0.0181171,0.0324285,0.0120000),(-0.0181655,0.0325057,0.0120000),(-0.0182700,0.0310956,0.0120000),(-0.0181655,0.0325057,0.0120000),(-0.0182213,0.0325783,0.0120000),(-0.0182700,0.0310956,0.0120000),(-0.0182213,0.0325783,0.0120000),(-0.0182830,0.0326443,0.0120000),(-0.0182700,0.0310956,0.0120000),(-0.0182830,0.0326443,0.0120000),(-0.0183497,0.0327015,0.0120000),(-0.0182700,0.0310956,0.0120000),(-0.0183497,0.0327015,0.0120000),(-0.0184214,0.0327498,0.0120000),(-0.0182700,0.0310956,0.0120000),(-0.0184214,0.0327498,0.0120000),(-0.0184980,0.0327894,0.0120000),(-0.0184980,0.0327894,0.0120000),(-0.0185796,0.0328202,0.0120000),(-0.0186662,0.0328422,0.0120000),(-0.0184980,0.0327894,0.0120000),(-0.0186662,0.0328422,0.0120000),(-0.0187577,0.0328554,0.0120000),(-0.0184980,0.0327894,0.0120000),(-0.0187577,0.0328554,0.0120000),(-0.0188542,0.0328598,0.0120000),(-0.0184980,0.0327894,0.0120000),(-0.0188542,0.0328598,0.0120000),(-0.0189497,0.0328554,0.0120000),(-0.0184980,0.0327894,0.0120000),(-0.0189497,0.0328554,0.0120000),(-0.0190410,0.0328423,0.0120000),(-0.0184980,0.0327894,0.0120000),(-0.0190410,0.0328423,0.0120000),(-0.0191280,0.0328204,0.0120000),(-0.0184980,0.0327894,0.0120000),(-0.0191280,0.0328204,0.0120000),(-0.0192108,0.0327897,0.0120000),(-0.0184980,0.0327894,0.0120000),(-0.0192108,0.0327897,0.0120000),(-0.0192894,0.0327503,0.0120000),(-0.0184980,0.0327894,0.0120000),(-0.0192894,0.0327503,0.0120000),(-0.0193637,0.0327021,0.0120000),(-0.0184980,0.0327894,0.0120000),(-0.0193637,0.0327021,0.0120000),(-0.0194339,0.0326451,0.0120000),(-0.0184980,0.0327894,0.0120000),(-0.0194339,0.0326451,0.0120000),(-0.0194997,0.0325794,0.0120000),(-0.0184980,0.0327894,0.0120000),(-0.0194997,0.0325794,0.0120000),(-0.0195595,0.0325069,0.0120000),(-0.0184980,0.0327894,0.0120000),(-0.0195595,0.0325069,0.0120000),(-0.0196113,0.0324299,0.0120000),(-0.0184980,0.0327894,0.0120000),(-0.0196113,0.0324299,0.0120000),(-0.0196552,0.0323483,0.0120000),(-0.0184980,0.0327894,0.0120000),(-0.0196552,0.0323483,0.0120000),(-0.0196910,0.0322621,0.0120000),(-0.0184980,0.0327894,0.0120000),(-0.0196910,0.0322621,0.0120000),(-0.0197189,0.0321713,0.0120000),(-0.0184980,0.0327894,0.0120000),(-0.0197189,0.0321713,0.0120000),(-0.0197389,0.0320759,0.0120000),(-0.0184980,0.0327894,0.0120000),(-0.0197389,0.0320759,0.0120000),(-0.0197508,0.0319759,0.0120000),(-0.0197508,0.0319759,0.0120000),(-0.0197548,0.0318713,0.0120000),(-0.0197395,0.0317890,0.0120000),(-0.0197508,0.0319759,0.0120000),(-0.0197395,0.0317890,0.0120000),(-0.0196934,0.0317200,0.0120000),(-0.0197508,0.0319759,0.0120000),(-0.0196934,0.0317200,0.0120000),(-0.0196252,0.0316732,0.0120000),(-0.0197508,0.0319759,0.0120000),(-0.0196252,0.0316732,0.0120000),(-0.0195431,0.0316575,0.0120000),(-0.0197508,0.0319759,0.0120000),(-0.0195431,0.0316575,0.0120000),(-0.0194603,0.0316732,0.0120000),(-0.0197508,0.0319759,0.0120000),(-0.0194603,0.0316732,0.0120000),(-0.0193918,0.0317200,0.0120000),(-0.0197508,0.0319759,0.0120000),(-0.0193918,0.0317200,0.0120000),(-0.0193458,0.0317890,0.0120000),(-0.0197508,0.0319759,0.0120000),(-0.0193458,0.0317890,0.0120000),(-0.0193304,0.0318713,0.0120000),(-0.0197508,0.0319759,0.0120000),(-0.0193304,0.0318713,0.0120000),(-0.0193217,0.0319976,0.0120000),(-0.0197508,0.0319759,0.0120000),(-0.0193217,0.0319976,0.0120000),(-0.0192957,0.0321087,0.0120000),(-0.0197508,0.0319759,0.0120000),(-0.0192957,0.0321087,0.0120000),(-0.0192524,0.0322045,0.0120000),(-0.0197508,0.0319759,0.0120000),(-0.0192524,0.0322045,0.0120000),(-0.0191918,0.0322851,0.0120000),(-0.0197508,0.0319759,0.0120000),(-0.0191918,0.0322851,0.0120000),(-0.0191203,0.0323500,0.0120000),(-0.0184980,0.0327894,0.0120000),(-0.0197508,0.0319759,0.0120000),(-0.0191203,0.0323500,0.0120000),(-0.0184980,0.0327894,0.0120000),(-0.0191203,0.0323500,0.0120000),(-0.0190402,0.0323963,0.0120000),(-0.0184980,0.0327894,0.0120000),(-0.0190402,0.0323963,0.0120000),(-0.0189515,0.0324240,0.0120000),(-0.0184980,0.0327894,0.0120000),(-0.0189515,0.0324240,0.0120000),(-0.0188542,0.0324333,0.0120000),(-0.0184980,0.0327894,0.0120000),(-0.0188542,0.0324333,0.0120000),(-0.0187603,0.0324241,0.0120000),(-0.0184980,0.0327894,0.0120000),(-0.0187603,0.0324241,0.0120000),(-0.0186756,0.0323965,0.0120000),(-0.0184980,0.0327894,0.0120000),(-0.0186756,0.0323965,0.0120000),(-0.0186000,0.0323506,0.0120000),(-0.0184980,0.0327894,0.0120000),(-0.0186000,0.0323506,0.0120000),(-0.0185335,0.0322862,0.0120000),(-0.0184980,0.0327894,0.0120000),(-0.0185335,0.0322862,0.0120000),(-0.0184793,0.0322051,0.0120000),(-0.0184980,0.0327894,0.0120000),(-0.0184793,0.0322051,0.0120000),(-0.0184406,0.0321089,0.0120000),(-0.0184980,0.0327894,0.0120000),(-0.0184406,0.0321089,0.0120000),(-0.0184174,0.0319977,0.0120000),(-0.0182700,0.0310956,0.0120000),(-0.0184980,0.0327894,0.0120000),(-0.0184174,0.0319977,0.0120000),(-0.0182700,0.0310956,0.0120000),(-0.0184174,0.0319977,0.0120000),(-0.0184097,0.0318713,0.0120000),(-0.0182700,0.0310956,0.0120000),(-0.0184097,0.0318713,0.0120000),(-0.0184173,0.0317433,0.0120000),(-0.0182700,0.0310956,0.0120000),(-0.0184173,0.0317433,0.0120000),(-0.0184403,0.0316279,0.0120000),(-0.0182700,0.0310956,0.0120000),(-0.0184403,0.0316279,0.0120000),(-0.0184787,0.0315253,0.0120000),(-0.0182700,0.0310956,0.0120000),(-0.0184787,0.0315253,0.0120000),(-0.0185324,0.0314353,0.0120000),(-0.0182700,0.0310956,0.0120000),(-0.0185324,0.0314353,0.0120000),(-0.0185947,0.0313705,0.0120000),(-0.0181856,0.0310194,0.0120000),(-0.0182700,0.0310956,0.0120000),(-0.0185947,0.0313705,0.0120000),(-0.0181856,0.0310194,0.0120000),(-0.0185947,0.0313705,0.0120000),(-0.0186639,0.0313242,0.0120000),(-0.0181856,0.0310194,0.0120000),(-0.0186639,0.0313242,0.0120000),(-0.0187402,0.0312964,0.0120000),(-0.0181856,0.0310194,0.0120000),(-0.0187402,0.0312964,0.0120000),(-0.0188235,0.0312871,0.0120000),(-0.0181856,0.0310194,0.0120000),(-0.0188235,0.0312871,0.0120000),(-0.0188658,0.0312871,0.0120000),(-0.0181856,0.0310194,0.0120000),(-0.0188658,0.0312871,0.0120000),(-0.0189325,0.0312871,0.0120000),(-0.0181856,0.0310194,0.0120000),(-0.0189325,0.0312871,0.0120000),(-0.0190140,0.0312715,0.0120000),(-0.0181856,0.0310194,0.0120000),(-0.0190140,0.0312715,0.0120000),(-0.0190828,0.0312247,0.0120000),(-0.0181856,0.0310194,0.0120000),(-0.0190828,0.0312247,0.0120000),(-0.0191296,0.0311562,0.0120000),(-0.0181856,0.0310194,0.0120000),(-0.0191296,0.0311562,0.0120000),(-0.0191452,0.0310755,0.0120000),(-0.0181856,0.0310194,0.0120000),(-0.0191452,0.0310755,0.0120000),(-0.0191296,0.0309945,0.0120000),(-0.0181856,0.0310194,0.0120000),(-0.0191296,0.0309945,0.0120000),(-0.0190828,0.0309252,0.0120000),(-0.0181856,0.0310194,0.0120000),(-0.0190828,0.0309252,0.0120000),(-0.0190140,0.0308776,0.0120000),(-0.0181856,0.0310194,0.0120000),(-0.0190140,0.0308776,0.0120000),(-0.0189325,0.0308617,0.0120000),(-0.0181856,0.0310194,0.0120000),(-0.0189325,0.0308617,0.0120000),(-0.0188658,0.0308617,0.0120000),(-0.0181856,0.0310194,0.0120000),(-0.0188658,0.0308617,0.0120000),(-0.0187354,0.0308477,0.0120000),(-0.0181856,0.0310194,0.0120000),(-0.0187354,0.0308477,0.0120000),(-0.0186174,0.0308058,0.0120000),(-0.0181856,0.0310194,0.0120000),(-0.0186174,0.0308058,0.0120000),(-0.0185116,0.0307361,0.0120000),(-0.0181856,0.0310194,0.0120000),(-0.0185116,0.0307361,0.0120000),(-0.0184181,0.0306384,0.0120000),(-0.0181856,0.0310194,0.0120000),(-0.0184181,0.0306384,0.0120000),(-0.0183413,0.0305172,0.0120000),(-0.0181856,0.0310194,0.0120000),(-0.0183413,0.0305172,0.0120000),(-0.0182864,0.0303770,0.0120000),(-0.0181856,0.0310194,0.0120000),(-0.0182864,0.0303770,0.0120000),(-0.0182534,0.0302177,0.0120000),(-0.0181856,0.0310194,0.0120000),(-0.0182534,0.0302177,0.0120000),(-0.0182452,0.0301309,0.0120000),(-0.0181856,0.0310194,0.0120000),(-0.0182452,0.0301309,0.0120000),(-0.0182424,0.0300394,0.0120000),(-0.0181856,0.0310194,0.0120000),(-0.0182424,0.0300394,0.0120000),(-0.0182452,0.0299487,0.0120000),(-0.0194642,0.0300038,0.0120000),(-0.0194669,0.0301039,0.0120000),(-0.0194828,0.0301859,0.0120000),(-0.0194561,0.0299095,0.0120000),(-0.0194642,0.0300038,0.0120000),(-0.0194828,0.0301859,0.0120000),(-0.0194561,0.0299095,0.0120000),(-0.0194828,0.0301859,0.0120000),(-0.0195304,0.0302542,0.0120000),(-0.0194425,0.0298209,0.0120000),(-0.0194561,0.0299095,0.0120000),(-0.0195304,0.0302542,0.0120000),(-0.0194425,0.0298209,0.0120000),(-0.0195304,0.0302542,0.0120000),(-0.0195998,0.0303002,0.0120000),(-0.0194235,0.0297380,0.0120000),(-0.0194425,0.0298209,0.0120000),(-0.0195998,0.0303002,0.0120000),(-0.0194235,0.0297380,0.0120000),(-0.0195998,0.0303002,0.0120000),(-0.0196828,0.0303156,0.0120000),(-0.0193693,0.0295894,0.0120000),(-0.0194235,0.0297380,0.0120000),(-0.0196828,0.0303156,0.0120000),(-0.0193693,0.0295894,0.0120000),(-0.0196828,0.0303156,0.0120000),(-0.0197656,0.0303002,0.0120000),(-0.0193693,0.0295894,0.0120000),(-0.0197656,0.0303002,0.0120000),(-0.0198342,0.0302542,0.0120000),(-0.0192934,0.0294636,0.0120000),(-0.0193693,0.0295894,0.0120000),(-0.0198342,0.0302542,0.0120000),(-0.0192934,0.0294636,0.0120000),(-0.0198342,0.0302542,0.0120000),(-0.0198802,0.0301859,0.0120000),(-0.0192934,0.0294636,0.0120000),(-0.0198802,0.0301859,0.0120000),(-0.0198956,0.0301039,0.0120000),(-0.0192028,0.0293641,0.0120000),(-0.0192934,0.0294636,0.0120000),(-0.0198956,0.0301039,0.0120000),(-0.0192028,0.0293641,0.0120000),(-0.0198956,0.0301039,0.0120000),(-0.0198911,0.0299669,0.0120000),(-0.0192028,0.0293641,0.0120000),(-0.0198911,0.0299669,0.0120000),(-0.0198779,0.0298360,0.0120000),(-0.0192028,0.0293641,0.0120000),(-0.0198779,0.0298360,0.0120000),(-0.0198558,0.0297110,0.0120000),(-0.0190994,0.0292930,0.0120000),(-0.0192028,0.0293641,0.0120000),(-0.0198558,0.0297110,0.0120000),(-0.0190994,0.0292930,0.0120000),(-0.0198558,0.0297110,0.0120000),(-0.0198249,0.0295919,0.0120000),(-0.0190994,0.0292930,0.0120000),(-0.0198249,0.0295919,0.0120000),(-0.0197852,0.0294789,0.0120000),(-0.0189832,0.0292503,0.0120000),(-0.0190994,0.0292930,0.0120000),(-0.0197852,0.0294789,0.0120000),(-0.0189832,0.0292503,0.0120000),(-0.0197852,0.0294789,0.0120000),(-0.0197366,0.0293719,0.0120000),(-0.0189832,0.0292503,0.0120000),(-0.0197366,0.0293719,0.0120000),(-0.0196792,0.0292708,0.0120000),(-0.0188542,0.0292361,0.0120000),(-0.0189832,0.0292503,0.0120000),(-0.0196792,0.0292708,0.0120000),(-0.0188542,0.0292361,0.0120000),(-0.0196792,0.0292708,0.0120000),(-0.0196130,0.0291758,0.0120000),(-0.0188542,0.0292361,0.0120000),(-0.0196130,0.0291758,0.0120000),(-0.0195409,0.0290902,0.0120000),(-0.0187306,0.0292495,0.0120000),(-0.0188542,0.0292361,0.0120000),(-0.0195409,0.0290902,0.0120000),(-0.0187306,0.0292495,0.0120000),(-0.0195409,0.0290902,0.0120000),(-0.0194624,0.0290160,0.0120000),(-0.0187306,0.0292495,0.0120000),(-0.0194624,0.0290160,0.0120000),(-0.0193773,0.0289533,0.0120000),(-0.0186171,0.0292898,0.0120000),(-0.0187306,0.0292495,0.0120000),(-0.0193773,0.0289533,0.0120000),(-0.0186171,0.0292898,0.0120000),(-0.0193773,0.0289533,0.0120000),(-0.0192857,0.0289019,0.0120000),(-0.0186171,0.0292898,0.0120000),(-0.0192857,0.0289019,0.0120000),(-0.0191876,0.0288620,0.0120000),(-0.0185136,0.0293569,0.0120000),(-0.0186171,0.0292898,0.0120000),(-0.0191876,0.0288620,0.0120000),(-0.0185136,0.0293569,0.0120000),(-0.0191876,0.0288620,0.0120000),(-0.0190830,0.0288334,0.0120000),(-0.0185136,0.0293569,0.0120000),(-0.0190830,0.0288334,0.0120000),(-0.0189718,0.0288163,0.0120000),(-0.0184202,0.0294509,0.0120000),(-0.0185136,0.0293569,0.0120000),(-0.0189718,0.0288163,0.0120000),(-0.0184202,0.0294509,0.0120000),(-0.0189718,0.0288163,0.0120000),(-0.0188542,0.0288106,0.0120000),(-0.0184202,0.0294509,0.0120000),(-0.0188542,0.0288106,0.0120000),(-0.0187410,0.0288161,0.0120000),(-0.0183425,0.0295687,0.0120000),(-0.0184202,0.0294509,0.0120000),(-0.0187410,0.0288161,0.0120000),(-0.0183425,0.0295687,0.0120000),(-0.0187410,0.0288161,0.0120000),(-0.0186334,0.0288326,0.0120000),(-0.0182869,0.0297060,0.0120000),(-0.0183425,0.0295687,0.0120000),(-0.0186334,0.0288326,0.0120000),(-0.0182869,0.0297060,0.0120000),(-0.0186334,0.0288326,0.0120000),(-0.0185313,0.0288600,0.0120000),(-0.0182869,0.0297060,0.0120000),(-0.0185313,0.0288600,0.0120000),(-0.0184348,0.0288985,0.0120000),(-0.0182674,0.0297820,0.0120000),(-0.0182869,0.0297060,0.0120000),(-0.0184348,0.0288985,0.0120000),(-0.0182674,0.0297820,0.0120000),(-0.0184348,0.0288985,0.0120000),(-0.0183438,0.0289479,0.0120000),(-0.0182536,0.0298629,0.0120000),(-0.0182674,0.0297820,0.0120000),(-0.0183438,0.0289479,0.0120000),(-0.0182536,0.0298629,0.0120000),(-0.0183438,0.0289479,0.0120000),(-0.0182583,0.0290083,0.0120000),(-0.0182452,0.0299487,0.0120000),(-0.0182536,0.0298629,0.0120000),(-0.0182583,0.0290083,0.0120000),(-0.0181856,0.0310194,0.0120000),(-0.0182452,0.0299487,0.0120000),(-0.0182583,0.0290083,0.0120000),(-0.0181856,0.0310194,0.0120000),(-0.0182583,0.0290083,0.0120000),(-0.0181783,0.0290796,0.0120000),(-0.0181856,0.0310194,0.0120000),(-0.0181783,0.0290796,0.0120000),(-0.0181038,0.0291620,0.0120000),(-0.0181856,0.0310194,0.0120000),(-0.0181038,0.0291620,0.0120000),(-0.0180361,0.0292533,0.0120000),(-0.0181856,0.0310194,0.0120000),(-0.0180361,0.0292533,0.0120000),(-0.0179774,0.0293498,0.0120000),(-0.0181856,0.0310194,0.0120000),(-0.0179774,0.0293498,0.0120000),(-0.0179277,0.0294516,0.0120000),(-0.0181856,0.0310194,0.0120000),(-0.0179277,0.0294516,0.0120000),(-0.0178871,0.0295586,0.0120000),(-0.0181856,0.0310194,0.0120000),(-0.0178871,0.0295586,0.0120000),(-0.0178555,0.0296709,0.0120000),(-0.0181856,0.0310194,0.0120000),(-0.0178555,0.0296709,0.0120000),(-0.0178329,0.0297885,0.0120000),(-0.0181856,0.0310194,0.0120000),(-0.0178329,0.0297885,0.0120000),(-0.0178194,0.0299113,0.0120000),(-0.0181856,0.0310194,0.0120000),(-0.0178194,0.0299113,0.0120000),(-0.0178149,0.0300394,0.0120000),(-0.0181856,0.0310194,0.0120000),(-0.0178149,0.0300394,0.0120000),(-0.0178194,0.0301687,0.0120000),(-0.0181856,0.0310194,0.0120000),(-0.0178194,0.0301687,0.0120000),(-0.0178328,0.0302928,0.0120000),(-0.0181856,0.0310194,0.0120000),(-0.0178328,0.0302928,0.0120000),(-0.0178552,0.0304116,0.0120000),(-0.0181856,0.0310194,0.0120000),(-0.0178552,0.0304116,0.0120000),(-0.0178866,0.0305251,0.0120000),(-0.0181856,0.0310194,0.0120000),(-0.0178866,0.0305251,0.0120000),(-0.0179269,0.0306333,0.0120000),(-0.0181856,0.0310194,0.0120000),(-0.0179269,0.0306333,0.0120000),(-0.0179762,0.0307363,0.0120000),(-0.0181856,0.0310194,0.0120000),(-0.0179762,0.0307363,0.0120000),(-0.0180345,0.0308339,0.0120000),(-0.0181856,0.0310194,0.0120000),(-0.0180345,0.0308339,0.0120000),(-0.0181017,0.0309262,0.0120000),(-0.0169261,0.0287823,0.0120000),(-0.0168645,0.0288381,0.0120000),(-0.0161448,0.0298340,0.0120000),(-0.0161448,0.0298340,0.0120000),(-0.0154273,0.0288381,0.0120000),(-0.0153651,0.0287823,0.0120000),(-0.0161448,0.0298340,0.0120000),(-0.0153651,0.0287823,0.0120000),(-0.0152865,0.0287545,0.0120000),(-0.0161448,0.0298340,0.0120000),(-0.0152865,0.0287545,0.0120000),(-0.0152040,0.0287569,0.0120000),(-0.0161448,0.0298340,0.0120000),(-0.0152040,0.0287569,0.0120000),(-0.0151299,0.0287916,0.0120000),(-0.0161448,0.0298340,0.0120000),(-0.0151299,0.0287916,0.0120000),(-0.0150733,0.0288514,0.0120000),(-0.0161448,0.0298340,0.0120000),(-0.0150733,0.0288514,0.0120000),(-0.0150452,0.0289292,0.0120000),(-0.0161448,0.0298340,0.0120000),(-0.0150452,0.0289292,0.0120000),(-0.0150468,0.0290122,0.0120000),(-0.0161448,0.0298340,0.0120000),(-0.0150468,0.0290122,0.0120000),(-0.0150791,0.0290879,0.0120000),(-0.0161448,0.0298340,0.0120000),(-0.0150791,0.0290879,0.0120000),(-0.0158834,0.0301992,0.0120000),(-0.0169261,0.0287823,0.0120000),(-0.0161448,0.0298340,0.0120000),(-0.0158834,0.0301992,0.0120000),(-0.0169261,0.0287823,0.0120000),(-0.0158834,0.0301992,0.0120000),(-0.0150791,0.0313083,0.0120000),(-0.0169261,0.0287823,0.0120000),(-0.0150791,0.0313083,0.0120000),(-0.0150468,0.0313824,0.0120000),(-0.0169261,0.0287823,0.0120000),(-0.0150468,0.0313824,0.0120000),(-0.0150452,0.0314649,0.0120000),(-0.0169261,0.0287823,0.0120000),(-0.0150452,0.0314649,0.0120000),(-0.0150733,0.0315430,0.0120000),(-0.0169261,0.0287823,0.0120000),(-0.0150733,0.0315430,0.0120000),(-0.0151299,0.0316036,0.0120000),(-0.0169261,0.0287823,0.0120000),(-0.0151299,0.0316036,0.0120000),(-0.0152040,0.0316390,0.0120000),(-0.0169261,0.0287823,0.0120000),(-0.0152040,0.0316390,0.0120000),(-0.0152865,0.0316417,0.0120000),(-0.0169261,0.0287823,0.0120000),(-0.0152865,0.0316417,0.0120000),(-0.0153651,0.0316134,0.0120000),(-0.0169261,0.0287823,0.0120000),(-0.0153651,0.0316134,0.0120000),(-0.0154273,0.0315559,0.0120000),(-0.0169261,0.0287823,0.0120000),(-0.0154273,0.0315559,0.0120000),(-0.0161448,0.0305601,0.0120000),(-0.0161448,0.0305601,0.0120000),(-0.0168645,0.0315559,0.0120000),(-0.0169256,0.0316144,0.0120000),(-0.0161448,0.0305601,0.0120000),(-0.0169256,0.0316144,0.0120000),(-0.0170031,0.0316417,0.0120000),(-0.0161448,0.0305601,0.0120000),(-0.0170031,0.0316417,0.0120000),(-0.0170897,0.0316393,0.0120000),(-0.0161448,0.0305601,0.0120000),(-0.0170897,0.0316393,0.0120000),(-0.0171629,0.0316046,0.0120000),(-0.0161448,0.0305601,0.0120000),(-0.0171629,0.0316046,0.0120000),(-0.0172188,0.0315440,0.0120000),(-0.0161448,0.0305601,0.0120000),(-0.0172188,0.0315440,0.0120000),(-0.0172465,0.0314681,0.0120000),(-0.0161448,0.0305601,0.0120000),(-0.0172465,0.0314681,0.0120000),(-0.0172436,0.0313832,0.0120000),(-0.0161448,0.0305601,0.0120000),(-0.0172436,0.0313832,0.0120000),(-0.0172074,0.0313083,0.0120000),(-0.0161448,0.0305601,0.0120000),(-0.0172074,0.0313083,0.0120000),(-0.0164083,0.0301992,0.0120000),(-0.0169261,0.0287823,0.0120000),(-0.0161448,0.0305601,0.0120000),(-0.0164083,0.0301992,0.0120000),(-0.0169261,0.0287823,0.0120000),(-0.0164083,0.0301992,0.0120000),(-0.0172116,0.0290879,0.0120000),(-0.0169261,0.0287823,0.0120000),(-0.0172116,0.0290879,0.0120000),(-0.0172447,0.0290125,0.0120000),(-0.0169261,0.0287823,0.0120000),(-0.0172447,0.0290125,0.0120000),(-0.0172465,0.0289302,0.0120000),(-0.0169261,0.0287823,0.0120000),(-0.0172465,0.0289302,0.0120000),(-0.0172185,0.0288490,0.0120000),(-0.0169261,0.0287823,0.0120000),(-0.0172185,0.0288490,0.0120000),(-0.0171619,0.0287895,0.0120000),(-0.0169261,0.0287823,0.0120000),(-0.0171619,0.0287895,0.0120000),(-0.0170873,0.0287564,0.0120000),(-0.0169261,0.0287823,0.0120000),(-0.0170873,0.0287564,0.0120000),(-0.0170052,0.0287545,0.0120000),(-0.0119379,0.0288379,0.0120000),(-0.0118649,0.0287313,0.0120000),(-0.0117583,0.0286582,0.0120000),(-0.0119379,0.0288379,0.0120000),(-0.0117583,0.0286582,0.0120000),(-0.0116331,0.0286339,0.0120000),(-0.0119379,0.0288379,0.0120000),(-0.0116331,0.0286339,0.0120000),(-0.0115083,0.0286582,0.0120000),(-0.0119379,0.0288379,0.0120000),(-0.0115083,0.0286582,0.0120000),(-0.0114024,0.0287313,0.0120000),(-0.0119379,0.0288379,0.0120000),(-0.0114024,0.0287313,0.0120000),(-0.0113294,0.0288379,0.0120000),(-0.0119379,0.0288379,0.0120000),(-0.0113294,0.0288379,0.0120000),(-0.0113051,0.0289630,0.0120000),(-0.0119379,0.0288379,0.0120000),(-0.0113051,0.0289630,0.0120000),(-0.0113294,0.0290882,0.0120000),(-0.0119379,0.0288379,0.0120000),(-0.0113294,0.0290882,0.0120000),(-0.0114024,0.0291948,0.0120000),(-0.0119379,0.0288379,0.0120000),(-0.0114024,0.0291948,0.0120000),(-0.0115083,0.0292678,0.0120000),(-0.0119379,0.0288379,0.0120000),(-0.0115083,0.0292678,0.0120000),(-0.0116331,0.0292922,0.0120000),(-0.0119379,0.0288379,0.0120000),(-0.0116331,0.0292922,0.0120000),(-0.0117583,0.0292678,0.0120000),(-0.0119379,0.0288379,0.0120000),(-0.0117583,0.0292678,0.0120000),(-0.0118649,0.0291948,0.0120000),(-0.0119379,0.0288379,0.0120000),(-0.0118649,0.0291948,0.0120000),(-0.0119379,0.0290882,0.0120000),(-0.0119379,0.0288379,0.0120000),(-0.0119379,0.0290882,0.0120000),(-0.0119623,0.0289630,0.0120000),(-0.0030041,0.0288228,0.0120000),(-0.0029046,0.0287138,0.0120000),(-0.0027914,0.0286863,0.0120000),(-0.0030041,0.0288228,0.0120000),(-0.0027914,0.0286863,0.0120000),(-0.0026903,0.0287117,0.0120000),(-0.0030041,0.0288228,0.0120000),(-0.0026903,0.0287117,0.0120000),(-0.0026136,0.0287879,0.0120000),(-0.0030041,0.0288228,0.0120000),(-0.0026136,0.0287879,0.0120000),(-0.0026061,0.0287942,0.0120000),(-0.0030041,0.0288228,0.0120000),(-0.0026061,0.0287942,0.0120000),(-0.0013605,0.0309617,0.0120000),(-0.0030041,0.0288228,0.0120000),(-0.0013605,0.0309617,0.0120000),(-0.0013330,0.0310686,0.0120000),(-0.0030041,0.0288228,0.0120000),(-0.0013330,0.0310686,0.0120000),(-0.0013608,0.0311779,0.0120000),(-0.0030041,0.0288228,0.0120000),(-0.0013608,0.0311779,0.0120000),(-0.0014441,0.0312559,0.0120000),(-0.0030041,0.0288228,0.0120000),(-0.0014441,0.0312559,0.0120000),(-0.0015510,0.0312855,0.0120000),(-0.0030041,0.0288228,0.0120000),(-0.0015510,0.0312855,0.0120000),(-0.0016597,0.0312578,0.0120000),(-0.0030041,0.0288228,0.0120000),(-0.0016597,0.0312578,0.0120000),(-0.0017362,0.0311744,0.0120000),(-0.0030041,0.0288228,0.0120000),(-0.0017362,0.0311744,0.0120000),(-0.0025786,0.0297086,0.0120000),(-0.0030041,0.0288228,0.0120000),(-0.0025786,0.0297086,0.0120000),(-0.0025786,0.0323164,0.0120000),(-0.0025786,0.0323164,0.0120000),(-0.0009922,0.0323164,0.0120000),(-0.0009073,0.0323322,0.0120000),(-0.0025786,0.0323164,0.0120000),(-0.0009073,0.0323322,0.0120000),(-0.0008366,0.0323799,0.0120000),(-0.0025786,0.0323164,0.0120000),(-0.0008366,0.0323799,0.0120000),(-0.0007890,0.0324494,0.0120000),(-0.0025786,0.0323164,0.0120000),(-0.0007890,0.0324494,0.0120000),(-0.0007731,0.0325312,0.0120000),(-0.0025786,0.0323164,0.0120000),(-0.0007731,0.0325312,0.0120000),(-0.0007890,0.0326132,0.0120000),(-0.0025786,0.0323164,0.0120000),(-0.0007890,0.0326132,0.0120000),(-0.0008366,0.0326836,0.0120000),(-0.0025786,0.0323164,0.0120000),(-0.0008366,0.0326836,0.0120000),(-0.0009073,0.0327328,0.0120000),(-0.0025786,0.0323164,0.0120000),(-0.0009073,0.0327328,0.0120000),(-0.0009922,0.0327492,0.0120000),(-0.0025786,0.0323164,0.0120000),(-0.0009922,0.0327492,0.0120000),(-0.0027988,0.0327492,0.0120000),(-0.0030041,0.0288228,0.0120000),(-0.0025786,0.0323164,0.0120000),(-0.0027988,0.0327492,0.0120000),(-0.0027988,0.0327492,0.0120000),(-0.0046043,0.0327492,0.0120000),(-0.0046871,0.0327328,0.0120000),(-0.0027988,0.0327492,0.0120000),(-0.0046871,0.0327328,0.0120000),(-0.0047556,0.0326836,0.0120000),(-0.0027988,0.0327492,0.0120000),(-0.0047556,0.0326836,0.0120000),(-0.0048017,0.0326132,0.0120000),(-0.0027988,0.0327492,0.0120000),(-0.0048017,0.0326132,0.0120000),(-0.0048170,0.0325312,0.0120000),(-0.0027988,0.0327492,0.0120000),(-0.0048170,0.0325312,0.0120000),(-0.0048017,0.0324494,0.0120000),(-0.0027988,0.0327492,0.0120000),(-0.0048017,0.0324494,0.0120000),(-0.0047556,0.0323799,0.0120000),(-0.0027988,0.0327492,0.0120000),(-0.0047556,0.0323799,0.0120000),(-0.0046871,0.0323322,0.0120000),(-0.0027988,0.0327492,0.0120000),(-0.0046871,0.0323322,0.0120000),(-0.0046043,0.0323164,0.0120000),(-0.0027988,0.0327492,0.0120000),(-0.0046043,0.0323164,0.0120000),(-0.0030115,0.0323164,0.0120000),(-0.0030041,0.0288228,0.0120000),(-0.0027988,0.0327492,0.0120000),(-0.0030115,0.0323164,0.0120000),(-0.0030041,0.0288228,0.0120000),(-0.0030115,0.0323164,0.0120000),(-0.0030115,0.0297044,0.0120000),(-0.0030041,0.0288228,0.0120000),(-0.0030115,0.0297044,0.0120000),(-0.0038677,0.0311935,0.0120000),(-0.0030041,0.0288228,0.0120000),(-0.0038677,0.0311935,0.0120000),(-0.0039473,0.0312728,0.0120000),(-0.0030041,0.0288228,0.0120000),(-0.0039473,0.0312728,0.0120000),(-0.0040550,0.0312993,0.0120000),(-0.0030041,0.0288228,0.0120000),(-0.0040550,0.0312993,0.0120000),(-0.0041661,0.0312718,0.0120000),(-0.0030041,0.0288228,0.0120000),(-0.0041661,0.0312718,0.0120000),(-0.0042479,0.0311921,0.0120000),(-0.0030041,0.0288228,0.0120000),(-0.0042479,0.0311921,0.0120000),(-0.0042751,0.0310823,0.0120000),(-0.0030041,0.0288228,0.0120000),(-0.0042751,0.0310823,0.0120000),(-0.0042434,0.0309733,0.0120000),(0.0045937,0.0304103,0.0120000),(0.0041884,0.0304103,0.0120000),(0.0034983,0.0303965,0.0120000),(0.0048361,0.0304103,0.0120000),(0.0045937,0.0304103,0.0120000),(0.0034983,0.0303965,0.0120000),(0.0041884,0.0317459,0.0120000),(0.0041884,0.0304103,0.0120000),(0.0045937,0.0304103,0.0120000),(0.0041884,0.0317459,0.0120000),(0.0045937,0.0304103,0.0120000),(0.0045937,0.0325979,0.0120000),(0.0034983,0.0303965,0.0120000),(0.0041884,0.0317459,0.0120000),(0.0045937,0.0325979,0.0120000),(0.0034983,0.0303965,0.0120000),(0.0045937,0.0325979,0.0120000),(0.0045839,0.0326727,0.0120000),(0.0034983,0.0303965,0.0120000),(0.0045839,0.0326727,0.0120000),(0.0045545,0.0327302,0.0120000),(0.0034983,0.0303965,0.0120000),(0.0045545,0.0327302,0.0120000),(0.0044455,0.0328042,0.0120000),(0.0034983,0.0303965,0.0120000),(0.0044455,0.0328042,0.0120000),(0.0043852,0.0328117,0.0120000),(0.0034983,0.0303965,0.0120000),(0.0043852,0.0328117,0.0120000),(0.0043090,0.0328021,0.0120000),(0.0034983,0.0303965,0.0120000),(0.0043090,0.0328021,0.0120000),(0.0042021,0.0327185,0.0120000),(0.0034983,0.0303965,0.0120000),(0.0042021,0.0327185,0.0120000),(0.0029247,0.0302992,0.0120000),(0.0048361,0.0304103,0.0120000),(0.0034983,0.0303965,0.0120000),(0.0029247,0.0302992,0.0120000),(0.0048361,0.0304103,0.0120000),(0.0029247,0.0302992,0.0120000),(0.0028898,0.0301722,0.0120000),(0.0048361,0.0304103,0.0120000),(0.0028898,0.0301722,0.0120000),(0.0029152,0.0300843,0.0120000),(0.0048361,0.0304103,0.0120000),(0.0029152,0.0300843,0.0120000),(0.0029922,0.0300097,0.0120000),(0.0048361,0.0304103,0.0120000),(0.0029922,0.0300097,0.0120000),(0.0031025,0.0299848,0.0120000),(0.0048361,0.0304103,0.0120000),(0.0031025,0.0299848,0.0120000),(0.0041672,0.0299848,0.0120000),(0.0041672,0.0299848,0.0120000),(0.0041672,0.0289731,0.0120000),(0.0041828,0.0288897,0.0120000),(0.0041672,0.0299848,0.0120000),(0.0041828,0.0288897,0.0120000),(0.0042296,0.0288217,0.0120000),(0.0041672,0.0299848,0.0120000),(0.0042296,0.0288217,0.0120000),(0.0042984,0.0287757,0.0120000),(0.0041672,0.0299848,0.0120000),(0.0042984,0.0287757,0.0120000),(0.0043799,0.0287604,0.0120000),(0.0041672,0.0299848,0.0120000),(0.0043799,0.0287604,0.0120000),(0.0044622,0.0287757,0.0120000),(0.0041672,0.0299848,0.0120000),(0.0044622,0.0287757,0.0120000),(0.0045313,0.0288217,0.0120000),(0.0041672,0.0299848,0.0120000),(0.0045313,0.0288217,0.0120000),(0.0045781,0.0288897,0.0120000),(0.0041672,0.0299848,0.0120000),(0.0045781,0.0288897,0.0120000),(0.0045937,0.0289731,0.0120000),(0.0041672,0.0299848,0.0120000),(0.0045937,0.0289731,0.0120000),(0.0045937,0.0299848,0.0120000),(0.0048361,0.0304103,0.0120000),(0.0041672,0.0299848,0.0120000),(0.0045937,0.0299848,0.0120000),(0.0048361,0.0304103,0.0120000),(0.0045937,0.0299848,0.0120000),(0.0048361,0.0299848,0.0120000),(0.0048361,0.0304103,0.0120000),(0.0048361,0.0299848,0.0120000),(0.0049197,0.0300005,0.0120000),(0.0048361,0.0304103,0.0120000),(0.0049197,0.0300005,0.0120000),(0.0049885,0.0300473,0.0120000),(0.0048361,0.0304103,0.0120000),(0.0049885,0.0300473,0.0120000),(0.0050345,0.0301161,0.0120000),(0.0048361,0.0304103,0.0120000),(0.0050345,0.0301161,0.0120000),(0.0050498,0.0301976,0.0120000),(0.0048361,0.0304103,0.0120000),(0.0050498,0.0301976,0.0120000),(0.0050345,0.0302791,0.0120000),(0.0048361,0.0304103,0.0120000),(0.0050345,0.0302791,0.0120000),(0.0049885,0.0303479,0.0120000),(0.0048361,0.0304103,0.0120000),(0.0049885,0.0303479,0.0120000),(0.0049197,0.0303947,0.0120000),(0.0015552,0.0328042,0.0120000),(0.0014377,0.0327577,0.0120000),(0.0008303,0.0322560,0.0120000),(0.0015552,0.0328042,0.0120000),(0.0008303,0.0322560,0.0120000),(0.0007726,0.0321883,0.0120000),(0.0015552,0.0328042,0.0120000),(0.0007726,0.0321883,0.0120000),(0.0007477,0.0321163,0.0120000),(0.0015552,0.0328042,0.0120000),(0.0007477,0.0321163,0.0120000),(0.0007477,0.0320825,0.0120000),(0.0015552,0.0328042,0.0120000),(0.0007477,0.0320825,0.0120000),(0.0007816,0.0319544,0.0120000),(0.0015552,0.0328042,0.0120000),(0.0007816,0.0319544,0.0120000),(0.0008408,0.0318975,0.0120000),(0.0015552,0.0328042,0.0120000),(0.0008408,0.0318975,0.0120000),(0.0009213,0.0318687,0.0120000),(0.0015552,0.0328042,0.0120000),(0.0009213,0.0318687,0.0120000),(0.0009626,0.0318666,0.0120000),(0.0015552,0.0328042,0.0120000),(0.0009626,0.0318666,0.0120000),(0.0010779,0.0319036,0.0120000),(0.0015552,0.0328042,0.0120000),(0.0010779,0.0319036,0.0120000),(0.0013488,0.0321428,0.0120000),(0.0015552,0.0328042,0.0120000),(0.0013488,0.0321428,0.0120000),(0.0013488,0.0289572,0.0120000),(0.0015552,0.0328042,0.0120000),(0.0013488,0.0289572,0.0120000),(0.0013642,0.0288752,0.0120000),(0.0015552,0.0328042,0.0120000),(0.0013642,0.0288752,0.0120000),(0.0014102,0.0288069,0.0120000),(0.0015552,0.0328042,0.0120000),(0.0014102,0.0288069,0.0120000),(0.0014785,0.0287609,0.0120000),(0.0015552,0.0328042,0.0120000),(0.0014785,0.0287609,0.0120000),(0.0015605,0.0287455,0.0120000),(0.0015552,0.0328042,0.0120000),(0.0015605,0.0287455,0.0120000),(0.0016433,0.0287609,0.0120000),(0.0015552,0.0328042,0.0120000),(0.0016433,0.0287609,0.0120000),(0.0017119,0.0288069,0.0120000),(0.0015552,0.0328042,0.0120000),(0.0017119,0.0288069,0.0120000),(0.0017579,0.0288752,0.0120000),(0.0015552,0.0328042,0.0120000),(0.0017579,0.0288752,0.0120000),(0.0017732,0.0289572,0.0120000),(0.0015552,0.0328042,0.0120000),(0.0017732,0.0289572,0.0120000),(0.0017732,0.0325841,0.0120000),(0.0015552,0.0328042,0.0120000),(0.0017732,0.0325841,0.0120000),(0.0017449,0.0326974,0.0120000),(0.0015552,0.0328042,0.0120000),(0.0017449,0.0326974,0.0120000),(0.0016600,0.0327725,0.0120000),(-0.0190170,0.0347478,0.0120000),(-0.0189199,0.0347071,0.0120000),(-0.0188219,0.0346718,0.0120000),(-0.0190170,0.0347478,0.0120000),(-0.0188219,0.0346718,0.0120000),(-0.0187230,0.0346420,0.0120000),(-0.0190170,0.0347478,0.0120000),(-0.0187230,0.0346420,0.0120000),(-0.0186230,0.0346176,0.0120000),(-0.0190170,0.0347478,0.0120000),(-0.0186230,0.0346176,0.0120000),(-0.0185221,0.0345986,0.0120000),(-0.0190170,0.0347478,0.0120000),(-0.0185221,0.0345986,0.0120000),(-0.0184203,0.0345851,0.0120000),(-0.0190170,0.0347478,0.0120000),(-0.0184203,0.0345851,0.0120000),(-0.0183175,0.0345769,0.0120000),(-0.0190170,0.0347478,0.0120000),(-0.0183175,0.0345769,0.0120000),(-0.0182137,0.0345742,0.0120000),(-0.0190170,0.0347478,0.0120000),(-0.0182137,0.0345742,0.0120000),(-0.0180779,0.0345785,0.0120000),(-0.0190170,0.0347478,0.0120000),(-0.0180779,0.0345785,0.0120000),(-0.0179447,0.0345915,0.0120000),(-0.0190170,0.0347478,0.0120000),(-0.0179447,0.0345915,0.0120000),(-0.0178140,0.0346131,0.0120000),(-0.0190170,0.0347478,0.0120000),(-0.0178140,0.0346131,0.0120000),(-0.0176859,0.0346433,0.0120000),(-0.0190170,0.0347478,0.0120000),(-0.0176859,0.0346433,0.0120000),(-0.0175603,0.0346821,0.0120000),(-0.0190170,0.0347478,0.0120000),(-0.0175603,0.0346821,0.0120000),(-0.0174372,0.0347296,0.0120000),(-0.0190170,0.0347478,0.0120000),(-0.0174372,0.0347296,0.0120000),(-0.0173167,0.0347857,0.0120000),(-0.0190170,0.0347478,0.0120000),(-0.0173167,0.0347857,0.0120000),(-0.0171988,0.0348504,0.0120000),(-0.0190170,0.0347478,0.0120000),(-0.0171988,0.0348504,0.0120000),(-0.0170852,0.0349228,0.0120000),(-0.0190170,0.0347478,0.0120000),(-0.0170852,0.0349228,0.0120000),(-0.0169779,0.0350014,0.0120000),(-0.0190170,0.0347478,0.0120000),(-0.0169779,0.0350014,0.0120000),(-0.0168767,0.0350861,0.0120000),(-0.0190170,0.0347478,0.0120000),(-0.0168767,0.0350861,0.0120000),(-0.0167818,0.0351769,0.0120000),(-0.0190170,0.0347478,0.0120000),(-0.0167818,0.0351769,0.0120000),(-0.0166931,0.0352739,0.0120000),(-0.0166931,0.0352739,0.0120000),(-0.0166106,0.0353771,0.0120000),(-0.0165343,0.0354864,0.0120000),(-0.0166931,0.0352739,0.0120000),(-0.0165343,0.0354864,0.0120000),(-0.0164643,0.0356019,0.0120000),(-0.0166931,0.0352739,0.0120000),(-0.0164643,0.0356019,0.0120000),(-0.0164013,0.0357216,0.0120000),(-0.0166931,0.0352739,0.0120000),(-0.0164013,0.0357216,0.0120000),(-0.0163467,0.0358439,0.0120000),(-0.0166931,0.0352739,0.0120000),(-0.0163467,0.0358439,0.0120000),(-0.0163005,0.0359686,0.0120000),(-0.0166931,0.0352739,0.0120000),(-0.0163005,0.0359686,0.0120000),(-0.0162627,0.0360958,0.0120000),(-0.0166931,0.0352739,0.0120000),(-0.0162627,0.0360958,0.0120000),(-0.0162333,0.0362255,0.0120000),(-0.0166931,0.0352739,0.0120000),(-0.0162333,0.0362255,0.0120000),(-0.0162123,0.0363577,0.0120000),(-0.0166931,0.0352739,0.0120000),(-0.0162123,0.0363577,0.0120000),(-0.0161997,0.0364924,0.0120000),(-0.0166931,0.0352739,0.0120000),(-0.0161997,0.0364924,0.0120000),(-0.0161955,0.0366295,0.0120000),(-0.0166931,0.0352739,0.0120000),(-0.0161955,0.0366295,0.0120000),(-0.0161997,0.0367611,0.0120000),(-0.0166931,0.0352739,0.0120000),(-0.0161997,0.0367611,0.0120000),(-0.0162123,0.0368920,0.0120000),(-0.0166931,0.0352739,0.0120000),(-0.0162123,0.0368920,0.0120000),(-0.0162333,0.0370220,0.0120000),(-0.0166931,0.0352739,0.0120000),(-0.0162333,0.0370220,0.0120000),(-0.0162627,0.0371513,0.0120000),(-0.0166931,0.0352739,0.0120000),(-0.0162627,0.0371513,0.0120000),(-0.0163005,0.0372797,0.0120000),(-0.0166931,0.0352739,0.0120000),(-0.0163005,0.0372797,0.0120000),(-0.0163467,0.0374074,0.0120000),(-0.0163467,0.0374074,0.0120000),(-0.0167385,0.0372659,0.0120000),(-0.0167019,0.0371680,0.0120000),(-0.0163467,0.0374074,0.0120000),(-0.0167019,0.0371680,0.0120000),(-0.0166720,0.0370668,0.0120000),(-0.0163467,0.0374074,0.0120000),(-0.0166720,0.0370668,0.0120000),(-0.0166487,0.0369624,0.0120000),(-0.0163467,0.0374074,0.0120000),(-0.0166487,0.0369624,0.0120000),(-0.0166321,0.0368547,0.0120000),(-0.0163467,0.0374074,0.0120000),(-0.0166321,0.0368547,0.0120000),(-0.0166221,0.0367437,0.0120000),(-0.0163467,0.0374074,0.0120000),(-0.0166221,0.0367437,0.0120000),(-0.0166188,0.0366295,0.0120000),(-0.0163467,0.0374074,0.0120000),(-0.0166188,0.0366295,0.0120000),(-0.0166222,0.0365195,0.0120000),(-0.0166931,0.0352739,0.0120000),(-0.0163467,0.0374074,0.0120000),(-0.0166222,0.0365195,0.0120000),(-0.0166931,0.0352739,0.0120000),(-0.0166222,0.0365195,0.0120000),(-0.0166322,0.0364116,0.0120000),(-0.0166931,0.0352739,0.0120000),(-0.0166322,0.0364116,0.0120000),(-0.0166490,0.0363059,0.0120000),(-0.0166931,0.0352739,0.0120000),(-0.0166490,0.0363059,0.0120000),(-0.0166725,0.0362025,0.0120000),(-0.0166931,0.0352739,0.0120000),(-0.0166725,0.0362025,0.0120000),(-0.0167027,0.0361012,0.0120000),(-0.0166931,0.0352739,0.0120000),(-0.0167027,0.0361012,0.0120000),(-0.0167397,0.0360020,0.0120000),(-0.0166931,0.0352739,0.0120000),(-0.0167397,0.0360020,0.0120000),(-0.0167833,0.0359051,0.0120000),(-0.0166931,0.0352739,0.0120000),(-0.0167833,0.0359051,0.0120000),(-0.0168337,0.0358103,0.0120000),(-0.0166931,0.0352739,0.0120000),(-0.0168337,0.0358103,0.0120000),(-0.0168895,0.0357191,0.0120000),(-0.0166931,0.0352739,0.0120000),(-0.0168895,0.0357191,0.0120000),(-0.0169501,0.0356328,0.0120000),(-0.0166931,0.0352739,0.0120000),(-0.0169501,0.0356328,0.0120000),(-0.0170156,0.0355514,0.0120000),(-0.0166931,0.0352739,0.0120000),(-0.0170156,0.0355514,0.0120000),(-0.0170858,0.0354749,0.0120000),(-0.0166931,0.0352739,0.0120000),(-0.0170858,0.0354749,0.0120000),(-0.0171608,0.0354032,0.0120000),(-0.0166931,0.0352739,0.0120000),(-0.0171608,0.0354032,0.0120000),(-0.0172406,0.0353365,0.0120000),(-0.0166931,0.0352739,0.0120000),(-0.0172406,0.0353365,0.0120000),(-0.0173253,0.0352746,0.0120000),(-0.0166931,0.0352739,0.0120000),(-0.0173253,0.0352746,0.0120000),(-0.0174147,0.0352177,0.0120000),(-0.0166931,0.0352739,0.0120000),(-0.0174147,0.0352177,0.0120000),(-0.0175073,0.0351666,0.0120000),(-0.0166931,0.0352739,0.0120000),(-0.0175073,0.0351666,0.0120000),(-0.0176019,0.0351223,0.0120000),(-0.0166931,0.0352739,0.0120000),(-0.0176019,0.0351223,0.0120000),(-0.0176987,0.0350848,0.0120000),(-0.0166931,0.0352739,0.0120000),(-0.0176987,0.0350848,0.0120000),(-0.0177975,0.0350542,0.0120000),(-0.0190170,0.0347478,0.0120000),(-0.0166931,0.0352739,0.0120000),(-0.0177975,0.0350542,0.0120000),(-0.0190170,0.0347478,0.0120000),(-0.0177975,0.0350542,0.0120000),(-0.0178985,0.0350303,0.0120000),(-0.0190170,0.0347478,0.0120000),(-0.0178985,0.0350303,0.0120000),(-0.0180015,0.0350133,0.0120000),(-0.0190170,0.0347478,0.0120000),(-0.0180015,0.0350133,0.0120000),(-0.0181065,0.0350031,0.0120000),(-0.0190170,0.0347478,0.0120000),(-0.0181065,0.0350031,0.0120000),(-0.0182137,0.0349997,0.0120000),(-0.0190170,0.0347478,0.0120000),(-0.0182137,0.0349997,0.0120000),(-0.0183673,0.0350067,0.0120000),(-0.0190170,0.0347478,0.0120000),(-0.0183673,0.0350067,0.0120000),(-0.0185169,0.0350280,0.0120000),(-0.0190170,0.0347478,0.0120000),(-0.0185169,0.0350280,0.0120000),(-0.0186626,0.0350634,0.0120000),(-0.0190170,0.0347478,0.0120000),(-0.0186626,0.0350634,0.0120000),(-0.0188043,0.0351129,0.0120000),(-0.0190170,0.0347478,0.0120000),(-0.0188043,0.0351129,0.0120000),(-0.0172072,0.0378963,0.0120000),(-0.0195779,0.0337731,0.0120000),(-0.0190170,0.0347478,0.0120000),(-0.0172072,0.0378963,0.0120000),(-0.0167817,0.0373605,0.0120000),(-0.0167385,0.0372659,0.0120000),(-0.0163467,0.0374074,0.0120000),(-0.0168315,0.0374518,0.0120000),(-0.0167817,0.0373605,0.0120000),(-0.0163467,0.0374074,0.0120000),(-0.0168995,0.0375558,0.0120000),(-0.0168315,0.0374518,0.0120000),(-0.0163467,0.0374074,0.0120000),(-0.0169847,0.0376645,0.0120000),(-0.0168995,0.0375558,0.0120000),(-0.0163467,0.0374074,0.0120000),(-0.0170339,0.0377207,0.0120000),(-0.0169847,0.0376645,0.0120000),(-0.0163467,0.0374074,0.0120000),(-0.0170873,0.0377780,0.0120000),(-0.0170339,0.0377207,0.0120000),(-0.0163467,0.0374074,0.0120000),(-0.0171451,0.0378366,0.0120000),(-0.0170873,0.0377780,0.0120000),(-0.0163467,0.0374074,0.0120000),(-0.0172072,0.0378963,0.0120000),(-0.0171451,0.0378366,0.0120000),(-0.0163467,0.0374074,0.0120000),(-0.0172072,0.0378963,0.0120000),(-0.0163467,0.0374074,0.0120000),(-0.0164013,0.0375342,0.0120000),(-0.0172072,0.0378963,0.0120000),(-0.0164013,0.0375342,0.0120000),(-0.0164643,0.0376603,0.0120000),(-0.0172072,0.0378963,0.0120000),(-0.0164643,0.0376603,0.0120000),(-0.0165145,0.0377470,0.0120000),(-0.0172072,0.0378963,0.0120000),(-0.0165145,0.0377470,0.0120000),(-0.0165693,0.0378304,0.0120000),(-0.0172072,0.0378963,0.0120000),(-0.0165693,0.0378304,0.0120000),(-0.0166287,0.0379105,0.0120000),(-0.0172072,0.0378963,0.0120000),(-0.0166287,0.0379105,0.0120000),(-0.0166926,0.0379873,0.0120000),(-0.0172072,0.0378963,0.0120000),(-0.0166926,0.0379873,0.0120000),(-0.0167612,0.0380608,0.0120000),(-0.0172072,0.0378963,0.0120000),(-0.0167612,0.0380608,0.0120000),(-0.0168344,0.0381310,0.0120000),(-0.0172072,0.0378963,0.0120000),(-0.0168344,0.0381310,0.0120000),(-0.0169122,0.0381979,0.0120000),(-0.0172072,0.0378963,0.0120000),(-0.0169122,0.0381979,0.0120000),(-0.0169945,0.0382614,0.0120000),(-0.0172072,0.0378963,0.0120000),(-0.0169945,0.0382614,0.0120000),(-0.0164527,0.0392139,0.0120000),(-0.0195779,0.0337731,0.0120000),(-0.0172072,0.0378963,0.0120000),(-0.0164527,0.0392139,0.0120000),(-0.0195779,0.0337731,0.0120000),(-0.0164527,0.0392139,0.0120000),(-0.0164241,0.0393177,0.0120000),(-0.0195779,0.0337731,0.0120000),(-0.0164241,0.0393177,0.0120000),(-0.0164315,0.0393780,0.0120000),(-0.0195779,0.0337731,0.0120000),(-0.0164315,0.0393780,0.0120000),(-0.0164701,0.0394531,0.0120000),(-0.0195779,0.0337731,0.0120000),(-0.0164701,0.0394531,0.0120000),(-0.0165352,0.0395071,0.0120000),(-0.0195779,0.0337731,0.0120000),(-0.0165352,0.0395071,0.0120000),(-0.0166379,0.0395378,0.0120000),(-0.0195779,0.0337731,0.0120000),(-0.0166379,0.0395378,0.0120000),(-0.0166982,0.0395304,0.0120000),(-0.0195779,0.0337731,0.0120000),(-0.0166982,0.0395304,0.0120000),(-0.0167739,0.0394918,0.0120000),(-0.0195779,0.0337731,0.0120000),(-0.0167739,0.0394918,0.0120000),(-0.0168294,0.0394267,0.0120000),(-0.0195779,0.0337731,0.0120000),(-0.0168294,0.0394267,0.0120000),(-0.0173649,0.0384985,0.0120000),(-0.0173649,0.0384985,0.0120000),(-0.0174655,0.0385429,0.0120000),(-0.0175695,0.0385814,0.0120000),(-0.0173649,0.0384985,0.0120000),(-0.0175695,0.0385814,0.0120000),(-0.0176767,0.0386139,0.0120000),(-0.0173649,0.0384985,0.0120000),(-0.0176767,0.0386139,0.0120000),(-0.0177872,0.0386406,0.0120000),(-0.0173649,0.0384985,0.0120000),(-0.0177872,0.0386406,0.0120000),(-0.0179010,0.0386613,0.0120000),(-0.0173649,0.0384985,0.0120000),(-0.0179010,0.0386613,0.0120000),(-0.0180182,0.0386761,0.0120000),(-0.0173649,0.0384985,0.0120000),(-0.0180182,0.0386761,0.0120000),(-0.0181386,0.0386850,0.0120000),(-0.0173649,0.0384985,0.0120000),(-0.0181386,0.0386850,0.0120000),(-0.0182624,0.0386880,0.0120000),(-0.0173649,0.0384985,0.0120000),(-0.0182624,0.0386880,0.0120000),(-0.0183870,0.0386836,0.0120000),(-0.0173649,0.0384985,0.0120000),(-0.0183870,0.0386836,0.0120000),(-0.0185105,0.0386706,0.0120000),(-0.0173649,0.0384985,0.0120000),(-0.0185105,0.0386706,0.0120000),(-0.0186329,0.0386490,0.0120000),(-0.0173649,0.0384985,0.0120000),(-0.0186329,0.0386490,0.0120000),(-0.0187543,0.0386186,0.0120000),(-0.0173649,0.0384985,0.0120000),(-0.0187543,0.0386186,0.0120000),(-0.0188745,0.0385796,0.0120000),(-0.0173649,0.0384985,0.0120000),(-0.0188745,0.0385796,0.0120000),(-0.0189936,0.0385320,0.0120000),(-0.0173649,0.0384985,0.0120000),(-0.0189936,0.0385320,0.0120000),(-0.0191117,0.0384757,0.0120000),(-0.0173649,0.0384985,0.0120000),(-0.0191117,0.0384757,0.0120000),(-0.0192287,0.0384107,0.0120000),(-0.0173649,0.0384985,0.0120000),(-0.0192287,0.0384107,0.0120000),(-0.0193418,0.0383385,0.0120000),(-0.0173649,0.0384985,0.0120000),(-0.0193418,0.0383385,0.0120000),(-0.0194488,0.0382601,0.0120000),(-0.0173649,0.0384985,0.0120000),(-0.0194488,0.0382601,0.0120000),(-0.0195497,0.0381755,0.0120000),(-0.0173649,0.0384985,0.0120000),(-0.0195497,0.0381755,0.0120000),(-0.0196446,0.0380847,0.0120000),(-0.0173649,0.0384985,0.0120000),(-0.0196446,0.0380847,0.0120000),(-0.0197334,0.0379877,0.0120000),(-0.0197334,0.0379877,0.0120000),(-0.0198160,0.0378844,0.0120000),(-0.0198926,0.0377749,0.0120000),(-0.0197334,0.0379877,0.0120000),(-0.0198926,0.0377749,0.0120000),(-0.0199631,0.0376593,0.0120000),(-0.0197334,0.0379877,0.0120000),(-0.0199631,0.0376593,0.0120000),(-0.0200264,0.0375394,0.0120000),(-0.0197334,0.0379877,0.0120000),(-0.0200264,0.0375394,0.0120000),(-0.0200812,0.0374171,0.0120000),(-0.0197334,0.0379877,0.0120000),(-0.0200812,0.0374171,0.0120000),(-0.0201276,0.0372922,0.0120000),(-0.0197334,0.0379877,0.0120000),(-0.0201276,0.0372922,0.0120000),(-0.0201656,0.0371647,0.0120000),(-0.0197334,0.0379877,0.0120000),(-0.0201656,0.0371647,0.0120000),(-0.0201951,0.0370348,0.0120000),(-0.0197334,0.0379877,0.0120000),(-0.0201951,0.0370348,0.0120000),(-0.0202162,0.0369022,0.0120000),(-0.0197334,0.0379877,0.0120000),(-0.0202162,0.0369022,0.0120000),(-0.0202288,0.0367671,0.0120000),(-0.0197334,0.0379877,0.0120000),(-0.0202288,0.0367671,0.0120000),(-0.0202330,0.0366295,0.0120000),(-0.0197334,0.0379877,0.0120000),(-0.0202330,0.0366295,0.0120000),(-0.0202288,0.0364914,0.0120000),(-0.0197334,0.0379877,0.0120000),(-0.0202288,0.0364914,0.0120000),(-0.0202162,0.0363561,0.0120000),(-0.0197334,0.0379877,0.0120000),(-0.0202162,0.0363561,0.0120000),(-0.0201952,0.0362235,0.0120000),(-0.0197334,0.0379877,0.0120000),(-0.0201952,0.0362235,0.0120000),(-0.0201658,0.0360937,0.0120000),(-0.0197334,0.0379877,0.0120000),(-0.0201658,0.0360937,0.0120000),(-0.0201280,0.0359666,0.0120000),(-0.0197334,0.0379877,0.0120000),(-0.0201280,0.0359666,0.0120000),(-0.0200818,0.0358423,0.0120000),(-0.0197334,0.0379877,0.0120000),(-0.0200818,0.0358423,0.0120000),(-0.0200272,0.0357207,0.0120000),(-0.0197334,0.0379877,0.0120000),(-0.0200272,0.0357207,0.0120000),(-0.0199642,0.0356019,0.0120000),(-0.0199642,0.0356019,0.0120000),(-0.0195959,0.0358103,0.0120000),(-0.0196453,0.0359051,0.0120000),(-0.0199642,0.0356019,0.0120000),(-0.0196453,0.0359051,0.0120000),(-0.0196880,0.0360020,0.0120000),(-0.0199642,0.0356019,0.0120000),(-0.0196880,0.0360020,0.0120000),(-0.0197242,0.0361010,0.0120000),(-0.0199642,0.0356019,0.0120000),(-0.0197242,0.0361010,0.0120000),(-0.0197539,0.0362022,0.0120000),(-0.0199642,0.0356019,0.0120000),(-0.0197539,0.0362022,0.0120000),(-0.0197769,0.0363055,0.0120000),(-0.0199642,0.0356019,0.0120000),(-0.0197769,0.0363055,0.0120000),(-0.0197933,0.0364110,0.0120000),(-0.0199642,0.0356019,0.0120000),(-0.0197933,0.0364110,0.0120000),(-0.0198032,0.0365186,0.0120000),(-0.0199642,0.0356019,0.0120000),(-0.0198032,0.0365186,0.0120000),(-0.0198065,0.0366284,0.0120000),(-0.0199642,0.0356019,0.0120000),(-0.0198065,0.0366284,0.0120000),(-0.0198032,0.0367383,0.0120000),(-0.0197334,0.0379877,0.0120000),(-0.0199642,0.0356019,0.0120000),(-0.0198032,0.0367383,0.0120000),(-0.0197334,0.0379877,0.0120000),(-0.0198032,0.0367383,0.0120000),(-0.0197932,0.0368460,0.0120000),(-0.0197334,0.0379877,0.0120000),(-0.0197932,0.0368460,0.0120000),(-0.0197764,0.0369516,0.0120000),(-0.0197334,0.0379877,0.0120000),(-0.0197764,0.0369516,0.0120000),(-0.0197531,0.0370552,0.0120000),(-0.0197334,0.0379877,0.0120000),(-0.0197531,0.0370552,0.0120000),(-0.0197230,0.0371567,0.0120000),(-0.0197334,0.0379877,0.0120000),(-0.0197230,0.0371567,0.0120000),(-0.0196863,0.0372561,0.0120000),(-0.0197334,0.0379877,0.0120000),(-0.0196863,0.0372561,0.0120000),(-0.0196428,0.0373534,0.0120000),(-0.0197334,0.0379877,0.0120000),(-0.0196428,0.0373534,0.0120000),(-0.0195927,0.0374486,0.0120000),(-0.0197334,0.0379877,0.0120000),(-0.0195927,0.0374486,0.0120000),(-0.0195369,0.0375406,0.0120000),(-0.0197334,0.0379877,0.0120000),(-0.0195369,0.0375406,0.0120000),(-0.0194762,0.0376275,0.0120000),(-0.0197334,0.0379877,0.0120000),(-0.0194762,0.0376275,0.0120000),(-0.0194108,0.0377094,0.0120000),(-0.0197334,0.0379877,0.0120000),(-0.0194108,0.0377094,0.0120000),(-0.0193406,0.0377863,0.0120000),(-0.0197334,0.0379877,0.0120000),(-0.0193406,0.0377863,0.0120000),(-0.0192656,0.0378581,0.0120000),(-0.0197334,0.0379877,0.0120000),(-0.0192656,0.0378581,0.0120000),(-0.0191857,0.0379249,0.0120000),(-0.0197334,0.0379877,0.0120000),(-0.0191857,0.0379249,0.0120000),(-0.0191011,0.0379867,0.0120000),(-0.0197334,0.0379877,0.0120000),(-0.0191011,0.0379867,0.0120000),(-0.0190117,0.0380434,0.0120000),(-0.0197334,0.0379877,0.0120000),(-0.0190117,0.0380434,0.0120000),(-0.0189196,0.0380945,0.0120000),(-0.0197334,0.0379877,0.0120000),(-0.0189196,0.0380945,0.0120000),(-0.0188270,0.0381388,0.0120000),(-0.0197334,0.0379877,0.0120000),(-0.0188270,0.0381388,0.0120000),(-0.0187339,0.0381763,0.0120000),(-0.0197334,0.0379877,0.0120000),(-0.0187339,0.0381763,0.0120000),(-0.0186402,0.0382069,0.0120000),(-0.0197334,0.0379877,0.0120000),(-0.0186402,0.0382069,0.0120000),(-0.0185460,0.0382308,0.0120000),(-0.0173649,0.0384985,0.0120000),(-0.0197334,0.0379877,0.0120000),(-0.0185460,0.0382308,0.0120000),(-0.0173649,0.0384985,0.0120000),(-0.0185460,0.0382308,0.0120000),(-0.0184513,0.0382478,0.0120000),(-0.0173649,0.0384985,0.0120000),(-0.0184513,0.0382478,0.0120000),(-0.0183561,0.0382580,0.0120000),(-0.0173649,0.0384985,0.0120000),(-0.0183561,0.0382580,0.0120000),(-0.0182603,0.0382614,0.0120000),(-0.0173649,0.0384985,0.0120000),(-0.0182603,0.0382614,0.0120000),(-0.0182539,0.0382614,0.0120000),(-0.0173649,0.0384985,0.0120000),(-0.0182539,0.0382614,0.0120000),(-0.0181602,0.0382594,0.0120000),(-0.0173649,0.0384985,0.0120000),(-0.0181602,0.0382594,0.0120000),(-0.0180691,0.0382531,0.0120000),(-0.0173649,0.0384985,0.0120000),(-0.0180691,0.0382531,0.0120000),(-0.0179804,0.0382427,0.0120000),(-0.0173649,0.0384985,0.0120000),(-0.0179804,0.0382427,0.0120000),(-0.0178944,0.0382281,0.0120000),(-0.0173649,0.0384985,0.0120000),(-0.0178944,0.0382281,0.0120000),(-0.0178108,0.0382094,0.0120000),(-0.0173649,0.0384985,0.0120000),(-0.0178108,0.0382094,0.0120000),(-0.0177299,0.0381864,0.0120000),(-0.0173649,0.0384985,0.0120000),(-0.0177299,0.0381864,0.0120000),(-0.0176514,0.0381593,0.0120000),(-0.0173649,0.0384985,0.0120000),(-0.0176514,0.0381593,0.0120000),(-0.0175755,0.0381281,0.0120000),(-0.0195779,0.0337731,0.0120000),(-0.0173649,0.0384985,0.0120000),(-0.0175755,0.0381281,0.0120000),(-0.0195779,0.0337731,0.0120000),(-0.0175755,0.0381281,0.0120000),(-0.0191800,0.0353330,0.0120000),(-0.0195779,0.0337731,0.0120000),(-0.0191800,0.0353330,0.0120000),(-0.0193004,0.0354359,0.0120000),(-0.0195535,0.0357411,0.0120000),(-0.0195959,0.0358103,0.0120000),(-0.0199642,0.0356019,0.0120000),(-0.0195084,0.0356745,0.0120000),(-0.0195535,0.0357411,0.0120000),(-0.0199642,0.0356019,0.0120000),(-0.0194099,0.0355497,0.0120000),(-0.0195084,0.0356745,0.0120000),(-0.0199642,0.0356019,0.0120000),(-0.0193004,0.0354359,0.0120000),(-0.0194099,0.0355497,0.0120000),(-0.0199642,0.0356019,0.0120000),(-0.0193004,0.0354359,0.0120000),(-0.0199642,0.0356019,0.0120000),(-0.0199063,0.0355068,0.0120000),(-0.0193004,0.0354359,0.0120000),(-0.0199063,0.0355068,0.0120000),(-0.0198446,0.0354158,0.0120000),(-0.0193004,0.0354359,0.0120000),(-0.0198446,0.0354158,0.0120000),(-0.0197793,0.0353290,0.0120000),(-0.0193004,0.0354359,0.0120000),(-0.0197793,0.0353290,0.0120000),(-0.0197102,0.0352463,0.0120000),(-0.0193004,0.0354359,0.0120000),(-0.0197102,0.0352463,0.0120000),(-0.0196374,0.0351676,0.0120000),(-0.0193004,0.0354359,0.0120000),(-0.0196374,0.0351676,0.0120000),(-0.0195610,0.0350931,0.0120000),(-0.0193004,0.0354359,0.0120000),(-0.0195610,0.0350931,0.0120000),(-0.0194808,0.0350226,0.0120000),(-0.0193004,0.0354359,0.0120000),(-0.0194808,0.0350226,0.0120000),(-0.0193969,0.0349563,0.0120000),(-0.0195779,0.0337731,0.0120000),(-0.0193004,0.0354359,0.0120000),(-0.0193969,0.0349563,0.0120000),(-0.0195779,0.0337731,0.0120000),(-0.0193969,0.0349563,0.0120000),(-0.0199526,0.0339858,0.0120000),(-0.0195779,0.0337731,0.0120000),(-0.0199526,0.0339858,0.0120000),(-0.0199801,0.0338842,0.0120000),(-0.0195779,0.0337731,0.0120000),(-0.0199801,0.0338842,0.0120000),(-0.0199737,0.0338239,0.0120000),(-0.0195779,0.0337731,0.0120000),(-0.0199737,0.0338239,0.0120000),(-0.0199346,0.0337469,0.0120000),(-0.0195779,0.0337731,0.0120000),(-0.0199346,0.0337469,0.0120000),(-0.0198721,0.0336916,0.0120000),(-0.0195779,0.0337731,0.0120000),(-0.0198721,0.0336916,0.0120000),(-0.0197674,0.0336640,0.0120000),(-0.0195779,0.0337731,0.0120000),(-0.0197674,0.0336640,0.0120000),(-0.0197070,0.0336715,0.0120000),(-0.0195779,0.0337731,0.0120000),(-0.0197070,0.0336715,0.0120000),(-0.0196345,0.0337069,0.0120000),(-0.0120616,0.0355511,0.0120000),(-0.0120595,0.0355024,0.0120000),(-0.0120356,0.0354103,0.0120000),(-0.0120616,0.0355511,0.0120000),(-0.0120356,0.0354103,0.0120000),(-0.0120077,0.0353240,0.0120000),(-0.0120616,0.0355511,0.0120000),(-0.0120077,0.0353240,0.0120000),(-0.0119759,0.0352435,0.0120000),(-0.0120616,0.0355511,0.0120000),(-0.0119759,0.0352435,0.0120000),(-0.0119402,0.0351687,0.0120000),(-0.0120616,0.0355511,0.0120000),(-0.0119402,0.0351687,0.0120000),(-0.0119005,0.0350998,0.0120000),(-0.0120616,0.0355511,0.0120000),(-0.0119005,0.0350998,0.0120000),(-0.0118569,0.0350366,0.0120000),(-0.0120616,0.0355511,0.0120000),(-0.0118569,0.0350366,0.0120000),(-0.0117579,0.0349277,0.0120000),(-0.0120616,0.0355511,0.0120000),(-0.0117579,0.0349277,0.0120000),(-0.0116769,0.0348582,0.0120000),(-0.0120616,0.0355511,0.0120000),(-0.0116769,0.0348582,0.0120000),(-0.0115938,0.0347980,0.0120000),(-0.0120616,0.0355511,0.0120000),(-0.0115938,0.0347980,0.0120000),(-0.0115085,0.0347471,0.0120000),(-0.0120616,0.0355511,0.0120000),(-0.0115085,0.0347471,0.0120000),(-0.0114211,0.0347054,0.0120000),(-0.0120616,0.0355511,0.0120000),(-0.0114211,0.0347054,0.0120000),(-0.0113315,0.0346730,0.0120000),(-0.0120616,0.0355511,0.0120000),(-0.0113315,0.0346730,0.0120000),(-0.0112398,0.0346499,0.0120000),(-0.0120616,0.0355511,0.0120000),(-0.0112398,0.0346499,0.0120000),(-0.0111459,0.0346360,0.0120000),(-0.0120616,0.0355511,0.0120000),(-0.0111459,0.0346360,0.0120000),(-0.0110499,0.0346314,0.0120000),(-0.0120616,0.0355511,0.0120000),(-0.0110499,0.0346314,0.0120000),(-0.0109546,0.0346361,0.0120000),(-0.0120616,0.0355511,0.0120000),(-0.0109546,0.0346361,0.0120000),(-0.0108620,0.0346502,0.0120000),(-0.0120616,0.0355511,0.0120000),(-0.0108620,0.0346502,0.0120000),(-0.0107720,0.0346738,0.0120000),(-0.0120616,0.0355511,0.0120000),(-0.0107720,0.0346738,0.0120000),(-0.0106847,0.0347068,0.0120000),(-0.0106847,0.0347068,0.0120000),(-0.0106001,0.0347492,0.0120000),(-0.0105180,0.0348010,0.0120000),(-0.0106847,0.0347068,0.0120000),(-0.0105180,0.0348010,0.0120000),(-0.0104387,0.0348623,0.0120000),(-0.0106847,0.0347068,0.0120000),(-0.0104387,0.0348623,0.0120000),(-0.0103619,0.0349330,0.0120000),(-0.0106847,0.0347068,0.0120000),(-0.0103619,0.0349330,0.0120000),(-0.0102818,0.0350212,0.0120000),(-0.0106847,0.0347068,0.0120000),(-0.0102818,0.0350212,0.0120000),(-0.0102124,0.0351161,0.0120000),(-0.0106847,0.0347068,0.0120000),(-0.0102124,0.0351161,0.0120000),(-0.0101536,0.0352175,0.0120000),(-0.0106847,0.0347068,0.0120000),(-0.0101536,0.0352175,0.0120000),(-0.0101056,0.0353256,0.0120000),(-0.0106847,0.0347068,0.0120000),(-0.0101056,0.0353256,0.0120000),(-0.0100682,0.0354403,0.0120000),(-0.0106847,0.0347068,0.0120000),(-0.0100682,0.0354403,0.0120000),(-0.0100415,0.0355616,0.0120000),(-0.0106847,0.0347068,0.0120000),(-0.0100415,0.0355616,0.0120000),(-0.0100254,0.0356896,0.0120000),(-0.0106847,0.0347068,0.0120000),(-0.0100254,0.0356896,0.0120000),(-0.0100201,0.0358241,0.0120000),(-0.0106847,0.0347068,0.0120000),(-0.0100201,0.0358241,0.0120000),(-0.0100214,0.0359274,0.0120000),(-0.0106847,0.0347068,0.0120000),(-0.0100214,0.0359274,0.0120000),(-0.0100253,0.0360266,0.0120000),(-0.0106847,0.0347068,0.0120000),(-0.0100253,0.0360266,0.0120000),(-0.0100317,0.0361218,0.0120000),(-0.0106847,0.0347068,0.0120000),(-0.0100317,0.0361218,0.0120000),(-0.0100407,0.0362130,0.0120000),(-0.0106847,0.0347068,0.0120000),(-0.0100407,0.0362130,0.0120000),(-0.0100524,0.0363001,0.0120000),(-0.0106847,0.0347068,0.0120000),(-0.0100524,0.0363001,0.0120000),(-0.0100665,0.0363831,0.0120000),(-0.0106847,0.0347068,0.0120000),(-0.0100665,0.0363831,0.0120000),(-0.0100833,0.0364622,0.0120000),(-0.0106847,0.0347068,0.0120000),(-0.0100833,0.0364622,0.0120000),(-0.0101027,0.0365372,0.0120000),(-0.0106847,0.0347068,0.0120000),(-0.0101027,0.0365372,0.0120000),(-0.0101491,0.0366750,0.0120000),(-0.0101491,0.0366750,0.0120000),(-0.0102058,0.0367966,0.0120000),(-0.0102729,0.0369021,0.0120000),(-0.0101491,0.0366750,0.0120000),(-0.0102729,0.0369021,0.0120000),(-0.0103503,0.0369914,0.0120000),(-0.0101491,0.0366750,0.0120000),(-0.0103503,0.0369914,0.0120000),(-0.0104298,0.0370609,0.0120000),(-0.0101491,0.0366750,0.0120000),(-0.0104298,0.0370609,0.0120000),(-0.0105116,0.0371211,0.0120000),(-0.0101491,0.0366750,0.0120000),(-0.0105116,0.0371211,0.0120000),(-0.0105958,0.0371720,0.0120000),(-0.0101491,0.0366750,0.0120000),(-0.0105958,0.0371720,0.0120000),(-0.0106824,0.0372137,0.0120000),(-0.0101491,0.0366750,0.0120000),(-0.0106824,0.0372137,0.0120000),(-0.0107712,0.0372461,0.0120000),(-0.0101491,0.0366750,0.0120000),(-0.0107712,0.0372461,0.0120000),(-0.0108625,0.0372693,0.0120000),(-0.0101491,0.0366750,0.0120000),(-0.0108625,0.0372693,0.0120000),(-0.0109561,0.0372831,0.0120000),(-0.0101491,0.0366750,0.0120000),(-0.0109561,0.0372831,0.0120000),(-0.0110520,0.0372878,0.0120000),(-0.0101491,0.0366750,0.0120000),(-0.0110520,0.0372878,0.0120000),(-0.0111373,0.0372845,0.0120000),(-0.0101491,0.0366750,0.0120000),(-0.0111373,0.0372845,0.0120000),(-0.0112197,0.0372747,0.0120000),(-0.0101491,0.0366750,0.0120000),(-0.0112197,0.0372747,0.0120000),(-0.0112991,0.0372585,0.0120000),(-0.0101491,0.0366750,0.0120000),(-0.0112991,0.0372585,0.0120000),(-0.0113756,0.0372357,0.0120000),(-0.0101491,0.0366750,0.0120000),(-0.0113756,0.0372357,0.0120000),(-0.0115197,0.0371705,0.0120000),(-0.0101491,0.0366750,0.0120000),(-0.0115197,0.0371705,0.0120000),(-0.0116521,0.0370793,0.0120000),(-0.0116097,0.0382572,0.0120000),(-0.0103344,0.0382572,0.0120000),(-0.0102529,0.0382731,0.0120000),(-0.0116097,0.0382572,0.0120000),(-0.0102529,0.0382731,0.0120000),(-0.0101841,0.0383207,0.0120000),(-0.0116097,0.0382572,0.0120000),(-0.0101841,0.0383207,0.0120000),(-0.0101373,0.0383900,0.0120000),(-0.0116097,0.0382572,0.0120000),(-0.0101373,0.0383900,0.0120000),(-0.0101217,0.0384710,0.0120000),(-0.0116097,0.0382572,0.0120000),(-0.0101217,0.0384710,0.0120000),(-0.0101373,0.0385517,0.0120000),(-0.0116097,0.0382572,0.0120000),(-0.0101373,0.0385517,0.0120000),(-0.0101841,0.0386202,0.0120000),(-0.0116097,0.0382572,0.0120000),(-0.0101841,0.0386202,0.0120000),(-0.0102529,0.0386678,0.0120000),(-0.0116097,0.0382572,0.0120000),(-0.0102529,0.0386678,0.0120000),(-0.0103344,0.0386837,0.0120000),(-0.0116097,0.0382572,0.0120000),(-0.0103344,0.0386837,0.0120000),(-0.0118066,0.0386837,0.0120000),(-0.0116521,0.0370793,0.0120000),(-0.0116097,0.0382572,0.0120000),(-0.0118066,0.0386837,0.0120000),(-0.0116521,0.0370793,0.0120000),(-0.0118066,0.0386837,0.0120000),(-0.0118870,0.0386697,0.0120000),(-0.0116521,0.0370793,0.0120000),(-0.0118870,0.0386697,0.0120000),(-0.0119569,0.0386276,0.0120000),(-0.0116521,0.0370793,0.0120000),(-0.0119569,0.0386276,0.0120000),(-0.0120045,0.0385625,0.0120000),(-0.0116521,0.0370793,0.0120000),(-0.0120045,0.0385625,0.0120000),(-0.0120204,0.0384837,0.0120000),(-0.0116521,0.0370793,0.0120000),(-0.0120204,0.0384837,0.0120000),(-0.0121008,0.0364189,0.0120000),(-0.0116521,0.0370793,0.0120000),(-0.0121008,0.0364189,0.0120000),(-0.0120876,0.0363395,0.0120000),(-0.0116521,0.0370793,0.0120000),(-0.0120876,0.0363395,0.0120000),(-0.0120479,0.0362686,0.0120000),(-0.0116521,0.0370793,0.0120000),(-0.0120479,0.0362686,0.0120000),(-0.0119828,0.0362146,0.0120000),(-0.0116521,0.0370793,0.0120000),(-0.0119828,0.0362146,0.0120000),(-0.0118997,0.0361966,0.0120000),(-0.0116521,0.0370793,0.0120000),(-0.0118997,0.0361966,0.0120000),(-0.0118185,0.0362101,0.0120000),(-0.0116521,0.0370793,0.0120000),(-0.0118185,0.0362101,0.0120000),(-0.0117462,0.0362506,0.0120000),(-0.0116521,0.0370793,0.0120000),(-0.0117462,0.0362506,0.0120000),(-0.0116838,0.0363522,0.0120000),(-0.0116521,0.0370793,0.0120000),(-0.0116838,0.0363522,0.0120000),(-0.0116498,0.0364373,0.0120000),(-0.0116521,0.0370793,0.0120000),(-0.0116498,0.0364373,0.0120000),(-0.0116007,0.0365213,0.0120000),(-0.0116521,0.0370793,0.0120000),(-0.0116007,0.0365213,0.0120000),(-0.0115366,0.0366040,0.0120000),(-0.0116521,0.0370793,0.0120000),(-0.0115366,0.0366040,0.0120000),(-0.0114573,0.0366856,0.0120000),(-0.0116521,0.0370793,0.0120000),(-0.0114573,0.0366856,0.0120000),(-0.0113617,0.0367634,0.0120000),(-0.0116521,0.0370793,0.0120000),(-0.0113617,0.0367634,0.0120000),(-0.0112623,0.0368189,0.0120000),(-0.0116521,0.0370793,0.0120000),(-0.0112623,0.0368189,0.0120000),(-0.0111591,0.0368523,0.0120000),(-0.0116521,0.0370793,0.0120000),(-0.0111591,0.0368523,0.0120000),(-0.0110520,0.0368634,0.0120000),(-0.0116521,0.0370793,0.0120000),(-0.0110520,0.0368634,0.0120000),(-0.0109455,0.0368523,0.0120000),(-0.0101491,0.0366750,0.0120000),(-0.0116521,0.0370793,0.0120000),(-0.0109455,0.0368523,0.0120000),(-0.0101491,0.0366750,0.0120000),(-0.0109455,0.0368523,0.0120000),(-0.0108430,0.0368189,0.0120000),(-0.0101491,0.0366750,0.0120000),(-0.0108430,0.0368189,0.0120000),(-0.0107444,0.0367634,0.0120000),(-0.0101491,0.0366750,0.0120000),(-0.0107444,0.0367634,0.0120000),(-0.0106498,0.0366856,0.0120000),(-0.0101491,0.0366750,0.0120000),(-0.0106498,0.0366856,0.0120000),(-0.0105595,0.0365570,0.0120000),(-0.0101491,0.0366750,0.0120000),(-0.0105595,0.0365570,0.0120000),(-0.0105241,0.0364709,0.0120000),(-0.0101491,0.0366750,0.0120000),(-0.0105241,0.0364709,0.0120000),(-0.0104950,0.0363702,0.0120000),(-0.0101491,0.0366750,0.0120000),(-0.0104950,0.0363702,0.0120000),(-0.0104725,0.0362550,0.0120000),(-0.0101491,0.0366750,0.0120000),(-0.0104725,0.0362550,0.0120000),(-0.0104563,0.0361252,0.0120000),(-0.0101491,0.0366750,0.0120000),(-0.0104563,0.0361252,0.0120000),(-0.0104467,0.0359809,0.0120000),(-0.0101491,0.0366750,0.0120000),(-0.0104467,0.0359809,0.0120000),(-0.0104434,0.0358220,0.0120000),(-0.0101491,0.0366750,0.0120000),(-0.0104434,0.0358220,0.0120000),(-0.0104469,0.0357305,0.0120000),(-0.0101491,0.0366750,0.0120000),(-0.0104469,0.0357305,0.0120000),(-0.0104572,0.0356441,0.0120000),(-0.0101491,0.0366750,0.0120000),(-0.0104572,0.0356441,0.0120000),(-0.0104744,0.0355625,0.0120000),(-0.0106847,0.0347068,0.0120000),(-0.0101491,0.0366750,0.0120000),(-0.0104744,0.0355625,0.0120000),(-0.0106847,0.0347068,0.0120000),(-0.0104744,0.0355625,0.0120000),(-0.0104985,0.0354860,0.0120000),(-0.0106847,0.0347068,0.0120000),(-0.0104985,0.0354860,0.0120000),(-0.0105673,0.0353477,0.0120000),(-0.0106847,0.0347068,0.0120000),(-0.0105673,0.0353477,0.0120000),(-0.0106636,0.0352293,0.0120000),(-0.0106847,0.0347068,0.0120000),(-0.0106636,0.0352293,0.0120000),(-0.0107549,0.0351534,0.0120000),(-0.0106847,0.0347068,0.0120000),(-0.0107549,0.0351534,0.0120000),(-0.0108509,0.0350991,0.0120000),(-0.0106847,0.0347068,0.0120000),(-0.0108509,0.0350991,0.0120000),(-0.0109517,0.0350666,0.0120000),(-0.0106847,0.0347068,0.0120000),(-0.0109517,0.0350666,0.0120000),(-0.0110573,0.0350558,0.0120000),(-0.0106847,0.0347068,0.0120000),(-0.0110573,0.0350558,0.0120000),(-0.0111599,0.0350670,0.0120000),(-0.0106847,0.0347068,0.0120000),(-0.0111599,0.0350670,0.0120000),(-0.0112623,0.0351007,0.0120000),(-0.0106847,0.0347068,0.0120000),(-0.0112623,0.0351007,0.0120000),(-0.0113647,0.0351570,0.0120000),(-0.0120616,0.0355511,0.0120000),(-0.0106847,0.0347068,0.0120000),(-0.0113647,0.0351570,0.0120000),(-0.0120616,0.0355511,0.0120000),(-0.0113647,0.0351570,0.0120000),(-0.0114668,0.0352357,0.0120000),(-0.0120616,0.0355511,0.0120000),(-0.0114668,0.0352357,0.0120000),(-0.0115690,0.0353785,0.0120000),(-0.0120616,0.0355511,0.0120000),(-0.0115690,0.0353785,0.0120000),(-0.0116085,0.0354786,0.0120000),(-0.0120616,0.0355511,0.0120000),(-0.0116085,0.0354786,0.0120000),(-0.0116404,0.0355976,0.0120000),(-0.0120616,0.0355511,0.0120000),(-0.0116404,0.0355976,0.0120000),(-0.0116845,0.0356703,0.0120000),(-0.0120616,0.0355511,0.0120000),(-0.0116845,0.0356703,0.0120000),(-0.0117330,0.0357222,0.0120000),(-0.0120616,0.0355511,0.0120000),(-0.0117330,0.0357222,0.0120000),(-0.0118436,0.0357638,0.0120000),(-0.0120616,0.0355511,0.0120000),(-0.0118436,0.0357638,0.0120000),(-0.0118510,0.0357638,0.0120000),(-0.0120616,0.0355511,0.0120000),(-0.0118510,0.0357638,0.0120000),(-0.0119249,0.0357481,0.0120000),(-0.0120616,0.0355511,0.0120000),(-0.0119249,0.0357481,0.0120000),(-0.0119846,0.0357074,0.0120000),(-0.0150567,0.0350558,0.0120000),(-0.0138851,0.0366464,0.0120000),(-0.0138206,0.0367402,0.0120000),(-0.0150567,0.0350558,0.0120000),(-0.0138206,0.0367402,0.0120000),(-0.0137648,0.0368378,0.0120000),(-0.0150567,0.0350558,0.0120000),(-0.0137648,0.0368378,0.0120000),(-0.0137175,0.0369393,0.0120000),(-0.0150567,0.0350558,0.0120000),(-0.0137175,0.0369393,0.0120000),(-0.0136788,0.0370446,0.0120000),(-0.0150567,0.0350558,0.0120000),(-0.0136788,0.0370446,0.0120000),(-0.0136487,0.0371538,0.0120000),(-0.0150567,0.0350558,0.0120000),(-0.0136487,0.0371538,0.0120000),(-0.0136272,0.0372669,0.0120000),(-0.0150567,0.0350558,0.0120000),(-0.0136272,0.0372669,0.0120000),(-0.0136143,0.0373839,0.0120000),(-0.0150567,0.0350558,0.0120000),(-0.0136143,0.0373839,0.0120000),(-0.0136100,0.0375047,0.0120000),(-0.0150567,0.0350558,0.0120000),(-0.0136100,0.0375047,0.0120000),(-0.0136151,0.0376297,0.0120000),(-0.0150567,0.0350558,0.0120000),(-0.0136151,0.0376297,0.0120000),(-0.0136305,0.0377501,0.0120000),(-0.0150567,0.0350558,0.0120000),(-0.0136305,0.0377501,0.0120000),(-0.0136561,0.0378658,0.0120000),(-0.0150567,0.0350558,0.0120000),(-0.0136561,0.0378658,0.0120000),(-0.0136920,0.0379770,0.0120000),(-0.0136920,0.0379770,0.0120000),(-0.0137381,0.0380836,0.0120000),(-0.0137945,0.0381856,0.0120000),(-0.0136920,0.0379770,0.0120000),(-0.0137945,0.0381856,0.0120000),(-0.0138612,0.0382830,0.0120000),(-0.0136920,0.0379770,0.0120000),(-0.0138612,0.0382830,0.0120000),(-0.0139381,0.0383757,0.0120000),(-0.0136920,0.0379770,0.0120000),(-0.0139381,0.0383757,0.0120000),(-0.0140109,0.0384489,0.0120000),(-0.0136920,0.0379770,0.0120000),(-0.0140109,0.0384489,0.0120000),(-0.0140883,0.0385123,0.0120000),(-0.0136920,0.0379770,0.0120000),(-0.0140883,0.0385123,0.0120000),(-0.0141702,0.0385660,0.0120000),(-0.0136920,0.0379770,0.0120000),(-0.0141702,0.0385660,0.0120000),(-0.0142566,0.0386099,0.0120000),(-0.0136920,0.0379770,0.0120000),(-0.0142566,0.0386099,0.0120000),(-0.0143475,0.0386440,0.0120000),(-0.0136920,0.0379770,0.0120000),(-0.0143475,0.0386440,0.0120000),(-0.0144429,0.0386684,0.0120000),(-0.0136920,0.0379770,0.0120000),(-0.0144429,0.0386684,0.0120000),(-0.0145428,0.0386831,0.0120000),(-0.0136920,0.0379770,0.0120000),(-0.0145428,0.0386831,0.0120000),(-0.0146471,0.0386880,0.0120000),(-0.0136920,0.0379770,0.0120000),(-0.0146471,0.0386880,0.0120000),(-0.0147456,0.0386832,0.0120000),(-0.0136920,0.0379770,0.0120000),(-0.0147456,0.0386832,0.0120000),(-0.0148411,0.0386688,0.0120000),(-0.0136920,0.0379770,0.0120000),(-0.0148411,0.0386688,0.0120000),(-0.0149336,0.0386449,0.0120000),(-0.0136920,0.0379770,0.0120000),(-0.0149336,0.0386449,0.0120000),(-0.0150231,0.0386115,0.0120000),(-0.0136920,0.0379770,0.0120000),(-0.0150231,0.0386115,0.0120000),(-0.0151096,0.0385685,0.0120000),(-0.0136920,0.0379770,0.0120000),(-0.0151096,0.0385685,0.0120000),(-0.0151930,0.0385159,0.0120000),(-0.0151930,0.0385159,0.0120000),(-0.0152735,0.0384538,0.0120000),(-0.0153509,0.0383821,0.0120000),(-0.0151930,0.0385159,0.0120000),(-0.0153509,0.0383821,0.0120000),(-0.0154301,0.0382956,0.0120000),(-0.0151930,0.0385159,0.0120000),(-0.0154301,0.0382956,0.0120000),(-0.0154986,0.0382027,0.0120000),(-0.0151930,0.0385159,0.0120000),(-0.0154986,0.0382027,0.0120000),(-0.0155567,0.0381035,0.0120000),(-0.0151930,0.0385159,0.0120000),(-0.0155567,0.0381035,0.0120000),(-0.0156041,0.0379979,0.0120000),(-0.0151930,0.0385159,0.0120000),(-0.0156041,0.0379979,0.0120000),(-0.0156411,0.0378860,0.0120000),(-0.0151930,0.0385159,0.0120000),(-0.0156411,0.0378860,0.0120000),(-0.0156674,0.0377677,0.0120000),(-0.0151930,0.0385159,0.0120000),(-0.0156674,0.0377677,0.0120000),(-0.0156833,0.0376431,0.0120000),(-0.0151930,0.0385159,0.0120000),(-0.0156833,0.0376431,0.0120000),(-0.0156885,0.0375121,0.0120000),(-0.0151930,0.0385159,0.0120000),(-0.0156885,0.0375121,0.0120000),(-0.0156885,0.0375069,0.0120000),(-0.0151930,0.0385159,0.0120000),(-0.0156885,0.0375069,0.0120000),(-0.0156729,0.0374254,0.0120000),(-0.0151930,0.0385159,0.0120000),(-0.0156729,0.0374254,0.0120000),(-0.0156261,0.0373566,0.0120000),(-0.0151930,0.0385159,0.0120000),(-0.0156261,0.0373566,0.0120000),(-0.0155573,0.0373097,0.0120000),(-0.0151930,0.0385159,0.0120000),(-0.0155573,0.0373097,0.0120000),(-0.0154758,0.0372941,0.0120000),(-0.0151930,0.0385159,0.0120000),(-0.0154758,0.0372941,0.0120000),(-0.0153943,0.0373097,0.0120000),(-0.0151930,0.0385159,0.0120000),(-0.0153943,0.0373097,0.0120000),(-0.0153255,0.0373566,0.0120000),(-0.0151930,0.0385159,0.0120000),(-0.0153255,0.0373566,0.0120000),(-0.0152779,0.0374254,0.0120000),(-0.0152779,0.0374254,0.0120000),(-0.0152620,0.0375069,0.0120000),(-0.0152620,0.0375121,0.0120000),(-0.0152779,0.0374254,0.0120000),(-0.0152620,0.0375121,0.0120000),(-0.0152587,0.0375991,0.0120000),(-0.0151930,0.0385159,0.0120000),(-0.0152779,0.0374254,0.0120000),(-0.0152587,0.0375991,0.0120000),(-0.0151930,0.0385159,0.0120000),(-0.0152587,0.0375991,0.0120000),(-0.0152487,0.0376815,0.0120000),(-0.0151930,0.0385159,0.0120000),(-0.0152487,0.0376815,0.0120000),(-0.0152321,0.0377594,0.0120000),(-0.0151930,0.0385159,0.0120000),(-0.0152321,0.0377594,0.0120000),(-0.0152088,0.0378328,0.0120000),(-0.0151930,0.0385159,0.0120000),(-0.0152088,0.0378328,0.0120000),(-0.0151424,0.0379662,0.0120000),(-0.0151930,0.0385159,0.0120000),(-0.0151424,0.0379662,0.0120000),(-0.0150493,0.0380815,0.0120000),(-0.0151930,0.0385159,0.0120000),(-0.0150493,0.0380815,0.0120000),(-0.0149584,0.0381602,0.0120000),(-0.0151930,0.0385159,0.0120000),(-0.0149584,0.0381602,0.0120000),(-0.0148614,0.0382165,0.0120000),(-0.0151930,0.0385159,0.0120000),(-0.0148614,0.0382165,0.0120000),(-0.0147584,0.0382502,0.0120000),(-0.0151930,0.0385159,0.0120000),(-0.0147584,0.0382502,0.0120000),(-0.0146493,0.0382614,0.0120000),(-0.0151930,0.0385159,0.0120000),(-0.0146493,0.0382614,0.0120000),(-0.0145360,0.0382506,0.0120000),(-0.0151930,0.0385159,0.0120000),(-0.0145360,0.0382506,0.0120000),(-0.0144323,0.0382181,0.0120000),(-0.0136920,0.0379770,0.0120000),(-0.0151930,0.0385159,0.0120000),(-0.0144323,0.0382181,0.0120000),(-0.0136920,0.0379770,0.0120000),(-0.0144323,0.0382181,0.0120000),(-0.0143381,0.0381638,0.0120000),(-0.0136920,0.0379770,0.0120000),(-0.0143381,0.0381638,0.0120000),(-0.0142534,0.0380879,0.0120000),(-0.0136920,0.0379770,0.0120000),(-0.0142534,0.0380879,0.0120000),(-0.0142018,0.0380267,0.0120000),(-0.0136920,0.0379770,0.0120000),(-0.0142018,0.0380267,0.0120000),(-0.0141571,0.0379623,0.0120000),(-0.0136920,0.0379770,0.0120000),(-0.0141571,0.0379623,0.0120000),(-0.0140883,0.0378236,0.0120000),(-0.0136920,0.0379770,0.0120000),(-0.0140883,0.0378236,0.0120000),(-0.0140471,0.0376718,0.0120000),(-0.0136920,0.0379770,0.0120000),(-0.0140471,0.0376718,0.0120000),(-0.0140367,0.0375909,0.0120000),(-0.0136920,0.0379770,0.0120000),(-0.0140367,0.0375909,0.0120000),(-0.0140333,0.0375069,0.0120000),(-0.0136920,0.0379770,0.0120000),(-0.0140333,0.0375069,0.0120000),(-0.0140362,0.0374201,0.0120000),(-0.0136920,0.0379770,0.0120000),(-0.0140362,0.0374201,0.0120000),(-0.0140450,0.0373367,0.0120000),(-0.0136920,0.0379770,0.0120000),(-0.0140450,0.0373367,0.0120000),(-0.0140596,0.0372566,0.0120000),(-0.0136920,0.0379770,0.0120000),(-0.0140596,0.0372566,0.0120000),(-0.0140801,0.0371798,0.0120000),(-0.0136920,0.0379770,0.0120000),(-0.0140801,0.0371798,0.0120000),(-0.0141387,0.0370362,0.0120000),(-0.0150567,0.0350558,0.0120000),(-0.0136920,0.0379770,0.0120000),(-0.0141387,0.0370362,0.0120000),(-0.0150567,0.0350558,0.0120000),(-0.0141387,0.0370362,0.0120000),(-0.0142206,0.0369057,0.0120000),(-0.0150567,0.0350558,0.0120000),(-0.0142206,0.0369057,0.0120000),(-0.0156441,0.0349721,0.0120000),(-0.0138206,0.0350558,0.0120000),(-0.0150567,0.0350558,0.0120000),(-0.0156441,0.0349721,0.0120000),(-0.0138206,0.0350558,0.0120000),(-0.0156441,0.0349721,0.0120000),(-0.0156907,0.0348473,0.0120000),(-0.0138206,0.0350558,0.0120000),(-0.0156907,0.0348473,0.0120000),(-0.0156885,0.0348123,0.0120000),(-0.0138206,0.0350558,0.0120000),(-0.0156885,0.0348123,0.0120000),(-0.0156621,0.0347338,0.0120000),(-0.0138206,0.0350558,0.0120000),(-0.0156621,0.0347338,0.0120000),(-0.0156102,0.0346779,0.0120000),(-0.0138206,0.0350558,0.0120000),(-0.0156102,0.0346779,0.0120000),(-0.0155417,0.0346430,0.0120000),(-0.0138206,0.0350558,0.0120000),(-0.0155417,0.0346430,0.0120000),(-0.0154758,0.0346314,0.0120000),(-0.0138206,0.0350558,0.0120000),(-0.0154758,0.0346314,0.0120000),(-0.0138206,0.0346314,0.0120000),(-0.0138206,0.0350558,0.0120000),(-0.0138206,0.0346314,0.0120000),(-0.0137372,0.0346464,0.0120000),(-0.0138206,0.0350558,0.0120000),(-0.0137372,0.0346464,0.0120000),(-0.0136692,0.0346917,0.0120000),(-0.0138206,0.0350558,0.0120000),(-0.0136692,0.0346917,0.0120000),(-0.0136248,0.0347597,0.0120000),(-0.0138206,0.0350558,0.0120000),(-0.0136248,0.0347597,0.0120000),(-0.0136100,0.0348430,0.0120000),(-0.0138206,0.0350558,0.0120000),(-0.0136100,0.0348430,0.0120000),(-0.0136248,0.0349272,0.0120000),(-0.0138206,0.0350558,0.0120000),(-0.0136248,0.0349272,0.0120000),(-0.0136692,0.0349954,0.0120000),(-0.0138206,0.0350558,0.0120000),(-0.0136692,0.0349954,0.0120000),(-0.0137351,0.0350407,0.0120000),(-0.0131517,0.0346618,0.0120000),(-0.0130787,0.0345552,0.0120000),(-0.0129721,0.0344821,0.0120000),(-0.0131517,0.0346618,0.0120000),(-0.0129721,0.0344821,0.0120000),(-0.0128469,0.0344578,0.0120000),(-0.0131517,0.0346618,0.0120000),(-0.0128469,0.0344578,0.0120000),(-0.0127220,0.0344821,0.0120000),(-0.0131517,0.0346618,0.0120000),(-0.0127220,0.0344821,0.0120000),(-0.0126162,0.0345552,0.0120000),(-0.0131517,0.0346618,0.0120000),(-0.0126162,0.0345552,0.0120000),(-0.0125432,0.0346618,0.0120000),(-0.0131517,0.0346618,0.0120000),(-0.0125432,0.0346618,0.0120000),(-0.0125188,0.0347869,0.0120000),(-0.0131517,0.0346618,0.0120000),(-0.0125188,0.0347869,0.0120000),(-0.0125432,0.0349121,0.0120000),(-0.0131517,0.0346618,0.0120000),(-0.0125432,0.0349121,0.0120000),(-0.0126162,0.0350187,0.0120000),(-0.0131517,0.0346618,0.0120000),(-0.0126162,0.0350187,0.0120000),(-0.0127220,0.0350917,0.0120000),(-0.0131517,0.0346618,0.0120000),(-0.0127220,0.0350917,0.0120000),(-0.0128469,0.0351161,0.0120000),(-0.0131517,0.0346618,0.0120000),(-0.0128469,0.0351161,0.0120000),(-0.0129721,0.0350917,0.0120000),(-0.0131517,0.0346618,0.0120000),(-0.0129721,0.0350917,0.0120000),(-0.0130787,0.0350187,0.0120000),(-0.0131517,0.0346618,0.0120000),(-0.0130787,0.0350187,0.0120000),(-0.0131517,0.0349121,0.0120000),(-0.0131517,0.0346618,0.0120000),(-0.0131517,0.0349121,0.0120000),(-0.0131761,0.0347869,0.0120000),(-0.0062872,0.0346748,0.0120000),(-0.0061877,0.0345657,0.0120000),(-0.0060745,0.0345382,0.0120000),(-0.0062872,0.0346748,0.0120000),(-0.0060745,0.0345382,0.0120000),(-0.0059734,0.0345636,0.0120000),(-0.0062872,0.0346748,0.0120000),(-0.0059734,0.0345636,0.0120000),(-0.0058967,0.0346398,0.0120000),(-0.0062872,0.0346748,0.0120000),(-0.0058967,0.0346398,0.0120000),(-0.0058892,0.0346462,0.0120000),(-0.0062872,0.0346748,0.0120000),(-0.0058892,0.0346462,0.0120000),(-0.0046436,0.0368136,0.0120000),(-0.0062872,0.0346748,0.0120000),(-0.0046436,0.0368136,0.0120000),(-0.0046161,0.0369205,0.0120000),(-0.0062872,0.0346748,0.0120000),(-0.0046161,0.0369205,0.0120000),(-0.0046439,0.0370298,0.0120000),(-0.0062872,0.0346748,0.0120000),(-0.0046439,0.0370298,0.0120000),(-0.0047272,0.0371079,0.0120000),(-0.0062872,0.0346748,0.0120000),(-0.0047272,0.0371079,0.0120000),(-0.0048341,0.0371375,0.0120000),(-0.0062872,0.0346748,0.0120000),(-0.0048341,0.0371375,0.0120000),(-0.0049428,0.0371097,0.0120000),(-0.0062872,0.0346748,0.0120000),(-0.0049428,0.0371097,0.0120000),(-0.0050193,0.0370264,0.0120000),(-0.0062872,0.0346748,0.0120000),(-0.0050193,0.0370264,0.0120000),(-0.0058617,0.0355606,0.0120000),(-0.0062872,0.0346748,0.0120000),(-0.0058617,0.0355606,0.0120000),(-0.0058617,0.0381683,0.0120000),(-0.0058617,0.0381683,0.0120000),(-0.0042753,0.0381683,0.0120000),(-0.0041904,0.0381842,0.0120000),(-0.0058617,0.0381683,0.0120000),(-0.0041904,0.0381842,0.0120000),(-0.0041197,0.0382318,0.0120000),(-0.0058617,0.0381683,0.0120000),(-0.0041197,0.0382318,0.0120000),(-0.0040721,0.0383014,0.0120000),(-0.0058617,0.0381683,0.0120000),(-0.0040721,0.0383014,0.0120000),(-0.0040562,0.0383832,0.0120000),(-0.0058617,0.0381683,0.0120000),(-0.0040562,0.0383832,0.0120000),(-0.0040721,0.0384652,0.0120000),(-0.0058617,0.0381683,0.0120000),(-0.0040721,0.0384652,0.0120000),(-0.0041197,0.0385356,0.0120000),(-0.0058617,0.0381683,0.0120000),(-0.0041197,0.0385356,0.0120000),(-0.0041904,0.0385848,0.0120000),(-0.0058617,0.0381683,0.0120000),(-0.0041904,0.0385848,0.0120000),(-0.0042753,0.0386012,0.0120000),(-0.0058617,0.0381683,0.0120000),(-0.0042753,0.0386012,0.0120000),(-0.0060819,0.0386012,0.0120000),(-0.0062872,0.0346748,0.0120000),(-0.0058617,0.0381683,0.0120000),(-0.0060819,0.0386012,0.0120000),(-0.0060819,0.0386012,0.0120000),(-0.0078874,0.0386012,0.0120000),(-0.0079702,0.0385848,0.0120000),(-0.0060819,0.0386012,0.0120000),(-0.0079702,0.0385848,0.0120000),(-0.0080387,0.0385356,0.0120000),(-0.0060819,0.0386012,0.0120000),(-0.0080387,0.0385356,0.0120000),(-0.0080848,0.0384652,0.0120000),(-0.0060819,0.0386012,0.0120000),(-0.0080848,0.0384652,0.0120000),(-0.0081001,0.0383832,0.0120000),(-0.0060819,0.0386012,0.0120000),(-0.0081001,0.0383832,0.0120000),(-0.0080848,0.0383014,0.0120000),(-0.0060819,0.0386012,0.0120000),(-0.0080848,0.0383014,0.0120000),(-0.0080387,0.0382318,0.0120000),(-0.0060819,0.0386012,0.0120000),(-0.0080387,0.0382318,0.0120000),(-0.0079702,0.0381842,0.0120000),(-0.0060819,0.0386012,0.0120000),(-0.0079702,0.0381842,0.0120000),(-0.0078874,0.0381683,0.0120000),(-0.0060819,0.0386012,0.0120000),(-0.0078874,0.0381683,0.0120000),(-0.0062946,0.0381683,0.0120000),(-0.0062872,0.0346748,0.0120000),(-0.0060819,0.0386012,0.0120000),(-0.0062946,0.0381683,0.0120000),(-0.0062872,0.0346748,0.0120000),(-0.0062946,0.0381683,0.0120000),(-0.0062946,0.0355563,0.0120000),(-0.0062872,0.0346748,0.0120000),(-0.0062946,0.0355563,0.0120000),(-0.0071508,0.0370454,0.0120000),(-0.0062872,0.0346748,0.0120000),(-0.0071508,0.0370454,0.0120000),(-0.0072304,0.0371248,0.0120000),(-0.0062872,0.0346748,0.0120000),(-0.0072304,0.0371248,0.0120000),(-0.0073381,0.0371513,0.0120000),(-0.0062872,0.0346748,0.0120000),(-0.0073381,0.0371513,0.0120000),(-0.0074492,0.0371237,0.0120000),(-0.0062872,0.0346748,0.0120000),(-0.0074492,0.0371237,0.0120000),(-0.0075310,0.0370441,0.0120000),(-0.0062872,0.0346748,0.0120000),(-0.0075310,0.0370441,0.0120000),(-0.0075582,0.0369343,0.0120000),(-0.0062872,0.0346748,0.0120000),(-0.0075582,0.0369343,0.0120000),(-0.0075265,0.0368253,0.0120000),(0.0013106,0.0362623,0.0120000),(0.0009053,0.0362623,0.0120000),(0.0002152,0.0362485,0.0120000),(0.0015530,0.0362623,0.0120000),(0.0013106,0.0362623,0.0120000),(0.0002152,0.0362485,0.0120000),(0.0009053,0.0375979,0.0120000),(0.0009053,0.0362623,0.0120000),(0.0013106,0.0362623,0.0120000),(0.0009053,0.0375979,0.0120000),(0.0013106,0.0362623,0.0120000),(0.0013106,0.0384498,0.0120000),(0.0002152,0.0362485,0.0120000),(0.0009053,0.0375979,0.0120000),(0.0013106,0.0384498,0.0120000),(0.0002152,0.0362485,0.0120000),(0.0013106,0.0384498,0.0120000),(0.0013008,0.0385247,0.0120000),(0.0002152,0.0362485,0.0120000),(0.0013008,0.0385247,0.0120000),(0.0012714,0.0385821,0.0120000),(0.0002152,0.0362485,0.0120000),(0.0012714,0.0385821,0.0120000),(0.0011624,0.0386562,0.0120000),(0.0002152,0.0362485,0.0120000),(0.0011624,0.0386562,0.0120000),(0.0011021,0.0386636,0.0120000),(0.0002152,0.0362485,0.0120000),(0.0011021,0.0386636,0.0120000),(0.0010259,0.0386541,0.0120000),(0.0002152,0.0362485,0.0120000),(0.0010259,0.0386541,0.0120000),(0.0009190,0.0385705,0.0120000),(0.0002152,0.0362485,0.0120000),(0.0009190,0.0385705,0.0120000),(-0.0003584,0.0361511,0.0120000),(0.0015530,0.0362623,0.0120000),(0.0002152,0.0362485,0.0120000),(-0.0003584,0.0361511,0.0120000),(0.0015530,0.0362623,0.0120000),(-0.0003584,0.0361511,0.0120000),(-0.0003933,0.0360241,0.0120000),(0.0015530,0.0362623,0.0120000),(-0.0003933,0.0360241,0.0120000),(-0.0003679,0.0359363,0.0120000),(0.0015530,0.0362623,0.0120000),(-0.0003679,0.0359363,0.0120000),(-0.0002909,0.0358617,0.0120000),(0.0015530,0.0362623,0.0120000),(-0.0002909,0.0358617,0.0120000),(-0.0001806,0.0358368,0.0120000),(0.0015530,0.0362623,0.0120000),(-0.0001806,0.0358368,0.0120000),(0.0008841,0.0358368,0.0120000),(0.0008841,0.0358368,0.0120000),(0.0008841,0.0348250,0.0120000),(0.0008997,0.0347417,0.0120000),(0.0008841,0.0358368,0.0120000),(0.0008997,0.0347417,0.0120000),(0.0009465,0.0346737,0.0120000),(0.0008841,0.0358368,0.0120000),(0.0009465,0.0346737,0.0120000),(0.0010153,0.0346277,0.0120000),(0.0008841,0.0358368,0.0120000),(0.0010153,0.0346277,0.0120000),(0.0010968,0.0346123,0.0120000),(0.0008841,0.0358368,0.0120000),(0.0010968,0.0346123,0.0120000),(0.0011791,0.0346277,0.0120000),(0.0008841,0.0358368,0.0120000),(0.0011791,0.0346277,0.0120000),(0.0012482,0.0346737,0.0120000),(0.0008841,0.0358368,0.0120000),(0.0012482,0.0346737,0.0120000),(0.0012950,0.0347417,0.0120000),(0.0008841,0.0358368,0.0120000),(0.0012950,0.0347417,0.0120000),(0.0013106,0.0348250,0.0120000),(0.0008841,0.0358368,0.0120000),(0.0013106,0.0348250,0.0120000),(0.0013106,0.0358368,0.0120000),(0.0015530,0.0362623,0.0120000),(0.0008841,0.0358368,0.0120000),(0.0013106,0.0358368,0.0120000),(0.0015530,0.0362623,0.0120000),(0.0013106,0.0358368,0.0120000),(0.0015530,0.0358368,0.0120000),(0.0015530,0.0362623,0.0120000),(0.0015530,0.0358368,0.0120000),(0.0016366,0.0358524,0.0120000),(0.0015530,0.0362623,0.0120000),(0.0016366,0.0358524,0.0120000),(0.0017054,0.0358992,0.0120000),(0.0015530,0.0362623,0.0120000),(0.0017054,0.0358992,0.0120000),(0.0017514,0.0359680,0.0120000),(0.0015530,0.0362623,0.0120000),(0.0017514,0.0359680,0.0120000),(0.0017667,0.0360495,0.0120000),(0.0015530,0.0362623,0.0120000),(0.0017667,0.0360495,0.0120000),(0.0017514,0.0361310,0.0120000),(0.0015530,0.0362623,0.0120000),(0.0017514,0.0361310,0.0120000),(0.0017054,0.0361998,0.0120000),(0.0015530,0.0362623,0.0120000),(0.0017054,0.0361998,0.0120000),(0.0016366,0.0362466,0.0120000),(-0.0017279,0.0386562,0.0120000),(-0.0018454,0.0386096,0.0120000),(-0.0024528,0.0381080,0.0120000),(-0.0017279,0.0386562,0.0120000),(-0.0024528,0.0381080,0.0120000),(-0.0025105,0.0380403,0.0120000),(-0.0017279,0.0386562,0.0120000),(-0.0025105,0.0380403,0.0120000),(-0.0025354,0.0379683,0.0120000),(-0.0017279,0.0386562,0.0120000),(-0.0025354,0.0379683,0.0120000),(-0.0025354,0.0379344,0.0120000),(-0.0017279,0.0386562,0.0120000),(-0.0025354,0.0379344,0.0120000),(-0.0025015,0.0378064,0.0120000),(-0.0017279,0.0386562,0.0120000),(-0.0025015,0.0378064,0.0120000),(-0.0024423,0.0377495,0.0120000),(-0.0017279,0.0386562,0.0120000),(-0.0024423,0.0377495,0.0120000),(-0.0023618,0.0377206,0.0120000),(-0.0017279,0.0386562,0.0120000),(-0.0023618,0.0377206,0.0120000),(-0.0023205,0.0377185,0.0120000),(-0.0017279,0.0386562,0.0120000),(-0.0023205,0.0377185,0.0120000),(-0.0022052,0.0377556,0.0120000),(-0.0017279,0.0386562,0.0120000),(-0.0022052,0.0377556,0.0120000),(-0.0019343,0.0379947,0.0120000),(-0.0017279,0.0386562,0.0120000),(-0.0019343,0.0379947,0.0120000),(-0.0019343,0.0348092,0.0120000),(-0.0017279,0.0386562,0.0120000),(-0.0019343,0.0348092,0.0120000),(-0.0019189,0.0347271,0.0120000),(-0.0017279,0.0386562,0.0120000),(-0.0019189,0.0347271,0.0120000),(-0.0018729,0.0346589,0.0120000),(-0.0017279,0.0386562,0.0120000),(-0.0018729,0.0346589,0.0120000),(-0.0018046,0.0346128,0.0120000),(-0.0017279,0.0386562,0.0120000),(-0.0018046,0.0346128,0.0120000),(-0.0017226,0.0345975,0.0120000),(-0.0017279,0.0386562,0.0120000),(-0.0017226,0.0345975,0.0120000),(-0.0016398,0.0346128,0.0120000),(-0.0017279,0.0386562,0.0120000),(-0.0016398,0.0346128,0.0120000),(-0.0015712,0.0346589,0.0120000),(-0.0017279,0.0386562,0.0120000),(-0.0015712,0.0346589,0.0120000),(-0.0015252,0.0347271,0.0120000),(-0.0017279,0.0386562,0.0120000),(-0.0015252,0.0347271,0.0120000),(-0.0015099,0.0348092,0.0120000),(-0.0017279,0.0386562,0.0120000),(-0.0015099,0.0348092,0.0120000),(-0.0015099,0.0384361,0.0120000),(-0.0017279,0.0386562,0.0120000),(-0.0015099,0.0384361,0.0120000),(-0.0015382,0.0385493,0.0120000),(-0.0017279,0.0386562,0.0120000),(-0.0015382,0.0385493,0.0120000),(-0.0016231,0.0386245,0.0120000)));
#1296=COMPLEX_TRIANGULATED_SURFACE_SET('surface set',#1295,3663,(),(),(),((1,2,3),(4,5,6),(7,8,9),(10,11,12),(13,14,15),(16,17,18),(19,20,21),(22,23,24),(25,26,27),(28,29,30),(31,32,33),(34,35,36),(37,38,39),(40,41,42),(43,44,45),(46,47,48),(49,50,51),(52,53,54),(55,56,57),(58,59,60),(61,62,63),(64,65,66),(67,68,69),(70,71,72),(73,74,75),(76,77,78),(79,80,81),(82,83,84),(85,86,87),(88,89,90),(91,92,93),(94,95,96),(97,98,99),(100,101,102),(103,104,105),(106,107,108),(109,110,111),(112,113,114),(115,116,117),(118,119,120),(121,122,123),(124,125,126),(127,128,129),(130,131,132),(133,134,135),(136,137,138),(139,140,141),(142,143,144),(145,146,147),(148,149,150),(151,152,153),(154,155,156),(157,158,159),(160,161,162),(163,164,165),(166,167,168),(169,170,171),(172,173,174),(175,176,177),(178,179,180),(181,182,183),(184,185,186),(187,188,189),(190,191,192),(193,194,195),(196,197,198),(199,200,201),(202,203,204),(205,206,207),(208,209,210),(211,212,213),(214,215,216),(217,218,219),(220,221,222),(223,224,225),(226,227,228),(229,230,231),(232,233,234),(235,236,237),(238,239,240),(241,242,243),(244,245,246),(247,248,249),(250,251,252),(253,254,255),(256,257,258),(259,260,261),(262,263,264),(265,266,267),(268,269,270),(271,272,273),(274,275,276),(277,278,279),(280,281,282),(283,284,285),(286,287,288),(289,290,291),(292,293,294),(295,296,297),(298,299,300),(301,302,303),(304,305,306),(307,308,309),(310,311,312),(313,314,315),(316,317,318),(319,320,321),(322,323,324),(325,326,327),(328,329,330),(331,332,333),(334,335,336),(337,338,339),(340,341,342),(343,344,345),(346,347,348),(349,350,351),(352,353,354),(355,356,357),(358,359,360),(361,362,363),(364,365,366),(367,368,369),(370,371,372),(373,374,375),(376,377,378),(379,380,381),(382,383,384),(385,386,387),(388,389,390),(391,392,393),(394,395,396),(397,398,399),(400,401,402),(403,404,405),(406,407,408),(409,410,411),(412,413,414),(415,416,417),(418,419,420),(421,422,423),(424,425,426),(427,428,429),(430,431,432),(433,434,435),(436,437,438),(439,440,441),(442,443,444),(445,446,447),(448,449,450),(451,452,453),(454,455,456),(457,458,459),(460,461,462),(463,464,465),(466,467,468),(469,470,471),(472,473,474),(475,476,477),(478,479,480),(481,482,483),(484,485,486),(487,488,489),(490,491,492),(493,494,495),(496,497,498),(499,500,501),(502,503,504),(505,506,507),(508,509,510),(511,512,513),(514,515,516),(517,518,519),(520,521,522),(523,524,525),(526,527,528),(529,530,531),(532,533,534),(535,536,537),(538,539,540),(541,542,543),(544,545,546),(547,548,549),(550,551,552),(553,554,555),(556,557,558),(559,560,561),(562,563,564),(565,566,567),(568,569,570),(571,572,573),(574,575,576),(577,578,579),(580,581,582),(583,584,585),(586,587,588),(589,590,591),(592,593,594),(595,596,597),(598,599,600),(601,602,603),(604,605,606),(607,608,609),(610,611,612),(613,614,615),(616,617,618),(619,620,621),(622,623,624),(625,626,627),(628,629,630),(631,632,633),(634,635,636),(637,638,639),(640,641,642),(643,644,645),(646,647,648),(649,650,651),(652,653,654),(655,656,657),(658,659,660),(661,662,663),(664,665,666),(667,668,669),(670,671,672),(673,674,675),(676,677,678),(679,680,681),(682,683,684),(685,686,687),(688,689,690),(691,692,693),(694,695,696),(697,698,699),(700,701,702),(703,704,705),(706,707,708),(709,710,711),(712,713,714),(715,716,717),(718,719,720),(721,722,723),(724,725,726),(727,728,729),(730,731,732),(733,734,735),(736,737,738),(739,740,741),(742,743,744),(745,746,747),(748,749,750),(751,752,753),(754,755,756),(757,758,759),(760,761,762),(763,764,765),(766,767,768),(769,770,771),(772,773,774),(775,776,777),(778,779,780),(781,782,783),(784,785,786),(787,788,789),(790,791,792),(793,794,795),(796,797,798),(799,800,801),(802,803,804),(805,806,807),(808,809,810),(811,812,813),(814,815,816),(817,818,819),(820,821,822),(823,824,825),(826,827,828),(829,830,831),(832,833,834),(835,836,837),(838,839,840),(841,842,843),(844,845,846),(847,848,849),(850,851,852),(853,854,855),(856,857,858),(859,860,861),(862,863,864),(865,866,867),(868,869,870),(871,872,873),(874,875,876),(877,878,879),(880,881,882),(883,884,885),(886,887,888),(889,890,891),(892,893,894),(895,896,897),(898,899,900),(901,902,903),(904,905,906),(907,908,909),(910,911,912),(913,914,915),(916,917,918),(919,920,921),(922,923,924),(925,926,927),(928,929,930),(931,932,933),(934,935,936),(937,938,939),(940,941,942),(943,944,945),(946,947,948),(949,950,951),(952,953,954),(955,956,957),(958,959,960),(961,962,963),(964,965,966),(967,968,969),(970,971,972),(973,974,975),(976,977,978),(979,980,981),(982,983,984),(985,986,987),(988,989,990),(991,992,993),(994,995,996),(997,998,999),(1000,1001,1002),(1003,1004,1005),(1006,1007,1008),(1009,1010,1011),(1012,1013,1014),(1015,1016,1017),(1018,1019,1020),(1021,1022,1023),(1024,1025,1026),(1027,1028,1029),(1030,1031,1032),(1033,1034,1035),(1036,1037,1038),(1039,1040,1041),(1042,1043,1044),(1045,1046,1047),(1048,1049,1050),(1051,1052,1053),(1054,1055,1056),(1057,1058,1059),(1060,1061,1062),(1063,1064,1065),(1066,1067,1068),(1069,1070,1071),(1072,1073,1074),(1075,1076,1077),(1078,1079,1080),(1081,1082,1083),(1084,1085,1086),(1087,1088,1089),(1090,1091,1092),(1093,1094,1095),(1096,1097,1098),(1099,1100,1101),(1102,1103,1104),(1105,1106,1107),(1108,1109,1110),(1111,1112,1113),(1114,1115,1116),(1117,1118,1119),(1120,1121,1122),(1123,1124,1125),(1126,1127,1128),(1129,1130,1131),(1132,1133,1134),(1135,1136,1137),(1138,1139,1140),(1141,1142,1143),(1144,1145,1146),(1147,1148,1149),(1150,1151,1152),(1153,1154,1155),(1156,1157,1158),(1159,1160,1161),(1162,1163,1164),(1165,1166,1167),(1168,1169,1170),(1171,1172,1173),(1174,1175,1176),(1177,1178,1179),(1180,1181,1182),(1183,1184,1185),(1186,1187,1188),(1189,1190,1191),(1192,1193,1194),(1195,1196,1197),(1198,1199,1200),(1201,1202,1203),(1204,1205,1206),(1207,1208,1209),(1210,1211,1212),(1213,1214,1215),(1216,1217,1218),(1219,1220,1221),(1222,1223,1224),(1225,1226,1227),(1228,1229,1230),(1231,1232,1233),(1234,1235,1236),(1237,1238,1239),(1240,1241,1242),(1243,1244,1245),(1246,1247,1248),(1249,1250,1251),(1252,1253,1254),(1255,1256,1257),(1258,1259,1260),(1261,1262,1263),(1264,1265,1266),(1267,1268,1269),(1270,1271,1272),(1273,1274,1275),(1276,1277,1278),(1279,1280,1281),(1282,1283,1284),(1285,1286,1287),(1288,1289,1290),(1291,1292,1293),(1294,1295,1296),(1297,1298,1299),(1300,1301,1302),(1303,1304,1305),(1306,1307,1308),(1309,1310,1311),(1312,1313,1314),(1315,1316,1317),(1318,1319,1320),(1321,1322,1323),(1324,1325,1326),(1327,1328,1329),(1330,1331,1332),(1333,1334,1335),(1336,1337,1338),(1339,1340,1341),(1342,1343,1344),(1345,1346,1347),(1348,1349,1350),(1351,1352,1353),(1354,1355,1356),(1357,1358,1359),(1360,1361,1362),(1363,1364,1365),(1366,1367,1368),(1369,1370,1371),(1372,1373,1374),(1375,1376,1377),(1378,1379,1380),(1381,1382,1383),(1384,1385,1386),(1387,1388,1389),(1390,1391,1392),(1393,1394,1395),(1396,1397,1398),(1399,1400,1401),(1402,1403,1404),(1405,1406,1407),(1408,1409,1410),(1411,1412,1413),(1414,1415,1416),(1417,1418,1419),(1420,1421,1422),(1423,1424,1425),(1426,1427,1428),(1429,1430,1431),(1432,1433,1434),(1435,1436,1437),(1438,1439,1440),(1441,1442,1443),(1444,1445,1446),(1447,1448,1449),(1450,1451,1452),(1453,1454,1455),(1456,1457,1458),(1459,1460,1461),(1462,1463,1464),(1465,1466,1467),(1468,1469,1470),(1471,1472,1473),(1474,1475,1476),(1477,1478,1479),(1480,1481,1482),(1483,1484,1485),(1486,1487,1488),(1489,1490,1491),(1492,1493,1494),(1495,1496,1497),(1498,1499,1500),(1501,1502,1503),(1504,1505,1506),(1507,1508,1509),(1510,1511,1512),(1513,1514,1515),(1516,1517,1518),(1519,1520,1521),(1522,1523,1524),(1525,1526,1527),(1528,1529,1530),(1531,1532,1533),(1534,1535,1536),(1537,1538,1539),(1540,1541,1542),(1543,1544,1545),(1546,1547,1548),(1549,1550,1551),(1552,1553,1554),(1555,1556,1557),(1558,1559,1560),(1561,1562,1563),(1564,1565,1566),(1567,1568,1569),(1570,1571,1572),(1573,1574,1575),(1576,1577,1578),(1579,1580,1581),(1582,1583,1584),(1585,1586,1587),(1588,1589,1590),(1591,1592,1593),(1594,1595,1596),(1597,1598,1599),(1600,1601,1602),(1603,1604,1605),(1606,1607,1608),(1609,1610,1611),(1612,1613,1614),(1615,1616,1617),(1618,1619,1620),(1621,1622,1623),(1624,1625,1626),(1627,1628,1629),(1630,1631,1632),(1633,1634,1635),(1636,1637,1638),(1639,1640,1641),(1642,1643,1644),(1645,1646,1647),(1648,1649,1650),(1651,1652,1653),(1654,1655,1656),(1657,1658,1659),(1660,1661,1662),(1663,1664,1665),(1666,1667,1668),(1669,1670,1671),(1672,1673,1674),(1675,1676,1677),(1678,1679,1680),(1681,1682,1683),(1684,1685,1686),(1687,1688,1689),(1690,1691,1692),(1693,1694,1695),(1696,1697,1698),(1699,1700,1701),(1702,1703,1704),(1705,1706,1707),(1708,1709,1710),(1711,1712,1713),(1714,1715,1716),(1717,1718,1719),(1720,1721,1722),(1723,1724,1725),(1726,1727,1728),(1729,1730,1731),(1732,1733,1734),(1735,1736,1737),(1738,1739,1740),(1741,1742,1743),(1744,1745,1746),(1747,1748,1749),(1750,1751,1752),(1753,1754,1755),(1756,1757,1758),(1759,1760,1761),(1762,1763,1764),(1765,1766,1767),(1768,1769,1770),(1771,1772,1773),(1774,1775,1776),(1777,1778,1779),(1780,1781,1782),(1783,1784,1785),(1786,1787,1788),(1789,1790,1791),(1792,1793,1794),(1795,1796,1797),(1798,1799,1800),(1801,1802,1803),(1804,1805,1806),(1807,1808,1809),(1810,1811,1812),(1813,1814,1815),(1816,1817,1818),(1819,1820,1821),(1822,1823,1824),(1825,1826,1827),(1828,1829,1830),(1831,1832,1833),(1834,1835,1836),(1837,1838,1839),(1840,1841,1842),(1843,1844,1845),(1846,1847,1848),(1849,1850,1851),(1852,1853,1854),(1855,1856,1857),(1858,1859,1860),(1861,1862,1863),(1864,1865,1866),(1867,1868,1869),(1870,1871,1872),(1873,1874,1875),(1876,1877,1878),(1879,1880,1881),(1882,1883,1884),(1885,1886,1887),(1888,1889,1890),(1891,1892,1893),(1894,1895,1896),(1897,1898,1899),(1900,1901,1902),(1903,1904,1905),(1906,1907,1908),(1909,1910,1911),(1912,1913,1914),(1915,1916,1917),(1918,1919,1920),(1921,1922,1923),(1924,1925,1926),(1927,1928,1929),(1930,1931,1932),(1933,1934,1935),(1936,1937,1938),(1939,1940,1941),(1942,1943,1944),(1945,1946,1947),(1948,1949,1950),(1951,1952,1953),(1954,1955,1956),(1957,1958,1959),(1960,1961,1962),(1963,1964,1965),(1966,1967,1968),(1969,1970,1971),(1972,1973,1974),(1975,1976,1977),(1978,1979,1980),(1981,1982,1983),(1984,1985,1986),(1987,1988,1989),(1990,1991,1992),(1993,1994,1995),(1996,1997,1998),(1999,2000,2001),(2002,2003,2004),(2005,2006,2007),(2008,2009,2010),(2011,2012,2013),(2014,2015,2016),(2017,2018,2019),(2020,2021,2022),(2023,2024,2025),(2026,2027,2028),(2029,2030,2031),(2032,2033,2034),(2035,2036,2037),(2038,2039,2040),(2041,2042,2043),(2044,2045,2046),(2047,2048,2049),(2050,2051,2052),(2053,2054,2055),(2056,2057,2058),(2059,2060,2061),(2062,2063,2064),(2065,2066,2067),(2068,2069,2070),(2071,2072,2073),(2074,2075,2076),(2077,2078,2079),(2080,2081,2082),(2083,2084,2085),(2086,2087,2088),(2089,2090,2091),(2092,2093,2094),(2095,2096,2097),(2098,2099,2100),(2101,2102,2103),(2104,2105,2106),(2107,2108,2109),(2110,2111,2112),(2113,2114,2115),(2116,2117,2118),(2119,2120,2121),(2122,2123,2124),(2125,2126,2127),(2128,2129,2130),(2131,2132,2133),(2134,2135,2136),(2137,2138,2139),(2140,2141,2142),(2143,2144,2145),(2146,2147,2148),(2149,2150,2151),(2152,2153,2154),(2155,2156,2157),(2158,2159,2160),(2161,2162,2163),(2164,2165,2166),(2167,2168,2169),(2170,2171,2172),(2173,2174,2175),(2176,2177,2178),(2179,2180,2181),(2182,2183,2184),(2185,2186,2187),(2188,2189,2190),(2191,2192,2193),(2194,2195,2196),(2197,2198,2199),(2200,2201,2202),(2203,2204,2205),(2206,2207,2208),(2209,2210,2211),(2212,2213,2214),(2215,2216,2217),(2218,2219,2220),(2221,2222,2223),(2224,2225,2226),(2227,2228,2229),(2230,2231,2232),(2233,2234,2235),(2236,2237,2238),(2239,2240,2241),(2242,2243,2244),(2245,2246,2247),(2248,2249,2250),(2251,2252,2253),(2254,2255,2256),(2257,2258,2259),(2260,2261,2262),(2263,2264,2265),(2266,2267,2268),(2269,2270,2271),(2272,2273,2274),(2275,2276,2277),(2278,2279,2280),(2281,2282,2283),(2284,2285,2286),(2287,2288,2289),(2290,2291,2292),(2293,2294,2295),(2296,2297,2298),(2299,2300,2301),(2302,2303,2304),(2305,2306,2307),(2308,2309,2310),(2311,2312,2313),(2314,2315,2316),(2317,2318,2319),(2320,2321,2322),(2323,2324,2325),(2326,2327,2328),(2329,2330,2331),(2332,2333,2334),(2335,2336,2337),(2338,2339,2340),(2341,2342,2343),(2344,2345,2346),(2347,2348,2349),(2350,2351,2352),(2353,2354,2355),(2356,2357,2358),(2359,2360,2361),(2362,2363,2364),(2365,2366,2367),(2368,2369,2370),(2371,2372,2373),(2374,2375,2376),(2377,2378,2379),(2380,2381,2382),(2383,2384,2385),(2386,2387,2388),(2389,2390,2391),(2392,2393,2394),(2395,2396,2397),(2398,2399,2400),(2401,2402,2403),(2404,2405,2406),(2407,2408,2409),(2410,2411,2412),(2413,2414,2415),(2416,2417,2418),(2419,2420,2421),(2422,2423,2424),(2425,2426,2427),(2428,2429,2430),(2431,2432,2433),(2434,2435,2436),(2437,2438,2439),(2440,2441,2442),(2443,2444,2445),(2446,2447,2448),(2449,2450,2451),(2452,2453,2454),(2455,2456,2457),(2458,2459,2460),(2461,2462,2463),(2464,2465,2466),(2467,2468,2469),(2470,2471,2472),(2473,2474,2475),(2476,2477,2478),(2479,2480,2481),(2482,2483,2484),(2485,2486,2487),(2488,2489,2490),(2491,2492,2493),(2494,2495,2496),(2497,2498,2499),(2500,2501,2502),(2503,2504,2505),(2506,2507,2508),(2509,2510,2511),(2512,2513,2514),(2515,2516,2517),(2518,2519,2520),(2521,2522,2523),(2524,2525,2526),(2527,2528,2529),(2530,2531,2532),(2533,2534,2535),(2536,2537,2538),(2539,2540,2541),(2542,2543,2544),(2545,2546,2547),(2548,2549,2550),(2551,2552,2553),(2554,2555,2556),(2557,2558,2559),(2560,2561,2562),(2563,2564,2565),(2566,2567,2568),(2569,2570,2571),(2572,2573,2574),(2575,2576,2577),(2578,2579,2580),(2581,2582,2583),(2584,2585,2586),(2587,2588,2589),(2590,2591,2592),(2593,2594,2595),(2596,2597,2598),(2599,2600,2601),(2602,2603,2604),(2605,2606,2607),(2608,2609,2610),(2611,2612,2613),(2614,2615,2616),(2617,2618,2619),(2620,2621,2622),(2623,2624,2625),(2626,2627,2628),(2629,2630,2631),(2632,2633,2634),(2635,2636,2637),(2638,2639,2640),(2641,2642,2643),(2644,2645,2646),(2647,2648,2649),(2650,2651,2652),(2653,2654,2655),(2656,2657,2658),(2659,2660,2661),(2662,2663,2664),(2665,2666,2667),(2668,2669,2670),(2671,2672,2673),(2674,2675,2676),(2677,2678,2679),(2680,2681,2682),(2683,2684,2685),(2686,2687,2688),(2689,2690,2691),(2692,2693,2694),(2695,2696,2697),(2698,2699,2700),(2701,2702,2703),(2704,2705,2706),(2707,2708,2709),(2710,2711,2712),(2713,2714,2715),(2716,2717,2718),(2719,2720,2721),(2722,2723,2724),(2725,2726,2727),(2728,2729,2730),(2731,2732,2733),(2734,2735,2736),(2737,2738,2739),(2740,2741,2742),(2743,2744,2745),(2746,2747,2748),(2749,2750,2751),(2752,2753,2754),(2755,2756,2757),(2758,2759,2760),(2761,2762,2763),(2764,2765,2766),(2767,2768,2769),(2770,2771,2772),(2773,2774,2775),(2776,2777,2778),(2779,2780,2781),(2782,2783,2784),(2785,2786,2787),(2788,2789,2790),(2791,2792,2793),(2794,2795,2796),(2797,2798,2799),(2800,2801,2802),(2803,2804,2805),(2806,2807,2808),(2809,2810,2811),(2812,2813,2814),(2815,2816,2817),(2818,2819,2820),(2821,2822,2823),(2824,2825,2826),(2827,2828,2829),(2830,2831,2832),(2833,2834,2835),(2836,2837,2838),(2839,2840,2841),(2842,2843,2844),(2845,2846,2847),(2848,2849,2850),(2851,2852,2853),(2854,2855,2856),(2857,2858,2859),(2860,2861,2862),(2863,2864,2865),(2866,2867,2868),(2869,2870,2871),(2872,2873,2874),(2875,2876,2877),(2878,2879,2880),(2881,2882,2883),(2884,2885,2886),(2887,2888,2889),(2890,2891,2892),(2893,2894,2895),(2896,2897,2898),(2899,2900,2901),(2902,2903,2904),(2905,2906,2907),(2908,2909,2910),(2911,2912,2913),(2914,2915,2916),(2917,2918,2919),(2920,2921,2922),(2923,2924,2925),(2926,2927,2928),(2929,2930,2931),(2932,2933,2934),(2935,2936,2937),(2938,2939,2940),(2941,2942,2943),(2944,2945,2946),(2947,2948,2949),(2950,2951,2952),(2953,2954,2955),(2956,2957,2958),(2959,2960,2961),(2962,2963,2964),(2965,2966,2967),(2968,2969,2970),(2971,2972,2973),(2974,2975,2976),(2977,2978,2979),(2980,2981,2982),(2983,2984,2985),(2986,2987,2988),(2989,2990,2991),(2992,2993,2994),(2995,2996,2997),(2998,2999,3000),(3001,3002,3003),(3004,3005,3006),(3007,3008,3009),(3010,3011,3012),(3013,3014,3015),(3016,3017,3018),(3019,3020,3021),(3022,3023,3024),(3025,3026,3027),(3028,3029,3030),(3031,3032,3033),(3034,3035,3036),(3037,3038,3039),(3040,3041,3042),(3043,3044,3045),(3046,3047,3048),(3049,3050,3051),(3052,3053,3054),(3055,3056,3057),(3058,3059,3060),(3061,3062,3063),(3064,3065,3066),(3067,3068,3069),(3070,3071,3072),(3073,3074,3075),(3076,3077,3078),(3079,3080,3081),(3082,3083,3084),(3085,3086,3087),(3088,3089,3090),(3091,3092,3093),(3094,3095,3096),(3097,3098,3099),(3100,3101,3102),(3103,3104,3105),(3106,3107,3108),(3109,3110,3111),(3112,3113,3114),(3115,3116,3117),(3118,3119,3120),(3121,3122,3123),(3124,3125,3126),(3127,3128,3129),(3130,3131,3132),(3133,3134,3135),(3136,3137,3138),(3139,3140,3141),(3142,3143,3144),(3145,3146,3147),(3148,3149,3150),(3151,3152,3153),(3154,3155,3156),(3157,3158,3159),(3160,3161,3162),(3163,3164,3165),(3166,3167,3168),(3169,3170,3171),(3172,3173,3174),(3175,3176,3177),(3178,3179,3180),(3181,3182,3183),(3184,3185,3186),(3187,3188,3189),(3190,3191,3192),(3193,3194,3195),(3196,3197,3198),(3199,3200,3201),(3202,3203,3204),(3205,3206,3207),(3208,3209,3210),(3211,3212,3213),(3214,3215,3216),(3217,3218,3219),(3220,3221,3222),(3223,3224,3225),(3226,3227,3228),(3229,3230,3231),(3232,3233,3234),(3235,3236,3237),(3238,3239,3240),(3241,3242,3243),(3244,3245,3246),(3247,3248,3249),(3250,3251,3252),(3253,3254,3255),(3256,3257,3258),(3259,3260,3261),(3262,3263,3264),(3265,3266,3267),(3268,3269,3270),(3271,3272,3273),(3274,3275,3276),(3277,3278,3279),(3280,3281,3282),(3283,3284,3285),(3286,3287,3288),(3289,3290,3291),(3292,3293,3294),(3295,3296,3297),(3298,3299,3300),(3301,3302,3303),(3304,3305,3306),(3307,3308,3309),(3310,3311,3312),(3313,3314,3315),(3316,3317,3318),(3319,3320,3321),(3322,3323,3324),(3325,3326,3327),(3328,3329,3330),(3331,3332,3333),(3334,3335,3336),(3337,3338,3339),(3340,3341,3342),(3343,3344,3345),(3346,3347,3348),(3349,3350,3351),(3352,3353,3354),(3355,3356,3357),(3358,3359,3360),(3361,3362,3363),(3364,3365,3366),(3367,3368,3369),(3370,3371,3372),(3373,3374,3375),(3376,3377,3378),(3379,3380,3381),(3382,3383,3384),(3385,3386,3387),(3388,3389,3390),(3391,3392,3393),(3394,3395,3396),(3397,3398,3399),(3400,3401,3402),(3403,3404,3405),(3406,3407,3408),(3409,3410,3411),(3412,3413,3414),(3415,3416,3417),(3418,3419,3420),(3421,3422,3423),(3424,3425,3426),(3427,3428,3429),(3430,3431,3432),(3433,3434,3435),(3436,3437,3438),(3439,3440,3441),(3442,3443,3444),(3445,3446,3447),(3448,3449,3450),(3451,3452,3453),(3454,3455,3456),(3457,3458,3459),(3460,3461,3462),(3463,3464,3465),(3466,3467,3468),(3469,3470,3471),(3472,3473,3474),(3475,3476,3477),(3478,3479,3480),(3481,3482,3483),(3484,3485,3486),(3487,3488,3489),(3490,3491,3492),(3493,3494,3495),(3496,3497,3498),(3499,3500,3501),(3502,3503,3504),(3505,3506,3507),(3508,3509,3510),(3511,3512,3513),(3514,3515,3516),(3517,3518,3519),(3520,3521,3522),(3523,3524,3525),(3526,3527,3528),(3529,3530,3531),(3532,3533,3534),(3535,3536,3537),(3538,3539,3540),(3541,3542,3543),(3544,3545,3546),(3547,3548,3549),(3550,3551,3552),(3553,3554,3555),(3556,3557,3558),(3559,3560,3561),(3562,3563,3564),(3565,3566,3567),(3568,3569,3570),(3571,3572,3573),(3574,3575,3576),(3577,3578,3579),(3580,3581,3582),(3583,3584,3585),(3586,3587,3588),(3589,3590,3591),(3592,3593,3594),(3595,3596,3597),(3598,3599,3600),(3601,3602,3603),(3604,3605,3606),(3607,3608,3609),(3610,3611,3612),(3613,3614,3615),(3616,3617,3618),(3619,3620,3621),(3622,3623,3624),(3625,3626,3627),(3628,3629,3630),(3631,3632,3633),(3634,3635,3636),(3637,3638,3639),(3640,3641,3642),(3643,3644,3645),(3646,3647,3648),(3649,3650,3651),(3652,3653,3654),(3655,3656,3657),(3658,3659,3660),(3661,3662,3663)));
#1297=TESSELLATED_GEOMETRIC_SET('hole callout',(#1296));
#1298=COORDINATES_LIST('coordinates',5,((-0.0235161,0.0270339,0.0120000),(0.0056898,0.0270339,0.0120000),(-0.0322661,0.0232839,0.0120000),(-0.0285161,0.0270339,0.0120000),(-0.0235161,0.0270339,0.0120000)));
#1299=TESSELLATED_CURVE_SET('curve set',#1298,((1,2),(3,4,5)));
#1300=TESSELLATED_GEOMETRIC_SET('hole callout',(#1299));
#1301=TESSELLATED_ANNOTATION_OCCURRENCE('hole callout',(#1294),#1297);
#1302=TESSELLATED_ANNOTATION_OCCURRENCE('hole callout',(#1294),#1300);
#1303=DRAUGHTING_CALLOUT('hole callout',(#1301,#1302));
#1304=DRAUGHTING_MODEL_ITEM_ASSOCIATION('','',#1247,#1204,#1303);
#1305=DRAUGHTING_MODEL_ITEM_ASSOCIATION('','',#1255,#1204,#1303);
#1306=DRAUGHTING_MODEL_ITEM_ASSOCIATION('','',#1263,#1204,#1303);
#1307=DRAUGHTING_MODEL_ITEM_ASSOCIATION('','',#1222,#1204,#1303);
ENDSEC;
END-ISO-10303-21;
