ISO-10303-21;
HEADER;
/*Generated by software containing ST-Developer
 * from STEP Tools, Inc. (www.steptools.com) 
 */
/*OPTION: using custom renumber hook */
/*description */
/*implementation_level */
FILE_DESCRIPTION(('STEP AP242 Edition 2','STEP AP242 Edition 2''CAx-IF Rec.Pracs.---Representation and Presentation of Product Manufa
cturing Information (PMI)---4.0---2014-10-13','STEP AP242 Edition 2''CAx-IF Rec.Pracs.---Representation and Presentation of Product Manufa
cturing Information (PMI)---4.0---2014-10-13''CAx-IF Rec.Pracs.---3D Tessellated Geometry---0.4---2014-09-14','STEP AP242 Edition 2''CAx-IF Rec.Pracs.---Representation and Presentation of Product Manufa
cturing Information (PMI)---4.0---2014-10-13''CAx-IF Rec.Pracs.---3D Tessellated Geometry---0.4---2014-09-14''2;1','STEP AP242 Edition 2''CAx-IF Rec.Pracs.---Representation and Presentation of Product Manufa
cturing Information (PMI)---4.0---2014-10-13''CAx-IF Rec.Pracs.---3D Tessellated Geometry---0.4---2014-09-14''2;1''CAx-IF Rec.Pracs.---User Defined Attributes---1.5---2016-08-15'),'2;1');
/*name */
/*time_stamp */
/*author */
/*organization */
/*preprocessor_version */
/*originating_system */
/*authorisation */
FILE_NAME('/vol/tmp/translate-11577037162758753647/Knob - Knob.step','2026-03-01T15:24:45',(''),(''),'ST-DEVELOPER v20','ONSHAPE BY PTC INC, 1.211','  ');
FILE_SCHEMA(('AP242_MANAGED_MODEL_BASED_3D_ENGINEERING_MIM_LF { 1 0 10303 442 3 1 4 }'));
ENDSEC;
DATA;
#10=SHAPE_REPRESENTATION_RELATIONSHIP('','',#1626,#11);
#11=ADVANCED_BREP_SHAPE_REPRESENTATION('',(#1624),#3219);
#12=SPHERICAL_SURFACE('',#1718,0.016);
#13=CONICAL_SURFACE('',#1715,0.002,0.809783572570166);
#14=CYLINDRICAL_SURFACE('',#1711,0.00305);
#15=CYLINDRICAL_SURFACE('',#1719,0.0003);
#16=CYLINDRICAL_SURFACE('',#1720,0.0003);
#17=CYLINDRICAL_SURFACE('',#1721,0.0003);
#18=CYLINDRICAL_SURFACE('',#1722,0.0003);
#19=CYLINDRICAL_SURFACE('',#1723,0.0003);
#20=CYLINDRICAL_SURFACE('',#1724,0.0003);
#21=CYLINDRICAL_SURFACE('',#1725,0.0003);
#22=CYLINDRICAL_SURFACE('',#1726,0.0003);
#23=CYLINDRICAL_SURFACE('',#1727,0.0003);
#24=CYLINDRICAL_SURFACE('',#1728,0.0003);
#25=CYLINDRICAL_SURFACE('',#1729,0.0003);
#26=CYLINDRICAL_SURFACE('',#1730,0.0003);
#27=CYLINDRICAL_SURFACE('',#1731,0.0003);
#28=CYLINDRICAL_SURFACE('',#1732,0.0003);
#29=CYLINDRICAL_SURFACE('',#1733,0.0003);
#30=CYLINDRICAL_SURFACE('',#1734,0.0003);
#31=CYLINDRICAL_SURFACE('',#1735,0.0003);
#32=CYLINDRICAL_SURFACE('',#1736,0.0003);
#33=CYLINDRICAL_SURFACE('',#1737,0.0003);
#34=CYLINDRICAL_SURFACE('',#1738,0.0003);
#35=CYLINDRICAL_SURFACE('',#1739,0.0003);
#36=CYLINDRICAL_SURFACE('',#1740,0.0003);
#37=CYLINDRICAL_SURFACE('',#1741,0.0003);
#38=CYLINDRICAL_SURFACE('',#1742,0.0003);
#39=CYLINDRICAL_SURFACE('',#1743,0.0003);
#40=CYLINDRICAL_SURFACE('',#1744,0.0003);
#41=CYLINDRICAL_SURFACE('',#1745,0.0003);
#42=CYLINDRICAL_SURFACE('',#1746,0.0003);
#43=CYLINDRICAL_SURFACE('',#1747,0.0003);
#44=CYLINDRICAL_SURFACE('',#1748,0.0003);
#45=CYLINDRICAL_SURFACE('',#1749,0.0003);
#46=CYLINDRICAL_SURFACE('',#1750,0.0003);
#47=CYLINDRICAL_SURFACE('',#1751,0.0003);
#48=CYLINDRICAL_SURFACE('',#1752,0.0003);
#49=CYLINDRICAL_SURFACE('',#1753,0.0003);
#50=CYLINDRICAL_SURFACE('',#1754,0.0003);
#51=CYLINDRICAL_SURFACE('',#1755,0.0003);
#52=CYLINDRICAL_SURFACE('',#1756,0.0003);
#53=CYLINDRICAL_SURFACE('',#1757,0.0003);
#54=CYLINDRICAL_SURFACE('',#1758,0.0003);
#55=CYLINDRICAL_SURFACE('',#1759,0.0003);
#56=CYLINDRICAL_SURFACE('',#1760,0.0003);
#57=CYLINDRICAL_SURFACE('',#1761,0.0003);
#58=CYLINDRICAL_SURFACE('',#1762,0.0003);
#59=CYLINDRICAL_SURFACE('',#1763,0.0003);
#60=CYLINDRICAL_SURFACE('',#1764,0.0003);
#61=CYLINDRICAL_SURFACE('',#1765,0.0003);
#62=CYLINDRICAL_SURFACE('',#1766,0.0003);
#63=CYLINDRICAL_SURFACE('',#1767,0.0003);
#64=CYLINDRICAL_SURFACE('',#1768,0.0003);
#65=CYLINDRICAL_SURFACE('',#1769,0.0003);
#66=CYLINDRICAL_SURFACE('',#1770,0.0003);
#67=CYLINDRICAL_SURFACE('',#1771,0.0003);
#68=CYLINDRICAL_SURFACE('',#1772,0.0003);
#69=CYLINDRICAL_SURFACE('',#1773,0.0003);
#70=CYLINDRICAL_SURFACE('',#1774,0.0003);
#71=CYLINDRICAL_SURFACE('',#1775,0.0003);
#72=CYLINDRICAL_SURFACE('',#1776,0.0003);
#73=CYLINDRICAL_SURFACE('',#1777,0.0003);
#74=CYLINDRICAL_SURFACE('',#1778,0.0003);
#75=CYLINDRICAL_SURFACE('',#1779,0.0003);
#76=CYLINDRICAL_SURFACE('',#1780,0.0003);
#77=CYLINDRICAL_SURFACE('',#1781,0.0003);
#78=CYLINDRICAL_SURFACE('',#1782,0.0003);
#79=CYLINDRICAL_SURFACE('',#1783,0.0003);
#80=CYLINDRICAL_SURFACE('',#1784,0.0003);
#81=CYLINDRICAL_SURFACE('',#1785,0.0003);
#82=CYLINDRICAL_SURFACE('',#1786,0.0003);
#83=CYLINDRICAL_SURFACE('',#1787,0.0003);
#84=CYLINDRICAL_SURFACE('',#1788,0.0003);
#85=CYLINDRICAL_SURFACE('',#1789,0.0003);
#86=CYLINDRICAL_SURFACE('',#1790,0.0003);
#87=CYLINDRICAL_SURFACE('',#1791,0.0003);
#88=CYLINDRICAL_SURFACE('',#1792,0.0003);
#89=CYLINDRICAL_SURFACE('',#1793,0.0003);
#90=CYLINDRICAL_SURFACE('',#1794,0.0003);
#91=CYLINDRICAL_SURFACE('',#1795,0.0003);
#92=CYLINDRICAL_SURFACE('',#1796,0.0003);
#93=CYLINDRICAL_SURFACE('',#1797,0.0003);
#94=CYLINDRICAL_SURFACE('',#1798,0.0003);
#95=B_SPLINE_CURVE_WITH_KNOTS('',3,(#2397,#2398,#2399,#2400),.UNSPECIFIED.,.F.,.F.,(4,4),(8.93901056242033E-07,0.00176831883061703),.UNSPECIFIED.);
#96=B_SPLINE_CURVE_WITH_KNOTS('',3,(#2404,#2405,#2406,#2407),.UNSPECIFIED.,.F.,.F.,(4,4),(0.00406751411346767,0.0058464044165162),.UNSPECIFIED.);
#97=B_SPLINE_CURVE_WITH_KNOTS('',3,(#2418,#2419,#2420,#2421,#2422,#2423,#2424),.UNSPECIFIED.,.F.,.F.,(4,1,1,1,4),(1.49445853111468E-05,0.000267849642712021,0.000520754700112894,0.000773659757513768,0.00102656481491464),.UNSPECIFIED.);
#98=B_SPLINE_CURVE_WITH_KNOTS('',3,(#2427,#2428,#2429,#2430,#2431,#2432,#2433),.UNSPECIFIED.,.F.,.F.,(4,1,1,1,4),(-0.000511723402736954,-0.000256384364906093,-1.04532707523249E-06,0.000254293710755628,0.000509632748586489),.UNSPECIFIED.);
#99=B_SPLINE_CURVE_WITH_KNOTS('',3,(#2435,#2436,#2437,#2438,#2439,#2440,#2441),.UNSPECIFIED.,.F.,.F.,(4,1,1,1,4),(1.39534064687844E-05,0.000266856623657219,0.000519759840845653,0.000772663058034088,0.00102556627522252),.UNSPECIFIED.);
#100=B_SPLINE_CURVE_WITH_KNOTS('',3,(#2443,#2444,#2445,#2446,#2447,#2448,#2449),.UNSPECIFIED.,.F.,.F.,(4,1,1,1,4),(-0.000511725284522703,-0.00025638531689925,-1.04534927579755E-06,0.000254294618347655,0.000509634585971108),.UNSPECIFIED.);
#101=B_SPLINE_CURVE_WITH_KNOTS('',3,(#2451,#2452,#2453,#2454,#2455,#2456,#2457),.UNSPECIFIED.,.F.,.F.,(4,1,1,1,4),(1.37899504201604E-05,0.000268032584325493,0.000522275218230825,0.000776517852136158,0.00103076048604149),.UNSPECIFIED.);
#102=B_SPLINE_CURVE_WITH_KNOTS('',3,(#2459,#2460,#2461,#2462,#2463,#2464,#2465),.UNSPECIFIED.,.F.,.F.,(4,1,1,1,4),(-0.000510920582143242,-0.000255779886472941,-6.3919080263902E-07,0.000254501504867663,0.000509642200537964),.UNSPECIFIED.);
#103=B_SPLINE_CURVE_WITH_KNOTS('',3,(#2467,#2468,#2469,#2470,#2471,#2472,#2473),.UNSPECIFIED.,.F.,.F.,(4,1,1,1,4),(1.38525263302807E-05,0.000266755274984002,0.000519658023637723,0.000772560772291445,0.00102546352094517),.UNSPECIFIED.);
#104=B_SPLINE_CURVE_WITH_KNOTS('',3,(#2475,#2476,#2477,#2478,#2479,#2480,#2481),.UNSPECIFIED.,.F.,.F.,(4,1,1,1,4),(-0.000511701748999948,-0.000256362157601954,-1.02256620396099E-06,0.000254317025194033,0.000509656616592026),.UNSPECIFIED.);
#105=B_SPLINE_CURVE_WITH_KNOTS('',3,(#2483,#2484,#2485,#2486,#2487,#2488,#2489),.UNSPECIFIED.,.F.,.F.,(4,1,1,1,4),(1.43879922970179E-05,0.000267291439371966,0.000520194886446915,0.000773098333521864,0.00102600178059681),.UNSPECIFIED.);
#106=B_SPLINE_CURVE_WITH_KNOTS('',3,(#2491,#2492,#2493,#2494,#2495,#2496,#2497),.UNSPECIFIED.,.F.,.F.,(4,1,1,1,4),(-0.000511673778540781,-0.000256335330362433,-9.96882184085455E-07,0.000254341565994262,0.00050968001417261),.UNSPECIFIED.);
#107=B_SPLINE_CURVE_WITH_KNOTS('',3,(#2499,#2500,#2501,#2502,#2503,#2504,#2505),.UNSPECIFIED.,.F.,.F.,(4,1,1,1,4),(1.54389271126418E-05,0.000268343764134104,0.000521248601155566,0.000774153438177028,0.00102705827519849),.UNSPECIFIED.);
#108=B_SPLINE_CURVE_WITH_KNOTS('',3,(#2507,#2508,#2509,#2510,#2511,#2512,#2513),.UNSPECIFIED.,.F.,.F.,(4,1,1,1,4),(-0.000511611691597536,-0.000256275437854378,-9.39184111220992E-07,0.000254397069631937,0.000509733323375094),.UNSPECIFIED.);
#109=B_SPLINE_CURVE_WITH_KNOTS('',3,(#2515,#2516,#2517,#2518,#2519,#2520,#2521),.UNSPECIFIED.,.F.,.F.,(4,1,1,1,4),(2.52301314982601E-05,0.000278146129931611,0.000531062128364961,0.000783978126798311,0.00103689412523166),.UNSPECIFIED.);
#110=B_SPLINE_CURVE_WITH_KNOTS('',3,(#2523,#2524,#2525,#2526,#2527,#2528,#2529),.UNSPECIFIED.,.F.,.F.,(4,1,1,1,4),(-0.000511601550879122,-0.000256278520625724,-9.55490372326424E-07,0.000254367539881071,0.000509690570134469),.UNSPECIFIED.);
#111=B_SPLINE_CURVE_WITH_KNOTS('',3,(#2531,#2532,#2533,#2534,#2535,#2536,#2537),.UNSPECIFIED.,.F.,.F.,(4,1,1,1,4),(2.11185925340238E-05,0.000274031735541923,0.000526944878549822,0.000779858021557721,0.00103277116456562),.UNSPECIFIED.);
#112=B_SPLINE_CURVE_WITH_KNOTS('',3,(#2539,#2540,#2541,#2542,#2543,#2544,#2545),.UNSPECIFIED.,.F.,.F.,(4,1,1,1,4),(-0.000511656658717152,-0.000256326662778934,-9.96666840715962E-07,0.000254333329097502,0.00050966332503572),.UNSPECIFIED.);
#113=B_SPLINE_CURVE_WITH_KNOTS('',3,(#2547,#2548,#2549,#2550,#2551,#2552,#2553),.UNSPECIFIED.,.F.,.F.,(4,1,1,1,4),(1.83304205730493E-05,0.00027124053202668,0.000524150643480312,0.000777060754933943,0.00102997086638757),.UNSPECIFIED.);
#114=B_SPLINE_CURVE_WITH_KNOTS('',3,(#2555,#2556,#2557,#2558,#2559,#2560,#2561),.UNSPECIFIED.,.F.,.F.,(4,1,1,1,4),(-0.000511691141774017,-0.000256356805477056,-1.02246918009445E-06,0.000254311867116867,0.000509646203413828),.UNSPECIFIED.);
#115=B_SPLINE_CURVE_WITH_KNOTS('',3,(#2563,#2564,#2565,#2566,#2567,#2568,#2569),.UNSPECIFIED.,.F.,.F.,(4,1,1,1,4),(1.63579644491557E-05,0.000269265334426474,0.000522172704403793,0.000775080074381111,0.00102798744435843),.UNSPECIFIED.);
#116=B_SPLINE_CURVE_WITH_KNOTS('',3,(#2571,#2572,#2573,#2574,#2575,#2576,#2577),.UNSPECIFIED.,.F.,.F.,(4,1,1,1,4),(-0.000511712197423832,-0.000256375032135432,-1.03786684703297E-06,0.000254299298441366,0.000509636463729766),.UNSPECIFIED.);
#117=B_SPLINE_CURVE_WITH_KNOTS('',3,(#2579,#2580,#2581,#2582,#2583,#2584,#2585),.UNSPECIFIED.,.F.,.F.,(4,1,1,1,4),(1.49445853111368E-05,0.000267849642712024,0.000520754700112911,0.000773659757513799,0.00102656481491469),.UNSPECIFIED.);
#118=B_SPLINE_CURVE_WITH_KNOTS('',3,(#2587,#2588,#2589,#2590,#2591,#2592,#2593),.UNSPECIFIED.,.F.,.F.,(4,1,1,1,4),(-0.000511723402736935,-0.000256384364906059,-1.04532707518299E-06,0.000254293710755693,0.000509632748586569),.UNSPECIFIED.);
#119=B_SPLINE_CURVE_WITH_KNOTS('',3,(#2595,#2596,#2597,#2598,#2599,#2600,#2601),.UNSPECIFIED.,.F.,.F.,(4,1,1,1,4),(1.39534064687913E-05,0.000266856623657229,0.000519759840845667,0.000772663058034104,0.00102556627522254),.UNSPECIFIED.);
#120=B_SPLINE_CURVE_WITH_KNOTS('',3,(#2603,#2604,#2605,#2606,#2607,#2608,#2609),.UNSPECIFIED.,.F.,.F.,(4,1,1,1,4),(-0.000511725284522637,-0.000256385316899182,-1.04534927572599E-06,0.00025429461834773,0.000509634585971185),.UNSPECIFIED.);
#121=B_SPLINE_CURVE_WITH_KNOTS('',3,(#2611,#2612,#2613,#2614,#2615,#2616,#2617),.UNSPECIFIED.,.F.,.F.,(4,1,1,1,4),(1.37899504201534E-05,0.000268032584325488,0.000522275218230823,0.000776517852136157,0.00103076048604149),.UNSPECIFIED.);
#122=B_SPLINE_CURVE_WITH_KNOTS('',3,(#2619,#2620,#2621,#2622,#2623,#2624,#2625),.UNSPECIFIED.,.F.,.F.,(4,1,1,1,4),(-0.000510920582143172,-0.000255779886472869,-6.39190802565024E-07,0.000254501504867739,0.000509642200538042),.UNSPECIFIED.);
#123=B_SPLINE_CURVE_WITH_KNOTS('',3,(#2627,#2628,#2629,#2630,#2631,#2632,#2633),.UNSPECIFIED.,.F.,.F.,(4,1,1,1,4),(1.38525263302854E-05,0.000266755274984009,0.000519658023637733,0.000772560772291456,0.00102546352094518),.UNSPECIFIED.);
#124=B_SPLINE_CURVE_WITH_KNOTS('',3,(#2635,#2636,#2637,#2638,#2639,#2640,#2641),.UNSPECIFIED.,.F.,.F.,(4,1,1,1,4),(-0.000511701748999866,-0.000256362157601875,-1.02256620388352E-06,0.000254317025194108,0.000509656616592099),.UNSPECIFIED.);
#125=B_SPLINE_CURVE_WITH_KNOTS('',3,(#2643,#2644,#2645,#2646,#2647,#2648,#2649),.UNSPECIFIED.,.F.,.F.,(4,1,1,1,4),(1.43879922970052E-05,0.000267291439371952,0.0005201948864469,0.000773098333521847,0.00102600178059679),.UNSPECIFIED.);
#126=B_SPLINE_CURVE_WITH_KNOTS('',3,(#2651,#2652,#2653,#2654,#2655,#2656,#2657),.UNSPECIFIED.,.F.,.F.,(4,1,1,1,4),(-0.000511673778540705,-0.000256335330362358,-9.96882184010916E-07,0.000254341565994336,0.000509680014172683),.UNSPECIFIED.);
#127=B_SPLINE_CURVE_WITH_KNOTS('',3,(#2659,#2660,#2661,#2662,#2663,#2664,#2665),.UNSPECIFIED.,.F.,.F.,(4,1,1,1,4),(1.54389271126437E-05,0.000268343764134103,0.000521248601155562,0.000774153438177021,0.00102705827519848),.UNSPECIFIED.);
#128=B_SPLINE_CURVE_WITH_KNOTS('',3,(#2667,#2668,#2669,#2670,#2671,#2672,#2673),.UNSPECIFIED.,.F.,.F.,(4,1,1,1,4),(-0.000511611691597452,-0.000256275437854297,-9.39184111142495E-07,0.000254397069632012,0.000509733323375167),.UNSPECIFIED.);
#129=B_SPLINE_CURVE_WITH_KNOTS('',3,(#2675,#2676,#2677,#2678,#2679,#2680,#2681),.UNSPECIFIED.,.F.,.F.,(4,1,1,1,4),(2.52301314982652E-05,0.000278146129931611,0.000531062128364958,0.000783978126798304,0.00103689412523165),.UNSPECIFIED.);
#130=B_SPLINE_CURVE_WITH_KNOTS('',3,(#2683,#2684,#2685,#2686,#2687,#2688,#2689),.UNSPECIFIED.,.F.,.F.,(4,1,1,1,4),(-0.000511601550879045,-0.000256278520625651,-9.55490372256439E-07,0.000254367539881138,0.000509690570134532),.UNSPECIFIED.);
#131=B_SPLINE_CURVE_WITH_KNOTS('',3,(#2691,#2692,#2693,#2694,#2695,#2696,#2697),.UNSPECIFIED.,.F.,.F.,(4,1,1,1,4),(2.11185925340256E-05,0.00027403173554192,0.000526944878549814,0.000779858021557708,0.0010327711645656),.UNSPECIFIED.);
#132=B_SPLINE_CURVE_WITH_KNOTS('',3,(#2699,#2700,#2701,#2702,#2703,#2704,#2705),.UNSPECIFIED.,.F.,.F.,(4,1,1,1,4),(-0.000511656658717078,-0.000256326662778865,-9.96666840651452E-07,0.000254333329097562,0.000509663325035775),.UNSPECIFIED.);
#133=B_SPLINE_CURVE_WITH_KNOTS('',3,(#2707,#2708,#2709,#2710,#2711,#2712,#2713),.UNSPECIFIED.,.F.,.F.,(4,1,1,1,4),(1.83304205730474E-05,0.000271240532026672,0.000524150643480297,0.000777060754933921,0.00102997086638755),.UNSPECIFIED.);
#134=B_SPLINE_CURVE_WITH_KNOTS('',3,(#2715,#2716,#2717,#2718,#2719,#2720,#2721),.UNSPECIFIED.,.F.,.F.,(4,1,1,1,4),(-0.000511691141773945,-0.000256356805476991,-1.02246918003699E-06,0.000254311867116917,0.000509646203413871),.UNSPECIFIED.);
#135=B_SPLINE_CURVE_WITH_KNOTS('',3,(#2723,#2724,#2725,#2726,#2727,#2728,#2729),.UNSPECIFIED.,.F.,.F.,(4,1,1,1,4),(1.63579644491452E-05,0.000269265334426456,0.000522172704403767,0.000775080074381077,0.00102798744435839),.UNSPECIFIED.);
#136=B_SPLINE_CURVE_WITH_KNOTS('',3,(#2731,#2732,#2733,#2734,#2735,#2736,#2737),.UNSPECIFIED.,.F.,.F.,(4,1,1,1,4),(-0.000511712197423774,-0.00025637503213538,-1.03786684698694E-06,0.000254299298441407,0.0005096364637298),.UNSPECIFIED.);
#137=B_SPLINE_CURVE_WITH_KNOTS('',3,(#2739,#2740,#2741,#2742,#2743,#2744,#2745),.UNSPECIFIED.,.F.,.F.,(4,1,1,1,4),(1.49445853111437E-05,0.000267849642712023,0.000520754700112903,0.000773659757513782,0.00102656481491466),.UNSPECIFIED.);
#138=B_SPLINE_CURVE_WITH_KNOTS('',3,(#2747,#2748,#2749,#2750,#2751,#2752,#2753),.UNSPECIFIED.,.F.,.F.,(4,1,1,1,4),(-0.000511723402736878,-0.000256384364906011,-1.04532707514445E-06,0.000254293710755722,0.000509632748586589),.UNSPECIFIED.);
#139=B_SPLINE_CURVE_WITH_KNOTS('',3,(#2755,#2756,#2757,#2758,#2759,#2760,#2761),.UNSPECIFIED.,.F.,.F.,(4,1,1,1,4),(1.39534064687843E-05,0.000266856623657213,0.000519759840845642,0.000772663058034071,0.0010255662752225),.UNSPECIFIED.);
#140=B_SPLINE_CURVE_WITH_KNOTS('',3,(#2763,#2764,#2765,#2766,#2767,#2768,#2769),.UNSPECIFIED.,.F.,.F.,(4,1,1,1,4),(-0.00051172528452259,-0.000256385316899144,-1.04534927569802E-06,0.000254294618347748,0.000509634585971194),.UNSPECIFIED.);
#141=B_SPLINE_CURVE_WITH_KNOTS('',3,(#2771,#2772,#2773,#2774,#2775,#2776,#2777),.UNSPECIFIED.,.F.,.F.,(4,1,1,1,4),(1.37899504201596E-05,0.000268032584325485,0.000522275218230811,0.000776517852136136,0.00103076048604146),.UNSPECIFIED.);
#142=B_SPLINE_CURVE_WITH_KNOTS('',3,(#2779,#2780,#2781,#2782,#2783,#2784,#2785),.UNSPECIFIED.,.F.,.F.,(4,1,1,1,4),(-0.00051092058214314,-0.000255779886472846,-6.39190802552013E-07,0.000254501504867742,0.000509642200538036),.UNSPECIFIED.);
#143=B_SPLINE_CURVE_WITH_KNOTS('',3,(#2787,#2788,#2789,#2790,#2791,#2792,#2793),.UNSPECIFIED.,.F.,.F.,(4,1,1,1,4),(1.38525263302776E-05,0.000266755274983989,0.0005196580236377,0.000772560772291411,0.00102546352094512),.UNSPECIFIED.);
#144=B_SPLINE_CURVE_WITH_KNOTS('',3,(#2795,#2796,#2797,#2798,#2799,#2800,#2801),.UNSPECIFIED.,.F.,.F.,(4,1,1,1,4),(-0.000511701748999844,-0.000256362157601861,-1.02256620387848E-06,0.000254317025194104,0.000509656616592087),.UNSPECIFIED.);
#145=B_SPLINE_CURVE_WITH_KNOTS('',3,(#2803,#2804,#2805,#2806,#2807,#2808,#2809),.UNSPECIFIED.,.F.,.F.,(4,1,1,1,4),(1.4387992297011E-05,0.000267291439371949,0.000520194886446887,0.000773098333521824,0.00102600178059676),.UNSPECIFIED.);
#146=B_SPLINE_CURVE_WITH_KNOTS('',3,(#2811,#2812,#2813,#2814,#2815,#2816,#2817),.UNSPECIFIED.,.F.,.F.,(4,1,1,1,4),(-0.000511673778540692,-0.000256335330362356,-9.96882184019427E-07,0.000254341565994317,0.000509680014172653),.UNSPECIFIED.);
#147=B_SPLINE_CURVE_WITH_KNOTS('',3,(#2819,#2820,#2821,#2822,#2823,#2824,#2825),.UNSPECIFIED.,.F.,.F.,(4,1,1,1,4),(1.54389271126366E-05,0.000268343764134086,0.000521248601155535,0.000774153438176985,0.00102705827519843),.UNSPECIFIED.);
#148=B_SPLINE_CURVE_WITH_KNOTS('',3,(#2827,#2828,#2829,#2830,#2831,#2832,#2833),.UNSPECIFIED.,.F.,.F.,(4,1,1,1,4),(-0.000511611691597459,-0.000256275437854313,-9.39184111168028E-07,0.000254397069631977,0.000509733323375123),.UNSPECIFIED.);
#149=B_SPLINE_CURVE_WITH_KNOTS('',3,(#2835,#2836,#2837,#2838,#2839,#2840,#2841),.UNSPECIFIED.,.F.,.F.,(4,1,1,1,4),(2.5230131498289E-05,0.000278146129931623,0.000531062128364957,0.000783978126798292,0.00103689412523163),.UNSPECIFIED.);
#150=B_SPLINE_CURVE_WITH_KNOTS('',3,(#2843,#2844,#2845,#2846,#2847,#2848,#2849),.UNSPECIFIED.,.F.,.F.,(4,1,1,1,4),(-0.000511601550879058,-0.000256278520625673,-9.55490372288965E-07,0.000254367539881096,0.00050969057013448),.UNSPECIFIED.);
#151=B_SPLINE_CURVE_WITH_KNOTS('',3,(#2851,#2852,#2853,#2854,#2855,#2856,#2857),.UNSPECIFIED.,.F.,.F.,(4,1,1,1,4),(2.11185925340068E-05,0.000274031735541892,0.000526944878549776,0.000779858021557661,0.00103277116456555),.UNSPECIFIED.);
#152=B_SPLINE_CURVE_WITH_KNOTS('',3,(#2859,#2860,#2861,#2862,#2863,#2864,#2865),.UNSPECIFIED.,.F.,.F.,(4,1,1,1,4),(-0.000511656658717106,-0.0002563266627789,-9.96666840694441E-07,0.000254333329097511,0.000509663325035717),.UNSPECIFIED.);
#153=B_SPLINE_CURVE_WITH_KNOTS('',3,(#2867,#2868,#2869,#2870,#2871,#2872,#2873),.UNSPECIFIED.,.F.,.F.,(4,1,1,1,4),(1.83304205730636E-05,0.000271240532026681,0.000524150643480298,0.000777060754933915,0.00102997086638753),.UNSPECIFIED.);
#154=B_SPLINE_CURVE_WITH_KNOTS('',3,(#2875,#2876,#2877,#2878,#2879,#2880,#2881),.UNSPECIFIED.,.F.,.F.,(4,1,1,1,4),(-0.000511691141773988,-0.000256356805477039,-1.02246918009044E-06,0.000254311867116858,0.000509646203413807),.UNSPECIFIED.);
#155=B_SPLINE_CURVE_WITH_KNOTS('',3,(#2883,#2884,#2885,#2886,#2887,#2888,#2889),.UNSPECIFIED.,.F.,.F.,(4,1,1,1,4),(1.63579644491452E-05,0.000269265334426449,0.000522172704403753,0.000775080074381056,0.00102798744435836),.UNSPECIFIED.);
#156=B_SPLINE_CURVE_WITH_KNOTS('',3,(#2891,#2892,#2893,#2894,#2895,#2896,#2897),.UNSPECIFIED.,.F.,.F.,(4,1,1,1,4),(-0.000511712197423818,-0.000256375032135432,-1.03786684704598E-06,0.00025429929844134,0.000509636463729726),.UNSPECIFIED.);
#157=B_SPLINE_CURVE_WITH_KNOTS('',3,(#2899,#2900,#2901,#2902,#2903,#2904,#2905),.UNSPECIFIED.,.F.,.F.,(4,1,1,1,4),(1.4944585311146E-05,0.000267849642712019,0.000520754700112893,0.000773659757513766,0.00102656481491464),.UNSPECIFIED.);
#158=B_SPLINE_CURVE_WITH_KNOTS('',3,(#2907,#2908,#2909,#2910,#2911,#2912,#2913),.UNSPECIFIED.,.F.,.F.,(4,1,1,1,4),(-0.000511723402736933,-0.000256384364906072,-1.04532707521048E-06,0.000254293710755651,0.000509632748586512),.UNSPECIFIED.);
#159=B_SPLINE_CURVE_WITH_KNOTS('',3,(#2915,#2916,#2917,#2918,#2919,#2920,#2921),.UNSPECIFIED.,.F.,.F.,(4,1,1,1,4),(1.39534064687827E-05,0.000266856623657208,0.000519759840845632,0.000772663058034057,0.00102556627522248),.UNSPECIFIED.);
#160=B_SPLINE_CURVE_WITH_KNOTS('',3,(#2923,#2924,#2925,#2926,#2927,#2928,#2929),.UNSPECIFIED.,.F.,.F.,(4,1,1,1,4),(-0.000511725284522654,-0.000256385316899211,-1.04534927576855E-06,0.000254294618347674,0.000509634585971117),.UNSPECIFIED.);
#161=B_SPLINE_CURVE_WITH_KNOTS('',3,(#2931,#2932,#2933,#2934,#2935,#2936,#2937),.UNSPECIFIED.,.F.,.F.,(4,1,1,1,4),(1.37899504201572E-05,0.00026803258432548,0.000522275218230804,0.000776517852136127,0.00103076048604145),.UNSPECIFIED.);
#162=B_SPLINE_CURVE_WITH_KNOTS('',3,(#2939,#2940,#2941,#2942,#2943,#2944,#2945),.UNSPECIFIED.,.F.,.F.,(4,1,1,1,4),(-0.000510920582143212,-0.000255779886472921,-6.39190802629046E-07,0.000254501504867663,0.000509642200537954),.UNSPECIFIED.);
#163=B_SPLINE_CURVE_WITH_KNOTS('',3,(#2947,#2948,#2949,#2950,#2951,#2952,#2953),.UNSPECIFIED.,.F.,.F.,(4,1,1,1,4),(1.38525263302789E-05,0.00026675527498399,0.000519658023637701,0.000772560772291411,0.00102546352094512),.UNSPECIFIED.);
#164=B_SPLINE_CURVE_WITH_KNOTS('',3,(#2955,#2956,#2957,#2958,#2959,#2960,#2961),.UNSPECIFIED.,.F.,.F.,(4,1,1,1,4),(-0.000511701748999921,-0.000256362157601938,-1.02256620395551E-06,0.000254317025194027,0.00050965661659201),.UNSPECIFIED.);
#165=B_SPLINE_CURVE_WITH_KNOTS('',3,(#2963,#2964,#2965,#2966,#2967,#2968,#2969),.UNSPECIFIED.,.F.,.F.,(4,1,1,1,4),(1.4387992297017E-05,0.000267291439371955,0.000520194886446893,0.00077309833352183,0.00102600178059677),.UNSPECIFIED.);
#166=B_SPLINE_CURVE_WITH_KNOTS('',3,(#2971,#2972,#2973,#2974,#2975,#2976,#2977),.UNSPECIFIED.,.F.,.F.,(4,1,1,1,4),(-0.00051167377854077,-0.000256335330362432,-9.96882184093478E-07,0.000254341565994245,0.000509680014172583),.UNSPECIFIED.);
#167=B_SPLINE_CURVE_WITH_KNOTS('',3,(#2979,#2980,#2981,#2982,#2983,#2984,#2985),.UNSPECIFIED.,.F.,.F.,(4,1,1,1,4),(1.5438927112635E-05,0.000268343764134086,0.000521248601155538,0.000774153438176989,0.00102705827519844),.UNSPECIFIED.);
#168=B_SPLINE_CURVE_WITH_KNOTS('',3,(#2987,#2988,#2989,#2990,#2991,#2992,#2993),.UNSPECIFIED.,.F.,.F.,(4,1,1,1,4),(-0.000511611691597536,-0.000256275437854388,-9.39184111240019E-07,0.000254397069631908,0.000509733323375056),.UNSPECIFIED.);
#169=B_SPLINE_CURVE_WITH_KNOTS('',3,(#2995,#2996,#2997,#2998,#2999,#3000,#3001),.UNSPECIFIED.,.F.,.F.,(4,1,1,1,4),(2.52301314982839E-05,0.000278146129931622,0.000531062128364961,0.0007839781267983,0.00103689412523164),.UNSPECIFIED.);
#170=B_SPLINE_CURVE_WITH_KNOTS('',3,(#3003,#3004,#3005,#3006,#3007,#3008,#3009),.UNSPECIFIED.,.F.,.F.,(4,1,1,1,4),(-0.000511601550879136,-0.000256278520625747,-9.5549037235895E-07,0.00025436753988103,0.000509690570134418),.UNSPECIFIED.);
#171=B_SPLINE_CURVE_WITH_KNOTS('',3,(#3011,#3012,#3013,#3014,#3015,#3016,#3017),.UNSPECIFIED.,.F.,.F.,(4,1,1,1,4),(2.1118592534014E-05,0.000274031735541905,0.000526944878549796,0.000779858021557687,0.00103277116456558),.UNSPECIFIED.);
#172=B_SPLINE_CURVE_WITH_KNOTS('',3,(#3019,#3020,#3021,#3022,#3023,#3024,#3025),.UNSPECIFIED.,.F.,.F.,(4,1,1,1,4),(-0.000511656658717177,-0.000256326662778967,-9.96666840757921E-07,0.000254333329097452,0.000509663325035661),.UNSPECIFIED.);
#173=B_SPLINE_CURVE_WITH_KNOTS('',3,(#3027,#3028,#3029,#3030,#3031,#3032,#3033),.UNSPECIFIED.,.F.,.F.,(4,1,1,1,4),(1.83304205730619E-05,0.000271240532026685,0.000524150643480308,0.000777060754933931,0.00102997086638755),.UNSPECIFIED.);
#174=B_SPLINE_CURVE_WITH_KNOTS('',3,(#3035,#3036,#3037,#3038,#3039,#3040,#3041),.UNSPECIFIED.,.F.,.F.,(4,1,1,1,4),(-0.000511691141774059,-0.000256356805477104,-1.02246918014893E-06,0.000254311867116806,0.000509646203413761),.UNSPECIFIED.);
#175=B_SPLINE_CURVE_WITH_KNOTS('',3,(#3043,#3044,#3045,#3046,#3047,#3048,#3049),.UNSPECIFIED.,.F.,.F.,(4,1,1,1,4),(1.63579644491452E-05,0.000269265334426456,0.000522172704403768,0.000775080074381079,0.00102798744435839),.UNSPECIFIED.);
#176=B_SPLINE_CURVE_WITH_KNOTS('',3,(#3051,#3052,#3053,#3054,#3055,#3056,#3057),.UNSPECIFIED.,.F.,.F.,(4,1,1,1,4),(-0.000511712197423882,-0.000256375032135488,-1.03786684709395E-06,0.0002542992984413,0.000509636463729694),.UNSPECIFIED.);
#177=LINE('',#2392,#261);
#178=LINE('',#2395,#262);
#179=LINE('',#2402,#263);
#180=LINE('',#2409,#264);
#181=LINE('',#3059,#265);
#182=LINE('',#3060,#266);
#183=LINE('',#3062,#267);
#184=LINE('',#3064,#268);
#185=LINE('',#3065,#269);
#186=LINE('',#3067,#270);
#187=LINE('',#3069,#271);
#188=LINE('',#3070,#272);
#189=LINE('',#3072,#273);
#190=LINE('',#3074,#274);
#191=LINE('',#3075,#275);
#192=LINE('',#3077,#276);
#193=LINE('',#3079,#277);
#194=LINE('',#3080,#278);
#195=LINE('',#3082,#279);
#196=LINE('',#3084,#280);
#197=LINE('',#3085,#281);
#198=LINE('',#3087,#282);
#199=LINE('',#3089,#283);
#200=LINE('',#3090,#284);
#201=LINE('',#3092,#285);
#202=LINE('',#3094,#286);
#203=LINE('',#3096,#287);
#204=LINE('',#3098,#288);
#205=LINE('',#3100,#289);
#206=LINE('',#3102,#290);
#207=LINE('',#3104,#291);
#208=LINE('',#3106,#292);
#209=LINE('',#3108,#293);
#210=LINE('',#3110,#294);
#211=LINE('',#3112,#295);
#212=LINE('',#3114,#296);
#213=LINE('',#3116,#297);
#214=LINE('',#3118,#298);
#215=LINE('',#3120,#299);
#216=LINE('',#3122,#300);
#217=LINE('',#3124,#301);
#218=LINE('',#3126,#302);
#219=LINE('',#3128,#303);
#220=LINE('',#3130,#304);
#221=LINE('',#3132,#305);
#222=LINE('',#3134,#306);
#223=LINE('',#3136,#307);
#224=LINE('',#3138,#308);
#225=LINE('',#3140,#309);
#226=LINE('',#3142,#310);
#227=LINE('',#3144,#311);
#228=LINE('',#3146,#312);
#229=LINE('',#3148,#313);
#230=LINE('',#3150,#314);
#231=LINE('',#3152,#315);
#232=LINE('',#3154,#316);
#233=LINE('',#3156,#317);
#234=LINE('',#3158,#318);
#235=LINE('',#3160,#319);
#236=LINE('',#3162,#320);
#237=LINE('',#3164,#321);
#238=LINE('',#3166,#322);
#239=LINE('',#3169,#323);
#240=LINE('',#3171,#324);
#241=LINE('',#3173,#325);
#242=LINE('',#3175,#326);
#243=LINE('',#3177,#327);
#244=LINE('',#3179,#328);
#245=LINE('',#3181,#329);
#246=LINE('',#3183,#330);
#247=LINE('',#3185,#331);
#248=LINE('',#3187,#332);
#249=LINE('',#3189,#333);
#250=LINE('',#3191,#334);
#251=LINE('',#3193,#335);
#252=LINE('',#3195,#336);
#253=LINE('',#3197,#337);
#254=LINE('',#3199,#338);
#255=LINE('',#3201,#339);
#256=LINE('',#3204,#340);
#257=LINE('',#3207,#341);
#258=LINE('',#3210,#342);
#259=LINE('',#3213,#343);
#260=LINE('',#3216,#344);
#261=VECTOR('',#1967,1.);
#262=VECTOR('',#1968,1.);
#263=VECTOR('',#1969,1.);
#264=VECTOR('',#1970,1.);
#265=VECTOR('',#1989,1.);
#266=VECTOR('',#1990,1.);
#267=VECTOR('',#1993,1.);
#268=VECTOR('',#1996,1.);
#269=VECTOR('',#1997,1.);
#270=VECTOR('',#2000,1.);
#271=VECTOR('',#2003,1.);
#272=VECTOR('',#2004,1.);
#273=VECTOR('',#2007,1.);
#274=VECTOR('',#2010,1.);
#275=VECTOR('',#2011,1.);
#276=VECTOR('',#2014,1.);
#277=VECTOR('',#2017,1.);
#278=VECTOR('',#2018,1.);
#279=VECTOR('',#2021,1.);
#280=VECTOR('',#2024,1.);
#281=VECTOR('',#2025,1.);
#282=VECTOR('',#2028,1.);
#283=VECTOR('',#2031,1.);
#284=VECTOR('',#2032,1.);
#285=VECTOR('',#2035,1.);
#286=VECTOR('',#2038,1.);
#287=VECTOR('',#2041,1.);
#288=VECTOR('',#2044,1.);
#289=VECTOR('',#2047,1.);
#290=VECTOR('',#2050,1.);
#291=VECTOR('',#2053,1.);
#292=VECTOR('',#2056,1.);
#293=VECTOR('',#2059,1.);
#294=VECTOR('',#2062,1.);
#295=VECTOR('',#2065,1.);
#296=VECTOR('',#2068,1.);
#297=VECTOR('',#2071,1.);
#298=VECTOR('',#2074,1.);
#299=VECTOR('',#2077,1.);
#300=VECTOR('',#2080,1.);
#301=VECTOR('',#2083,1.);
#302=VECTOR('',#2086,1.);
#303=VECTOR('',#2089,1.);
#304=VECTOR('',#2092,1.);
#305=VECTOR('',#2095,1.);
#306=VECTOR('',#2098,1.);
#307=VECTOR('',#2101,1.);
#308=VECTOR('',#2104,1.);
#309=VECTOR('',#2107,1.);
#310=VECTOR('',#2110,1.);
#311=VECTOR('',#2113,1.);
#312=VECTOR('',#2116,1.);
#313=VECTOR('',#2119,1.);
#314=VECTOR('',#2122,1.);
#315=VECTOR('',#2125,1.);
#316=VECTOR('',#2128,1.);
#317=VECTOR('',#2131,1.);
#318=VECTOR('',#2134,1.);
#319=VECTOR('',#2137,1.);
#320=VECTOR('',#2140,1.);
#321=VECTOR('',#2143,1.);
#322=VECTOR('',#2146,1.);
#323=VECTOR('',#2151,1.);
#324=VECTOR('',#2154,1.);
#325=VECTOR('',#2157,1.);
#326=VECTOR('',#2160,1.);
#327=VECTOR('',#2163,1.);
#328=VECTOR('',#2166,1.);
#329=VECTOR('',#2169,1.);
#330=VECTOR('',#2172,1.);
#331=VECTOR('',#2175,1.);
#332=VECTOR('',#2178,1.);
#333=VECTOR('',#2181,1.);
#334=VECTOR('',#2184,1.);
#335=VECTOR('',#2187,1.);
#336=VECTOR('',#2190,1.);
#337=VECTOR('',#2193,1.);
#338=VECTOR('',#2196,1.);
#339=VECTOR('',#2199,1.);
#340=VECTOR('',#2204,1.);
#341=VECTOR('',#2209,1.);
#342=VECTOR('',#2214,1.);
#343=VECTOR('',#2219,1.);
#344=VECTOR('',#2224,1.);
#345=ORIENTED_EDGE('',*,*,#845,.F.);
#346=ORIENTED_EDGE('',*,*,#846,.F.);
#347=ORIENTED_EDGE('',*,*,#847,.F.);
#348=ORIENTED_EDGE('',*,*,#848,.F.);
#349=ORIENTED_EDGE('',*,*,#849,.F.);
#350=ORIENTED_EDGE('',*,*,#850,.F.);
#351=ORIENTED_EDGE('',*,*,#851,.F.);
#352=ORIENTED_EDGE('',*,*,#852,.F.);
#353=ORIENTED_EDGE('',*,*,#853,.F.);
#354=ORIENTED_EDGE('',*,*,#854,.F.);
#355=ORIENTED_EDGE('',*,*,#855,.F.);
#356=ORIENTED_EDGE('',*,*,#856,.F.);
#357=ORIENTED_EDGE('',*,*,#857,.F.);
#358=ORIENTED_EDGE('',*,*,#858,.F.);
#359=ORIENTED_EDGE('',*,*,#859,.F.);
#360=ORIENTED_EDGE('',*,*,#860,.F.);
#361=ORIENTED_EDGE('',*,*,#861,.F.);
#362=ORIENTED_EDGE('',*,*,#862,.F.);
#363=ORIENTED_EDGE('',*,*,#863,.F.);
#364=ORIENTED_EDGE('',*,*,#864,.F.);
#365=ORIENTED_EDGE('',*,*,#865,.F.);
#366=ORIENTED_EDGE('',*,*,#866,.F.);
#367=ORIENTED_EDGE('',*,*,#867,.F.);
#368=ORIENTED_EDGE('',*,*,#868,.F.);
#369=ORIENTED_EDGE('',*,*,#869,.F.);
#370=ORIENTED_EDGE('',*,*,#870,.F.);
#371=ORIENTED_EDGE('',*,*,#871,.F.);
#372=ORIENTED_EDGE('',*,*,#872,.F.);
#373=ORIENTED_EDGE('',*,*,#873,.F.);
#374=ORIENTED_EDGE('',*,*,#874,.F.);
#375=ORIENTED_EDGE('',*,*,#875,.F.);
#376=ORIENTED_EDGE('',*,*,#876,.F.);
#377=ORIENTED_EDGE('',*,*,#877,.F.);
#378=ORIENTED_EDGE('',*,*,#878,.F.);
#379=ORIENTED_EDGE('',*,*,#879,.F.);
#380=ORIENTED_EDGE('',*,*,#880,.F.);
#381=ORIENTED_EDGE('',*,*,#881,.F.);
#382=ORIENTED_EDGE('',*,*,#882,.F.);
#383=ORIENTED_EDGE('',*,*,#883,.F.);
#384=ORIENTED_EDGE('',*,*,#884,.F.);
#385=ORIENTED_EDGE('',*,*,#885,.F.);
#386=ORIENTED_EDGE('',*,*,#886,.F.);
#387=ORIENTED_EDGE('',*,*,#887,.F.);
#388=ORIENTED_EDGE('',*,*,#888,.F.);
#389=ORIENTED_EDGE('',*,*,#889,.F.);
#390=ORIENTED_EDGE('',*,*,#890,.F.);
#391=ORIENTED_EDGE('',*,*,#891,.F.);
#392=ORIENTED_EDGE('',*,*,#892,.F.);
#393=ORIENTED_EDGE('',*,*,#893,.F.);
#394=ORIENTED_EDGE('',*,*,#894,.F.);
#395=ORIENTED_EDGE('',*,*,#895,.F.);
#396=ORIENTED_EDGE('',*,*,#896,.F.);
#397=ORIENTED_EDGE('',*,*,#897,.F.);
#398=ORIENTED_EDGE('',*,*,#898,.F.);
#399=ORIENTED_EDGE('',*,*,#899,.F.);
#400=ORIENTED_EDGE('',*,*,#900,.F.);
#401=ORIENTED_EDGE('',*,*,#901,.F.);
#402=ORIENTED_EDGE('',*,*,#902,.F.);
#403=ORIENTED_EDGE('',*,*,#903,.F.);
#404=ORIENTED_EDGE('',*,*,#904,.F.);
#405=ORIENTED_EDGE('',*,*,#905,.F.);
#406=ORIENTED_EDGE('',*,*,#906,.F.);
#407=ORIENTED_EDGE('',*,*,#907,.F.);
#408=ORIENTED_EDGE('',*,*,#908,.F.);
#409=ORIENTED_EDGE('',*,*,#909,.F.);
#410=ORIENTED_EDGE('',*,*,#910,.F.);
#411=ORIENTED_EDGE('',*,*,#911,.F.);
#412=ORIENTED_EDGE('',*,*,#912,.F.);
#413=ORIENTED_EDGE('',*,*,#913,.F.);
#414=ORIENTED_EDGE('',*,*,#914,.F.);
#415=ORIENTED_EDGE('',*,*,#915,.F.);
#416=ORIENTED_EDGE('',*,*,#916,.F.);
#417=ORIENTED_EDGE('',*,*,#917,.F.);
#418=ORIENTED_EDGE('',*,*,#918,.F.);
#419=ORIENTED_EDGE('',*,*,#919,.F.);
#420=ORIENTED_EDGE('',*,*,#920,.F.);
#421=ORIENTED_EDGE('',*,*,#921,.F.);
#422=ORIENTED_EDGE('',*,*,#922,.F.);
#423=ORIENTED_EDGE('',*,*,#923,.F.);
#424=ORIENTED_EDGE('',*,*,#924,.F.);
#425=ORIENTED_EDGE('',*,*,#925,.F.);
#426=ORIENTED_EDGE('',*,*,#926,.F.);
#427=ORIENTED_EDGE('',*,*,#927,.F.);
#428=ORIENTED_EDGE('',*,*,#928,.T.);
#429=ORIENTED_EDGE('',*,*,#929,.T.);
#430=ORIENTED_EDGE('',*,*,#930,.T.);
#431=ORIENTED_EDGE('',*,*,#931,.T.);
#432=ORIENTED_EDGE('',*,*,#845,.T.);
#433=ORIENTED_EDGE('',*,*,#927,.T.);
#434=ORIENTED_EDGE('',*,*,#932,.F.);
#435=ORIENTED_EDGE('',*,*,#931,.F.);
#436=ORIENTED_EDGE('',*,*,#933,.F.);
#437=ORIENTED_EDGE('',*,*,#932,.T.);
#438=ORIENTED_EDGE('',*,*,#926,.T.);
#439=ORIENTED_EDGE('',*,*,#928,.F.);
#440=ORIENTED_EDGE('',*,*,#933,.T.);
#441=ORIENTED_EDGE('',*,*,#930,.F.);
#442=ORIENTED_EDGE('',*,*,#934,.F.);
#443=ORIENTED_EDGE('',*,*,#929,.F.);
#444=ORIENTED_EDGE('',*,*,#934,.T.);
#445=ORIENTED_EDGE('',*,*,#935,.T.);
#446=ORIENTED_EDGE('',*,*,#936,.T.);
#447=ORIENTED_EDGE('',*,*,#937,.T.);
#448=ORIENTED_EDGE('',*,*,#938,.T.);
#449=ORIENTED_EDGE('',*,*,#939,.T.);
#450=ORIENTED_EDGE('',*,*,#940,.T.);
#451=ORIENTED_EDGE('',*,*,#941,.T.);
#452=ORIENTED_EDGE('',*,*,#942,.T.);
#453=ORIENTED_EDGE('',*,*,#943,.T.);
#454=ORIENTED_EDGE('',*,*,#944,.T.);
#455=ORIENTED_EDGE('',*,*,#945,.T.);
#456=ORIENTED_EDGE('',*,*,#946,.T.);
#457=ORIENTED_EDGE('',*,*,#947,.T.);
#458=ORIENTED_EDGE('',*,*,#948,.T.);
#459=ORIENTED_EDGE('',*,*,#949,.T.);
#460=ORIENTED_EDGE('',*,*,#950,.T.);
#461=ORIENTED_EDGE('',*,*,#951,.T.);
#462=ORIENTED_EDGE('',*,*,#952,.T.);
#463=ORIENTED_EDGE('',*,*,#953,.T.);
#464=ORIENTED_EDGE('',*,*,#954,.T.);
#465=ORIENTED_EDGE('',*,*,#955,.T.);
#466=ORIENTED_EDGE('',*,*,#956,.T.);
#467=ORIENTED_EDGE('',*,*,#957,.T.);
#468=ORIENTED_EDGE('',*,*,#958,.T.);
#469=ORIENTED_EDGE('',*,*,#959,.T.);
#470=ORIENTED_EDGE('',*,*,#960,.T.);
#471=ORIENTED_EDGE('',*,*,#961,.T.);
#472=ORIENTED_EDGE('',*,*,#962,.T.);
#473=ORIENTED_EDGE('',*,*,#963,.T.);
#474=ORIENTED_EDGE('',*,*,#964,.T.);
#475=ORIENTED_EDGE('',*,*,#965,.T.);
#476=ORIENTED_EDGE('',*,*,#966,.T.);
#477=ORIENTED_EDGE('',*,*,#967,.T.);
#478=ORIENTED_EDGE('',*,*,#968,.T.);
#479=ORIENTED_EDGE('',*,*,#969,.T.);
#480=ORIENTED_EDGE('',*,*,#970,.T.);
#481=ORIENTED_EDGE('',*,*,#971,.T.);
#482=ORIENTED_EDGE('',*,*,#972,.T.);
#483=ORIENTED_EDGE('',*,*,#973,.T.);
#484=ORIENTED_EDGE('',*,*,#974,.T.);
#485=ORIENTED_EDGE('',*,*,#975,.T.);
#486=ORIENTED_EDGE('',*,*,#976,.T.);
#487=ORIENTED_EDGE('',*,*,#977,.T.);
#488=ORIENTED_EDGE('',*,*,#978,.T.);
#489=ORIENTED_EDGE('',*,*,#979,.T.);
#490=ORIENTED_EDGE('',*,*,#980,.T.);
#491=ORIENTED_EDGE('',*,*,#981,.T.);
#492=ORIENTED_EDGE('',*,*,#982,.T.);
#493=ORIENTED_EDGE('',*,*,#983,.T.);
#494=ORIENTED_EDGE('',*,*,#984,.T.);
#495=ORIENTED_EDGE('',*,*,#985,.T.);
#496=ORIENTED_EDGE('',*,*,#986,.T.);
#497=ORIENTED_EDGE('',*,*,#987,.T.);
#498=ORIENTED_EDGE('',*,*,#988,.T.);
#499=ORIENTED_EDGE('',*,*,#989,.T.);
#500=ORIENTED_EDGE('',*,*,#990,.T.);
#501=ORIENTED_EDGE('',*,*,#991,.T.);
#502=ORIENTED_EDGE('',*,*,#992,.T.);
#503=ORIENTED_EDGE('',*,*,#993,.T.);
#504=ORIENTED_EDGE('',*,*,#994,.T.);
#505=ORIENTED_EDGE('',*,*,#995,.T.);
#506=ORIENTED_EDGE('',*,*,#996,.T.);
#507=ORIENTED_EDGE('',*,*,#997,.T.);
#508=ORIENTED_EDGE('',*,*,#998,.T.);
#509=ORIENTED_EDGE('',*,*,#999,.T.);
#510=ORIENTED_EDGE('',*,*,#1000,.T.);
#511=ORIENTED_EDGE('',*,*,#1001,.T.);
#512=ORIENTED_EDGE('',*,*,#1002,.T.);
#513=ORIENTED_EDGE('',*,*,#1003,.T.);
#514=ORIENTED_EDGE('',*,*,#1004,.T.);
#515=ORIENTED_EDGE('',*,*,#1005,.T.);
#516=ORIENTED_EDGE('',*,*,#1006,.T.);
#517=ORIENTED_EDGE('',*,*,#1007,.T.);
#518=ORIENTED_EDGE('',*,*,#1008,.T.);
#519=ORIENTED_EDGE('',*,*,#1009,.T.);
#520=ORIENTED_EDGE('',*,*,#1010,.T.);
#521=ORIENTED_EDGE('',*,*,#1011,.T.);
#522=ORIENTED_EDGE('',*,*,#1012,.T.);
#523=ORIENTED_EDGE('',*,*,#1013,.T.);
#524=ORIENTED_EDGE('',*,*,#1014,.T.);
#525=ORIENTED_EDGE('',*,*,#1012,.F.);
#526=ORIENTED_EDGE('',*,*,#1015,.T.);
#527=ORIENTED_EDGE('',*,*,#850,.T.);
#528=ORIENTED_EDGE('',*,*,#1016,.F.);
#529=ORIENTED_EDGE('',*,*,#1016,.T.);
#530=ORIENTED_EDGE('',*,*,#849,.T.);
#531=ORIENTED_EDGE('',*,*,#1017,.F.);
#532=ORIENTED_EDGE('',*,*,#1013,.F.);
#533=ORIENTED_EDGE('',*,*,#1008,.F.);
#534=ORIENTED_EDGE('',*,*,#1018,.T.);
#535=ORIENTED_EDGE('',*,*,#854,.T.);
#536=ORIENTED_EDGE('',*,*,#1019,.F.);
#537=ORIENTED_EDGE('',*,*,#1019,.T.);
#538=ORIENTED_EDGE('',*,*,#853,.T.);
#539=ORIENTED_EDGE('',*,*,#1020,.F.);
#540=ORIENTED_EDGE('',*,*,#1009,.F.);
#541=ORIENTED_EDGE('',*,*,#1004,.F.);
#542=ORIENTED_EDGE('',*,*,#1021,.T.);
#543=ORIENTED_EDGE('',*,*,#858,.T.);
#544=ORIENTED_EDGE('',*,*,#1022,.F.);
#545=ORIENTED_EDGE('',*,*,#1022,.T.);
#546=ORIENTED_EDGE('',*,*,#857,.T.);
#547=ORIENTED_EDGE('',*,*,#1023,.F.);
#548=ORIENTED_EDGE('',*,*,#1005,.F.);
#549=ORIENTED_EDGE('',*,*,#1000,.F.);
#550=ORIENTED_EDGE('',*,*,#1024,.T.);
#551=ORIENTED_EDGE('',*,*,#862,.T.);
#552=ORIENTED_EDGE('',*,*,#1025,.F.);
#553=ORIENTED_EDGE('',*,*,#1025,.T.);
#554=ORIENTED_EDGE('',*,*,#861,.T.);
#555=ORIENTED_EDGE('',*,*,#1026,.F.);
#556=ORIENTED_EDGE('',*,*,#1001,.F.);
#557=ORIENTED_EDGE('',*,*,#996,.F.);
#558=ORIENTED_EDGE('',*,*,#1027,.T.);
#559=ORIENTED_EDGE('',*,*,#866,.T.);
#560=ORIENTED_EDGE('',*,*,#1028,.F.);
#561=ORIENTED_EDGE('',*,*,#1028,.T.);
#562=ORIENTED_EDGE('',*,*,#865,.T.);
#563=ORIENTED_EDGE('',*,*,#1029,.F.);
#564=ORIENTED_EDGE('',*,*,#997,.F.);
#565=ORIENTED_EDGE('',*,*,#976,.F.);
#566=ORIENTED_EDGE('',*,*,#1030,.T.);
#567=ORIENTED_EDGE('',*,*,#886,.T.);
#568=ORIENTED_EDGE('',*,*,#1031,.F.);
#569=ORIENTED_EDGE('',*,*,#1031,.T.);
#570=ORIENTED_EDGE('',*,*,#885,.T.);
#571=ORIENTED_EDGE('',*,*,#1032,.F.);
#572=ORIENTED_EDGE('',*,*,#977,.F.);
#573=ORIENTED_EDGE('',*,*,#936,.F.);
#574=ORIENTED_EDGE('',*,*,#1033,.T.);
#575=ORIENTED_EDGE('',*,*,#846,.T.);
#576=ORIENTED_EDGE('',*,*,#1034,.F.);
#577=ORIENTED_EDGE('',*,*,#1034,.T.);
#578=ORIENTED_EDGE('',*,*,#925,.T.);
#579=ORIENTED_EDGE('',*,*,#1035,.F.);
#580=ORIENTED_EDGE('',*,*,#937,.F.);
#581=ORIENTED_EDGE('',*,*,#938,.F.);
#582=ORIENTED_EDGE('',*,*,#1035,.T.);
#583=ORIENTED_EDGE('',*,*,#924,.T.);
#584=ORIENTED_EDGE('',*,*,#1036,.F.);
#585=ORIENTED_EDGE('',*,*,#1036,.T.);
#586=ORIENTED_EDGE('',*,*,#923,.T.);
#587=ORIENTED_EDGE('',*,*,#1037,.F.);
#588=ORIENTED_EDGE('',*,*,#939,.F.);
#589=ORIENTED_EDGE('',*,*,#940,.F.);
#590=ORIENTED_EDGE('',*,*,#1037,.T.);
#591=ORIENTED_EDGE('',*,*,#922,.T.);
#592=ORIENTED_EDGE('',*,*,#1038,.F.);
#593=ORIENTED_EDGE('',*,*,#1038,.T.);
#594=ORIENTED_EDGE('',*,*,#921,.T.);
#595=ORIENTED_EDGE('',*,*,#1039,.F.);
#596=ORIENTED_EDGE('',*,*,#941,.F.);
#597=ORIENTED_EDGE('',*,*,#942,.F.);
#598=ORIENTED_EDGE('',*,*,#1039,.T.);
#599=ORIENTED_EDGE('',*,*,#920,.T.);
#600=ORIENTED_EDGE('',*,*,#1040,.F.);
#601=ORIENTED_EDGE('',*,*,#1040,.T.);
#602=ORIENTED_EDGE('',*,*,#919,.T.);
#603=ORIENTED_EDGE('',*,*,#1041,.F.);
#604=ORIENTED_EDGE('',*,*,#943,.F.);
#605=ORIENTED_EDGE('',*,*,#944,.F.);
#606=ORIENTED_EDGE('',*,*,#1041,.T.);
#607=ORIENTED_EDGE('',*,*,#918,.T.);
#608=ORIENTED_EDGE('',*,*,#1042,.F.);
#609=ORIENTED_EDGE('',*,*,#1042,.T.);
#610=ORIENTED_EDGE('',*,*,#917,.T.);
#611=ORIENTED_EDGE('',*,*,#1043,.F.);
#612=ORIENTED_EDGE('',*,*,#945,.F.);
#613=ORIENTED_EDGE('',*,*,#946,.F.);
#614=ORIENTED_EDGE('',*,*,#1043,.T.);
#615=ORIENTED_EDGE('',*,*,#916,.T.);
#616=ORIENTED_EDGE('',*,*,#1044,.F.);
#617=ORIENTED_EDGE('',*,*,#1044,.T.);
#618=ORIENTED_EDGE('',*,*,#915,.T.);
#619=ORIENTED_EDGE('',*,*,#1045,.F.);
#620=ORIENTED_EDGE('',*,*,#947,.F.);
#621=ORIENTED_EDGE('',*,*,#948,.F.);
#622=ORIENTED_EDGE('',*,*,#1045,.T.);
#623=ORIENTED_EDGE('',*,*,#914,.T.);
#624=ORIENTED_EDGE('',*,*,#1046,.F.);
#625=ORIENTED_EDGE('',*,*,#1046,.T.);
#626=ORIENTED_EDGE('',*,*,#913,.T.);
#627=ORIENTED_EDGE('',*,*,#1047,.F.);
#628=ORIENTED_EDGE('',*,*,#949,.F.);
#629=ORIENTED_EDGE('',*,*,#950,.F.);
#630=ORIENTED_EDGE('',*,*,#1047,.T.);
#631=ORIENTED_EDGE('',*,*,#912,.T.);
#632=ORIENTED_EDGE('',*,*,#1048,.F.);
#633=ORIENTED_EDGE('',*,*,#1048,.T.);
#634=ORIENTED_EDGE('',*,*,#911,.T.);
#635=ORIENTED_EDGE('',*,*,#1049,.F.);
#636=ORIENTED_EDGE('',*,*,#951,.F.);
#637=ORIENTED_EDGE('',*,*,#952,.F.);
#638=ORIENTED_EDGE('',*,*,#1049,.T.);
#639=ORIENTED_EDGE('',*,*,#910,.T.);
#640=ORIENTED_EDGE('',*,*,#1050,.F.);
#641=ORIENTED_EDGE('',*,*,#1050,.T.);
#642=ORIENTED_EDGE('',*,*,#909,.T.);
#643=ORIENTED_EDGE('',*,*,#1051,.F.);
#644=ORIENTED_EDGE('',*,*,#953,.F.);
#645=ORIENTED_EDGE('',*,*,#954,.F.);
#646=ORIENTED_EDGE('',*,*,#1051,.T.);
#647=ORIENTED_EDGE('',*,*,#908,.T.);
#648=ORIENTED_EDGE('',*,*,#1052,.F.);
#649=ORIENTED_EDGE('',*,*,#1052,.T.);
#650=ORIENTED_EDGE('',*,*,#907,.T.);
#651=ORIENTED_EDGE('',*,*,#1053,.F.);
#652=ORIENTED_EDGE('',*,*,#955,.F.);
#653=ORIENTED_EDGE('',*,*,#956,.F.);
#654=ORIENTED_EDGE('',*,*,#1053,.T.);
#655=ORIENTED_EDGE('',*,*,#906,.T.);
#656=ORIENTED_EDGE('',*,*,#1054,.F.);
#657=ORIENTED_EDGE('',*,*,#1054,.T.);
#658=ORIENTED_EDGE('',*,*,#905,.T.);
#659=ORIENTED_EDGE('',*,*,#1055,.F.);
#660=ORIENTED_EDGE('',*,*,#957,.F.);
#661=ORIENTED_EDGE('',*,*,#958,.F.);
#662=ORIENTED_EDGE('',*,*,#1055,.T.);
#663=ORIENTED_EDGE('',*,*,#904,.T.);
#664=ORIENTED_EDGE('',*,*,#1056,.F.);
#665=ORIENTED_EDGE('',*,*,#1056,.T.);
#666=ORIENTED_EDGE('',*,*,#903,.T.);
#667=ORIENTED_EDGE('',*,*,#1057,.F.);
#668=ORIENTED_EDGE('',*,*,#959,.F.);
#669=ORIENTED_EDGE('',*,*,#960,.F.);
#670=ORIENTED_EDGE('',*,*,#1057,.T.);
#671=ORIENTED_EDGE('',*,*,#902,.T.);
#672=ORIENTED_EDGE('',*,*,#1058,.F.);
#673=ORIENTED_EDGE('',*,*,#1058,.T.);
#674=ORIENTED_EDGE('',*,*,#901,.T.);
#675=ORIENTED_EDGE('',*,*,#1059,.F.);
#676=ORIENTED_EDGE('',*,*,#961,.F.);
#677=ORIENTED_EDGE('',*,*,#962,.F.);
#678=ORIENTED_EDGE('',*,*,#1059,.T.);
#679=ORIENTED_EDGE('',*,*,#900,.T.);
#680=ORIENTED_EDGE('',*,*,#1060,.F.);
#681=ORIENTED_EDGE('',*,*,#1060,.T.);
#682=ORIENTED_EDGE('',*,*,#899,.T.);
#683=ORIENTED_EDGE('',*,*,#1061,.F.);
#684=ORIENTED_EDGE('',*,*,#963,.F.);
#685=ORIENTED_EDGE('',*,*,#964,.F.);
#686=ORIENTED_EDGE('',*,*,#1061,.T.);
#687=ORIENTED_EDGE('',*,*,#898,.T.);
#688=ORIENTED_EDGE('',*,*,#1062,.F.);
#689=ORIENTED_EDGE('',*,*,#1062,.T.);
#690=ORIENTED_EDGE('',*,*,#897,.T.);
#691=ORIENTED_EDGE('',*,*,#1063,.F.);
#692=ORIENTED_EDGE('',*,*,#965,.F.);
#693=ORIENTED_EDGE('',*,*,#966,.F.);
#694=ORIENTED_EDGE('',*,*,#1063,.T.);
#695=ORIENTED_EDGE('',*,*,#896,.T.);
#696=ORIENTED_EDGE('',*,*,#1064,.F.);
#697=ORIENTED_EDGE('',*,*,#1064,.T.);
#698=ORIENTED_EDGE('',*,*,#895,.T.);
#699=ORIENTED_EDGE('',*,*,#1065,.F.);
#700=ORIENTED_EDGE('',*,*,#967,.F.);
#701=ORIENTED_EDGE('',*,*,#968,.F.);
#702=ORIENTED_EDGE('',*,*,#1065,.T.);
#703=ORIENTED_EDGE('',*,*,#894,.T.);
#704=ORIENTED_EDGE('',*,*,#1066,.F.);
#705=ORIENTED_EDGE('',*,*,#1066,.T.);
#706=ORIENTED_EDGE('',*,*,#893,.T.);
#707=ORIENTED_EDGE('',*,*,#1067,.F.);
#708=ORIENTED_EDGE('',*,*,#969,.F.);
#709=ORIENTED_EDGE('',*,*,#970,.F.);
#710=ORIENTED_EDGE('',*,*,#1067,.T.);
#711=ORIENTED_EDGE('',*,*,#892,.T.);
#712=ORIENTED_EDGE('',*,*,#1068,.F.);
#713=ORIENTED_EDGE('',*,*,#1068,.T.);
#714=ORIENTED_EDGE('',*,*,#891,.T.);
#715=ORIENTED_EDGE('',*,*,#1069,.F.);
#716=ORIENTED_EDGE('',*,*,#971,.F.);
#717=ORIENTED_EDGE('',*,*,#972,.F.);
#718=ORIENTED_EDGE('',*,*,#1069,.T.);
#719=ORIENTED_EDGE('',*,*,#890,.T.);
#720=ORIENTED_EDGE('',*,*,#1070,.F.);
#721=ORIENTED_EDGE('',*,*,#1070,.T.);
#722=ORIENTED_EDGE('',*,*,#889,.T.);
#723=ORIENTED_EDGE('',*,*,#1071,.F.);
#724=ORIENTED_EDGE('',*,*,#973,.F.);
#725=ORIENTED_EDGE('',*,*,#974,.F.);
#726=ORIENTED_EDGE('',*,*,#1071,.T.);
#727=ORIENTED_EDGE('',*,*,#888,.T.);
#728=ORIENTED_EDGE('',*,*,#1072,.F.);
#729=ORIENTED_EDGE('',*,*,#1072,.T.);
#730=ORIENTED_EDGE('',*,*,#887,.T.);
#731=ORIENTED_EDGE('',*,*,#1030,.F.);
#732=ORIENTED_EDGE('',*,*,#975,.F.);
#733=ORIENTED_EDGE('',*,*,#978,.F.);
#734=ORIENTED_EDGE('',*,*,#1032,.T.);
#735=ORIENTED_EDGE('',*,*,#884,.T.);
#736=ORIENTED_EDGE('',*,*,#1073,.F.);
#737=ORIENTED_EDGE('',*,*,#1073,.T.);
#738=ORIENTED_EDGE('',*,*,#883,.T.);
#739=ORIENTED_EDGE('',*,*,#1074,.F.);
#740=ORIENTED_EDGE('',*,*,#979,.F.);
#741=ORIENTED_EDGE('',*,*,#980,.F.);
#742=ORIENTED_EDGE('',*,*,#1074,.T.);
#743=ORIENTED_EDGE('',*,*,#882,.T.);
#744=ORIENTED_EDGE('',*,*,#1075,.F.);
#745=ORIENTED_EDGE('',*,*,#1075,.T.);
#746=ORIENTED_EDGE('',*,*,#881,.T.);
#747=ORIENTED_EDGE('',*,*,#1076,.F.);
#748=ORIENTED_EDGE('',*,*,#981,.F.);
#749=ORIENTED_EDGE('',*,*,#982,.F.);
#750=ORIENTED_EDGE('',*,*,#1076,.T.);
#751=ORIENTED_EDGE('',*,*,#880,.T.);
#752=ORIENTED_EDGE('',*,*,#1077,.F.);
#753=ORIENTED_EDGE('',*,*,#1077,.T.);
#754=ORIENTED_EDGE('',*,*,#879,.T.);
#755=ORIENTED_EDGE('',*,*,#1078,.F.);
#756=ORIENTED_EDGE('',*,*,#983,.F.);
#757=ORIENTED_EDGE('',*,*,#984,.F.);
#758=ORIENTED_EDGE('',*,*,#1078,.T.);
#759=ORIENTED_EDGE('',*,*,#878,.T.);
#760=ORIENTED_EDGE('',*,*,#1079,.F.);
#761=ORIENTED_EDGE('',*,*,#1079,.T.);
#762=ORIENTED_EDGE('',*,*,#877,.T.);
#763=ORIENTED_EDGE('',*,*,#1080,.F.);
#764=ORIENTED_EDGE('',*,*,#985,.F.);
#765=ORIENTED_EDGE('',*,*,#986,.F.);
#766=ORIENTED_EDGE('',*,*,#1080,.T.);
#767=ORIENTED_EDGE('',*,*,#876,.T.);
#768=ORIENTED_EDGE('',*,*,#1081,.F.);
#769=ORIENTED_EDGE('',*,*,#1081,.T.);
#770=ORIENTED_EDGE('',*,*,#875,.T.);
#771=ORIENTED_EDGE('',*,*,#1082,.F.);
#772=ORIENTED_EDGE('',*,*,#987,.F.);
#773=ORIENTED_EDGE('',*,*,#988,.F.);
#774=ORIENTED_EDGE('',*,*,#1082,.T.);
#775=ORIENTED_EDGE('',*,*,#874,.T.);
#776=ORIENTED_EDGE('',*,*,#1083,.F.);
#777=ORIENTED_EDGE('',*,*,#1083,.T.);
#778=ORIENTED_EDGE('',*,*,#873,.T.);
#779=ORIENTED_EDGE('',*,*,#1084,.F.);
#780=ORIENTED_EDGE('',*,*,#989,.F.);
#781=ORIENTED_EDGE('',*,*,#990,.F.);
#782=ORIENTED_EDGE('',*,*,#1084,.T.);
#783=ORIENTED_EDGE('',*,*,#872,.T.);
#784=ORIENTED_EDGE('',*,*,#1085,.F.);
#785=ORIENTED_EDGE('',*,*,#1085,.T.);
#786=ORIENTED_EDGE('',*,*,#871,.T.);
#787=ORIENTED_EDGE('',*,*,#1086,.F.);
#788=ORIENTED_EDGE('',*,*,#991,.F.);
#789=ORIENTED_EDGE('',*,*,#992,.F.);
#790=ORIENTED_EDGE('',*,*,#1086,.T.);
#791=ORIENTED_EDGE('',*,*,#870,.T.);
#792=ORIENTED_EDGE('',*,*,#1087,.F.);
#793=ORIENTED_EDGE('',*,*,#1087,.T.);
#794=ORIENTED_EDGE('',*,*,#869,.T.);
#795=ORIENTED_EDGE('',*,*,#1088,.F.);
#796=ORIENTED_EDGE('',*,*,#993,.F.);
#797=ORIENTED_EDGE('',*,*,#994,.F.);
#798=ORIENTED_EDGE('',*,*,#1088,.T.);
#799=ORIENTED_EDGE('',*,*,#868,.T.);
#800=ORIENTED_EDGE('',*,*,#1089,.F.);
#801=ORIENTED_EDGE('',*,*,#1089,.T.);
#802=ORIENTED_EDGE('',*,*,#867,.T.);
#803=ORIENTED_EDGE('',*,*,#1027,.F.);
#804=ORIENTED_EDGE('',*,*,#995,.F.);
#805=ORIENTED_EDGE('',*,*,#998,.F.);
#806=ORIENTED_EDGE('',*,*,#1029,.T.);
#807=ORIENTED_EDGE('',*,*,#864,.T.);
#808=ORIENTED_EDGE('',*,*,#1090,.F.);
#809=ORIENTED_EDGE('',*,*,#1090,.T.);
#810=ORIENTED_EDGE('',*,*,#863,.T.);
#811=ORIENTED_EDGE('',*,*,#1024,.F.);
#812=ORIENTED_EDGE('',*,*,#999,.F.);
#813=ORIENTED_EDGE('',*,*,#1002,.F.);
#814=ORIENTED_EDGE('',*,*,#1026,.T.);
#815=ORIENTED_EDGE('',*,*,#860,.T.);
#816=ORIENTED_EDGE('',*,*,#1091,.F.);
#817=ORIENTED_EDGE('',*,*,#1091,.T.);
#818=ORIENTED_EDGE('',*,*,#859,.T.);
#819=ORIENTED_EDGE('',*,*,#1021,.F.);
#820=ORIENTED_EDGE('',*,*,#1003,.F.);
#821=ORIENTED_EDGE('',*,*,#1006,.F.);
#822=ORIENTED_EDGE('',*,*,#1023,.T.);
#823=ORIENTED_EDGE('',*,*,#856,.T.);
#824=ORIENTED_EDGE('',*,*,#1092,.F.);
#825=ORIENTED_EDGE('',*,*,#1092,.T.);
#826=ORIENTED_EDGE('',*,*,#855,.T.);
#827=ORIENTED_EDGE('',*,*,#1018,.F.);
#828=ORIENTED_EDGE('',*,*,#1007,.F.);
#829=ORIENTED_EDGE('',*,*,#1010,.F.);
#830=ORIENTED_EDGE('',*,*,#1020,.T.);
#831=ORIENTED_EDGE('',*,*,#852,.T.);
#832=ORIENTED_EDGE('',*,*,#1093,.F.);
#833=ORIENTED_EDGE('',*,*,#1093,.T.);
#834=ORIENTED_EDGE('',*,*,#851,.T.);
#835=ORIENTED_EDGE('',*,*,#1015,.F.);
#836=ORIENTED_EDGE('',*,*,#1011,.F.);
#837=ORIENTED_EDGE('',*,*,#1014,.F.);
#838=ORIENTED_EDGE('',*,*,#1017,.T.);
#839=ORIENTED_EDGE('',*,*,#848,.T.);
#840=ORIENTED_EDGE('',*,*,#1094,.F.);
#841=ORIENTED_EDGE('',*,*,#1094,.T.);
#842=ORIENTED_EDGE('',*,*,#847,.T.);
#843=ORIENTED_EDGE('',*,*,#1033,.F.);
#844=ORIENTED_EDGE('',*,*,#935,.F.);
#845=EDGE_CURVE('',#1095,#1095,#1262,.T.);
#846=EDGE_CURVE('',#1096,#1097,#1263,.T.);
#847=EDGE_CURVE('',#1098,#1096,#1264,.T.);
#848=EDGE_CURVE('',#1099,#1098,#1265,.T.);
#849=EDGE_CURVE('',#1100,#1099,#1266,.T.);
#850=EDGE_CURVE('',#1101,#1100,#1267,.T.);
#851=EDGE_CURVE('',#1102,#1101,#1268,.T.);
#852=EDGE_CURVE('',#1103,#1102,#1269,.T.);
#853=EDGE_CURVE('',#1104,#1103,#1270,.T.);
#854=EDGE_CURVE('',#1105,#1104,#1271,.T.);
#855=EDGE_CURVE('',#1106,#1105,#1272,.T.);
#856=EDGE_CURVE('',#1107,#1106,#1273,.T.);
#857=EDGE_CURVE('',#1108,#1107,#1274,.T.);
#858=EDGE_CURVE('',#1109,#1108,#1275,.T.);
#859=EDGE_CURVE('',#1110,#1109,#1276,.T.);
#860=EDGE_CURVE('',#1111,#1110,#1277,.T.);
#861=EDGE_CURVE('',#1112,#1111,#1278,.T.);
#862=EDGE_CURVE('',#1113,#1112,#1279,.T.);
#863=EDGE_CURVE('',#1114,#1113,#1280,.T.);
#864=EDGE_CURVE('',#1115,#1114,#1281,.T.);
#865=EDGE_CURVE('',#1116,#1115,#1282,.T.);
#866=EDGE_CURVE('',#1117,#1116,#1283,.T.);
#867=EDGE_CURVE('',#1118,#1117,#1284,.T.);
#868=EDGE_CURVE('',#1119,#1118,#1285,.T.);
#869=EDGE_CURVE('',#1120,#1119,#1286,.T.);
#870=EDGE_CURVE('',#1121,#1120,#1287,.T.);
#871=EDGE_CURVE('',#1122,#1121,#1288,.T.);
#872=EDGE_CURVE('',#1123,#1122,#1289,.T.);
#873=EDGE_CURVE('',#1124,#1123,#1290,.T.);
#874=EDGE_CURVE('',#1125,#1124,#1291,.T.);
#875=EDGE_CURVE('',#1126,#1125,#1292,.T.);
#876=EDGE_CURVE('',#1127,#1126,#1293,.T.);
#877=EDGE_CURVE('',#1128,#1127,#1294,.T.);
#878=EDGE_CURVE('',#1129,#1128,#1295,.T.);
#879=EDGE_CURVE('',#1130,#1129,#1296,.T.);
#880=EDGE_CURVE('',#1131,#1130,#1297,.T.);
#881=EDGE_CURVE('',#1132,#1131,#1298,.T.);
#882=EDGE_CURVE('',#1133,#1132,#1299,.T.);
#883=EDGE_CURVE('',#1134,#1133,#1300,.T.);
#884=EDGE_CURVE('',#1135,#1134,#1301,.T.);
#885=EDGE_CURVE('',#1136,#1135,#1302,.T.);
#886=EDGE_CURVE('',#1137,#1136,#1303,.T.);
#887=EDGE_CURVE('',#1138,#1137,#1304,.T.);
#888=EDGE_CURVE('',#1139,#1138,#1305,.T.);
#889=EDGE_CURVE('',#1140,#1139,#1306,.T.);
#890=EDGE_CURVE('',#1141,#1140,#1307,.T.);
#891=EDGE_CURVE('',#1142,#1141,#1308,.T.);
#892=EDGE_CURVE('',#1143,#1142,#1309,.T.);
#893=EDGE_CURVE('',#1144,#1143,#1310,.T.);
#894=EDGE_CURVE('',#1145,#1144,#1311,.T.);
#895=EDGE_CURVE('',#1146,#1145,#1312,.T.);
#896=EDGE_CURVE('',#1147,#1146,#1313,.T.);
#897=EDGE_CURVE('',#1148,#1147,#1314,.T.);
#898=EDGE_CURVE('',#1149,#1148,#1315,.T.);
#899=EDGE_CURVE('',#1150,#1149,#1316,.T.);
#900=EDGE_CURVE('',#1151,#1150,#1317,.T.);
#901=EDGE_CURVE('',#1152,#1151,#1318,.T.);
#902=EDGE_CURVE('',#1153,#1152,#1319,.T.);
#903=EDGE_CURVE('',#1154,#1153,#1320,.T.);
#904=EDGE_CURVE('',#1155,#1154,#1321,.T.);
#905=EDGE_CURVE('',#1156,#1155,#1322,.T.);
#906=EDGE_CURVE('',#1157,#1156,#1323,.T.);
#907=EDGE_CURVE('',#1158,#1157,#1324,.T.);
#908=EDGE_CURVE('',#1159,#1158,#1325,.T.);
#909=EDGE_CURVE('',#1160,#1159,#1326,.T.);
#910=EDGE_CURVE('',#1161,#1160,#1327,.T.);
#911=EDGE_CURVE('',#1162,#1161,#1328,.T.);
#912=EDGE_CURVE('',#1163,#1162,#1329,.T.);
#913=EDGE_CURVE('',#1164,#1163,#1330,.T.);
#914=EDGE_CURVE('',#1165,#1164,#1331,.T.);
#915=EDGE_CURVE('',#1166,#1165,#1332,.T.);
#916=EDGE_CURVE('',#1167,#1166,#1333,.T.);
#917=EDGE_CURVE('',#1168,#1167,#1334,.T.);
#918=EDGE_CURVE('',#1169,#1168,#1335,.T.);
#919=EDGE_CURVE('',#1170,#1169,#1336,.T.);
#920=EDGE_CURVE('',#1171,#1170,#1337,.T.);
#921=EDGE_CURVE('',#1172,#1171,#1338,.T.);
#922=EDGE_CURVE('',#1173,#1172,#1339,.T.);
#923=EDGE_CURVE('',#1174,#1173,#1340,.T.);
#924=EDGE_CURVE('',#1175,#1174,#1341,.T.);
#925=EDGE_CURVE('',#1097,#1175,#1342,.T.);
#926=EDGE_CURVE('',#1176,#1177,#177,.T.);
#927=EDGE_CURVE('',#1178,#1176,#178,.T.);
#928=EDGE_CURVE('',#1178,#1179,#95,.T.);
#929=EDGE_CURVE('',#1179,#1180,#179,.T.);
#930=EDGE_CURVE('',#1180,#1181,#96,.T.);
#931=EDGE_CURVE('',#1181,#1177,#180,.T.);
#932=EDGE_CURVE('',#1177,#1176,#1343,.T.);
#933=EDGE_CURVE('',#1178,#1181,#1344,.T.);
#934=EDGE_CURVE('',#1179,#1180,#1345,.T.);
#935=EDGE_CURVE('',#1182,#1183,#97,.T.);
#936=EDGE_CURVE('',#1183,#1184,#98,.T.);
#937=EDGE_CURVE('',#1184,#1185,#99,.T.);
#938=EDGE_CURVE('',#1185,#1186,#100,.T.);
#939=EDGE_CURVE('',#1186,#1187,#101,.T.);
#940=EDGE_CURVE('',#1187,#1188,#102,.T.);
#941=EDGE_CURVE('',#1188,#1189,#103,.T.);
#942=EDGE_CURVE('',#1189,#1190,#104,.T.);
#943=EDGE_CURVE('',#1190,#1191,#105,.T.);
#944=EDGE_CURVE('',#1191,#1192,#106,.T.);
#945=EDGE_CURVE('',#1192,#1193,#107,.T.);
#946=EDGE_CURVE('',#1193,#1194,#108,.T.);
#947=EDGE_CURVE('',#1194,#1195,#109,.T.);
#948=EDGE_CURVE('',#1195,#1196,#110,.T.);
#949=EDGE_CURVE('',#1196,#1197,#111,.T.);
#950=EDGE_CURVE('',#1197,#1198,#112,.T.);
#951=EDGE_CURVE('',#1198,#1199,#113,.T.);
#952=EDGE_CURVE('',#1199,#1200,#114,.T.);
#953=EDGE_CURVE('',#1200,#1201,#115,.T.);
#954=EDGE_CURVE('',#1201,#1202,#116,.T.);
#955=EDGE_CURVE('',#1202,#1203,#117,.T.);
#956=EDGE_CURVE('',#1203,#1204,#118,.T.);
#957=EDGE_CURVE('',#1204,#1205,#119,.T.);
#958=EDGE_CURVE('',#1205,#1206,#120,.T.);
#959=EDGE_CURVE('',#1206,#1207,#121,.T.);
#960=EDGE_CURVE('',#1207,#1208,#122,.T.);
#961=EDGE_CURVE('',#1208,#1209,#123,.T.);
#962=EDGE_CURVE('',#1209,#1210,#124,.T.);
#963=EDGE_CURVE('',#1210,#1211,#125,.T.);
#964=EDGE_CURVE('',#1211,#1212,#126,.T.);
#965=EDGE_CURVE('',#1212,#1213,#127,.T.);
#966=EDGE_CURVE('',#1213,#1214,#128,.T.);
#967=EDGE_CURVE('',#1214,#1215,#129,.T.);
#968=EDGE_CURVE('',#1215,#1216,#130,.T.);
#969=EDGE_CURVE('',#1216,#1217,#131,.T.);
#970=EDGE_CURVE('',#1217,#1218,#132,.T.);
#971=EDGE_CURVE('',#1218,#1219,#133,.T.);
#972=EDGE_CURVE('',#1219,#1220,#134,.T.);
#973=EDGE_CURVE('',#1220,#1221,#135,.T.);
#974=EDGE_CURVE('',#1221,#1222,#136,.T.);
#975=EDGE_CURVE('',#1222,#1223,#137,.T.);
#976=EDGE_CURVE('',#1223,#1224,#138,.T.);
#977=EDGE_CURVE('',#1224,#1225,#139,.T.);
#978=EDGE_CURVE('',#1225,#1226,#140,.T.);
#979=EDGE_CURVE('',#1226,#1227,#141,.T.);
#980=EDGE_CURVE('',#1227,#1228,#142,.T.);
#981=EDGE_CURVE('',#1228,#1229,#143,.T.);
#982=EDGE_CURVE('',#1229,#1230,#144,.T.);
#983=EDGE_CURVE('',#1230,#1231,#145,.T.);
#984=EDGE_CURVE('',#1231,#1232,#146,.T.);
#985=EDGE_CURVE('',#1232,#1233,#147,.T.);
#986=EDGE_CURVE('',#1233,#1234,#148,.T.);
#987=EDGE_CURVE('',#1234,#1235,#149,.T.);
#988=EDGE_CURVE('',#1235,#1236,#150,.T.);
#989=EDGE_CURVE('',#1236,#1237,#151,.T.);
#990=EDGE_CURVE('',#1237,#1238,#152,.T.);
#991=EDGE_CURVE('',#1238,#1239,#153,.T.);
#992=EDGE_CURVE('',#1239,#1240,#154,.T.);
#993=EDGE_CURVE('',#1240,#1241,#155,.T.);
#994=EDGE_CURVE('',#1241,#1242,#156,.T.);
#995=EDGE_CURVE('',#1242,#1243,#157,.T.);
#996=EDGE_CURVE('',#1243,#1244,#158,.T.);
#997=EDGE_CURVE('',#1244,#1245,#159,.T.);
#998=EDGE_CURVE('',#1245,#1246,#160,.T.);
#999=EDGE_CURVE('',#1246,#1247,#161,.T.);
#1000=EDGE_CURVE('',#1247,#1248,#162,.T.);
#1001=EDGE_CURVE('',#1248,#1249,#163,.T.);
#1002=EDGE_CURVE('',#1249,#1250,#164,.T.);
#1003=EDGE_CURVE('',#1250,#1251,#165,.T.);
#1004=EDGE_CURVE('',#1251,#1252,#166,.T.);
#1005=EDGE_CURVE('',#1252,#1253,#167,.T.);
#1006=EDGE_CURVE('',#1253,#1254,#168,.T.);
#1007=EDGE_CURVE('',#1254,#1255,#169,.T.);
#1008=EDGE_CURVE('',#1255,#1256,#170,.T.);
#1009=EDGE_CURVE('',#1256,#1257,#171,.T.);
#1010=EDGE_CURVE('',#1257,#1258,#172,.T.);
#1011=EDGE_CURVE('',#1258,#1259,#173,.T.);
#1012=EDGE_CURVE('',#1259,#1260,#174,.T.);
#1013=EDGE_CURVE('',#1260,#1261,#175,.T.);
#1014=EDGE_CURVE('',#1261,#1182,#176,.T.);
#1015=EDGE_CURVE('',#1259,#1101,#181,.T.);
#1016=EDGE_CURVE('',#1260,#1100,#182,.T.);
#1017=EDGE_CURVE('',#1261,#1099,#183,.T.);
#1018=EDGE_CURVE('',#1255,#1105,#184,.T.);
#1019=EDGE_CURVE('',#1256,#1104,#185,.T.);
#1020=EDGE_CURVE('',#1257,#1103,#186,.T.);
#1021=EDGE_CURVE('',#1251,#1109,#187,.T.);
#1022=EDGE_CURVE('',#1252,#1108,#188,.T.);
#1023=EDGE_CURVE('',#1253,#1107,#189,.T.);
#1024=EDGE_CURVE('',#1247,#1113,#190,.T.);
#1025=EDGE_CURVE('',#1248,#1112,#191,.T.);
#1026=EDGE_CURVE('',#1249,#1111,#192,.T.);
#1027=EDGE_CURVE('',#1243,#1117,#193,.T.);
#1028=EDGE_CURVE('',#1244,#1116,#194,.T.);
#1029=EDGE_CURVE('',#1245,#1115,#195,.T.);
#1030=EDGE_CURVE('',#1223,#1137,#196,.T.);
#1031=EDGE_CURVE('',#1224,#1136,#197,.T.);
#1032=EDGE_CURVE('',#1225,#1135,#198,.T.);
#1033=EDGE_CURVE('',#1183,#1096,#199,.T.);
#1034=EDGE_CURVE('',#1184,#1097,#200,.T.);
#1035=EDGE_CURVE('',#1185,#1175,#201,.T.);
#1036=EDGE_CURVE('',#1186,#1174,#202,.T.);
#1037=EDGE_CURVE('',#1187,#1173,#203,.T.);
#1038=EDGE_CURVE('',#1188,#1172,#204,.T.);
#1039=EDGE_CURVE('',#1189,#1171,#205,.T.);
#1040=EDGE_CURVE('',#1190,#1170,#206,.T.);
#1041=EDGE_CURVE('',#1191,#1169,#207,.T.);
#1042=EDGE_CURVE('',#1192,#1168,#208,.T.);
#1043=EDGE_CURVE('',#1193,#1167,#209,.T.);
#1044=EDGE_CURVE('',#1194,#1166,#210,.T.);
#1045=EDGE_CURVE('',#1195,#1165,#211,.T.);
#1046=EDGE_CURVE('',#1196,#1164,#212,.T.);
#1047=EDGE_CURVE('',#1197,#1163,#213,.T.);
#1048=EDGE_CURVE('',#1198,#1162,#214,.T.);
#1049=EDGE_CURVE('',#1199,#1161,#215,.T.);
#1050=EDGE_CURVE('',#1200,#1160,#216,.T.);
#1051=EDGE_CURVE('',#1201,#1159,#217,.T.);
#1052=EDGE_CURVE('',#1202,#1158,#218,.T.);
#1053=EDGE_CURVE('',#1203,#1157,#219,.T.);
#1054=EDGE_CURVE('',#1204,#1156,#220,.T.);
#1055=EDGE_CURVE('',#1205,#1155,#221,.T.);
#1056=EDGE_CURVE('',#1206,#1154,#222,.T.);
#1057=EDGE_CURVE('',#1207,#1153,#223,.T.);
#1058=EDGE_CURVE('',#1208,#1152,#224,.T.);
#1059=EDGE_CURVE('',#1209,#1151,#225,.T.);
#1060=EDGE_CURVE('',#1210,#1150,#226,.T.);
#1061=EDGE_CURVE('',#1211,#1149,#227,.T.);
#1062=EDGE_CURVE('',#1212,#1148,#228,.T.);
#1063=EDGE_CURVE('',#1213,#1147,#229,.T.);
#1064=EDGE_CURVE('',#1214,#1146,#230,.T.);
#1065=EDGE_CURVE('',#1215,#1145,#231,.T.);
#1066=EDGE_CURVE('',#1216,#1144,#232,.T.);
#1067=EDGE_CURVE('',#1217,#1143,#233,.T.);
#1068=EDGE_CURVE('',#1218,#1142,#234,.T.);
#1069=EDGE_CURVE('',#1219,#1141,#235,.T.);
#1070=EDGE_CURVE('',#1220,#1140,#236,.T.);
#1071=EDGE_CURVE('',#1221,#1139,#237,.T.);
#1072=EDGE_CURVE('',#1222,#1138,#238,.T.);
#1073=EDGE_CURVE('',#1226,#1134,#239,.T.);
#1074=EDGE_CURVE('',#1227,#1133,#240,.T.);
#1075=EDGE_CURVE('',#1228,#1132,#241,.T.);
#1076=EDGE_CURVE('',#1229,#1131,#242,.T.);
#1077=EDGE_CURVE('',#1230,#1130,#243,.T.);
#1078=EDGE_CURVE('',#1231,#1129,#244,.T.);
#1079=EDGE_CURVE('',#1232,#1128,#245,.T.);
#1080=EDGE_CURVE('',#1233,#1127,#246,.T.);
#1081=EDGE_CURVE('',#1234,#1126,#247,.T.);
#1082=EDGE_CURVE('',#1235,#1125,#248,.T.);
#1083=EDGE_CURVE('',#1236,#1124,#249,.T.);
#1084=EDGE_CURVE('',#1237,#1123,#250,.T.);
#1085=EDGE_CURVE('',#1238,#1122,#251,.T.);
#1086=EDGE_CURVE('',#1239,#1121,#252,.T.);
#1087=EDGE_CURVE('',#1240,#1120,#253,.T.);
#1088=EDGE_CURVE('',#1241,#1119,#254,.T.);
#1089=EDGE_CURVE('',#1242,#1118,#255,.T.);
#1090=EDGE_CURVE('',#1246,#1114,#256,.T.);
#1091=EDGE_CURVE('',#1250,#1110,#257,.T.);
#1092=EDGE_CURVE('',#1254,#1106,#258,.T.);
#1093=EDGE_CURVE('',#1258,#1102,#259,.T.);
#1094=EDGE_CURVE('',#1182,#1098,#260,.T.);
#1095=VERTEX_POINT('',#2230);
#1096=VERTEX_POINT('',#2232);
#1097=VERTEX_POINT('',#2233);
#1098=VERTEX_POINT('',#2235);
#1099=VERTEX_POINT('',#2237);
#1100=VERTEX_POINT('',#2239);
#1101=VERTEX_POINT('',#2241);
#1102=VERTEX_POINT('',#2243);
#1103=VERTEX_POINT('',#2245);
#1104=VERTEX_POINT('',#2247);
#1105=VERTEX_POINT('',#2249);
#1106=VERTEX_POINT('',#2251);
#1107=VERTEX_POINT('',#2253);
#1108=VERTEX_POINT('',#2255);
#1109=VERTEX_POINT('',#2257);
#1110=VERTEX_POINT('',#2259);
#1111=VERTEX_POINT('',#2261);
#1112=VERTEX_POINT('',#2263);
#1113=VERTEX_POINT('',#2265);
#1114=VERTEX_POINT('',#2267);
#1115=VERTEX_POINT('',#2269);
#1116=VERTEX_POINT('',#2271);
#1117=VERTEX_POINT('',#2273);
#1118=VERTEX_POINT('',#2275);
#1119=VERTEX_POINT('',#2277);
#1120=VERTEX_POINT('',#2279);
#1121=VERTEX_POINT('',#2281);
#1122=VERTEX_POINT('',#2283);
#1123=VERTEX_POINT('',#2285);
#1124=VERTEX_POINT('',#2287);
#1125=VERTEX_POINT('',#2289);
#1126=VERTEX_POINT('',#2291);
#1127=VERTEX_POINT('',#2293);
#1128=VERTEX_POINT('',#2295);
#1129=VERTEX_POINT('',#2297);
#1130=VERTEX_POINT('',#2299);
#1131=VERTEX_POINT('',#2301);
#1132=VERTEX_POINT('',#2303);
#1133=VERTEX_POINT('',#2305);
#1134=VERTEX_POINT('',#2307);
#1135=VERTEX_POINT('',#2309);
#1136=VERTEX_POINT('',#2311);
#1137=VERTEX_POINT('',#2313);
#1138=VERTEX_POINT('',#2315);
#1139=VERTEX_POINT('',#2317);
#1140=VERTEX_POINT('',#2319);
#1141=VERTEX_POINT('',#2321);
#1142=VERTEX_POINT('',#2323);
#1143=VERTEX_POINT('',#2325);
#1144=VERTEX_POINT('',#2327);
#1145=VERTEX_POINT('',#2329);
#1146=VERTEX_POINT('',#2331);
#1147=VERTEX_POINT('',#2333);
#1148=VERTEX_POINT('',#2335);
#1149=VERTEX_POINT('',#2337);
#1150=VERTEX_POINT('',#2339);
#1151=VERTEX_POINT('',#2341);
#1152=VERTEX_POINT('',#2343);
#1153=VERTEX_POINT('',#2345);
#1154=VERTEX_POINT('',#2347);
#1155=VERTEX_POINT('',#2349);
#1156=VERTEX_POINT('',#2351);
#1157=VERTEX_POINT('',#2353);
#1158=VERTEX_POINT('',#2355);
#1159=VERTEX_POINT('',#2357);
#1160=VERTEX_POINT('',#2359);
#1161=VERTEX_POINT('',#2361);
#1162=VERTEX_POINT('',#2363);
#1163=VERTEX_POINT('',#2365);
#1164=VERTEX_POINT('',#2367);
#1165=VERTEX_POINT('',#2369);
#1166=VERTEX_POINT('',#2371);
#1167=VERTEX_POINT('',#2373);
#1168=VERTEX_POINT('',#2375);
#1169=VERTEX_POINT('',#2377);
#1170=VERTEX_POINT('',#2379);
#1171=VERTEX_POINT('',#2381);
#1172=VERTEX_POINT('',#2383);
#1173=VERTEX_POINT('',#2385);
#1174=VERTEX_POINT('',#2387);
#1175=VERTEX_POINT('',#2389);
#1176=VERTEX_POINT('',#2393);
#1177=VERTEX_POINT('',#2394);
#1178=VERTEX_POINT('',#2396);
#1179=VERTEX_POINT('',#2401);
#1180=VERTEX_POINT('',#2403);
#1181=VERTEX_POINT('',#2408);
#1182=VERTEX_POINT('',#2425);
#1183=VERTEX_POINT('',#2426);
#1184=VERTEX_POINT('',#2434);
#1185=VERTEX_POINT('',#2442);
#1186=VERTEX_POINT('',#2450);
#1187=VERTEX_POINT('',#2458);
#1188=VERTEX_POINT('',#2466);
#1189=VERTEX_POINT('',#2474);
#1190=VERTEX_POINT('',#2482);
#1191=VERTEX_POINT('',#2490);
#1192=VERTEX_POINT('',#2498);
#1193=VERTEX_POINT('',#2506);
#1194=VERTEX_POINT('',#2514);
#1195=VERTEX_POINT('',#2522);
#1196=VERTEX_POINT('',#2530);
#1197=VERTEX_POINT('',#2538);
#1198=VERTEX_POINT('',#2546);
#1199=VERTEX_POINT('',#2554);
#1200=VERTEX_POINT('',#2562);
#1201=VERTEX_POINT('',#2570);
#1202=VERTEX_POINT('',#2578);
#1203=VERTEX_POINT('',#2586);
#1204=VERTEX_POINT('',#2594);
#1205=VERTEX_POINT('',#2602);
#1206=VERTEX_POINT('',#2610);
#1207=VERTEX_POINT('',#2618);
#1208=VERTEX_POINT('',#2626);
#1209=VERTEX_POINT('',#2634);
#1210=VERTEX_POINT('',#2642);
#1211=VERTEX_POINT('',#2650);
#1212=VERTEX_POINT('',#2658);
#1213=VERTEX_POINT('',#2666);
#1214=VERTEX_POINT('',#2674);
#1215=VERTEX_POINT('',#2682);
#1216=VERTEX_POINT('',#2690);
#1217=VERTEX_POINT('',#2698);
#1218=VERTEX_POINT('',#2706);
#1219=VERTEX_POINT('',#2714);
#1220=VERTEX_POINT('',#2722);
#1221=VERTEX_POINT('',#2730);
#1222=VERTEX_POINT('',#2738);
#1223=VERTEX_POINT('',#2746);
#1224=VERTEX_POINT('',#2754);
#1225=VERTEX_POINT('',#2762);
#1226=VERTEX_POINT('',#2770);
#1227=VERTEX_POINT('',#2778);
#1228=VERTEX_POINT('',#2786);
#1229=VERTEX_POINT('',#2794);
#1230=VERTEX_POINT('',#2802);
#1231=VERTEX_POINT('',#2810);
#1232=VERTEX_POINT('',#2818);
#1233=VERTEX_POINT('',#2826);
#1234=VERTEX_POINT('',#2834);
#1235=VERTEX_POINT('',#2842);
#1236=VERTEX_POINT('',#2850);
#1237=VERTEX_POINT('',#2858);
#1238=VERTEX_POINT('',#2866);
#1239=VERTEX_POINT('',#2874);
#1240=VERTEX_POINT('',#2882);
#1241=VERTEX_POINT('',#2890);
#1242=VERTEX_POINT('',#2898);
#1243=VERTEX_POINT('',#2906);
#1244=VERTEX_POINT('',#2914);
#1245=VERTEX_POINT('',#2922);
#1246=VERTEX_POINT('',#2930);
#1247=VERTEX_POINT('',#2938);
#1248=VERTEX_POINT('',#2946);
#1249=VERTEX_POINT('',#2954);
#1250=VERTEX_POINT('',#2962);
#1251=VERTEX_POINT('',#2970);
#1252=VERTEX_POINT('',#2978);
#1253=VERTEX_POINT('',#2986);
#1254=VERTEX_POINT('',#2994);
#1255=VERTEX_POINT('',#3002);
#1256=VERTEX_POINT('',#3010);
#1257=VERTEX_POINT('',#3018);
#1258=VERTEX_POINT('',#3026);
#1259=VERTEX_POINT('',#3034);
#1260=VERTEX_POINT('',#3042);
#1261=VERTEX_POINT('',#3050);
#1262=CIRCLE('',#1629,0.00305);
#1263=CIRCLE('',#1630,0.0003);
#1264=CIRCLE('',#1631,0.0003);
#1265=CIRCLE('',#1632,0.0003);
#1266=CIRCLE('',#1633,0.0003);
#1267=CIRCLE('',#1634,0.0003);
#1268=CIRCLE('',#1635,0.0003);
#1269=CIRCLE('',#1636,0.0003);
#1270=CIRCLE('',#1637,0.0003);
#1271=CIRCLE('',#1638,0.0003);
#1272=CIRCLE('',#1639,0.0003);
#1273=CIRCLE('',#1640,0.0003);
#1274=CIRCLE('',#1641,0.0003);
#1275=CIRCLE('',#1642,0.0003);
#1276=CIRCLE('',#1643,0.0003);
#1277=CIRCLE('',#1644,0.0003);
#1278=CIRCLE('',#1645,0.0003);
#1279=CIRCLE('',#1646,0.0003);
#1280=CIRCLE('',#1647,0.0003);
#1281=CIRCLE('',#1648,0.0003);
#1282=CIRCLE('',#1649,0.0003);
#1283=CIRCLE('',#1650,0.0003);
#1284=CIRCLE('',#1651,0.0003);
#1285=CIRCLE('',#1652,0.0003);
#1286=CIRCLE('',#1653,0.0003);
#1287=CIRCLE('',#1654,0.0003);
#1288=CIRCLE('',#1655,0.0003);
#1289=CIRCLE('',#1656,0.0003);
#1290=CIRCLE('',#1657,0.0003);
#1291=CIRCLE('',#1658,0.0003);
#1292=CIRCLE('',#1659,0.0003);
#1293=CIRCLE('',#1660,0.0003);
#1294=CIRCLE('',#1661,0.0003);
#1295=CIRCLE('',#1662,0.0003);
#1296=CIRCLE('',#1663,0.0003);
#1297=CIRCLE('',#1664,0.0003);
#1298=CIRCLE('',#1665,0.0003);
#1299=CIRCLE('',#1666,0.0003);
#1300=CIRCLE('',#1667,0.0003);
#1301=CIRCLE('',#1668,0.0003);
#1302=CIRCLE('',#1669,0.0003);
#1303=CIRCLE('',#1670,0.0003);
#1304=CIRCLE('',#1671,0.0003);
#1305=CIRCLE('',#1672,0.0003);
#1306=CIRCLE('',#1673,0.0003);
#1307=CIRCLE('',#1674,0.0003);
#1308=CIRCLE('',#1675,0.0003);
#1309=CIRCLE('',#1676,0.0003);
#1310=CIRCLE('',#1677,0.0003);
#1311=CIRCLE('',#1678,0.0003);
#1312=CIRCLE('',#1679,0.0003);
#1313=CIRCLE('',#1680,0.0003);
#1314=CIRCLE('',#1681,0.0003);
#1315=CIRCLE('',#1682,0.0003);
#1316=CIRCLE('',#1683,0.0003);
#1317=CIRCLE('',#1684,0.0003);
#1318=CIRCLE('',#1685,0.0003);
#1319=CIRCLE('',#1686,0.0003);
#1320=CIRCLE('',#1687,0.0003);
#1321=CIRCLE('',#1688,0.0003);
#1322=CIRCLE('',#1689,0.0003);
#1323=CIRCLE('',#1690,0.0003);
#1324=CIRCLE('',#1691,0.0003);
#1325=CIRCLE('',#1692,0.0003);
#1326=CIRCLE('',#1693,0.0003);
#1327=CIRCLE('',#1694,0.0003);
#1328=CIRCLE('',#1695,0.0003);
#1329=CIRCLE('',#1696,0.0003);
#1330=CIRCLE('',#1697,0.0003);
#1331=CIRCLE('',#1698,0.0003);
#1332=CIRCLE('',#1699,0.0003);
#1333=CIRCLE('',#1700,0.0003);
#1334=CIRCLE('',#1701,0.0003);
#1335=CIRCLE('',#1702,0.0003);
#1336=CIRCLE('',#1703,0.0003);
#1337=CIRCLE('',#1704,0.0003);
#1338=CIRCLE('',#1705,0.0003);
#1339=CIRCLE('',#1706,0.0003);
#1340=CIRCLE('',#1707,0.0003);
#1341=CIRCLE('',#1708,0.0003);
#1342=CIRCLE('',#1709,0.0003);
#1343=CIRCLE('',#1712,0.00305);
#1344=CIRCLE('',#1713,0.00305);
#1345=CIRCLE('',#1716,0.002);
#1346=EDGE_LOOP('',(#345));
#1347=EDGE_LOOP('',(#346,#347,#348,#349,#350,#351,#352,#353,#354,#355,#356,#357,#358,#359,#360,#361,#362,#363,#364,#365,#366,#367,#368,#369,#370,#371,#372,#373,#374,#375,#376,#377,#378,#379,#380,#381,#382,#383,#384,#385,#386,#387,#388,#389,#390,#391,#392,#393,#394,#395,#396,#397,#398,#399,#400,#401,#402,#403,#404,#405,#406,#407,#408,#409,#410,#411,#412,#413,#414,#415,#416,#417,#418,#419,#420,#421,#422,#423,#424,#425));
#1348=EDGE_LOOP('',(#426,#427,#428,#429,#430,#431));
#1349=EDGE_LOOP('',(#432));
#1350=EDGE_LOOP('',(#433,#434,#435,#436));
#1351=EDGE_LOOP('',(#437,#438));
#1352=EDGE_LOOP('',(#439,#440,#441,#442));
#1353=EDGE_LOOP('',(#443,#444));
#1354=EDGE_LOOP('',(#445,#446,#447,#448,#449,#450,#451,#452,#453,#454,#455,#456,#457,#458,#459,#460,#461,#462,#463,#464,#465,#466,#467,#468,#469,#470,#471,#472,#473,#474,#475,#476,#477,#478,#479,#480,#481,#482,#483,#484,#485,#486,#487,#488,#489,#490,#491,#492,#493,#494,#495,#496,#497,#498,#499,#500,#501,#502,#503,#504,#505,#506,#507,#508,#509,#510,#511,#512,#513,#514,#515,#516,#517,#518,#519,#520,#521,#522,#523,#524));
#1355=EDGE_LOOP('',(#525,#526,#527,#528));
#1356=EDGE_LOOP('',(#529,#530,#531,#532));
#1357=EDGE_LOOP('',(#533,#534,#535,#536));
#1358=EDGE_LOOP('',(#537,#538,#539,#540));
#1359=EDGE_LOOP('',(#541,#542,#543,#544));
#1360=EDGE_LOOP('',(#545,#546,#547,#548));
#1361=EDGE_LOOP('',(#549,#550,#551,#552));
#1362=EDGE_LOOP('',(#553,#554,#555,#556));
#1363=EDGE_LOOP('',(#557,#558,#559,#560));
#1364=EDGE_LOOP('',(#561,#562,#563,#564));
#1365=EDGE_LOOP('',(#565,#566,#567,#568));
#1366=EDGE_LOOP('',(#569,#570,#571,#572));
#1367=EDGE_LOOP('',(#573,#574,#575,#576));
#1368=EDGE_LOOP('',(#577,#578,#579,#580));
#1369=EDGE_LOOP('',(#581,#582,#583,#584));
#1370=EDGE_LOOP('',(#585,#586,#587,#588));
#1371=EDGE_LOOP('',(#589,#590,#591,#592));
#1372=EDGE_LOOP('',(#593,#594,#595,#596));
#1373=EDGE_LOOP('',(#597,#598,#599,#600));
#1374=EDGE_LOOP('',(#601,#602,#603,#604));
#1375=EDGE_LOOP('',(#605,#606,#607,#608));
#1376=EDGE_LOOP('',(#609,#610,#611,#612));
#1377=EDGE_LOOP('',(#613,#614,#615,#616));
#1378=EDGE_LOOP('',(#617,#618,#619,#620));
#1379=EDGE_LOOP('',(#621,#622,#623,#624));
#1380=EDGE_LOOP('',(#625,#626,#627,#628));
#1381=EDGE_LOOP('',(#629,#630,#631,#632));
#1382=EDGE_LOOP('',(#633,#634,#635,#636));
#1383=EDGE_LOOP('',(#637,#638,#639,#640));
#1384=EDGE_LOOP('',(#641,#642,#643,#644));
#1385=EDGE_LOOP('',(#645,#646,#647,#648));
#1386=EDGE_LOOP('',(#649,#650,#651,#652));
#1387=EDGE_LOOP('',(#653,#654,#655,#656));
#1388=EDGE_LOOP('',(#657,#658,#659,#660));
#1389=EDGE_LOOP('',(#661,#662,#663,#664));
#1390=EDGE_LOOP('',(#665,#666,#667,#668));
#1391=EDGE_LOOP('',(#669,#670,#671,#672));
#1392=EDGE_LOOP('',(#673,#674,#675,#676));
#1393=EDGE_LOOP('',(#677,#678,#679,#680));
#1394=EDGE_LOOP('',(#681,#682,#683,#684));
#1395=EDGE_LOOP('',(#685,#686,#687,#688));
#1396=EDGE_LOOP('',(#689,#690,#691,#692));
#1397=EDGE_LOOP('',(#693,#694,#695,#696));
#1398=EDGE_LOOP('',(#697,#698,#699,#700));
#1399=EDGE_LOOP('',(#701,#702,#703,#704));
#1400=EDGE_LOOP('',(#705,#706,#707,#708));
#1401=EDGE_LOOP('',(#709,#710,#711,#712));
#1402=EDGE_LOOP('',(#713,#714,#715,#716));
#1403=EDGE_LOOP('',(#717,#718,#719,#720));
#1404=EDGE_LOOP('',(#721,#722,#723,#724));
#1405=EDGE_LOOP('',(#725,#726,#727,#728));
#1406=EDGE_LOOP('',(#729,#730,#731,#732));
#1407=EDGE_LOOP('',(#733,#734,#735,#736));
#1408=EDGE_LOOP('',(#737,#738,#739,#740));
#1409=EDGE_LOOP('',(#741,#742,#743,#744));
#1410=EDGE_LOOP('',(#745,#746,#747,#748));
#1411=EDGE_LOOP('',(#749,#750,#751,#752));
#1412=EDGE_LOOP('',(#753,#754,#755,#756));
#1413=EDGE_LOOP('',(#757,#758,#759,#760));
#1414=EDGE_LOOP('',(#761,#762,#763,#764));
#1415=EDGE_LOOP('',(#765,#766,#767,#768));
#1416=EDGE_LOOP('',(#769,#770,#771,#772));
#1417=EDGE_LOOP('',(#773,#774,#775,#776));
#1418=EDGE_LOOP('',(#777,#778,#779,#780));
#1419=EDGE_LOOP('',(#781,#782,#783,#784));
#1420=EDGE_LOOP('',(#785,#786,#787,#788));
#1421=EDGE_LOOP('',(#789,#790,#791,#792));
#1422=EDGE_LOOP('',(#793,#794,#795,#796));
#1423=EDGE_LOOP('',(#797,#798,#799,#800));
#1424=EDGE_LOOP('',(#801,#802,#803,#804));
#1425=EDGE_LOOP('',(#805,#806,#807,#808));
#1426=EDGE_LOOP('',(#809,#810,#811,#812));
#1427=EDGE_LOOP('',(#813,#814,#815,#816));
#1428=EDGE_LOOP('',(#817,#818,#819,#820));
#1429=EDGE_LOOP('',(#821,#822,#823,#824));
#1430=EDGE_LOOP('',(#825,#826,#827,#828));
#1431=EDGE_LOOP('',(#829,#830,#831,#832));
#1432=EDGE_LOOP('',(#833,#834,#835,#836));
#1433=EDGE_LOOP('',(#837,#838,#839,#840));
#1434=EDGE_LOOP('',(#841,#842,#843,#844));
#1435=FACE_BOUND('',#1346,.T.);
#1436=FACE_BOUND('',#1347,.T.);
#1437=FACE_BOUND('',#1348,.T.);
#1438=FACE_BOUND('',#1349,.T.);
#1439=FACE_BOUND('',#1350,.T.);
#1440=FACE_BOUND('',#1351,.T.);
#1441=FACE_BOUND('',#1352,.T.);
#1442=FACE_BOUND('',#1353,.T.);
#1443=FACE_BOUND('',#1354,.T.);
#1444=FACE_BOUND('',#1355,.T.);
#1445=FACE_BOUND('',#1356,.T.);
#1446=FACE_BOUND('',#1357,.T.);
#1447=FACE_BOUND('',#1358,.T.);
#1448=FACE_BOUND('',#1359,.T.);
#1449=FACE_BOUND('',#1360,.T.);
#1450=FACE_BOUND('',#1361,.T.);
#1451=FACE_BOUND('',#1362,.T.);
#1452=FACE_BOUND('',#1363,.T.);
#1453=FACE_BOUND('',#1364,.T.);
#1454=FACE_BOUND('',#1365,.T.);
#1455=FACE_BOUND('',#1366,.T.);
#1456=FACE_BOUND('',#1367,.T.);
#1457=FACE_BOUND('',#1368,.T.);
#1458=FACE_BOUND('',#1369,.T.);
#1459=FACE_BOUND('',#1370,.T.);
#1460=FACE_BOUND('',#1371,.T.);
#1461=FACE_BOUND('',#1372,.T.);
#1462=FACE_BOUND('',#1373,.T.);
#1463=FACE_BOUND('',#1374,.T.);
#1464=FACE_BOUND('',#1375,.T.);
#1465=FACE_BOUND('',#1376,.T.);
#1466=FACE_BOUND('',#1377,.T.);
#1467=FACE_BOUND('',#1378,.T.);
#1468=FACE_BOUND('',#1379,.T.);
#1469=FACE_BOUND('',#1380,.T.);
#1470=FACE_BOUND('',#1381,.T.);
#1471=FACE_BOUND('',#1382,.T.);
#1472=FACE_BOUND('',#1383,.T.);
#1473=FACE_BOUND('',#1384,.T.);
#1474=FACE_BOUND('',#1385,.T.);
#1475=FACE_BOUND('',#1386,.T.);
#1476=FACE_BOUND('',#1387,.T.);
#1477=FACE_BOUND('',#1388,.T.);
#1478=FACE_BOUND('',#1389,.T.);
#1479=FACE_BOUND('',#1390,.T.);
#1480=FACE_BOUND('',#1391,.T.);
#1481=FACE_BOUND('',#1392,.T.);
#1482=FACE_BOUND('',#1393,.T.);
#1483=FACE_BOUND('',#1394,.T.);
#1484=FACE_BOUND('',#1395,.T.);
#1485=FACE_BOUND('',#1396,.T.);
#1486=FACE_BOUND('',#1397,.T.);
#1487=FACE_BOUND('',#1398,.T.);
#1488=FACE_BOUND('',#1399,.T.);
#1489=FACE_BOUND('',#1400,.T.);
#1490=FACE_BOUND('',#1401,.T.);
#1491=FACE_BOUND('',#1402,.T.);
#1492=FACE_BOUND('',#1403,.T.);
#1493=FACE_BOUND('',#1404,.T.);
#1494=FACE_BOUND('',#1405,.T.);
#1495=FACE_BOUND('',#1406,.T.);
#1496=FACE_BOUND('',#1407,.T.);
#1497=FACE_BOUND('',#1408,.T.);
#1498=FACE_BOUND('',#1409,.T.);
#1499=FACE_BOUND('',#1410,.T.);
#1500=FACE_BOUND('',#1411,.T.);
#1501=FACE_BOUND('',#1412,.T.);
#1502=FACE_BOUND('',#1413,.T.);
#1503=FACE_BOUND('',#1414,.T.);
#1504=FACE_BOUND('',#1415,.T.);
#1505=FACE_BOUND('',#1416,.T.);
#1506=FACE_BOUND('',#1417,.T.);
#1507=FACE_BOUND('',#1418,.T.);
#1508=FACE_BOUND('',#1419,.T.);
#1509=FACE_BOUND('',#1420,.T.);
#1510=FACE_BOUND('',#1421,.T.);
#1511=FACE_BOUND('',#1422,.T.);
#1512=FACE_BOUND('',#1423,.T.);
#1513=FACE_BOUND('',#1424,.T.);
#1514=FACE_BOUND('',#1425,.T.);
#1515=FACE_BOUND('',#1426,.T.);
#1516=FACE_BOUND('',#1427,.T.);
#1517=FACE_BOUND('',#1428,.T.);
#1518=FACE_BOUND('',#1429,.T.);
#1519=FACE_BOUND('',#1430,.T.);
#1520=FACE_BOUND('',#1431,.T.);
#1521=FACE_BOUND('',#1432,.T.);
#1522=FACE_BOUND('',#1433,.T.);
#1523=FACE_BOUND('',#1434,.T.);
#1524=PLANE('',#1628);
#1525=PLANE('',#1710);
#1526=PLANE('',#1714);
#1527=PLANE('',#1717);
#1528=ADVANCED_FACE('',(#1435,#1436),#1524,.F.);
#1529=ADVANCED_FACE('',(#1437),#1525,.T.);
#1530=ADVANCED_FACE('',(#1438,#1439),#14,.F.);
#1531=ADVANCED_FACE('',(#1440),#1526,.T.);
#1532=ADVANCED_FACE('',(#1441),#13,.F.);
#1533=ADVANCED_FACE('',(#1442),#1527,.F.);
#1534=ADVANCED_FACE('',(#1443),#12,.T.);
#1535=ADVANCED_FACE('',(#1444),#15,.T.);
#1536=ADVANCED_FACE('',(#1445),#16,.T.);
#1537=ADVANCED_FACE('',(#1446),#17,.T.);
#1538=ADVANCED_FACE('',(#1447),#18,.T.);
#1539=ADVANCED_FACE('',(#1448),#19,.T.);
#1540=ADVANCED_FACE('',(#1449),#20,.T.);
#1541=ADVANCED_FACE('',(#1450),#21,.T.);
#1542=ADVANCED_FACE('',(#1451),#22,.T.);
#1543=ADVANCED_FACE('',(#1452),#23,.T.);
#1544=ADVANCED_FACE('',(#1453),#24,.T.);
#1545=ADVANCED_FACE('',(#1454),#25,.T.);
#1546=ADVANCED_FACE('',(#1455),#26,.T.);
#1547=ADVANCED_FACE('',(#1456),#27,.T.);
#1548=ADVANCED_FACE('',(#1457),#28,.T.);
#1549=ADVANCED_FACE('',(#1458),#29,.T.);
#1550=ADVANCED_FACE('',(#1459),#30,.T.);
#1551=ADVANCED_FACE('',(#1460),#31,.T.);
#1552=ADVANCED_FACE('',(#1461),#32,.T.);
#1553=ADVANCED_FACE('',(#1462),#33,.T.);
#1554=ADVANCED_FACE('',(#1463),#34,.T.);
#1555=ADVANCED_FACE('',(#1464),#35,.T.);
#1556=ADVANCED_FACE('',(#1465),#36,.T.);
#1557=ADVANCED_FACE('',(#1466),#37,.T.);
#1558=ADVANCED_FACE('',(#1467),#38,.T.);
#1559=ADVANCED_FACE('',(#1468),#39,.T.);
#1560=ADVANCED_FACE('',(#1469),#40,.T.);
#1561=ADVANCED_FACE('',(#1470),#41,.T.);
#1562=ADVANCED_FACE('',(#1471),#42,.T.);
#1563=ADVANCED_FACE('',(#1472),#43,.T.);
#1564=ADVANCED_FACE('',(#1473),#44,.T.);
#1565=ADVANCED_FACE('',(#1474),#45,.T.);
#1566=ADVANCED_FACE('',(#1475),#46,.T.);
#1567=ADVANCED_FACE('',(#1476),#47,.T.);
#1568=ADVANCED_FACE('',(#1477),#48,.T.);
#1569=ADVANCED_FACE('',(#1478),#49,.T.);
#1570=ADVANCED_FACE('',(#1479),#50,.T.);
#1571=ADVANCED_FACE('',(#1480),#51,.T.);
#1572=ADVANCED_FACE('',(#1481),#52,.T.);
#1573=ADVANCED_FACE('',(#1482),#53,.T.);
#1574=ADVANCED_FACE('',(#1483),#54,.T.);
#1575=ADVANCED_FACE('',(#1484),#55,.T.);
#1576=ADVANCED_FACE('',(#1485),#56,.T.);
#1577=ADVANCED_FACE('',(#1486),#57,.T.);
#1578=ADVANCED_FACE('',(#1487),#58,.T.);
#1579=ADVANCED_FACE('',(#1488),#59,.T.);
#1580=ADVANCED_FACE('',(#1489),#60,.T.);
#1581=ADVANCED_FACE('',(#1490),#61,.T.);
#1582=ADVANCED_FACE('',(#1491),#62,.T.);
#1583=ADVANCED_FACE('',(#1492),#63,.T.);
#1584=ADVANCED_FACE('',(#1493),#64,.T.);
#1585=ADVANCED_FACE('',(#1494),#65,.T.);
#1586=ADVANCED_FACE('',(#1495),#66,.T.);
#1587=ADVANCED_FACE('',(#1496),#67,.T.);
#1588=ADVANCED_FACE('',(#1497),#68,.T.);
#1589=ADVANCED_FACE('',(#1498),#69,.T.);
#1590=ADVANCED_FACE('',(#1499),#70,.T.);
#1591=ADVANCED_FACE('',(#1500),#71,.T.);
#1592=ADVANCED_FACE('',(#1501),#72,.T.);
#1593=ADVANCED_FACE('',(#1502),#73,.T.);
#1594=ADVANCED_FACE('',(#1503),#74,.T.);
#1595=ADVANCED_FACE('',(#1504),#75,.T.);
#1596=ADVANCED_FACE('',(#1505),#76,.T.);
#1597=ADVANCED_FACE('',(#1506),#77,.T.);
#1598=ADVANCED_FACE('',(#1507),#78,.T.);
#1599=ADVANCED_FACE('',(#1508),#79,.T.);
#1600=ADVANCED_FACE('',(#1509),#80,.T.);
#1601=ADVANCED_FACE('',(#1510),#81,.T.);
#1602=ADVANCED_FACE('',(#1511),#82,.T.);
#1603=ADVANCED_FACE('',(#1512),#83,.T.);
#1604=ADVANCED_FACE('',(#1513),#84,.T.);
#1605=ADVANCED_FACE('',(#1514),#85,.T.);
#1606=ADVANCED_FACE('',(#1515),#86,.T.);
#1607=ADVANCED_FACE('',(#1516),#87,.T.);
#1608=ADVANCED_FACE('',(#1517),#88,.T.);
#1609=ADVANCED_FACE('',(#1518),#89,.T.);
#1610=ADVANCED_FACE('',(#1519),#90,.T.);
#1611=ADVANCED_FACE('',(#1520),#91,.T.);
#1612=ADVANCED_FACE('',(#1521),#92,.T.);
#1613=ADVANCED_FACE('',(#1522),#93,.T.);
#1614=ADVANCED_FACE('',(#1523),#94,.T.);
#1615=CLOSED_SHELL('',(#1528,#1529,#1530,#1531,#1532,#1533,#1534,#1535,#1536,#1537,#1538,#1539,#1540,#1541,#1542,#1543,#1544,#1545,#1546,#1547,#1548,#1549,#1550,#1551,#1552,#1553,#1554,#1555,#1556,#1557,#1558,#1559,#1560,#1561,#1562,#1563,#1564,#1565,#1566,#1567,#1568,#1569,#1570,#1571,#1572,#1573,#1574,#1575,#1576,#1577,#1578,#1579,#1580,#1581,#1582,#1583,#1584,#1585,#1586,#1587,#1588,#1589,#1590,#1591,#1592,#1593,#1594,#1595,#1596,#1597,#1598,#1599,#1600,#1601,#1602,#1603,#1604,#1605,#1606,#1607,#1608,#1609,#1610,#1611,#1612,#1613,#1614));
#1616=STYLED_ITEM('',(#1617),#1624);
#1617=PRESENTATION_STYLE_ASSIGNMENT((#1618));
#1618=SURFACE_STYLE_USAGE(.BOTH.,#1619);
#1619=SURFACE_SIDE_STYLE('',(#1620));
#1620=SURFACE_STYLE_FILL_AREA(#1621);
#1621=FILL_AREA_STYLE('',(#1622));
#1622=FILL_AREA_STYLE_COLOUR('',#1623);
#1623=COLOUR_RGB('',0.615686274509804,0.811764705882353,0.929411764705882);
#1624=MANIFOLD_SOLID_BREP('Knob',#1615);
#1625=SHAPE_DEFINITION_REPRESENTATION(#3224,#1626);
#1626=SHAPE_REPRESENTATION('Knob',(#1627),#3219);
#1627=AXIS2_PLACEMENT_3D('',#2227,#1799,#1800);
#1628=AXIS2_PLACEMENT_3D('',#2228,#1801,#1802);
#1629=AXIS2_PLACEMENT_3D('',#2229,#1803,#1804);
#1630=AXIS2_PLACEMENT_3D('',#2231,#1805,#1806);
#1631=AXIS2_PLACEMENT_3D('',#2234,#1807,#1808);
#1632=AXIS2_PLACEMENT_3D('',#2236,#1809,#1810);
#1633=AXIS2_PLACEMENT_3D('',#2238,#1811,#1812);
#1634=AXIS2_PLACEMENT_3D('',#2240,#1813,#1814);
#1635=AXIS2_PLACEMENT_3D('',#2242,#1815,#1816);
#1636=AXIS2_PLACEMENT_3D('',#2244,#1817,#1818);
#1637=AXIS2_PLACEMENT_3D('',#2246,#1819,#1820);
#1638=AXIS2_PLACEMENT_3D('',#2248,#1821,#1822);
#1639=AXIS2_PLACEMENT_3D('',#2250,#1823,#1824);
#1640=AXIS2_PLACEMENT_3D('',#2252,#1825,#1826);
#1641=AXIS2_PLACEMENT_3D('',#2254,#1827,#1828);
#1642=AXIS2_PLACEMENT_3D('',#2256,#1829,#1830);
#1643=AXIS2_PLACEMENT_3D('',#2258,#1831,#1832);
#1644=AXIS2_PLACEMENT_3D('',#2260,#1833,#1834);
#1645=AXIS2_PLACEMENT_3D('',#2262,#1835,#1836);
#1646=AXIS2_PLACEMENT_3D('',#2264,#1837,#1838);
#1647=AXIS2_PLACEMENT_3D('',#2266,#1839,#1840);
#1648=AXIS2_PLACEMENT_3D('',#2268,#1841,#1842);
#1649=AXIS2_PLACEMENT_3D('',#2270,#1843,#1844);
#1650=AXIS2_PLACEMENT_3D('',#2272,#1845,#1846);
#1651=AXIS2_PLACEMENT_3D('',#2274,#1847,#1848);
#1652=AXIS2_PLACEMENT_3D('',#2276,#1849,#1850);
#1653=AXIS2_PLACEMENT_3D('',#2278,#1851,#1852);
#1654=AXIS2_PLACEMENT_3D('',#2280,#1853,#1854);
#1655=AXIS2_PLACEMENT_3D('',#2282,#1855,#1856);
#1656=AXIS2_PLACEMENT_3D('',#2284,#1857,#1858);
#1657=AXIS2_PLACEMENT_3D('',#2286,#1859,#1860);
#1658=AXIS2_PLACEMENT_3D('',#2288,#1861,#1862);
#1659=AXIS2_PLACEMENT_3D('',#2290,#1863,#1864);
#1660=AXIS2_PLACEMENT_3D('',#2292,#1865,#1866);
#1661=AXIS2_PLACEMENT_3D('',#2294,#1867,#1868);
#1662=AXIS2_PLACEMENT_3D('',#2296,#1869,#1870);
#1663=AXIS2_PLACEMENT_3D('',#2298,#1871,#1872);
#1664=AXIS2_PLACEMENT_3D('',#2300,#1873,#1874);
#1665=AXIS2_PLACEMENT_3D('',#2302,#1875,#1876);
#1666=AXIS2_PLACEMENT_3D('',#2304,#1877,#1878);
#1667=AXIS2_PLACEMENT_3D('',#2306,#1879,#1880);
#1668=AXIS2_PLACEMENT_3D('',#2308,#1881,#1882);
#1669=AXIS2_PLACEMENT_3D('',#2310,#1883,#1884);
#1670=AXIS2_PLACEMENT_3D('',#2312,#1885,#1886);
#1671=AXIS2_PLACEMENT_3D('',#2314,#1887,#1888);
#1672=AXIS2_PLACEMENT_3D('',#2316,#1889,#1890);
#1673=AXIS2_PLACEMENT_3D('',#2318,#1891,#1892);
#1674=AXIS2_PLACEMENT_3D('',#2320,#1893,#1894);
#1675=AXIS2_PLACEMENT_3D('',#2322,#1895,#1896);
#1676=AXIS2_PLACEMENT_3D('',#2324,#1897,#1898);
#1677=AXIS2_PLACEMENT_3D('',#2326,#1899,#1900);
#1678=AXIS2_PLACEMENT_3D('',#2328,#1901,#1902);
#1679=AXIS2_PLACEMENT_3D('',#2330,#1903,#1904);
#1680=AXIS2_PLACEMENT_3D('',#2332,#1905,#1906);
#1681=AXIS2_PLACEMENT_3D('',#2334,#1907,#1908);
#1682=AXIS2_PLACEMENT_3D('',#2336,#1909,#1910);
#1683=AXIS2_PLACEMENT_3D('',#2338,#1911,#1912);
#1684=AXIS2_PLACEMENT_3D('',#2340,#1913,#1914);
#1685=AXIS2_PLACEMENT_3D('',#2342,#1915,#1916);
#1686=AXIS2_PLACEMENT_3D('',#2344,#1917,#1918);
#1687=AXIS2_PLACEMENT_3D('',#2346,#1919,#1920);
#1688=AXIS2_PLACEMENT_3D('',#2348,#1921,#1922);
#1689=AXIS2_PLACEMENT_3D('',#2350,#1923,#1924);
#1690=AXIS2_PLACEMENT_3D('',#2352,#1925,#1926);
#1691=AXIS2_PLACEMENT_3D('',#2354,#1927,#1928);
#1692=AXIS2_PLACEMENT_3D('',#2356,#1929,#1930);
#1693=AXIS2_PLACEMENT_3D('',#2358,#1931,#1932);
#1694=AXIS2_PLACEMENT_3D('',#2360,#1933,#1934);
#1695=AXIS2_PLACEMENT_3D('',#2362,#1935,#1936);
#1696=AXIS2_PLACEMENT_3D('',#2364,#1937,#1938);
#1697=AXIS2_PLACEMENT_3D('',#2366,#1939,#1940);
#1698=AXIS2_PLACEMENT_3D('',#2368,#1941,#1942);
#1699=AXIS2_PLACEMENT_3D('',#2370,#1943,#1944);
#1700=AXIS2_PLACEMENT_3D('',#2372,#1945,#1946);
#1701=AXIS2_PLACEMENT_3D('',#2374,#1947,#1948);
#1702=AXIS2_PLACEMENT_3D('',#2376,#1949,#1950);
#1703=AXIS2_PLACEMENT_3D('',#2378,#1951,#1952);
#1704=AXIS2_PLACEMENT_3D('',#2380,#1953,#1954);
#1705=AXIS2_PLACEMENT_3D('',#2382,#1955,#1956);
#1706=AXIS2_PLACEMENT_3D('',#2384,#1957,#1958);
#1707=AXIS2_PLACEMENT_3D('',#2386,#1959,#1960);
#1708=AXIS2_PLACEMENT_3D('',#2388,#1961,#1962);
#1709=AXIS2_PLACEMENT_3D('',#2390,#1963,#1964);
#1710=AXIS2_PLACEMENT_3D('',#2391,#1965,#1966);
#1711=AXIS2_PLACEMENT_3D('',#2410,#1971,#1972);
#1712=AXIS2_PLACEMENT_3D('',#2411,#1973,#1974);
#1713=AXIS2_PLACEMENT_3D('',#2412,#1975,#1976);
#1714=AXIS2_PLACEMENT_3D('',#2413,#1977,#1978);
#1715=AXIS2_PLACEMENT_3D('',#2414,#1979,#1980);
#1716=AXIS2_PLACEMENT_3D('',#2415,#1981,#1982);
#1717=AXIS2_PLACEMENT_3D('',#2416,#1983,#1984);
#1718=AXIS2_PLACEMENT_3D('',#2417,#1985,#1986);
#1719=AXIS2_PLACEMENT_3D('',#3058,#1987,#1988);
#1720=AXIS2_PLACEMENT_3D('',#3061,#1991,#1992);
#1721=AXIS2_PLACEMENT_3D('',#3063,#1994,#1995);
#1722=AXIS2_PLACEMENT_3D('',#3066,#1998,#1999);
#1723=AXIS2_PLACEMENT_3D('',#3068,#2001,#2002);
#1724=AXIS2_PLACEMENT_3D('',#3071,#2005,#2006);
#1725=AXIS2_PLACEMENT_3D('',#3073,#2008,#2009);
#1726=AXIS2_PLACEMENT_3D('',#3076,#2012,#2013);
#1727=AXIS2_PLACEMENT_3D('',#3078,#2015,#2016);
#1728=AXIS2_PLACEMENT_3D('',#3081,#2019,#2020);
#1729=AXIS2_PLACEMENT_3D('',#3083,#2022,#2023);
#1730=AXIS2_PLACEMENT_3D('',#3086,#2026,#2027);
#1731=AXIS2_PLACEMENT_3D('',#3088,#2029,#2030);
#1732=AXIS2_PLACEMENT_3D('',#3091,#2033,#2034);
#1733=AXIS2_PLACEMENT_3D('',#3093,#2036,#2037);
#1734=AXIS2_PLACEMENT_3D('',#3095,#2039,#2040);
#1735=AXIS2_PLACEMENT_3D('',#3097,#2042,#2043);
#1736=AXIS2_PLACEMENT_3D('',#3099,#2045,#2046);
#1737=AXIS2_PLACEMENT_3D('',#3101,#2048,#2049);
#1738=AXIS2_PLACEMENT_3D('',#3103,#2051,#2052);
#1739=AXIS2_PLACEMENT_3D('',#3105,#2054,#2055);
#1740=AXIS2_PLACEMENT_3D('',#3107,#2057,#2058);
#1741=AXIS2_PLACEMENT_3D('',#3109,#2060,#2061);
#1742=AXIS2_PLACEMENT_3D('',#3111,#2063,#2064);
#1743=AXIS2_PLACEMENT_3D('',#3113,#2066,#2067);
#1744=AXIS2_PLACEMENT_3D('',#3115,#2069,#2070);
#1745=AXIS2_PLACEMENT_3D('',#3117,#2072,#2073);
#1746=AXIS2_PLACEMENT_3D('',#3119,#2075,#2076);
#1747=AXIS2_PLACEMENT_3D('',#3121,#2078,#2079);
#1748=AXIS2_PLACEMENT_3D('',#3123,#2081,#2082);
#1749=AXIS2_PLACEMENT_3D('',#3125,#2084,#2085);
#1750=AXIS2_PLACEMENT_3D('',#3127,#2087,#2088);
#1751=AXIS2_PLACEMENT_3D('',#3129,#2090,#2091);
#1752=AXIS2_PLACEMENT_3D('',#3131,#2093,#2094);
#1753=AXIS2_PLACEMENT_3D('',#3133,#2096,#2097);
#1754=AXIS2_PLACEMENT_3D('',#3135,#2099,#2100);
#1755=AXIS2_PLACEMENT_3D('',#3137,#2102,#2103);
#1756=AXIS2_PLACEMENT_3D('',#3139,#2105,#2106);
#1757=AXIS2_PLACEMENT_3D('',#3141,#2108,#2109);
#1758=AXIS2_PLACEMENT_3D('',#3143,#2111,#2112);
#1759=AXIS2_PLACEMENT_3D('',#3145,#2114,#2115);
#1760=AXIS2_PLACEMENT_3D('',#3147,#2117,#2118);
#1761=AXIS2_PLACEMENT_3D('',#3149,#2120,#2121);
#1762=AXIS2_PLACEMENT_3D('',#3151,#2123,#2124);
#1763=AXIS2_PLACEMENT_3D('',#3153,#2126,#2127);
#1764=AXIS2_PLACEMENT_3D('',#3155,#2129,#2130);
#1765=AXIS2_PLACEMENT_3D('',#3157,#2132,#2133);
#1766=AXIS2_PLACEMENT_3D('',#3159,#2135,#2136);
#1767=AXIS2_PLACEMENT_3D('',#3161,#2138,#2139);
#1768=AXIS2_PLACEMENT_3D('',#3163,#2141,#2142);
#1769=AXIS2_PLACEMENT_3D('',#3165,#2144,#2145);
#1770=AXIS2_PLACEMENT_3D('',#3167,#2147,#2148);
#1771=AXIS2_PLACEMENT_3D('',#3168,#2149,#2150);
#1772=AXIS2_PLACEMENT_3D('',#3170,#2152,#2153);
#1773=AXIS2_PLACEMENT_3D('',#3172,#2155,#2156);
#1774=AXIS2_PLACEMENT_3D('',#3174,#2158,#2159);
#1775=AXIS2_PLACEMENT_3D('',#3176,#2161,#2162);
#1776=AXIS2_PLACEMENT_3D('',#3178,#2164,#2165);
#1777=AXIS2_PLACEMENT_3D('',#3180,#2167,#2168);
#1778=AXIS2_PLACEMENT_3D('',#3182,#2170,#2171);
#1779=AXIS2_PLACEMENT_3D('',#3184,#2173,#2174);
#1780=AXIS2_PLACEMENT_3D('',#3186,#2176,#2177);
#1781=AXIS2_PLACEMENT_3D('',#3188,#2179,#2180);
#1782=AXIS2_PLACEMENT_3D('',#3190,#2182,#2183);
#1783=AXIS2_PLACEMENT_3D('',#3192,#2185,#2186);
#1784=AXIS2_PLACEMENT_3D('',#3194,#2188,#2189);
#1785=AXIS2_PLACEMENT_3D('',#3196,#2191,#2192);
#1786=AXIS2_PLACEMENT_3D('',#3198,#2194,#2195);
#1787=AXIS2_PLACEMENT_3D('',#3200,#2197,#2198);
#1788=AXIS2_PLACEMENT_3D('',#3202,#2200,#2201);
#1789=AXIS2_PLACEMENT_3D('',#3203,#2202,#2203);
#1790=AXIS2_PLACEMENT_3D('',#3205,#2205,#2206);
#1791=AXIS2_PLACEMENT_3D('',#3206,#2207,#2208);
#1792=AXIS2_PLACEMENT_3D('',#3208,#2210,#2211);
#1793=AXIS2_PLACEMENT_3D('',#3209,#2212,#2213);
#1794=AXIS2_PLACEMENT_3D('',#3211,#2215,#2216);
#1795=AXIS2_PLACEMENT_3D('',#3212,#2217,#2218);
#1796=AXIS2_PLACEMENT_3D('',#3214,#2220,#2221);
#1797=AXIS2_PLACEMENT_3D('',#3215,#2222,#2223);
#1798=AXIS2_PLACEMENT_3D('',#3217,#2225,#2226);
#1799=DIRECTION('',(0.,0.,1.));
#1800=DIRECTION('',(1.,0.,0.));
#1801=DIRECTION('',(0.,0.,1.));
#1802=DIRECTION('',(1.,0.,0.));
#1803=DIRECTION('',(0.,0.,-1.));
#1804=DIRECTION('',(-1.,0.,0.));
#1805=DIRECTION('',(0.,0.,1.));
#1806=DIRECTION('',(1.,0.,0.));
#1807=DIRECTION('',(0.,0.,1.));
#1808=DIRECTION('',(1.,0.,0.));
#1809=DIRECTION('',(0.,0.,1.));
#1810=DIRECTION('',(1.,0.,0.));
#1811=DIRECTION('',(0.,0.,1.));
#1812=DIRECTION('',(1.,0.,0.));
#1813=DIRECTION('',(0.,0.,1.));
#1814=DIRECTION('',(1.,0.,0.));
#1815=DIRECTION('',(0.,0.,1.));
#1816=DIRECTION('',(1.,0.,0.));
#1817=DIRECTION('',(0.,0.,1.));
#1818=DIRECTION('',(1.,0.,0.));
#1819=DIRECTION('',(0.,0.,1.));
#1820=DIRECTION('',(1.,0.,0.));
#1821=DIRECTION('',(0.,0.,1.));
#1822=DIRECTION('',(1.,0.,0.));
#1823=DIRECTION('',(0.,0.,1.));
#1824=DIRECTION('',(1.,0.,0.));
#1825=DIRECTION('',(0.,0.,1.));
#1826=DIRECTION('',(1.,0.,0.));
#1827=DIRECTION('',(0.,0.,1.));
#1828=DIRECTION('',(1.,0.,0.));
#1829=DIRECTION('',(0.,0.,1.));
#1830=DIRECTION('',(1.,0.,0.));
#1831=DIRECTION('',(0.,0.,1.));
#1832=DIRECTION('',(1.,0.,0.));
#1833=DIRECTION('',(0.,0.,1.));
#1834=DIRECTION('',(1.,0.,0.));
#1835=DIRECTION('',(0.,0.,1.));
#1836=DIRECTION('',(1.,0.,0.));
#1837=DIRECTION('',(0.,0.,1.));
#1838=DIRECTION('',(1.,0.,0.));
#1839=DIRECTION('',(0.,0.,1.));
#1840=DIRECTION('',(1.,0.,0.));
#1841=DIRECTION('',(0.,0.,1.));
#1842=DIRECTION('',(1.,0.,0.));
#1843=DIRECTION('',(0.,0.,1.));
#1844=DIRECTION('',(1.,0.,0.));
#1845=DIRECTION('',(0.,0.,1.));
#1846=DIRECTION('',(1.,0.,0.));
#1847=DIRECTION('',(0.,0.,1.));
#1848=DIRECTION('',(1.,0.,0.));
#1849=DIRECTION('',(0.,0.,1.));
#1850=DIRECTION('',(1.,0.,0.));
#1851=DIRECTION('',(0.,0.,1.));
#1852=DIRECTION('',(1.,0.,0.));
#1853=DIRECTION('',(0.,0.,1.));
#1854=DIRECTION('',(1.,0.,0.));
#1855=DIRECTION('',(0.,0.,1.));
#1856=DIRECTION('',(1.,0.,0.));
#1857=DIRECTION('',(0.,0.,1.));
#1858=DIRECTION('',(1.,0.,0.));
#1859=DIRECTION('',(0.,0.,1.));
#1860=DIRECTION('',(1.,0.,0.));
#1861=DIRECTION('',(0.,0.,1.));
#1862=DIRECTION('',(1.,0.,0.));
#1863=DIRECTION('',(0.,0.,1.));
#1864=DIRECTION('',(1.,0.,0.));
#1865=DIRECTION('',(0.,0.,1.));
#1866=DIRECTION('',(1.,0.,0.));
#1867=DIRECTION('',(0.,0.,1.));
#1868=DIRECTION('',(1.,0.,0.));
#1869=DIRECTION('',(0.,0.,1.));
#1870=DIRECTION('',(1.,0.,0.));
#1871=DIRECTION('',(0.,0.,1.));
#1872=DIRECTION('',(1.,0.,0.));
#1873=DIRECTION('',(0.,0.,1.));
#1874=DIRECTION('',(1.,0.,0.));
#1875=DIRECTION('',(0.,0.,1.));
#1876=DIRECTION('',(1.,0.,0.));
#1877=DIRECTION('',(0.,0.,1.));
#1878=DIRECTION('',(1.,0.,0.));
#1879=DIRECTION('',(0.,0.,1.));
#1880=DIRECTION('',(1.,0.,0.));
#1881=DIRECTION('',(0.,0.,1.));
#1882=DIRECTION('',(1.,0.,0.));
#1883=DIRECTION('',(0.,0.,1.));
#1884=DIRECTION('',(1.,0.,0.));
#1885=DIRECTION('',(0.,0.,1.));
#1886=DIRECTION('',(1.,0.,0.));
#1887=DIRECTION('',(0.,0.,1.));
#1888=DIRECTION('',(1.,0.,0.));
#1889=DIRECTION('',(0.,0.,1.));
#1890=DIRECTION('',(1.,0.,0.));
#1891=DIRECTION('',(0.,0.,1.));
#1892=DIRECTION('',(1.,0.,0.));
#1893=DIRECTION('',(0.,0.,1.));
#1894=DIRECTION('',(1.,0.,0.));
#1895=DIRECTION('',(0.,0.,1.));
#1896=DIRECTION('',(1.,0.,0.));
#1897=DIRECTION('',(0.,0.,1.));
#1898=DIRECTION('',(1.,0.,0.));
#1899=DIRECTION('',(0.,0.,1.));
#1900=DIRECTION('',(1.,0.,0.));
#1901=DIRECTION('',(0.,0.,1.));
#1902=DIRECTION('',(1.,0.,0.));
#1903=DIRECTION('',(0.,0.,1.));
#1904=DIRECTION('',(1.,0.,0.));
#1905=DIRECTION('',(0.,0.,1.));
#1906=DIRECTION('',(1.,0.,0.));
#1907=DIRECTION('',(0.,0.,1.));
#1908=DIRECTION('',(1.,0.,0.));
#1909=DIRECTION('',(0.,0.,1.));
#1910=DIRECTION('',(1.,0.,0.));
#1911=DIRECTION('',(0.,0.,1.));
#1912=DIRECTION('',(1.,0.,0.));
#1913=DIRECTION('',(0.,0.,1.));
#1914=DIRECTION('',(1.,0.,0.));
#1915=DIRECTION('',(0.,0.,1.));
#1916=DIRECTION('',(1.,0.,0.));
#1917=DIRECTION('',(0.,0.,1.));
#1918=DIRECTION('',(1.,0.,0.));
#1919=DIRECTION('',(0.,0.,1.));
#1920=DIRECTION('',(1.,0.,0.));
#1921=DIRECTION('',(0.,0.,1.));
#1922=DIRECTION('',(1.,0.,0.));
#1923=DIRECTION('',(0.,0.,1.));
#1924=DIRECTION('',(1.,0.,0.));
#1925=DIRECTION('',(0.,0.,1.));
#1926=DIRECTION('',(1.,0.,0.));
#1927=DIRECTION('',(0.,0.,1.));
#1928=DIRECTION('',(1.,0.,0.));
#1929=DIRECTION('',(0.,0.,1.));
#1930=DIRECTION('',(1.,0.,0.));
#1931=DIRECTION('',(0.,0.,1.));
#1932=DIRECTION('',(1.,0.,0.));
#1933=DIRECTION('',(0.,0.,1.));
#1934=DIRECTION('',(1.,0.,0.));
#1935=DIRECTION('',(0.,0.,1.));
#1936=DIRECTION('',(1.,0.,0.));
#1937=DIRECTION('',(0.,0.,1.));
#1938=DIRECTION('',(1.,0.,0.));
#1939=DIRECTION('',(0.,0.,1.));
#1940=DIRECTION('',(1.,0.,0.));
#1941=DIRECTION('',(0.,0.,1.));
#1942=DIRECTION('',(1.,0.,0.));
#1943=DIRECTION('',(0.,0.,1.));
#1944=DIRECTION('',(1.,0.,0.));
#1945=DIRECTION('',(0.,0.,1.));
#1946=DIRECTION('',(1.,0.,0.));
#1947=DIRECTION('',(0.,0.,1.));
#1948=DIRECTION('',(1.,0.,0.));
#1949=DIRECTION('',(0.,0.,1.));
#1950=DIRECTION('',(1.,0.,0.));
#1951=DIRECTION('',(0.,0.,1.));
#1952=DIRECTION('',(1.,0.,0.));
#1953=DIRECTION('',(0.,0.,1.));
#1954=DIRECTION('',(1.,0.,0.));
#1955=DIRECTION('',(0.,0.,1.));
#1956=DIRECTION('',(1.,0.,0.));
#1957=DIRECTION('',(0.,0.,1.));
#1958=DIRECTION('',(1.,0.,0.));
#1959=DIRECTION('',(0.,0.,1.));
#1960=DIRECTION('',(1.,0.,0.));
#1961=DIRECTION('',(0.,0.,1.));
#1962=DIRECTION('',(1.,0.,0.));
#1963=DIRECTION('',(0.,0.,1.));
#1964=DIRECTION('',(1.,0.,0.));
#1965=DIRECTION('',(-1.,8.5035464508667E-17,0.));
#1966=DIRECTION('',(-8.5035464508667E-17,-1.,0.));
#1967=DIRECTION('',(8.5035464508667E-17,1.,0.));
#1968=DIRECTION('',(0.,0.,-1.));
#1969=DIRECTION('',(8.5035464508667E-17,1.,0.));
#1970=DIRECTION('',(0.,0.,-1.));
#1971=DIRECTION('',(0.,0.,-1.));
#1972=DIRECTION('',(-1.,0.,0.));
#1973=DIRECTION('',(0.,0.,-1.));
#1974=DIRECTION('',(-1.,0.,0.));
#1975=DIRECTION('',(0.,0.,-1.));
#1976=DIRECTION('',(-1.,0.,0.));
#1977=DIRECTION('',(0.,0.,-1.));
#1978=DIRECTION('',(1.,0.,0.));
#1979=DIRECTION('',(0.,0.,-1.));
#1980=DIRECTION('',(-1.,0.,0.));
#1981=DIRECTION('',(0.,0.,-1.));
#1982=DIRECTION('',(-1.,0.,0.));
#1983=DIRECTION('',(1.70718112958005E-15,0.,1.));
#1984=DIRECTION('',(1.,0.,-1.70718112958005E-15));
#1985=DIRECTION('',(1.70718112958005E-15,0.,1.));
#1986=DIRECTION('',(1.,0.,-1.70718112958005E-15));
#1987=DIRECTION('',(0.,0.,-1.));
#1988=DIRECTION('',(-1.,0.,0.));
#1989=DIRECTION('',(0.,0.,-1.));
#1990=DIRECTION('',(0.,0.,-1.));
#1991=DIRECTION('',(0.,0.,-1.));
#1992=DIRECTION('',(-1.,0.,0.));
#1993=DIRECTION('',(0.,0.,-1.));
#1994=DIRECTION('',(0.,0.,-1.));
#1995=DIRECTION('',(-1.,0.,0.));
#1996=DIRECTION('',(0.,0.,-1.));
#1997=DIRECTION('',(0.,0.,-1.));
#1998=DIRECTION('',(0.,0.,-1.));
#1999=DIRECTION('',(-1.,0.,0.));
#2000=DIRECTION('',(0.,0.,-1.));
#2001=DIRECTION('',(0.,0.,-1.));
#2002=DIRECTION('',(-1.,0.,0.));
#2003=DIRECTION('',(0.,0.,-1.));
#2004=DIRECTION('',(0.,0.,-1.));
#2005=DIRECTION('',(0.,0.,-1.));
#2006=DIRECTION('',(-1.,0.,0.));
#2007=DIRECTION('',(0.,0.,-1.));
#2008=DIRECTION('',(0.,0.,-1.));
#2009=DIRECTION('',(-1.,0.,0.));
#2010=DIRECTION('',(0.,0.,-1.));
#2011=DIRECTION('',(0.,0.,-1.));
#2012=DIRECTION('',(0.,0.,-1.));
#2013=DIRECTION('',(-1.,0.,0.));
#2014=DIRECTION('',(0.,0.,-1.));
#2015=DIRECTION('',(0.,0.,-1.));
#2016=DIRECTION('',(-1.,0.,0.));
#2017=DIRECTION('',(0.,0.,-1.));
#2018=DIRECTION('',(0.,0.,-1.));
#2019=DIRECTION('',(0.,0.,-1.));
#2020=DIRECTION('',(-1.,0.,0.));
#2021=DIRECTION('',(0.,0.,-1.));
#2022=DIRECTION('',(0.,0.,-1.));
#2023=DIRECTION('',(-1.,0.,0.));
#2024=DIRECTION('',(0.,0.,-1.));
#2025=DIRECTION('',(0.,0.,-1.));
#2026=DIRECTION('',(0.,0.,-1.));
#2027=DIRECTION('',(-1.,0.,0.));
#2028=DIRECTION('',(0.,0.,-1.));
#2029=DIRECTION('',(0.,0.,-1.));
#2030=DIRECTION('',(-1.,0.,0.));
#2031=DIRECTION('',(0.,0.,-1.));
#2032=DIRECTION('',(0.,0.,-1.));
#2033=DIRECTION('',(0.,0.,-1.));
#2034=DIRECTION('',(-1.,0.,0.));
#2035=DIRECTION('',(0.,0.,-1.));
#2036=DIRECTION('',(0.,0.,-1.));
#2037=DIRECTION('',(-1.,0.,0.));
#2038=DIRECTION('',(0.,0.,-1.));
#2039=DIRECTION('',(0.,0.,-1.));
#2040=DIRECTION('',(-1.,0.,0.));
#2041=DIRECTION('',(0.,0.,-1.));
#2042=DIRECTION('',(0.,0.,-1.));
#2043=DIRECTION('',(-1.,0.,0.));
#2044=DIRECTION('',(0.,0.,-1.));
#2045=DIRECTION('',(0.,0.,-1.));
#2046=DIRECTION('',(-1.,0.,0.));
#2047=DIRECTION('',(0.,0.,-1.));
#2048=DIRECTION('',(0.,0.,-1.));
#2049=DIRECTION('',(-1.,0.,0.));
#2050=DIRECTION('',(0.,0.,-1.));
#2051=DIRECTION('',(0.,0.,-1.));
#2052=DIRECTION('',(-1.,0.,0.));
#2053=DIRECTION('',(0.,0.,-1.));
#2054=DIRECTION('',(0.,0.,-1.));
#2055=DIRECTION('',(-1.,0.,0.));
#2056=DIRECTION('',(0.,0.,-1.));
#2057=DIRECTION('',(0.,0.,-1.));
#2058=DIRECTION('',(-1.,0.,0.));
#2059=DIRECTION('',(0.,0.,-1.));
#2060=DIRECTION('',(0.,0.,-1.));
#2061=DIRECTION('',(-1.,0.,0.));
#2062=DIRECTION('',(0.,0.,-1.));
#2063=DIRECTION('',(0.,0.,-1.));
#2064=DIRECTION('',(-1.,0.,0.));
#2065=DIRECTION('',(0.,0.,-1.));
#2066=DIRECTION('',(0.,0.,-1.));
#2067=DIRECTION('',(-1.,0.,0.));
#2068=DIRECTION('',(0.,0.,-1.));
#2069=DIRECTION('',(0.,0.,-1.));
#2070=DIRECTION('',(-1.,0.,0.));
#2071=DIRECTION('',(0.,0.,-1.));
#2072=DIRECTION('',(0.,0.,-1.));
#2073=DIRECTION('',(-1.,0.,0.));
#2074=DIRECTION('',(0.,0.,-1.));
#2075=DIRECTION('',(0.,0.,-1.));
#2076=DIRECTION('',(-1.,0.,0.));
#2077=DIRECTION('',(0.,0.,-1.));
#2078=DIRECTION('',(0.,0.,-1.));
#2079=DIRECTION('',(-1.,0.,0.));
#2080=DIRECTION('',(0.,0.,-1.));
#2081=DIRECTION('',(0.,0.,-1.));
#2082=DIRECTION('',(-1.,0.,0.));
#2083=DIRECTION('',(0.,0.,-1.));
#2084=DIRECTION('',(0.,0.,-1.));
#2085=DIRECTION('',(-1.,0.,0.));
#2086=DIRECTION('',(0.,0.,-1.));
#2087=DIRECTION('',(0.,0.,-1.));
#2088=DIRECTION('',(-1.,0.,0.));
#2089=DIRECTION('',(0.,0.,-1.));
#2090=DIRECTION('',(0.,0.,-1.));
#2091=DIRECTION('',(-1.,0.,0.));
#2092=DIRECTION('',(0.,0.,-1.));
#2093=DIRECTION('',(0.,0.,-1.));
#2094=DIRECTION('',(-1.,0.,0.));
#2095=DIRECTION('',(0.,0.,-1.));
#2096=DIRECTION('',(0.,0.,-1.));
#2097=DIRECTION('',(-1.,0.,0.));
#2098=DIRECTION('',(0.,0.,-1.));
#2099=DIRECTION('',(0.,0.,-1.));
#2100=DIRECTION('',(-1.,0.,0.));
#2101=DIRECTION('',(0.,0.,-1.));
#2102=DIRECTION('',(0.,0.,-1.));
#2103=DIRECTION('',(-1.,0.,0.));
#2104=DIRECTION('',(0.,0.,-1.));
#2105=DIRECTION('',(0.,0.,-1.));
#2106=DIRECTION('',(-1.,0.,0.));
#2107=DIRECTION('',(0.,0.,-1.));
#2108=DIRECTION('',(0.,0.,-1.));
#2109=DIRECTION('',(-1.,0.,0.));
#2110=DIRECTION('',(0.,0.,-1.));
#2111=DIRECTION('',(0.,0.,-1.));
#2112=DIRECTION('',(-1.,0.,0.));
#2113=DIRECTION('',(0.,0.,-1.));
#2114=DIRECTION('',(0.,0.,-1.));
#2115=DIRECTION('',(-1.,0.,0.));
#2116=DIRECTION('',(0.,0.,-1.));
#2117=DIRECTION('',(0.,0.,-1.));
#2118=DIRECTION('',(-1.,0.,0.));
#2119=DIRECTION('',(0.,0.,-1.));
#2120=DIRECTION('',(0.,0.,-1.));
#2121=DIRECTION('',(-1.,0.,0.));
#2122=DIRECTION('',(0.,0.,-1.));
#2123=DIRECTION('',(0.,0.,-1.));
#2124=DIRECTION('',(-1.,0.,0.));
#2125=DIRECTION('',(0.,0.,-1.));
#2126=DIRECTION('',(0.,0.,-1.));
#2127=DIRECTION('',(-1.,0.,0.));
#2128=DIRECTION('',(0.,0.,-1.));
#2129=DIRECTION('',(0.,0.,-1.));
#2130=DIRECTION('',(-1.,0.,0.));
#2131=DIRECTION('',(0.,0.,-1.));
#2132=DIRECTION('',(0.,0.,-1.));
#2133=DIRECTION('',(-1.,0.,0.));
#2134=DIRECTION('',(0.,0.,-1.));
#2135=DIRECTION('',(0.,0.,-1.));
#2136=DIRECTION('',(-1.,0.,0.));
#2137=DIRECTION('',(0.,0.,-1.));
#2138=DIRECTION('',(0.,0.,-1.));
#2139=DIRECTION('',(-1.,0.,0.));
#2140=DIRECTION('',(0.,0.,-1.));
#2141=DIRECTION('',(0.,0.,-1.));
#2142=DIRECTION('',(-1.,0.,0.));
#2143=DIRECTION('',(0.,0.,-1.));
#2144=DIRECTION('',(0.,0.,-1.));
#2145=DIRECTION('',(-1.,0.,0.));
#2146=DIRECTION('',(0.,0.,-1.));
#2147=DIRECTION('',(0.,0.,-1.));
#2148=DIRECTION('',(-1.,0.,0.));
#2149=DIRECTION('',(0.,0.,-1.));
#2150=DIRECTION('',(-1.,0.,0.));
#2151=DIRECTION('',(0.,0.,-1.));
#2152=DIRECTION('',(0.,0.,-1.));
#2153=DIRECTION('',(-1.,0.,0.));
#2154=DIRECTION('',(0.,0.,-1.));
#2155=DIRECTION('',(0.,0.,-1.));
#2156=DIRECTION('',(-1.,0.,0.));
#2157=DIRECTION('',(0.,0.,-1.));
#2158=DIRECTION('',(0.,0.,-1.));
#2159=DIRECTION('',(-1.,0.,0.));
#2160=DIRECTION('',(0.,0.,-1.));
#2161=DIRECTION('',(0.,0.,-1.));
#2162=DIRECTION('',(-1.,0.,0.));
#2163=DIRECTION('',(0.,0.,-1.));
#2164=DIRECTION('',(0.,0.,-1.));
#2165=DIRECTION('',(-1.,0.,0.));
#2166=DIRECTION('',(0.,0.,-1.));
#2167=DIRECTION('',(0.,0.,-1.));
#2168=DIRECTION('',(-1.,0.,0.));
#2169=DIRECTION('',(0.,0.,-1.));
#2170=DIRECTION('',(0.,0.,-1.));
#2171=DIRECTION('',(-1.,0.,0.));
#2172=DIRECTION('',(0.,0.,-1.));
#2173=DIRECTION('',(0.,0.,-1.));
#2174=DIRECTION('',(-1.,0.,0.));
#2175=DIRECTION('',(0.,0.,-1.));
#2176=DIRECTION('',(0.,0.,-1.));
#2177=DIRECTION('',(-1.,0.,0.));
#2178=DIRECTION('',(0.,0.,-1.));
#2179=DIRECTION('',(0.,0.,-1.));
#2180=DIRECTION('',(-1.,0.,0.));
#2181=DIRECTION('',(0.,0.,-1.));
#2182=DIRECTION('',(0.,0.,-1.));
#2183=DIRECTION('',(-1.,0.,0.));
#2184=DIRECTION('',(0.,0.,-1.));
#2185=DIRECTION('',(0.,0.,-1.));
#2186=DIRECTION('',(-1.,0.,0.));
#2187=DIRECTION('',(0.,0.,-1.));
#2188=DIRECTION('',(0.,0.,-1.));
#2189=DIRECTION('',(-1.,0.,0.));
#2190=DIRECTION('',(0.,0.,-1.));
#2191=DIRECTION('',(0.,0.,-1.));
#2192=DIRECTION('',(-1.,0.,0.));
#2193=DIRECTION('',(0.,0.,-1.));
#2194=DIRECTION('',(0.,0.,-1.));
#2195=DIRECTION('',(-1.,0.,0.));
#2196=DIRECTION('',(0.,0.,-1.));
#2197=DIRECTION('',(0.,0.,-1.));
#2198=DIRECTION('',(-1.,0.,0.));
#2199=DIRECTION('',(0.,0.,-1.));
#2200=DIRECTION('',(0.,0.,-1.));
#2201=DIRECTION('',(-1.,0.,0.));
#2202=DIRECTION('',(0.,0.,-1.));
#2203=DIRECTION('',(-1.,0.,0.));
#2204=DIRECTION('',(0.,0.,-1.));
#2205=DIRECTION('',(0.,0.,-1.));
#2206=DIRECTION('',(-1.,0.,0.));
#2207=DIRECTION('',(0.,0.,-1.));
#2208=DIRECTION('',(-1.,0.,0.));
#2209=DIRECTION('',(0.,0.,-1.));
#2210=DIRECTION('',(0.,0.,-1.));
#2211=DIRECTION('',(-1.,0.,0.));
#2212=DIRECTION('',(0.,0.,-1.));
#2213=DIRECTION('',(-1.,0.,0.));
#2214=DIRECTION('',(0.,0.,-1.));
#2215=DIRECTION('',(0.,0.,-1.));
#2216=DIRECTION('',(-1.,0.,0.));
#2217=DIRECTION('',(0.,0.,-1.));
#2218=DIRECTION('',(-1.,0.,0.));
#2219=DIRECTION('',(0.,0.,-1.));
#2220=DIRECTION('',(0.,0.,-1.));
#2221=DIRECTION('',(-1.,0.,0.));
#2222=DIRECTION('',(0.,0.,-1.));
#2223=DIRECTION('',(-1.,0.,0.));
#2224=DIRECTION('',(0.,0.,-1.));
#2225=DIRECTION('',(0.,0.,-1.));
#2226=DIRECTION('',(-1.,0.,0.));
#2227=CARTESIAN_POINT('',(0.,0.,0.));
#2228=CARTESIAN_POINT('',(0.,0.,0.));
#2229=CARTESIAN_POINT('',(0.,-1.6332087921655E-19,0.));
#2230=CARTESIAN_POINT('',(-0.00305,-1.6332087921655E-19,0.));
#2231=CARTESIAN_POINT('',(0.00769736140231224,-0.000201562501968197,0.));
#2232=CARTESIAN_POINT('',(0.00768349024271143,-0.000503602557011947,0.));
#2233=CARTESIAN_POINT('',(0.00769931680775783,0.000100789578079297,0.));
#2234=CARTESIAN_POINT('',(0.00765781859433625,-0.000804869167158515,0.));
#2235=CARTESIAN_POINT('',(0.00762029240529887,-0.00110488981487436,0.));
#2236=CARTESIAN_POINT('',(0.00757106278824309,-0.00140321354628714,0.));
#2237=CARTESIAN_POINT('',(0.00751011293120331,-0.00169936505961491,0.));
#2238=CARTESIAN_POINT('',(0.00743762886242656,-0.00199290664728704,0.));
#2239=CARTESIAN_POINT('',(0.00735363111352092,-0.00228336315366671,0.));
#2240=CARTESIAN_POINT('',(0.0072583394814106,-0.0025703128160977,0.));
#2241=CARTESIAN_POINT('',(0.00715181171469318,-0.00285328355458085,0.));
#2242=CARTESIAN_POINT('',(0.00703430002384895,-0.00313187215168136,0.));
#2243=CARTESIAN_POINT('',(0.00690589901842564,-0.00340561251356792,0.));
#2244=CARTESIAN_POINT('',(0.00676689176749813,-0.00367412245399673,0.));
#2245=CARTESIAN_POINT('',(0.00661740915826505,-0.00393694473892776,0.));
#2246=CARTESIAN_POINT('',(0.00645776337318085,-0.00419372056961351,0.));
#2247=CARTESIAN_POINT('',(0.00628812077013192,-0.00444400439080514,0.));
#2248=CARTESIAN_POINT('',(0.00610882072024367,-0.00468746300336501,0.));
#2249=CARTESIAN_POINT('',(0.00592006402643858,-0.00492366527783177,0.));
#2250=CARTESIAN_POINT('',(0.00572221515617717,-0.00515230566896113,0.));
#2251=CARTESIAN_POINT('',(0.00551550811940119,-0.00537297013113571,0.));
#2252=CARTESIAN_POINT('',(0.00530033023284321,-0.00558538265679261,0.));
#2253=CARTESIAN_POINT('',(0.00507694727071514,-0.00578914883688732,0.));
#2254=CARTESIAN_POINT('',(0.00484576701108511,-0.00598402390321674,0.));
#2255=CARTESIAN_POINT('',(0.00460708535384884,-0.00616963551497217,0.));
#2256=CARTESIAN_POINT('',(0.00436132802432263,-0.00634577165238767,0.));
#2257=CARTESIAN_POINT('',(0.00410881922376472,-0.00651208433849522,0.));
#2258=CARTESIAN_POINT('',(0.00385000000000147,-0.00666839560913841,0.));
#2259=CARTESIAN_POINT('',(0.00358522085684506,-0.00681438399658365,0.));
#2260=CARTESIAN_POINT('',(0.00331493544542538,-0.00694990668949225,0.));
#2261=CARTESIAN_POINT('',(0.00303951841113603,-0.00707467071132051,0.));
#2262=CARTESIAN_POINT('',(0.00275943321150035,-0.00718856928402687,0.));
#2263=CARTESIAN_POINT('',(0.00247507632367992,-0.00729133972855533,0.));
#2264=CARTESIAN_POINT('',(0.00218691815422178,-0.00738291195848359,0.));
#2265=CARTESIAN_POINT('',(0.00189537456764193,-0.0074630552117471,0.));
#2266=CARTESIAN_POINT('',(0.00160092001929834,-0.00753173652564891,0.));
#2267=CARTESIAN_POINT('',(0.00130398719711842,-0.00758875847784075,0.));
#2268=CARTESIAN_POINT('',(0.001005051680096,-0.00763412543257704,0.));
#2269=CARTESIAN_POINT('',(0.000704560311904934,-0.00766767452440024,0.));
#2270=CARTESIAN_POINT('',(0.000402986863072279,-0.00768944741760902,0.));
#2271=CARTESIAN_POINT('',(0.00010022733763223,-0.00769834459081372,0.));
#2272=CARTESIAN_POINT('',(-0.000201562501969015,-0.00769736140231069,0.));
#2273=CARTESIAN_POINT('',(-0.000503602557012762,-0.00768349024270984,0.));
#2274=CARTESIAN_POINT('',(-0.000804869167159333,-0.0076578185943347,0.));
#2275=CARTESIAN_POINT('',(-0.00110488981487517,-0.00762029240529731,0.));
#2276=CARTESIAN_POINT('',(-0.00140321354628796,-0.00757106278824154,0.));
#2277=CARTESIAN_POINT('',(-0.00169936505961573,-0.00751011293120176,0.));
#2278=CARTESIAN_POINT('',(-0.00199290664728785,-0.00743762886242501,0.));
#2279=CARTESIAN_POINT('',(-0.00228336315366753,-0.00735363111351936,0.));
#2280=CARTESIAN_POINT('',(-0.00257031281609852,-0.00725833948140905,0.));
#2281=CARTESIAN_POINT('',(-0.00285328355458166,-0.00715181171469163,0.));
#2282=CARTESIAN_POINT('',(-0.00313187215168218,-0.00703430002384739,0.));
#2283=CARTESIAN_POINT('',(-0.00340561251356874,-0.00690589901842409,0.));
#2284=CARTESIAN_POINT('',(-0.00367412245399755,-0.00676689176749658,0.));
#2285=CARTESIAN_POINT('',(-0.00393694473892859,-0.0066174091582635,0.));
#2286=CARTESIAN_POINT('',(-0.00419372056961433,-0.0064577633731793,0.));
#2287=CARTESIAN_POINT('',(-0.00444400439080595,-0.00628812077013036,0.));
#2288=CARTESIAN_POINT('',(-0.00468746300336583,-0.00610882072024212,0.));
#2289=CARTESIAN_POINT('',(-0.00492366527783259,-0.00592006402643702,0.));
#2290=CARTESIAN_POINT('',(-0.00515230566896195,-0.00572221515617561,0.));
#2291=CARTESIAN_POINT('',(-0.00537297013113653,-0.00551550811939964,0.));
#2292=CARTESIAN_POINT('',(-0.00558538265679343,-0.00530033023284165,0.));
#2293=CARTESIAN_POINT('',(-0.00578914883688814,-0.00507694727071358,0.));
#2294=CARTESIAN_POINT('',(-0.00598402390321756,-0.00484576701108356,0.));
#2295=CARTESIAN_POINT('',(-0.00616963551497299,-0.00460708535384728,0.));
#2296=CARTESIAN_POINT('',(-0.00634577165238849,-0.00436132802432107,0.));
#2297=CARTESIAN_POINT('',(-0.00651208433849604,-0.00410881922376317,0.));
#2298=CARTESIAN_POINT('',(-0.00666839560913923,-0.00384999999999991,0.));
#2299=CARTESIAN_POINT('',(-0.00681438399658447,-0.00358522085684351,0.));
#2300=CARTESIAN_POINT('',(-0.00694990668949307,-0.00331493544542383,0.));
#2301=CARTESIAN_POINT('',(-0.00707467071132133,-0.00303951841113448,0.));
#2302=CARTESIAN_POINT('',(-0.00718856928402769,-0.0027594332114988,0.));
#2303=CARTESIAN_POINT('',(-0.00729133972855615,-0.00247507632367837,0.));
#2304=CARTESIAN_POINT('',(-0.00738291195848441,-0.00218691815422022,0.));
#2305=CARTESIAN_POINT('',(-0.00746305521174792,-0.00189537456764037,0.));
#2306=CARTESIAN_POINT('',(-0.00753173652564972,-0.00160092001929678,0.));
#2307=CARTESIAN_POINT('',(-0.00758875847784157,-0.00130398719711686,0.));
#2308=CARTESIAN_POINT('',(-0.00763412543257786,-0.00100505168009445,0.));
#2309=CARTESIAN_POINT('',(-0.00766767452440106,-0.00070456031190338,0.));
#2310=CARTESIAN_POINT('',(-0.00768944741760983,-0.000402986863070727,0.));
#2311=CARTESIAN_POINT('',(-0.00769931680775709,-0.000100789578076926,0.));
#2312=CARTESIAN_POINT('',(-0.0076973614023115,0.000201562501970568,0.));
#2313=CARTESIAN_POINT('',(-0.00768349024271066,0.000503602557014316,0.));
#2314=CARTESIAN_POINT('',(-0.00765781859433552,0.000804869167160887,0.));
#2315=CARTESIAN_POINT('',(-0.00762029240529813,0.00110488981487673,0.));
#2316=CARTESIAN_POINT('',(-0.00757106278824236,0.00140321354628951,0.));
#2317=CARTESIAN_POINT('',(-0.00751011293120257,0.00169936505961729,0.));
#2318=CARTESIAN_POINT('',(-0.00743762886242583,0.00199290664728941,0.));
#2319=CARTESIAN_POINT('',(-0.00735363111352018,0.00228336315366908,0.));
#2320=CARTESIAN_POINT('',(-0.00725833948140987,0.00257031281610007,0.));
#2321=CARTESIAN_POINT('',(-0.00715181171469245,0.00285328355458322,0.));
#2322=CARTESIAN_POINT('',(-0.00703430002384821,0.00313187215168373,0.));
#2323=CARTESIAN_POINT('',(-0.00690589901842491,0.00340561251357029,0.));
#2324=CARTESIAN_POINT('',(-0.0067668917674974,0.0036741224539991,0.));
#2325=CARTESIAN_POINT('',(-0.00661740915826432,0.00393694473893014,0.));
#2326=CARTESIAN_POINT('',(-0.00645776337318011,0.00419372056961588,0.));
#2327=CARTESIAN_POINT('',(-0.00628812077013118,0.00444400439080751,0.));
#2328=CARTESIAN_POINT('',(-0.00610882072024294,0.00468746300336738,0.));
#2329=CARTESIAN_POINT('',(-0.00592006402643784,0.00492366527783414,0.));
#2330=CARTESIAN_POINT('',(-0.00572221515617643,0.00515230566896351,0.));
#2331=CARTESIAN_POINT('',(-0.00551550811940046,0.00537297013113808,0.));
#2332=CARTESIAN_POINT('',(-0.00530033023284247,0.00558538265679498,0.));
#2333=CARTESIAN_POINT('',(-0.0050769472707144,0.00578914883688969,0.));
#2334=CARTESIAN_POINT('',(-0.00484576701108437,0.00598402390321912,0.));
#2335=CARTESIAN_POINT('',(-0.0046070853538481,0.00616963551497455,0.));
#2336=CARTESIAN_POINT('',(-0.00436132802432189,0.00634577165239005,0.));
#2337=CARTESIAN_POINT('',(-0.00410881922376398,0.00651208433849759,0.));
#2338=CARTESIAN_POINT('',(-0.00385000000000073,0.00666839560914079,0.));
#2339=CARTESIAN_POINT('',(-0.00358522085684433,0.00681438399658602,0.));
#2340=CARTESIAN_POINT('',(-0.00331493544542465,0.00694990668949462,0.));
#2341=CARTESIAN_POINT('',(-0.0030395184111353,0.00707467071132288,0.));
#2342=CARTESIAN_POINT('',(-0.00275943321149962,0.00718856928402924,0.));
#2343=CARTESIAN_POINT('',(-0.00247507632367918,0.0072913397285577,0.));
#2344=CARTESIAN_POINT('',(-0.00218691815422104,0.00738291195848597,0.));
#2345=CARTESIAN_POINT('',(-0.00189537456764118,0.00746305521174947,0.));
#2346=CARTESIAN_POINT('',(-0.0016009200192976,0.00753173652565128,0.));
#2347=CARTESIAN_POINT('',(-0.00130398719711768,0.00758875847784313,0.));
#2348=CARTESIAN_POINT('',(-0.00100505168009527,0.00763412543257941,0.));
#2349=CARTESIAN_POINT('',(-0.000704560311904199,0.00766767452440261,0.));
#2350=CARTESIAN_POINT('',(-0.00040298686307154,0.00768944741761139,0.));
#2351=CARTESIAN_POINT('',(-0.000100789578077741,0.00769931680775865,0.));
#2352=CARTESIAN_POINT('',(0.000201562501969755,0.00769736140231306,0.));
#2353=CARTESIAN_POINT('',(0.000503602557013501,0.00768349024271221,0.));
#2354=CARTESIAN_POINT('',(0.00080486916716007,0.00765781859433707,0.));
#2355=CARTESIAN_POINT('',(0.00110488981487591,0.00762029240529968,0.));
#2356=CARTESIAN_POINT('',(0.00140321354628869,0.00757106278824391,0.));
#2357=CARTESIAN_POINT('',(0.00169936505961646,0.00751011293120413,0.));
#2358=CARTESIAN_POINT('',(0.00199290664728859,0.00743762886242738,0.));
#2359=CARTESIAN_POINT('',(0.00228336315366827,0.00735363111352174,0.));
#2360=CARTESIAN_POINT('',(0.00257031281609926,0.00725833948141142,0.));
#2361=CARTESIAN_POINT('',(0.00285328355458241,0.007151811714694,0.));
#2362=CARTESIAN_POINT('',(0.00313187215168291,0.00703430002384976,0.));
#2363=CARTESIAN_POINT('',(0.00340561251356948,0.00690589901842646,0.));
#2364=CARTESIAN_POINT('',(0.00367412245399828,0.00676689176749896,0.));
#2365=CARTESIAN_POINT('',(0.00393694473892932,0.00661740915826587,0.));
#2366=CARTESIAN_POINT('',(0.00419372056961506,0.00645776337318167,0.));
#2367=CARTESIAN_POINT('',(0.00444400439080669,0.00628812077013274,0.));
#2368=CARTESIAN_POINT('',(0.00468746300336656,0.00610882072024449,0.));
#2369=CARTESIAN_POINT('',(0.00492366527783333,0.0059200640264394,0.));
#2370=CARTESIAN_POINT('',(0.00515230566896269,0.00572221515617799,0.));
#2371=CARTESIAN_POINT('',(0.00537297013113727,0.00551550811940201,0.));
#2372=CARTESIAN_POINT('',(0.00558538265679416,0.00530033023284403,0.));
#2373=CARTESIAN_POINT('',(0.00578914883688887,0.00507694727071596,0.));
#2374=CARTESIAN_POINT('',(0.0059840239032183,0.00484576701108593,0.));
#2375=CARTESIAN_POINT('',(0.00616963551497373,0.00460708535384966,0.));
#2376=CARTESIAN_POINT('',(0.00634577165238923,0.00436132802432345,0.));
#2377=CARTESIAN_POINT('',(0.00651208433849678,0.00410881922376554,0.));
#2378=CARTESIAN_POINT('',(0.00666839560913997,0.00385000000000229,0.));
#2379=CARTESIAN_POINT('',(0.0068143839965852,0.00358522085684588,0.));
#2380=CARTESIAN_POINT('',(0.00694990668949381,0.0033149354454262,0.));
#2381=CARTESIAN_POINT('',(0.00707467071132206,0.00303951841113685,0.));
#2382=CARTESIAN_POINT('',(0.00718856928402842,0.00275943321150118,0.));
#2383=CARTESIAN_POINT('',(0.00729133972855688,0.00247507632368074,0.));
#2384=CARTESIAN_POINT('',(0.00738291195848515,0.0021869181542226,0.));
#2385=CARTESIAN_POINT('',(0.00746305521174866,0.00189537456764274,0.));
#2386=CARTESIAN_POINT('',(0.00753173652565046,0.00160092001929916,0.));
#2387=CARTESIAN_POINT('',(0.00758875847784231,0.00130398719711924,0.));
#2388=CARTESIAN_POINT('',(0.00763412543257859,0.00100505168009682,0.));
#2389=CARTESIAN_POINT('',(0.00766767452440179,0.000704560311905752,0.));
#2390=CARTESIAN_POINT('',(0.00768944741761057,0.000402986863073095,0.));
#2391=CARTESIAN_POINT('',(0.00167332005306815,0.,0.0115));
#2392=CARTESIAN_POINT('',(0.00167332005306815,0.,0.0025));
#2393=CARTESIAN_POINT('',(0.00167332005306815,-0.00255,0.0025));
#2394=CARTESIAN_POINT('',(0.00167332005306815,0.00255,0.0025));
#2395=CARTESIAN_POINT('',(0.00167332005306815,-0.00255,0.0115));
#2396=CARTESIAN_POINT('',(0.00167332005306815,-0.00255,0.0115));
#2397=CARTESIAN_POINT('',(0.00167332005306815,-0.00255000000000005,0.0115000000000001));
#2398=CARTESIAN_POINT('',(0.00167332005306815,-0.00208864537756941,0.0118673549686802));
#2399=CARTESIAN_POINT('',(0.00167332005306815,-0.00161586022514077,0.0122285303856334));
#2400=CARTESIAN_POINT('',(0.00167332005306815,-0.00109544511501033,0.0125));
#2401=CARTESIAN_POINT('',(0.00167332005306815,-0.00109544511501033,0.0125));
#2402=CARTESIAN_POINT('',(0.00167332005306815,0.,0.0125));
#2403=CARTESIAN_POINT('',(0.00167332005306815,0.00109544511501033,0.0125));
#2404=CARTESIAN_POINT('',(0.00167332005306815,0.00109544511501033,0.0125));
#2405=CARTESIAN_POINT('',(0.00167332005306815,0.00161785338472033,0.012227490672812));
#2406=CARTESIAN_POINT('',(0.00167332005306815,0.0020878151308044,0.0118680160550972));
#2407=CARTESIAN_POINT('',(0.00167332005306815,0.00255,0.0115));
#2408=CARTESIAN_POINT('',(0.00167332005306815,0.00255,0.0115));
#2409=CARTESIAN_POINT('',(0.00167332005306815,0.00255,0.0115));
#2410=CARTESIAN_POINT('',(0.,-1.6332087921655E-19,0.0115));
#2411=CARTESIAN_POINT('',(-5.42101086242752E-19,4.33680868994202E-19,0.0025));
#2412=CARTESIAN_POINT('',(0.,-1.6332087921655E-19,0.0115));
#2413=CARTESIAN_POINT('',(0.,0.,0.0025));
#2414=CARTESIAN_POINT('',(0.,0.,0.0125));
#2415=CARTESIAN_POINT('',(0.,0.,0.0125));
#2416=CARTESIAN_POINT('',(0.004,0.,0.0125));
#2417=CARTESIAN_POINT('',(3.46944695195361E-18,0.,-0.001356406460551));
#2418=CARTESIAN_POINT('',(0.00762060790310481,-0.00110255249631569,0.0126689531847488));
#2419=CARTESIAN_POINT('',(0.00769487999242754,-0.00111183657611528,0.0126278679883043));
#2420=CARTESIAN_POINT('',(0.00784978221089226,-0.00107725315333337,0.0125448492586447));
#2421=CARTESIAN_POINT('',(0.00799558723592522,-0.000842031651667919,0.0124778553430393));
#2422=CARTESIAN_POINT('',(0.00790409231580857,-0.000579699759459157,0.0125437386585647));
#2423=CARTESIAN_POINT('',(0.00775853487179792,-0.00051237004156113,0.0126275139589901));
#2424=CARTESIAN_POINT('',(0.00768331289028197,-0.000505954395234757,0.0126689531847476));
#2425=CARTESIAN_POINT('',(0.00762026948979723,-0.00110488649228475,0.0126689531847527));
#2426=CARTESIAN_POINT('',(0.00768346713716326,-0.000503601042594311,0.0126689531847528));
#2427=CARTESIAN_POINT('',(0.00768362138404232,-0.000501247689953792,0.0126689531847488));
#2428=CARTESIAN_POINT('',(0.0077584109969296,-0.00050467665704549,0.0126278580652442));
#2429=CARTESIAN_POINT('',(0.00791009943010216,-0.000458045843415311,0.0125448518887356));
#2430=CARTESIAN_POINT('',(0.00803700522798616,-0.000212097687853784,0.0124778551488582));
#2431=CARTESIAN_POINT('',(0.00792521267749382,4.22280010258375E-05,0.0125437367111399));
#2432=CARTESIAN_POINT('',(0.00777481905042692,9.79370475453014E-05,0.0126275133759256));
#2433=CARTESIAN_POINT('',(0.00769932452514699,9.84310748776004E-05,0.0126689531847475));
#2434=CARTESIAN_POINT('',(0.00769929365461652,0.000100789274988073,0.0126689531847529));
#2435=CARTESIAN_POINT('',(0.00769926278408378,0.000103147475098443,0.0126689531847488));
#2436=CARTESIAN_POINT('',(0.00777410391950399,0.000105597430644251,0.0126278509035976));
#2437=CARTESIAN_POINT('',(0.0079216411190386,0.000163984586988471,0.0125448585057411));
#2438=CARTESIAN_POINT('',(0.00802887534094828,0.000419116520125053,0.0124778531117565));
#2439=CARTESIAN_POINT('',(0.00789746535851768,0.000663909385282078,0.0125437383799924));
#2440=CARTESIAN_POINT('',(0.00774316700613847,0.000707640353340617,0.0126275138270173));
#2441=CARTESIAN_POINT('',(0.0076678672640293,0.000702209684681689,0.0126689531847475));
#2442=CARTESIAN_POINT('',(0.00766765146641416,0.000704558193174327,0.0126689531847529));
#2443=CARTESIAN_POINT('',(0.00766743566879674,0.000706906701666682,0.0126689531847487));
#2444=CARTESIAN_POINT('',(0.00774186029998167,0.000715221790715883,0.0126278473537014));
#2445=CARTESIAN_POINT('',(0.00788435693503773,0.000785004078219757,0.0125448575586998));
#2446=CARTESIAN_POINT('',(0.0079712385088273,0.00104777583975079,0.0124778538136831));
#2447=CARTESIAN_POINT('',(0.00782103481177124,0.00128148434477957,0.012543736408705));
#2448=CARTESIAN_POINT('',(0.00766377708036071,0.00131298089092697,0.0126275135515521));
#2449=CARTESIAN_POINT('',(0.00758913505140426,0.00130165893827131,0.0126689531847474));
#2450=CARTESIAN_POINT('',(0.0075887356571685,0.00130398327581029,0.0126689531847485));
#2451=CARTESIAN_POINT('',(0.00758833626293229,0.00130630761334918,0.0126689531847477));
#2452=CARTESIAN_POINT('',(0.00766192643474261,0.00132044545787599,0.0126278208816998));
#2453=CARTESIAN_POINT('',(0.00779911403338667,0.00140191336236228,0.0125444201276366));
#2454=CARTESIAN_POINT('',(0.007864219820834,0.00167034508101043,0.0124779388385462));
#2455=CARTESIAN_POINT('',(0.00769619761032177,0.00189122537161331,0.0125438289488104));
#2456=CARTESIAN_POINT('',(0.00753707845374846,0.00191021279614951,0.0126275465044246));
#2457=CARTESIAN_POINT('',(0.00746361329754383,0.00189308303166098,0.0126689531847474));
#2458=CARTESIAN_POINT('',(0.00746303276908573,0.00189536886793245,0.0126689531847485));
#2459=CARTESIAN_POINT('',(0.00746245224062719,0.00189765470420381,0.0126689531847476));
#2460=CARTESIAN_POINT('',(0.007534706750512,0.00191752290428888,0.0126278206343439));
#2461=CARTESIAN_POINT('',(0.00766508356952708,0.00200950359577852,0.012544417693829));
#2462=CARTESIAN_POINT('',(0.00770891698467005,0.00228223034028115,0.0124779398590729));
#2463=CARTESIAN_POINT('',(0.00752409397242388,0.00248922623881932,0.0125438272082562));
#2464=CARTESIAN_POINT('',(0.00736397065879819,0.00249567663012617,0.0126275464634275));
#2465=CARTESIAN_POINT('',(0.00729207588580075,0.00247283563864647,0.0126689531847473));
#2466=CARTESIAN_POINT('',(0.00729131780227131,0.00247506888070972,0.0126689531847527));
#2467=CARTESIAN_POINT('',(0.00729055971873974,0.00247730212277217,0.0126689531847486));
#2468=CARTESIAN_POINT('',(0.00736098372079851,0.00250276041103258,0.0126278491932096));
#2469=CARTESIAN_POINT('',(0.00748325261223501,0.00260387960872769,0.0125448595588819));
#2470=CARTESIAN_POINT('',(0.00750640078856961,0.00287966121834865,0.0124778529874244));
#2471=CARTESIAN_POINT('',(0.00730577743173893,0.00307186696903874,0.0125437378368586));
#2472=CARTESIAN_POINT('',(0.00714551458031061,0.0030657753665081,0.0126275149898906));
#2473=CARTESIAN_POINT('',(0.00707558040136043,0.00303734239161842,0.0126689531847473));
#2474=CARTESIAN_POINT('',(0.00707464943659668,0.00303950927079349,0.0126689531847526));
#2475=CARTESIAN_POINT('',(0.00707371847183089,0.0030416761499676,0.0126689531847485));
#2476=CARTESIAN_POINT('',(0.00714192288768602,0.00307257907049262,0.0126278522413718));
#2477=CARTESIAN_POINT('',(0.00725589372391205,0.00318298559169665,0.0125448549449729));
#2478=CARTESIAN_POINT('',(0.00725731585374932,0.00345974269025219,0.0124778546569049));
#2479=CARTESIAN_POINT('',(0.00704224701124507,0.00363559718460204,0.0125437356377225));
#2480=CARTESIAN_POINT('',(0.00688294925644215,0.00361695515444685,0.0126275150661208));
#2481=CARTESIAN_POINT('',(0.00681546161087648,0.00358312291872721,0.0126689531847473));
#2482=CARTESIAN_POINT('',(0.00681436350458578,0.00358521007548342,0.0126689531847525));
#2483=CARTESIAN_POINT('',(0.00681326539829315,0.00358729723223854,0.0126689531847485));
#2484=CARTESIAN_POINT('',(0.00687882492137681,0.00362345061717224,0.0126278585260417));
#2485=CARTESIAN_POINT('',(0.00698379226662416,0.00374246463443513,0.0125448547940317));
#2486=CARTESIAN_POINT('',(0.00696350365936519,0.00401846746950873,0.0124778542677515));
#2487=CARTESIAN_POINT('',(0.00673528563375737,0.00417692339694467,0.0125437374671814));
#2488=CARTESIAN_POINT('',(0.00657794657031062,0.00414583416446254,0.012627516233077));
#2489=CARTESIAN_POINT('',(0.00651332323319049,0.00410681230153277,0.0126689531847472));
#2490=CARTESIAN_POINT('',(0.00651206475556329,0.00410880686785468,0.0126689531847524));
#2491=CARTESIAN_POINT('',(0.00651080627793429,0.00411080143417537,0.0126689531847484));
#2492=CARTESIAN_POINT('',(0.00657331641558277,0.00415198004580892,0.012627865575805));
#2493=CARTESIAN_POINT('',(0.00666864362936554,0.00427887745812358,0.0125448476795457));
#2494=CARTESIAN_POINT('',(0.00662673836112446,0.00455244266198445,0.0124778566166513));
#2495=CARTESIAN_POINT('',(0.00638681345890405,0.00469248776114659,0.0125437350301406));
#2496=CARTESIAN_POINT('',(0.00623239003168813,0.00464915330474642,0.0126275165876292));
#2497=CARTESIAN_POINT('',(0.00617102805187214,0.00460518182084572,0.0126689531847472));
#2498=CARTESIAN_POINT('',(0.00616961696184149,0.0046070714995687,0.0126689531847521));
#2499=CARTESIAN_POINT('',(0.00616820587180919,0.00460896117829035,0.0126689531847483));
#2500=CARTESIAN_POINT('',(0.00622727665117501,0.00465490503153651,0.0126278765793208));
#2501=CARTESIAN_POINT('',(0.00631237287885227,0.00478890643628116,0.0125448450516637));
#2502=CARTESIAN_POINT('',(0.00624913918137684,0.00505832470200838,0.0124778568188767));
#2503=CARTESIAN_POINT('',(0.00599894838263417,0.00517913071424864,0.0125437369731334));
#2504=CARTESIAN_POINT('',(0.005848407034439,0.00512380730260327,0.0126275182060645));
#2505=CARTESIAN_POINT('',(0.00579068643053893,0.00507515886285481,0.0126689531847472));
#2506=CARTESIAN_POINT('',(0.0057891314279441,0.00507693200348115,0.0126689531847518));
#2507=CARTESIAN_POINT('',(0.00578757642534783,0.0050787051441061,0.0126689531847482));
#2508=CARTESIAN_POINT('',(0.00584284366625087,0.00512912674474431,0.0126278890097363));
#2509=CARTESIAN_POINT('',(0.00591719411913517,0.00526942135887053,0.0125448341918203));
#2510=CARTESIAN_POINT('',(0.00583298451817614,0.00553304506220453,0.0124778600146135));
#2511=CARTESIAN_POINT('',(0.00557411464971993,0.00563383337006091,0.0125437348624937));
#2512=CARTESIAN_POINT('',(0.0054283704872214,0.00556687445099086,0.0126275171051256));
#2513=CARTESIAN_POINT('',(0.00537464330176283,0.00551384586281285,0.0126689531847471));
#2514=CARTESIAN_POINT('',(0.0053729539737119,0.00551549153334093,0.0126689531847475));
#2515=CARTESIAN_POINT('',(0.00537126464566099,0.00551713720386879,0.0126689531847472));
#2516=CARTESIAN_POINT('',(0.00542223143926211,0.00557155376521454,0.0126280287602622));
#2517=CARTESIAN_POINT('',(0.00548560643487839,0.00571760987538733,0.0125447306160147));
#2518=CARTESIAN_POINT('',(0.00538084033370077,0.00597362068167004,0.012477884282227));
#2519=CARTESIAN_POINT('',(0.00511488557259058,0.00605380976548811,0.0125437410040515));
#2520=CARTESIAN_POINT('',(0.00497486145538313,0.00597561492886749,0.0126275198242495));
#2521=CARTESIAN_POINT('',(0.00492546370978112,0.00591853816948684,0.0126689531847471));
#2522=CARTESIAN_POINT('',(0.00492365047154326,0.00592004622381062,0.0126689531847483));
#2523=CARTESIAN_POINT('',(0.00492183723330521,0.00592155427813394,0.0126689531847474));
#2524=CARTESIAN_POINT('',(0.00496841567443899,0.00597984975355088,0.0126279951385924));
#2525=CARTESIAN_POINT('',(0.00502008365611943,0.00613032937498544,0.0125447574801404));
#2526=CARTESIAN_POINT('',(0.00489556738289633,0.00637739623585504,0.0124778782590997));
#2527=CARTESIAN_POINT('',(0.00462415390749552,0.00643645408180048,0.0125437382186857));
#2528=CARTESIAN_POINT('',(0.00449068643847471,0.00634752017190056,0.0126275178210194));
#2529=CARTESIAN_POINT('',(0.0044459169961457,0.0062867407202323,0.0126689531847471));
#2530=CARTESIAN_POINT('',(0.00444399102693764,0.00628810186069539,0.0126689531847492));
#2531=CARTESIAN_POINT('',(0.00444206505772917,0.00628946300115771,0.0126689531847476));
#2532=CARTESIAN_POINT('',(0.00448395372812615,0.00635127403747577,0.0126279681091696));
#2533=CARTESIAN_POINT('',(0.00452361324860639,0.00650525701591593,0.012544783190929));
#2534=CARTESIAN_POINT('',(0.00438013934792277,0.00674183509538635,0.0124778714605694));
#2535=CARTESIAN_POINT('',(0.00410489367278863,0.00677942045420307,0.0125437399543286));
#2536=CARTESIAN_POINT('',(0.003978823083017,0.00668028908774074,0.0126275171714219));
#2537=CARTESIAN_POINT('',(0.00393895972581161,0.00661618342388407,0.0126689531847471));
#2538=CARTESIAN_POINT('',(0.00393693289987397,0.00661738925860293,0.0126689531847501));
#2539=CARTESIAN_POINT('',(0.00393490607393578,0.00661859509332066,0.0126689531847478));
#2540=CARTESIAN_POINT('',(0.00397183785860728,0.00668354061250207,0.0126279438122284));
#2541=CARTESIAN_POINT('',(0.00399926634485708,0.00684009427578404,0.0125447980859176));
#2542=CARTESIAN_POINT('',(0.00383767239189056,0.00706472390580565,0.0124778683156684));
#2543=CARTESIAN_POINT('',(0.00356034269032522,0.00708058729675121,0.0125437375854239));
#2544=CARTESIAN_POINT('',(0.00344242941768708,0.0069718730861677,0.0126275157873947));
#2545=CARTESIAN_POINT('',(0.00340771745893088,0.0069048351566234,0.0126689531847471));
#2546=CARTESIAN_POINT('',(0.00340560227231955,0.00690587825122596,0.0126689531847507));
#2547=CARTESIAN_POINT('',(0.00340348708570762,0.00690692134582712,0.0126689531847479));
#2548=CARTESIAN_POINT('',(0.00343522459109705,0.00697459656876299,0.0126279242453012));
#2549=CARTESIAN_POINT('',(0.00345026275420071,0.00713275735247334,0.0125448148949774));
#2550=CARTESIAN_POINT('',(0.00327157316498878,0.00734404495313282,0.0124778637260182));
#2551=CARTESIAN_POINT('',(0.00299382350689896,0.00733810128330315,0.0125437393333836));
#2552=CARTESIAN_POINT('',(0.00288481087434116,0.00722047144353744,0.0126275155394839));
#2553=CARTESIAN_POINT('',(0.00285546548073479,0.00715091628453142,0.0126689531847471));
#2554=CARTESIAN_POINT('',(0.0028532749742786,0.00715179020799264,0.0126689531847513));
#2555=CARTESIAN_POINT('',(0.00285108446782183,0.00715266413145217,0.012668953184748));
#2556=CARTESIAN_POINT('',(0.00287742596915995,0.00722265156790171,0.0126279062179516));
#2557=CARTESIAN_POINT('',(0.00287999517085898,0.00738145776025997,0.0125448236146776));
#2558=CARTESIAN_POINT('',(0.00268527182034002,0.00757809682234355,0.0124778620592988));
#2559=CARTESIAN_POINT('',(0.00240886268427574,0.00755037394699918,0.0125437372071475));
#2560=CARTESIAN_POINT('',(0.00230940688662657,0.00742455454337392,0.0126275145267009));
#2561=CARTESIAN_POINT('',(0.00228560860831136,0.00735290963562439,0.0126689531847471));
#2562=CARTESIAN_POINT('',(0.00228335628721102,0.00735360899991548,0.0126689531847517));
#2563=CARTESIAN_POINT('',(0.00228110396611018,0.0073543083642047,0.0126689531847481));
#2564=CARTESIAN_POINT('',(0.00230188037377695,0.00742617189253245,0.0126278918709596));
#2565=CARTESIAN_POINT('',(0.00229197118199951,0.00758464368232488,0.0125448354514335));
#2566=CARTESIAN_POINT('',(0.00208244303040855,0.00776542111194393,0.012477858708882));
#2567=CARTESIAN_POINT('',(0.00180903423249843,0.00771609453898464,0.0125437389392172));
#2568=CARTESIAN_POINT('',(0.00171976391767331,0.00758286108503426,0.0126275145326346));
#2569=CARTESIAN_POINT('',(0.00170166019877568,0.00750956985372316,0.0126689531847471));
#2570=CARTESIAN_POINT('',(0.00169935994933976,0.00751009034703072,0.012668953184752));
#2571=CARTESIAN_POINT('',(0.00169705969990346,0.00751061084033625,0.0126689531847482));
#2572=CARTESIAN_POINT('',(0.00171213866253802,0.00758390699247077,0.0126278783895808));
#2573=CARTESIAN_POINT('',(0.00168982125226988,0.00774107938787493,0.0125448405180445));
#2574=CARTESIAN_POINT('',(0.00146674491486592,0.00790487297036805,0.012477857920065));
#2575=CARTESIAN_POINT('',(0.00119806775796941,0.00783424576228944,0.012543736942633));
#2576=CARTESIAN_POINT('',(0.00111951826285567,0.00769441815270462,0.0126275137671811));
#2577=CARTESIAN_POINT('',(0.00110722048825513,0.00761993107648833,0.0126689531847471));
#2578=CARTESIAN_POINT('',(0.0011048864922863,0.00762026948979805,0.0126689531847522));
#2579=CARTESIAN_POINT('',(0.00110255249631725,0.00762060790310563,0.0126689531847483));
#2580=CARTESIAN_POINT('',(0.00111183657611683,0.00769487999242835,0.0126278679883037));
#2581=CARTESIAN_POINT('',(0.00107725315333493,0.00784978221089308,0.0125448492586441));
#2582=CARTESIAN_POINT('',(0.000842031651669455,0.00799558723592605,0.0124778553430387));
#2583=CARTESIAN_POINT('',(0.000579699759460696,0.00790409231580937,0.0125437386585642));
#2584=CARTESIAN_POINT('',(0.000512370041562678,0.00775853487179872,0.0126275139589896));
#2585=CARTESIAN_POINT('',(0.000505954395236311,0.00768331289028277,0.0126689531847471));
#2586=CARTESIAN_POINT('',(0.000503601042595866,0.00768346713716405,0.0126689531847523));
#2587=CARTESIAN_POINT('',(0.000501247689955349,0.0076836213840431,0.0126689531847483));
#2588=CARTESIAN_POINT('',(0.000504676657047055,0.00775841099693039,0.0126278580652437));
#2589=CARTESIAN_POINT('',(0.000458045843416894,0.00791009943010295,0.012544851888735));
#2590=CARTESIAN_POINT('',(0.000212097687855352,0.00803700522798699,0.0124778551488577));
#2591=CARTESIAN_POINT('',(-4.22280010242773E-05,0.00792521267749464,0.0125437367111394));
#2592=CARTESIAN_POINT('',(-9.79370475437446E-05,0.00777481905042774,0.0126275133759251));
#2593=CARTESIAN_POINT('',(-9.84310748760425E-05,0.00769932452514781,0.0126689531847471));
#2594=CARTESIAN_POINT('',(-0.000100789274986517,0.00769929365461734,0.0126689531847524));
#2595=CARTESIAN_POINT('',(-0.000103147475096888,0.0076992627840846,0.0126689531847483));
#2596=CARTESIAN_POINT('',(-0.000105597430642695,0.0077741039195048,0.0126278509035971));
#2597=CARTESIAN_POINT('',(-0.000163984586986911,0.00792164111903942,0.0125448585057407));
#2598=CARTESIAN_POINT('',(-0.000419116520123508,0.0080288753409491,0.012477853111756));
#2599=CARTESIAN_POINT('',(-0.00066390938528052,0.0078974653585185,0.012543738379992));
#2600=CARTESIAN_POINT('',(-0.00070764035333906,0.0077431670061393,0.012627513827017));
#2601=CARTESIAN_POINT('',(-0.000702209684680135,0.00766786726403013,0.0126689531847471));
#2602=CARTESIAN_POINT('',(-0.000704558193172773,0.00766765146641497,0.0126689531847525));
#2603=CARTESIAN_POINT('',(-0.000706906701665131,0.00766743566879757,0.0126689531847484));
#2604=CARTESIAN_POINT('',(-0.000715221790714334,0.0077418602999825,0.012627847353701));
#2605=CARTESIAN_POINT('',(-0.000785004078218212,0.00788435693503856,0.0125448575586994));
#2606=CARTESIAN_POINT('',(-0.00104777583974927,0.00797123850882812,0.0124778538136827));
#2607=CARTESIAN_POINT('',(-0.00128148434477802,0.00782103481177204,0.0125437364087047));
#2608=CARTESIAN_POINT('',(-0.00131298089092542,0.00766377708036151,0.0126275135515518));
#2609=CARTESIAN_POINT('',(-0.00130165893826975,0.00758913505140506,0.0126689531847471));
#2610=CARTESIAN_POINT('',(-0.00130398327580874,0.00758873565716932,0.0126689531847482));
#2611=CARTESIAN_POINT('',(-0.00130630761334763,0.00758833626293312,0.0126689531847474));
#2612=CARTESIAN_POINT('',(-0.00132044545787444,0.00766192643474344,0.0126278208816995));
#2613=CARTESIAN_POINT('',(-0.00140191336236073,0.0077991140333875,0.0125444201276363));
#2614=CARTESIAN_POINT('',(-0.00167034508100889,0.00786421982083482,0.0124779388385459));
#2615=CARTESIAN_POINT('',(-0.00189122537161176,0.00769619761032259,0.0125438289488102));
#2616=CARTESIAN_POINT('',(-0.00191021279614795,0.00753707845374927,0.0126275465044244));
#2617=CARTESIAN_POINT('',(-0.00189308303165942,0.00746361329754464,0.0126689531847472));
#2618=CARTESIAN_POINT('',(-0.0018953688679309,0.00746303276908654,0.0126689531847482));
#2619=CARTESIAN_POINT('',(-0.00189765470420225,0.007462452240628,0.0126689531847474));
#2620=CARTESIAN_POINT('',(-0.00191752290428732,0.00753470675051281,0.0126278206343437));
#2621=CARTESIAN_POINT('',(-0.00200950359577695,0.00766508356952791,0.0125444176938287));
#2622=CARTESIAN_POINT('',(-0.00228223034027961,0.00770891698467086,0.0124779398590727));
#2623=CARTESIAN_POINT('',(-0.00248922623881776,0.00752409397242471,0.012543827208256));
#2624=CARTESIAN_POINT('',(-0.00249567663012461,0.00736397065879901,0.0126275464634274));
#2625=CARTESIAN_POINT('',(-0.0024728356386449,0.00729207588580157,0.0126689531847472));
#2626=CARTESIAN_POINT('',(-0.00247506888070816,0.00729131780227213,0.0126689531847526));
#2627=CARTESIAN_POINT('',(-0.00247730212277062,0.00729055971874056,0.0126689531847484));
#2628=CARTESIAN_POINT('',(-0.00250276041103102,0.00736098372079934,0.0126278491932094));
#2629=CARTESIAN_POINT('',(-0.00260387960872614,0.00748325261223583,0.0125448595588818));
#2630=CARTESIAN_POINT('',(-0.00287966121834713,0.00750640078857043,0.0124778529874243));
#2631=CARTESIAN_POINT('',(-0.00307186696903719,0.00730577743173973,0.0125437378368585));
#2632=CARTESIAN_POINT('',(-0.00306577536650654,0.00714551458031141,0.0126275149898905));
#2633=CARTESIAN_POINT('',(-0.00303734239161686,0.00707558040136123,0.0126689531847472));
#2634=CARTESIAN_POINT('',(-0.00303950927079194,0.0070746494365975,0.0126689531847526));
#2635=CARTESIAN_POINT('',(-0.00304167614996605,0.00707371847183171,0.0126689531847485));
#2636=CARTESIAN_POINT('',(-0.00307257907049108,0.00714192288768683,0.0126278522413717));
#2637=CARTESIAN_POINT('',(-0.00318298559169511,0.00725589372391287,0.0125448549449729));
#2638=CARTESIAN_POINT('',(-0.00345974269025066,0.00725731585375012,0.0124778546569048));
#2639=CARTESIAN_POINT('',(-0.00363559718460049,0.00704224701124587,0.0125437356377225));
#2640=CARTESIAN_POINT('',(-0.0036169551544453,0.00688294925644296,0.0126275150661208));
#2641=CARTESIAN_POINT('',(-0.00358312291872566,0.00681546161087729,0.0126689531847473));
#2642=CARTESIAN_POINT('',(-0.00358521007548187,0.0068143635045866,0.0126689531847525));
#2643=CARTESIAN_POINT('',(-0.00358729723223698,0.00681326539829397,0.0126689531847485));
#2644=CARTESIAN_POINT('',(-0.00362345061717069,0.00687882492137762,0.0126278585260417));
#2645=CARTESIAN_POINT('',(-0.00374246463443357,0.00698379226662499,0.0125448547940317));
#2646=CARTESIAN_POINT('',(-0.00401846746950719,0.006963503659366,0.0124778542677515));
#2647=CARTESIAN_POINT('',(-0.00417692339694312,0.00673528563375819,0.0125437374671814));
#2648=CARTESIAN_POINT('',(-0.00414583416446099,0.00657794657031143,0.0126275162330771));
#2649=CARTESIAN_POINT('',(-0.00410681230153121,0.00651332323319131,0.0126689531847473));
#2650=CARTESIAN_POINT('',(-0.00410880686785313,0.00651206475556411,0.0126689531847524));
#2651=CARTESIAN_POINT('',(-0.00411080143417381,0.00651080627793511,0.0126689531847485));
#2652=CARTESIAN_POINT('',(-0.00415198004580737,0.00657331641558359,0.0126278655758051));
#2653=CARTESIAN_POINT('',(-0.00427887745812203,0.00666864362936636,0.0125448476795457));
#2654=CARTESIAN_POINT('',(-0.00455244266198291,0.00662673836112527,0.0124778566166514));
#2655=CARTESIAN_POINT('',(-0.00469248776114502,0.00638681345890486,0.0125437350301408));
#2656=CARTESIAN_POINT('',(-0.00464915330474486,0.00623239003168895,0.0126275165876293));
#2657=CARTESIAN_POINT('',(-0.00460518182084415,0.00617102805187296,0.0126689531847474));
#2658=CARTESIAN_POINT('',(-0.00460707149956714,0.00616961696184231,0.0126689531847523));
#2659=CARTESIAN_POINT('',(-0.0046089611782888,0.00616820587181002,0.0126689531847485));
#2660=CARTESIAN_POINT('',(-0.00465490503153496,0.00622727665117583,0.012627876579321));
#2661=CARTESIAN_POINT('',(-0.00478890643627961,0.0063123728788531,0.0125448450516638));
#2662=CARTESIAN_POINT('',(-0.00505832470200685,0.00624913918137764,0.0124778568188769));
#2663=CARTESIAN_POINT('',(-0.00517913071424708,0.00599894838263496,0.0125437369731336));
#2664=CARTESIAN_POINT('',(-0.0051238073026017,0.00584840703443981,0.0126275182060647));
#2665=CARTESIAN_POINT('',(-0.00507515886285324,0.00579068643053974,0.0126689531847474));
#2666=CARTESIAN_POINT('',(-0.00507693200347959,0.00578913142794492,0.012668953184752));
#2667=CARTESIAN_POINT('',(-0.00507870514410454,0.00578757642534865,0.0126689531847485));
#2668=CARTESIAN_POINT('',(-0.00512912674474275,0.0058428436662517,0.0126278890097365));
#2669=CARTESIAN_POINT('',(-0.00526942135886899,0.00591719411913599,0.0125448341918205));
#2670=CARTESIAN_POINT('',(-0.00553304506220299,0.00583298451817694,0.0124778600146138));
#2671=CARTESIAN_POINT('',(-0.00563383337005935,0.00557411464972074,0.012543734862494));
#2672=CARTESIAN_POINT('',(-0.0055668744509893,0.0054283704872222,0.0126275171051259));
#2673=CARTESIAN_POINT('',(-0.00551384586281127,0.00537464330176364,0.0126689531847475));
#2674=CARTESIAN_POINT('',(-0.00551549153333937,0.00537295397371272,0.0126689531847478));
#2675=CARTESIAN_POINT('',(-0.00551713720386723,0.00537126464566181,0.0126689531847475));
#2676=CARTESIAN_POINT('',(-0.00557155376521298,0.00542223143926293,0.0126280287602625));
#2677=CARTESIAN_POINT('',(-0.00571760987538578,0.00548560643487921,0.0125447306160151));
#2678=CARTESIAN_POINT('',(-0.00597362068166849,0.00538084033370157,0.0124778842822274));
#2679=CARTESIAN_POINT('',(-0.00605380976548655,0.00511488557259139,0.0125437410040519));
#2680=CARTESIAN_POINT('',(-0.00597561492886592,0.00497486145538393,0.0126275198242499));
#2681=CARTESIAN_POINT('',(-0.00591853816948526,0.00492546370978192,0.0126689531847475));
#2682=CARTESIAN_POINT('',(-0.00592004622380906,0.00492365047154408,0.0126689531847487));
#2683=CARTESIAN_POINT('',(-0.00592155427813238,0.00492183723330602,0.0126689531847478));
#2684=CARTESIAN_POINT('',(-0.00597984975354932,0.00496841567443981,0.0126279951385928));
#2685=CARTESIAN_POINT('',(-0.00613032937498389,0.00502008365612025,0.0125447574801407));
#2686=CARTESIAN_POINT('',(-0.0063773962358535,0.00489556738289715,0.0124778782591002));
#2687=CARTESIAN_POINT('',(-0.00643645408179892,0.00462415390749634,0.0125437382186862));
#2688=CARTESIAN_POINT('',(-0.00634752017189901,0.00449068643847553,0.0126275178210198));
#2689=CARTESIAN_POINT('',(-0.00628674072023074,0.00444591699614652,0.0126689531847475));
#2690=CARTESIAN_POINT('',(-0.00628810186069384,0.00444399102693846,0.0126689531847497));
#2691=CARTESIAN_POINT('',(-0.00628946300115616,0.00444206505772999,0.012668953184748));
#2692=CARTESIAN_POINT('',(-0.00635127403747422,0.00448395372812696,0.0126279681091701));
#2693=CARTESIAN_POINT('',(-0.00650525701591439,0.0045236132486072,0.0125447831909295));
#2694=CARTESIAN_POINT('',(-0.00674183509538481,0.00438013934792356,0.0124778714605699));
#2695=CARTESIAN_POINT('',(-0.0067794204542015,0.00410489367278943,0.0125437399543291));
#2696=CARTESIAN_POINT('',(-0.00668028908773917,0.00397882308301781,0.0126275171714224));
#2697=CARTESIAN_POINT('',(-0.0066161834238825,0.00393895972581242,0.0126689531847476));
#2698=CARTESIAN_POINT('',(-0.00661738925860138,0.00393693289987479,0.0126689531847506));
#2699=CARTESIAN_POINT('',(-0.00661859509331911,0.0039349060739366,0.0126689531847483));
#2700=CARTESIAN_POINT('',(-0.00668354061250052,0.0039718378586081,0.0126279438122289));
#2701=CARTESIAN_POINT('',(-0.0068400942757825,0.0039992663448579,0.0125447980859181));
#2702=CARTESIAN_POINT('',(-0.0070647239058041,0.00383767239189136,0.0124778683156689));
#2703=CARTESIAN_POINT('',(-0.00708058729674965,0.00356034269032604,0.0125437375854245));
#2704=CARTESIAN_POINT('',(-0.00697187308616614,0.0034424294176879,0.0126275157873953));
#2705=CARTESIAN_POINT('',(-0.00690483515662183,0.00340771745893169,0.0126689531847476));
#2706=CARTESIAN_POINT('',(-0.00690587825122441,0.00340560227232036,0.0126689531847513));
#2707=CARTESIAN_POINT('',(-0.00690692134582556,0.00340348708570844,0.0126689531847485));
#2708=CARTESIAN_POINT('',(-0.00697459656876144,0.00343522459109787,0.0126279242453018));
#2709=CARTESIAN_POINT('',(-0.00713275735247178,0.00345026275420153,0.012544814894978));
#2710=CARTESIAN_POINT('',(-0.00734404495313126,0.0032715731649896,0.0124778637260188));
#2711=CARTESIAN_POINT('',(-0.0073381012833016,0.00299382350689981,0.0125437393333842));
#2712=CARTESIAN_POINT('',(-0.00722047144353591,0.00288481087434199,0.0126275155394845));
#2713=CARTESIAN_POINT('',(-0.00715091628452989,0.00285546548073561,0.0126689531847477));
#2714=CARTESIAN_POINT('',(-0.00715179020799109,0.00285327497427941,0.0126689531847519));
#2715=CARTESIAN_POINT('',(-0.00715266413145063,0.00285108446782265,0.0126689531847487));
#2716=CARTESIAN_POINT('',(-0.00722265156790017,0.00287742596916076,0.0126279062179522));
#2717=CARTESIAN_POINT('',(-0.00738145776025844,0.00287999517085978,0.0125448236146783));
#2718=CARTESIAN_POINT('',(-0.007578096822342,0.00268527182034081,0.0124778620592995));
#2719=CARTESIAN_POINT('',(-0.00755037394699763,0.00240886268427655,0.0125437372071482));
#2720=CARTESIAN_POINT('',(-0.00742455454337237,0.00230940688662737,0.0126275145267016));
#2721=CARTESIAN_POINT('',(-0.00735290963562284,0.00228560860831216,0.0126689531847477));
#2722=CARTESIAN_POINT('',(-0.00735360899991393,0.00228335628721183,0.0126689531847523));
#2723=CARTESIAN_POINT('',(-0.00735430836420315,0.002281103966111,0.0126689531847488));
#2724=CARTESIAN_POINT('',(-0.0074261718925309,0.00230188037377777,0.0126278918709603));
#2725=CARTESIAN_POINT('',(-0.00758464368232334,0.00229197118200033,0.0125448354514342));
#2726=CARTESIAN_POINT('',(-0.00776542111194238,0.00208244303040936,0.0124778587088828));
#2727=CARTESIAN_POINT('',(-0.00771609453898309,0.00180903423249925,0.012543738939218));
#2728=CARTESIAN_POINT('',(-0.0075828610850327,0.00171976391767412,0.0126275145326353));
#2729=CARTESIAN_POINT('',(-0.00750956985372159,0.0017016601987765,0.0126689531847478));
#2730=CARTESIAN_POINT('',(-0.00751009034702916,0.00169935994934058,0.0126689531847527));
#2731=CARTESIAN_POINT('',(-0.0075106108403347,0.00169705969990428,0.0126689531847489));
#2732=CARTESIAN_POINT('',(-0.00758390699246921,0.00171213866253884,0.0126278783895815));
#2733=CARTESIAN_POINT('',(-0.00774107938787338,0.00168982125227071,0.0125448405180453));
#2734=CARTESIAN_POINT('',(-0.0079048729703665,0.00146674491486674,0.0124778579200658));
#2735=CARTESIAN_POINT('',(-0.0078342457622879,0.00119806775797025,0.0125437369426338));
#2736=CARTESIAN_POINT('',(-0.00769441815270308,0.00111951826285649,0.0126275137671818));
#2737=CARTESIAN_POINT('',(-0.00761993107648679,0.00110722048825595,0.0126689531847478));
#2738=CARTESIAN_POINT('',(-0.0076202694897965,0.00110488649228712,0.012668953184753));
#2739=CARTESIAN_POINT('',(-0.00762060790310407,0.00110255249631806,0.012668953184749));
#2740=CARTESIAN_POINT('',(-0.0076948799924268,0.00111183657611765,0.0126278679883045));
#2741=CARTESIAN_POINT('',(-0.00784978221089155,0.00107725315333574,0.0125448492586449));
#2742=CARTESIAN_POINT('',(-0.00799558723592449,0.00084203165167026,0.0124778553430396));
#2743=CARTESIAN_POINT('',(-0.00790409231580782,0.000579699759461514,0.0125437386585651));
#2744=CARTESIAN_POINT('',(-0.00775853487179717,0.000512370041563492,0.0126275139589904));
#2745=CARTESIAN_POINT('',(-0.00768331289028121,0.000505954395237127,0.0126689531847479));
#2746=CARTESIAN_POINT('',(-0.00768346713716249,0.000503601042596681,0.0126689531847532));
#2747=CARTESIAN_POINT('',(-0.00768362138404155,0.000501247689956161,0.0126689531847491));
#2748=CARTESIAN_POINT('',(-0.00775841099692884,0.000504676657047866,0.0126278580652445));
#2749=CARTESIAN_POINT('',(-0.00791009943010141,0.000458045843417694,0.0125448518887359));
#2750=CARTESIAN_POINT('',(-0.00803700522798543,0.000212097687856153,0.0124778551488586));
#2751=CARTESIAN_POINT('',(-0.00792521267749308,-4.22280010234578E-05,0.0125437367111403));
#2752=CARTESIAN_POINT('',(-0.00777481905042618,-9.79370475429302E-05,0.012627513375926));
#2753=CARTESIAN_POINT('',(-0.00769932452514626,-9.84310748752299E-05,0.012668953184748));
#2754=CARTESIAN_POINT('',(-0.00769929365461578,-0.000100789274985703,0.0126689531847533));
#2755=CARTESIAN_POINT('',(-0.00769926278408305,-0.000103147475096076,0.0126689531847492));
#2756=CARTESIAN_POINT('',(-0.00777410391950325,-0.000105597430641886,0.012627850903598));
#2757=CARTESIAN_POINT('',(-0.00792164111903787,-0.000163984586986111,0.0125448585057415));
#2758=CARTESIAN_POINT('',(-0.00802887534094754,-0.000419116520122715,0.0124778531117569));
#2759=CARTESIAN_POINT('',(-0.00789746535851694,-0.000663909385279707,0.0125437383799929));
#2760=CARTESIAN_POINT('',(-0.00774316700613773,-0.00070764035333825,0.0126275138270179));
#2761=CARTESIAN_POINT('',(-0.00766786726402856,-0.000702209684679322,0.012668953184748));
#2762=CARTESIAN_POINT('',(-0.00766765146641342,-0.000704558193171955,0.0126689531847534));
#2763=CARTESIAN_POINT('',(-0.00766743566879601,-0.000706906701664312,0.0126689531847493));
#2764=CARTESIAN_POINT('',(-0.00774186029998094,-0.000715221790713514,0.0126278473537019));
#2765=CARTESIAN_POINT('',(-0.00788435693503702,-0.000785004078217393,0.0125448575587004));
#2766=CARTESIAN_POINT('',(-0.00797123850882657,-0.00104777583974845,0.0124778538136837));
#2767=CARTESIAN_POINT('',(-0.0078210348117705,-0.0012814843447772,0.0125437364087057));
#2768=CARTESIAN_POINT('',(-0.00766377708035997,-0.0013129808909246,0.0126275135515527));
#2769=CARTESIAN_POINT('',(-0.00758913505140351,-0.00130165893826894,0.0126689531847481));
#2770=CARTESIAN_POINT('',(-0.00758873565716777,-0.00130398327580792,0.0126689531847491));
#2771=CARTESIAN_POINT('',(-0.00758833626293156,-0.00130630761334681,0.0126689531847483));
#2772=CARTESIAN_POINT('',(-0.00766192643474189,-0.00132044545787362,0.0126278208817005));
#2773=CARTESIAN_POINT('',(-0.00779911403338595,-0.00140191336235992,0.0125444201276372));
#2774=CARTESIAN_POINT('',(-0.00786421982083325,-0.00167034508100808,0.0124779388385469));
#2775=CARTESIAN_POINT('',(-0.00769619761032103,-0.00189122537161093,0.0125438289488111));
#2776=CARTESIAN_POINT('',(-0.00753707845374771,-0.00191021279614713,0.0126275465044253));
#2777=CARTESIAN_POINT('',(-0.00746361329754308,-0.0018930830316586,0.0126689531847481));
#2778=CARTESIAN_POINT('',(-0.00746303276908499,-0.00189536886793008,0.0126689531847492));
#2779=CARTESIAN_POINT('',(-0.00746245224062645,-0.00189765470420143,0.0126689531847483));
#2780=CARTESIAN_POINT('',(-0.00753470675051126,-0.00191752290428651,0.0126278206343446));
#2781=CARTESIAN_POINT('',(-0.00766508356952636,-0.00200950359577615,0.0125444176938297));
#2782=CARTESIAN_POINT('',(-0.00770891698466929,-0.0022822303402788,0.0124779398590737));
#2783=CARTESIAN_POINT('',(-0.00752409397242315,-0.00248922623881694,0.012543827208257));
#2784=CARTESIAN_POINT('',(-0.00736397065879745,-0.0024956766301238,0.0126275464634284));
#2785=CARTESIAN_POINT('',(-0.00729207588580001,-0.00247283563864409,0.0126689531847481));
#2786=CARTESIAN_POINT('',(-0.00729131780227057,-0.00247506888070735,0.0126689531847535));
#2787=CARTESIAN_POINT('',(-0.007290559718739,-0.0024773021227698,0.0126689531847494));
#2788=CARTESIAN_POINT('',(-0.00736098372079778,-0.0025027604110302,0.0126278491932104));
#2789=CARTESIAN_POINT('',(-0.00748325261223427,-0.00260387960872532,0.0125448595588827));
#2790=CARTESIAN_POINT('',(-0.00750640078856888,-0.00287966121834629,0.0124778529874253));
#2791=CARTESIAN_POINT('',(-0.00730577743173821,-0.00307186696903636,0.0125437378368594));
#2792=CARTESIAN_POINT('',(-0.00714551458030988,-0.00306577536650573,0.0126275149898915));
#2793=CARTESIAN_POINT('',(-0.0070755804013597,-0.00303734239161605,0.0126689531847482));
#2794=CARTESIAN_POINT('',(-0.00707464943659595,-0.00303950927079111,0.0126689531847535));
#2795=CARTESIAN_POINT('',(-0.00707371847183016,-0.00304167614996523,0.0126689531847494));
#2796=CARTESIAN_POINT('',(-0.00714192288768529,-0.00307257907049026,0.0126278522413727));
#2797=CARTESIAN_POINT('',(-0.00725589372391132,-0.0031829855916943,0.0125448549449739));
#2798=CARTESIAN_POINT('',(-0.00725731585374856,-0.00345974269024985,0.0124778546569058));
#2799=CARTESIAN_POINT('',(-0.00704224701124432,-0.00363559718459967,0.0125437356377235));
#2800=CARTESIAN_POINT('',(-0.0068829492564414,-0.00361695515444448,0.0126275150661218));
#2801=CARTESIAN_POINT('',(-0.00681546161087573,-0.00358312291872483,0.0126689531847482));
#2802=CARTESIAN_POINT('',(-0.00681436350458504,-0.00358521007548105,0.0126689531847535));
#2803=CARTESIAN_POINT('',(-0.00681326539829241,-0.00358729723223617,0.0126689531847494));
#2804=CARTESIAN_POINT('',(-0.00687882492137607,-0.00362345061716987,0.0126278585260427));
#2805=CARTESIAN_POINT('',(-0.00698379226662343,-0.00374246463443277,0.0125448547940327));
#2806=CARTESIAN_POINT('',(-0.00696350365936444,-0.00401846746950638,0.0124778542677526));
#2807=CARTESIAN_POINT('',(-0.00673528563375663,-0.00417692339694229,0.0125437374671824));
#2808=CARTESIAN_POINT('',(-0.00657794657030987,-0.00414583416446017,0.0126275162330781));
#2809=CARTESIAN_POINT('',(-0.00651332323318975,-0.00410681230153039,0.0126689531847483));
#2810=CARTESIAN_POINT('',(-0.00651206475556256,-0.00410880686785231,0.0126689531847534));
#2811=CARTESIAN_POINT('',(-0.00651080627793355,-0.004110801434173,0.0126689531847495));
#2812=CARTESIAN_POINT('',(-0.00657331641558203,-0.00415198004580655,0.0126278655758061));
#2813=CARTESIAN_POINT('',(-0.0066686436293648,-0.00427887745812122,0.0125448476795467));
#2814=CARTESIAN_POINT('',(-0.00662673836112371,-0.00455244266198208,0.0124778566166524));
#2815=CARTESIAN_POINT('',(-0.00638681345890333,-0.0046924877611442,0.0125437350301418));
#2816=CARTESIAN_POINT('',(-0.00623239003168741,-0.00464915330474405,0.0126275165876303));
#2817=CARTESIAN_POINT('',(-0.00617102805187142,-0.00460518182084335,0.0126689531847483));
#2818=CARTESIAN_POINT('',(-0.00616961696184075,-0.00460707149956633,0.0126689531847532));
#2819=CARTESIAN_POINT('',(-0.00616820587180845,-0.00460896117828798,0.0126689531847494));
#2820=CARTESIAN_POINT('',(-0.00622727665117427,-0.00465490503153415,0.0126278765793219));
#2821=CARTESIAN_POINT('',(-0.00631237287885154,-0.00478890643627881,0.0125448450516648));
#2822=CARTESIAN_POINT('',(-0.00624913918137608,-0.00505832470200602,0.0124778568188779));
#2823=CARTESIAN_POINT('',(-0.00599894838263344,-0.00517913071424627,0.0125437369731346));
#2824=CARTESIAN_POINT('',(-0.00584840703443828,-0.00512380730260091,0.0126275182060657));
#2825=CARTESIAN_POINT('',(-0.00579068643053821,-0.00507515886285245,0.0126689531847483));
#2826=CARTESIAN_POINT('',(-0.00578913142794337,-0.00507693200347877,0.012668953184753));
#2827=CARTESIAN_POINT('',(-0.0057875764253471,-0.00507870514410372,0.0126689531847494));
#2828=CARTESIAN_POINT('',(-0.00584284366625015,-0.00512912674474193,0.0126278890097375));
#2829=CARTESIAN_POINT('',(-0.00591719411913444,-0.00526942135886817,0.0125448341918215));
#2830=CARTESIAN_POINT('',(-0.0058329845181754,-0.00553304506220216,0.0124778600146148));
#2831=CARTESIAN_POINT('',(-0.0055741146497192,-0.00563383337005853,0.0125437348624949));
#2832=CARTESIAN_POINT('',(-0.00542837048722066,-0.00556687445098848,0.0126275171051268));
#2833=CARTESIAN_POINT('',(-0.0053746433017621,-0.00551384586281046,0.0126689531847484));
#2834=CARTESIAN_POINT('',(-0.00537295397371117,-0.00551549153333855,0.0126689531847487));
#2835=CARTESIAN_POINT('',(-0.00537126464566027,-0.00551713720386643,0.0126689531847484));
#2836=CARTESIAN_POINT('',(-0.00542223143926138,-0.00557155376521218,0.0126280287602634));
#2837=CARTESIAN_POINT('',(-0.00548560643487765,-0.00571760987538499,0.012544730616016));
#2838=CARTESIAN_POINT('',(-0.0053808403337,-0.00597362068166767,0.0124778842822283));
#2839=CARTESIAN_POINT('',(-0.00511488557258984,-0.00605380976548573,0.0125437410040528));
#2840=CARTESIAN_POINT('',(-0.00497486145538239,-0.00597561492886511,0.0126275198242508));
#2841=CARTESIAN_POINT('',(-0.00492546370978037,-0.00591853816948445,0.0126689531847484));
#2842=CARTESIAN_POINT('',(-0.00492365047154253,-0.00592004622380825,0.0126689531847496));
#2843=CARTESIAN_POINT('',(-0.00492183723330448,-0.00592155427813157,0.0126689531847486));
#2844=CARTESIAN_POINT('',(-0.00496841567443826,-0.0059798497535485,0.0126279951385937));
#2845=CARTESIAN_POINT('',(-0.0050200836561187,-0.00613032937498309,0.0125447574801417));
#2846=CARTESIAN_POINT('',(-0.00489556738289559,-0.00637739623585269,0.0124778782591011));
#2847=CARTESIAN_POINT('',(-0.00462415390749477,-0.0064364540817981,0.0125437382186871));
#2848=CARTESIAN_POINT('',(-0.00449068643847395,-0.00634752017189817,0.0126275178210207));
#2849=CARTESIAN_POINT('',(-0.00444591699614495,-0.00628674072022989,0.0126689531847484));
#2850=CARTESIAN_POINT('',(-0.0044439910269369,-0.00628810186069302,0.0126689531847505));
#2851=CARTESIAN_POINT('',(-0.00444206505772843,-0.00628946300115534,0.0126689531847489));
#2852=CARTESIAN_POINT('',(-0.00448395372812541,-0.00635127403747341,0.0126279681091709));
#2853=CARTESIAN_POINT('',(-0.00452361324860564,-0.00650525701591357,0.0125447831909304));
#2854=CARTESIAN_POINT('',(-0.00438013934792202,-0.00674183509538398,0.0124778714605708));
#2855=CARTESIAN_POINT('',(-0.00410489367278791,-0.0067794204542007,0.0125437399543299));
#2856=CARTESIAN_POINT('',(-0.00397882308301627,-0.00668028908773838,0.0126275171714232));
#2857=CARTESIAN_POINT('',(-0.00393895972581088,-0.00661618342388171,0.0126689531847484));
#2858=CARTESIAN_POINT('',(-0.00393693289987323,-0.00661738925860056,0.0126689531847514));
#2859=CARTESIAN_POINT('',(-0.00393490607393505,-0.00661859509331828,0.0126689531847491));
#2860=CARTESIAN_POINT('',(-0.00397183785860655,-0.0066835406124997,0.0126279438122297));
#2861=CARTESIAN_POINT('',(-0.00399926634485634,-0.00684009427578167,0.012544798085919));
#2862=CARTESIAN_POINT('',(-0.00383767239188982,-0.00706472390580328,0.0124778683156698));
#2863=CARTESIAN_POINT('',(-0.00356034269032449,-0.00708058729674883,0.0125437375854253));
#2864=CARTESIAN_POINT('',(-0.00344242941768634,-0.00697187308616532,0.0126275157873961));
#2865=CARTESIAN_POINT('',(-0.00340771745893014,-0.00690483515662101,0.0126689531847484));
#2866=CARTESIAN_POINT('',(-0.00340560227231881,-0.00690587825122359,0.0126689531847521));
#2867=CARTESIAN_POINT('',(-0.00340348708570688,-0.00690692134582474,0.0126689531847493));
#2868=CARTESIAN_POINT('',(-0.00343522459109632,-0.00697459656876062,0.0126279242453026));
#2869=CARTESIAN_POINT('',(-0.00345026275419997,-0.00713275735247098,0.0125448148949788));
#2870=CARTESIAN_POINT('',(-0.00327157316498804,-0.00734404495313044,0.0124778637260196));
#2871=CARTESIAN_POINT('',(-0.00299382350689825,-0.00733810128330079,0.012543739333385));
#2872=CARTESIAN_POINT('',(-0.00288481087434043,-0.00722047144353508,0.0126275155394852));
#2873=CARTESIAN_POINT('',(-0.00285546548073405,-0.00715091628452906,0.0126689531847484));
#2874=CARTESIAN_POINT('',(-0.00285327497427786,-0.00715179020799027,0.0126689531847526));
#2875=CARTESIAN_POINT('',(-0.0028510844678211,-0.00715266413144981,0.0126689531847494));
#2876=CARTESIAN_POINT('',(-0.00287742596915921,-0.00722265156789935,0.0126279062179529));
#2877=CARTESIAN_POINT('',(-0.00287999517085823,-0.00738145776025762,0.012544823614679));
#2878=CARTESIAN_POINT('',(-0.00268527182033927,-0.00757809682234118,0.0124778620593002));
#2879=CARTESIAN_POINT('',(-0.002408862684275,-0.00755037394699682,0.0125437372071489));
#2880=CARTESIAN_POINT('',(-0.00230940688662582,-0.00742455454337155,0.0126275145267023));
#2881=CARTESIAN_POINT('',(-0.00228560860831061,-0.00735290963562201,0.0126689531847484));
#2882=CARTESIAN_POINT('',(-0.00228335628721027,-0.00735360899991311,0.012668953184753));
#2883=CARTESIAN_POINT('',(-0.00228110396610945,-0.00735430836420233,0.0126689531847495));
#2884=CARTESIAN_POINT('',(-0.00230188037377621,-0.00742617189253008,0.012627891870961));
#2885=CARTESIAN_POINT('',(-0.00229197118199877,-0.00758464368232253,0.0125448354514349));
#2886=CARTESIAN_POINT('',(-0.00208244303040781,-0.00776542111194156,0.0124778587088835));
#2887=CARTESIAN_POINT('',(-0.0018090342324977,-0.00771609453898227,0.0125437389392186));
#2888=CARTESIAN_POINT('',(-0.00171976391767256,-0.00758286108503188,0.012627514532636));
#2889=CARTESIAN_POINT('',(-0.00170166019877494,-0.00750956985372077,0.0126689531847484));
#2890=CARTESIAN_POINT('',(-0.00169935994933903,-0.00751009034702834,0.0126689531847533));
#2891=CARTESIAN_POINT('',(-0.00169705969990273,-0.00751061084033388,0.0126689531847496));
#2892=CARTESIAN_POINT('',(-0.00171213866253729,-0.0075839069924684,0.0126278783895822));
#2893=CARTESIAN_POINT('',(-0.00168982125226914,-0.00774107938787257,0.0125448405180459));
#2894=CARTESIAN_POINT('',(-0.00146674491486519,-0.00790487297036569,0.0124778579200664));
#2895=CARTESIAN_POINT('',(-0.00119806775796869,-0.00783424576228707,0.0125437369426344));
#2896=CARTESIAN_POINT('',(-0.00111951826285494,-0.00769441815270225,0.0126275137671824));
#2897=CARTESIAN_POINT('',(-0.00110722048825439,-0.00761993107648596,0.0126689531847484));
#2898=CARTESIAN_POINT('',(-0.00110488649228557,-0.00762026948979568,0.0126689531847535));
#2899=CARTESIAN_POINT('',(-0.00110255249631651,-0.00762060790310325,0.0126689531847496));
#2900=CARTESIAN_POINT('',(-0.0011118365761161,-0.00769487999242598,0.0126278679883051));
#2901=CARTESIAN_POINT('',(-0.00107725315333419,-0.00784978221089072,0.0125448492586455));
#2902=CARTESIAN_POINT('',(-0.000842031651668723,-0.00799558723592367,0.0124778553430401));
#2903=CARTESIAN_POINT('',(-0.000579699759459967,-0.00790409231580701,0.0125437386585656));
#2904=CARTESIAN_POINT('',(-0.000512370041561941,-0.00775853487179636,0.0126275139589909));
#2905=CARTESIAN_POINT('',(-0.000505954395235574,-0.0076833128902804,0.0126689531847484));
#2906=CARTESIAN_POINT('',(-0.000503601042595127,-0.00768346713716167,0.0126689531847537));
#2907=CARTESIAN_POINT('',(-0.000501247689954608,-0.00768362138404073,0.0126689531847496));
#2908=CARTESIAN_POINT('',(-0.000504676657046315,-0.00775841099692802,0.012627858065245));
#2909=CARTESIAN_POINT('',(-0.000458045843416144,-0.00791009943010059,0.0125448518887364));
#2910=CARTESIAN_POINT('',(-0.00021209768785462,-0.00803700522798461,0.0124778551488591));
#2911=CARTESIAN_POINT('',(4.22280010250048E-05,-0.00792521267749228,0.0125437367111408));
#2912=CARTESIAN_POINT('',(9.79370475444823E-05,-0.00777481905042538,0.0126275133759264));
#2913=CARTESIAN_POINT('',(9.84310748767828E-05,-0.00769932452514545,0.0126689531847484));
#2914=CARTESIAN_POINT('',(0.000100789274987255,-0.00769929365461496,0.0126689531847537));
#2915=CARTESIAN_POINT('',(0.000103147475097627,-0.00769926278408223,0.0126689531847496));
#2916=CARTESIAN_POINT('',(0.000105597430643434,-0.00777410391950243,0.0126278509035984));
#2917=CARTESIAN_POINT('',(0.000163984586987656,-0.00792164111903705,0.012544858505742));
#2918=CARTESIAN_POINT('',(0.000419116520124251,-0.00802887534094673,0.0124778531117574));
#2919=CARTESIAN_POINT('',(0.000663909385281264,-0.00789746535851613,0.0125437383799933));
#2920=CARTESIAN_POINT('',(0.000707640353339803,-0.00774316700613691,0.0126275138270183));
#2921=CARTESIAN_POINT('',(0.000702209684680872,-0.00766786726402774,0.0126689531847484));
#2922=CARTESIAN_POINT('',(0.000704558193173509,-0.0076676514664126,0.0126689531847538));
#2923=CARTESIAN_POINT('',(0.000706906701665864,-0.00766743566879519,0.0126689531847496));
#2924=CARTESIAN_POINT('',(0.000715221790715066,-0.00774186029998012,0.0126278473537023));
#2925=CARTESIAN_POINT('',(0.000785004078218949,-0.00788435693503619,0.0125448575587007));
#2926=CARTESIAN_POINT('',(0.00104777583974999,-0.00797123850882575,0.0124778538136841));
#2927=CARTESIAN_POINT('',(0.00128148434477875,-0.00782103481176969,0.012543736408706));
#2928=CARTESIAN_POINT('',(0.00131298089092615,-0.00766377708035916,0.012627513551553));
#2929=CARTESIAN_POINT('',(0.00130165893827049,-0.0075891350514027,0.0126689531847484));
#2930=CARTESIAN_POINT('',(0.00130398327580948,-0.00758873565716695,0.0126689531847494));
#2931=CARTESIAN_POINT('',(0.00130630761334836,-0.00758833626293074,0.0126689531847486));
#2932=CARTESIAN_POINT('',(0.00132044545787517,-0.00766192643474107,0.0126278208817008));
#2933=CARTESIAN_POINT('',(0.00140191336236147,-0.00779911403338513,0.0125444201276375));
#2934=CARTESIAN_POINT('',(0.00167034508100961,-0.00786421982083244,0.0124779388385472));
#2935=CARTESIAN_POINT('',(0.00189122537161249,-0.00769619761032023,0.0125438289488114));
#2936=CARTESIAN_POINT('',(0.00191021279614869,-0.0075370784537469,0.0126275465044256));
#2937=CARTESIAN_POINT('',(0.00189308303166016,-0.00746361329754227,0.0126689531847483));
#2938=CARTESIAN_POINT('',(0.00189536886793164,-0.00746303276908417,0.0126689531847494));
#2939=CARTESIAN_POINT('',(0.00189765470420299,-0.00746245224062563,0.0126689531847486));
#2940=CARTESIAN_POINT('',(0.00191752290428807,-0.00753470675051044,0.0126278206343448));
#2941=CARTESIAN_POINT('',(0.00200950359577771,-0.00766508356952553,0.0125444176938299));
#2942=CARTESIAN_POINT('',(0.00228223034028034,-0.00770891698466847,0.0124779398590739));
#2943=CARTESIAN_POINT('',(0.00248922623881849,-0.00752409397242233,0.0125438272082571));
#2944=CARTESIAN_POINT('',(0.00249567663012535,-0.00736397065879664,0.0126275464634285));
#2945=CARTESIAN_POINT('',(0.00247283563864565,-0.00729207588579919,0.0126689531847483));
#2946=CARTESIAN_POINT('',(0.0024750688807089,-0.00729131780226975,0.0126689531847537));
#2947=CARTESIAN_POINT('',(0.00247730212277135,-0.00729055971873819,0.0126689531847495));
#2948=CARTESIAN_POINT('',(0.00250276041103176,-0.00736098372079697,0.0126278491932106));
#2949=CARTESIAN_POINT('',(0.00260387960872688,-0.00748325261223346,0.0125448595588829));
#2950=CARTESIAN_POINT('',(0.00287966121834785,-0.00750640078856806,0.0124778529874254));
#2951=CARTESIAN_POINT('',(0.00307186696903793,-0.00730577743173738,0.0125437378368595));
#2952=CARTESIAN_POINT('',(0.00306577536650728,-0.00714551458030904,0.0126275149898916));
#2953=CARTESIAN_POINT('',(0.00303734239161759,-0.00707558040135886,0.0126689531847483));
#2954=CARTESIAN_POINT('',(0.00303950927079267,-0.00707464943659513,0.0126689531847536));
#2955=CARTESIAN_POINT('',(0.00304167614996678,-0.00707371847182935,0.0126689531847495));
#2956=CARTESIAN_POINT('',(0.00307257907049182,-0.00714192288768447,0.0126278522413728));
#2957=CARTESIAN_POINT('',(0.00318298559169586,-0.00725589372391051,0.0125448549449739));
#2958=CARTESIAN_POINT('',(0.00345974269025139,-0.00725731585374774,0.0124778546569059));
#2959=CARTESIAN_POINT('',(0.00363559718460123,-0.0070422470112435,0.0125437356377235));
#2960=CARTESIAN_POINT('',(0.00361695515444603,-0.00688294925644058,0.0126275150661218));
#2961=CARTESIAN_POINT('',(0.00358312291872639,-0.00681546161087491,0.0126689531847482));
#2962=CARTESIAN_POINT('',(0.00358521007548261,-0.00681436350458422,0.0126689531847535));
#2963=CARTESIAN_POINT('',(0.00358729723223772,-0.0068132653982916,0.0126689531847494));
#2964=CARTESIAN_POINT('',(0.00362345061717143,-0.00687882492137526,0.0126278585260427));
#2965=CARTESIAN_POINT('',(0.00374246463443432,-0.0069837922666226,0.0125448547940327));
#2966=CARTESIAN_POINT('',(0.00401846746950792,-0.00696350365936363,0.0124778542677525));
#2967=CARTESIAN_POINT('',(0.00417692339694385,-0.00673528563375581,0.0125437374671823));
#2968=CARTESIAN_POINT('',(0.00414583416446172,-0.00657794657030906,0.012627516233078));
#2969=CARTESIAN_POINT('',(0.00410681230153195,-0.00651332323318893,0.0126689531847482));
#2970=CARTESIAN_POINT('',(0.00410880686785387,-0.00651206475556174,0.0126689531847533));
#2971=CARTESIAN_POINT('',(0.00411080143417455,-0.00651080627793273,0.0126689531847494));
#2972=CARTESIAN_POINT('',(0.00415198004580811,-0.00657331641558121,0.012627865575806));
#2973=CARTESIAN_POINT('',(0.00427887745812277,-0.00666864362936397,0.0125448476795466));
#2974=CARTESIAN_POINT('',(0.00455244266198363,-0.0066267383611229,0.0124778566166523));
#2975=CARTESIAN_POINT('',(0.00469248776114576,-0.0063868134589025,0.0125437350301416));
#2976=CARTESIAN_POINT('',(0.0046491533047456,-0.00623239003168658,0.0126275165876301));
#2977=CARTESIAN_POINT('',(0.0046051818208449,-0.00617102805187059,0.0126689531847482));
#2978=CARTESIAN_POINT('',(0.00460707149956788,-0.00616961696183993,0.0126689531847531));
#2979=CARTESIAN_POINT('',(0.00460896117828954,-0.00616820587180764,0.0126689531847493));
#2980=CARTESIAN_POINT('',(0.0046549050315357,-0.00622727665117346,0.0126278765793218));
#2981=CARTESIAN_POINT('',(0.00478890643628035,-0.00631237287885071,0.0125448450516646));
#2982=CARTESIAN_POINT('',(0.00505832470200757,-0.00624913918137527,0.0124778568188777));
#2983=CARTESIAN_POINT('',(0.00517913071424782,-0.00599894838263261,0.0125437369731344));
#2984=CARTESIAN_POINT('',(0.00512380730260245,-0.00584840703443744,0.0126275182060654));
#2985=CARTESIAN_POINT('',(0.00507515886285399,-0.00579068643053737,0.0126689531847481));
#2986=CARTESIAN_POINT('',(0.00507693200348033,-0.00578913142794255,0.0126689531847528));
#2987=CARTESIAN_POINT('',(0.00507870514410528,-0.00578757642534627,0.0126689531847492));
#2988=CARTESIAN_POINT('',(0.00512912674474349,-0.00584284366624932,0.0126278890097373));
#2989=CARTESIAN_POINT('',(0.00526942135886972,-0.00591719411913362,0.0125448341918212));
#2990=CARTESIAN_POINT('',(0.0055330450622037,-0.00583298451817459,0.0124778600146145));
#2991=CARTESIAN_POINT('',(0.00563383337006009,-0.0055741146497184,0.0125437348624946));
#2992=CARTESIAN_POINT('',(0.00556687445099005,-0.00542837048721986,0.0126275171051265));
#2993=CARTESIAN_POINT('',(0.00551384586281203,-0.00537464330176129,0.0126689531847481));
#2994=CARTESIAN_POINT('',(0.00551549153334011,-0.00537295397371035,0.0126689531847484));
#2995=CARTESIAN_POINT('',(0.00551713720386799,-0.00537126464565944,0.0126689531847481));
#2996=CARTESIAN_POINT('',(0.00557155376521374,-0.00542223143926056,0.0126280287602631));
#2997=CARTESIAN_POINT('',(0.00571760987538654,-0.00548560643487683,0.0125447306160157));
#2998=CARTESIAN_POINT('',(0.00597362068166922,-0.0053808403336992,0.012477884282228));
#2999=CARTESIAN_POINT('',(0.00605380976548729,-0.00511488557258902,0.0125437410040525));
#3000=CARTESIAN_POINT('',(0.00597561492886666,-0.00497486145538156,0.0126275198242504));
#3001=CARTESIAN_POINT('',(0.00591853816948601,-0.00492546370977955,0.012668953184748));
#3002=CARTESIAN_POINT('',(0.0059200462238098,-0.00492365047154171,0.0126689531847492));
#3003=CARTESIAN_POINT('',(0.00592155427813312,-0.00492183723330366,0.0126689531847483));
#3004=CARTESIAN_POINT('',(0.00597984975355006,-0.00496841567443744,0.0126279951385933));
#3005=CARTESIAN_POINT('',(0.00613032937498464,-0.00502008365611788,0.0125447574801413));
#3006=CARTESIAN_POINT('',(0.00637739623585425,-0.00489556738289477,0.0124778782591007));
#3007=CARTESIAN_POINT('',(0.00643645408179965,-0.00462415390749393,0.0125437382186866));
#3008=CARTESIAN_POINT('',(0.00634752017189972,-0.00449068643847312,0.0126275178210203));
#3009=CARTESIAN_POINT('',(0.00628674072023143,-0.00444591699614412,0.012668953184748));
#3010=CARTESIAN_POINT('',(0.00628810186069457,-0.00444399102693609,0.0126689531847501));
#3011=CARTESIAN_POINT('',(0.0062894630011569,-0.00444206505772762,0.0126689531847484));
#3012=CARTESIAN_POINT('',(0.00635127403747496,-0.00448395372812459,0.0126279681091705));
#3013=CARTESIAN_POINT('',(0.00650525701591513,-0.00452361324860482,0.0125447831909299));
#3014=CARTESIAN_POINT('',(0.00674183509538553,-0.00438013934792121,0.0124778714605703));
#3015=CARTESIAN_POINT('',(0.00677942045420225,-0.00410489367278708,0.0125437399543294));
#3016=CARTESIAN_POINT('',(0.00668028908773993,-0.00397882308301545,0.0126275171714227));
#3017=CARTESIAN_POINT('',(0.00661618342388326,-0.00393895972581005,0.0126689531847479));
#3018=CARTESIAN_POINT('',(0.00661738925860211,-0.00393693289987242,0.0126689531847509));
#3019=CARTESIAN_POINT('',(0.00661859509331984,-0.00393490607393423,0.0126689531847486));
#3020=CARTESIAN_POINT('',(0.00668354061250125,-0.00397183785860573,0.0126279438122292));
#3021=CARTESIAN_POINT('',(0.00684009427578323,-0.00399926634485552,0.0125447980859185));
#3022=CARTESIAN_POINT('',(0.00706472390580482,-0.003837672391889,0.0124778683156692));
#3023=CARTESIAN_POINT('',(0.00708058729675038,-0.00356034269032365,0.0125437375854248));
#3024=CARTESIAN_POINT('',(0.00697187308616686,-0.00344242941768551,0.0126275157873955));
#3025=CARTESIAN_POINT('',(0.00690483515662254,-0.00340771745892931,0.0126689531847479));
#3026=CARTESIAN_POINT('',(0.00690587825122514,-0.00340560227231799,0.0126689531847515));
#3027=CARTESIAN_POINT('',(0.0069069213458263,-0.00340348708570606,0.0126689531847487));
#3028=CARTESIAN_POINT('',(0.00697459656876218,-0.0034352245910955,0.012627924245302));
#3029=CARTESIAN_POINT('',(0.00713275735247252,-0.00345026275419915,0.0125448148949782));
#3030=CARTESIAN_POINT('',(0.00734404495313199,-0.00327157316498724,0.012477863726019));
#3031=CARTESIAN_POINT('',(0.00733810128330235,-0.00299382350689743,0.0125437393333843));
#3032=CARTESIAN_POINT('',(0.00722047144353664,-0.00288481087433961,0.0126275155394846));
#3033=CARTESIAN_POINT('',(0.00715091628453062,-0.00285546548073324,0.0126689531847478));
#3034=CARTESIAN_POINT('',(0.00715179020799183,-0.00285327497427704,0.012668953184752));
#3035=CARTESIAN_POINT('',(0.00715266413145137,-0.00285108446782028,0.0126689531847488));
#3036=CARTESIAN_POINT('',(0.00722265156790091,-0.00287742596915839,0.0126279062179523));
#3037=CARTESIAN_POINT('',(0.00738145776025917,-0.00287999517085741,0.0125448236146784));
#3038=CARTESIAN_POINT('',(0.00757809682234273,-0.00268527182033845,0.0124778620592995));
#3039=CARTESIAN_POINT('',(0.00755037394699836,-0.00240886268427417,0.0125437372071482));
#3040=CARTESIAN_POINT('',(0.0074245545433731,-0.002309406886625,0.0126275145267016));
#3041=CARTESIAN_POINT('',(0.00735290963562356,-0.00228560860830979,0.0126689531847477));
#3042=CARTESIAN_POINT('',(0.00735360899991466,-0.00228335628720946,0.0126689531847523));
#3043=CARTESIAN_POINT('',(0.00735430836420388,-0.00228110396610863,0.0126689531847488));
#3044=CARTESIAN_POINT('',(0.00742617189253163,-0.00230188037377539,0.0126278918709603));
#3045=CARTESIAN_POINT('',(0.00758464368232407,-0.00229197118199795,0.0125448354514342));
#3046=CARTESIAN_POINT('',(0.00776542111194311,-0.002082443030407,0.0124778587088827));
#3047=CARTESIAN_POINT('',(0.00771609453898382,-0.00180903423249688,0.0125437389392179));
#3048=CARTESIAN_POINT('',(0.00758286108503343,-0.00171976391767175,0.0126275145326352));
#3049=CARTESIAN_POINT('',(0.00750956985372232,-0.00170166019877413,0.0126689531847477));
#3050=CARTESIAN_POINT('',(0.0075100903470299,-0.0016993599493382,0.0126689531847526));
#3051=CARTESIAN_POINT('',(0.00751061084033543,-0.00169705969990191,0.0126689531847488));
#3052=CARTESIAN_POINT('',(0.00758390699246995,-0.00171213866253647,0.0126278783895814));
#3053=CARTESIAN_POINT('',(0.00774107938787411,-0.00168982125226833,0.0125448405180452));
#3054=CARTESIAN_POINT('',(0.00790487297036723,-0.00146674491486438,0.0124778579200656));
#3055=CARTESIAN_POINT('',(0.00783424576228863,-0.00119806775796787,0.0125437369426336));
#3056=CARTESIAN_POINT('',(0.0076944181527038,-0.00111951826285412,0.0126275137671816));
#3057=CARTESIAN_POINT('',(0.00761993107648751,-0.00110722048825358,0.0126689531847476));
#3058=CARTESIAN_POINT('',(0.0072583394814106,-0.0025703128160977,0.025));
#3059=CARTESIAN_POINT('',(0.00715183322139454,-0.00285329213488465,0.025));
#3060=CARTESIAN_POINT('',(0.00735365322712717,-0.00228337002012397,0.025));
#3061=CARTESIAN_POINT('',(0.00743762886242656,-0.00199290664728704,0.025));
#3062=CARTESIAN_POINT('',(0.00751013551537672,-0.00169937016989162,0.025));
#3063=CARTESIAN_POINT('',(0.00610882072024367,-0.00468746300336501,0.025));
#3064=CARTESIAN_POINT('',(0.00592008182906736,-0.00492368008412183,0.025));
#3065=CARTESIAN_POINT('',(0.00628813967956926,-0.0044440177546742,0.025));
#3066=CARTESIAN_POINT('',(0.00645776337318085,-0.00419372056961351,0.025));
#3067=CARTESIAN_POINT('',(0.00661742905792799,-0.00393695657798312,0.025));
#3068=CARTESIAN_POINT('',(0.00436132802432263,-0.00634577165238767,0.025));
#3069=CARTESIAN_POINT('',(0.00410883157967557,-0.0065121039214287,0.025));
#3070=CARTESIAN_POINT('',(0.0046070992081298,-0.00616965406810442,0.025));
#3071=CARTESIAN_POINT('',(0.00484576701108511,-0.00598402390321674,0.025));
#3072=CARTESIAN_POINT('',(0.00507696253794995,-0.00578916624583209,0.025));
#3073=CARTESIAN_POINT('',(0.00218691815422178,-0.00738291195848359,0.025));
#3074=CARTESIAN_POINT('',(0.00189538026735221,-0.00746307765441003,0.025));
#3075=CARTESIAN_POINT('',(0.00247508376665094,-0.00729136165484091,0.025));
#3076=CARTESIAN_POINT('',(0.00275943321150035,-0.00718856928402687,0.025));
#3077=CARTESIAN_POINT('',(0.0030395275514794,-0.00707469198604589,0.025));
#3078=CARTESIAN_POINT('',(-0.000201562501969015,-0.00769736140231069,0.025));
#3079=CARTESIAN_POINT('',(-0.000503604071430398,-0.007683513348258,0.025));
#3080=CARTESIAN_POINT('',(0.000100789881169703,-0.00769933996089758,0.025));
#3081=CARTESIAN_POINT('',(0.000402986863072279,-0.00768944741760902,0.025));
#3082=CARTESIAN_POINT('',(0.000704562430636359,-0.00766769758238788,0.025));
#3083=CARTESIAN_POINT('',(-0.0076973614023115,0.000201562501970568,0.025));
#3084=CARTESIAN_POINT('',(-0.00768351334825882,0.000503604071431952,0.025));
#3085=CARTESIAN_POINT('',(-0.0076993399608984,-0.000100789881168149,0.025));
#3086=CARTESIAN_POINT('',(-0.00768944741760983,-0.000402986863070727,0.025));
#3087=CARTESIAN_POINT('',(-0.0076676975823887,-0.000704562430634805,0.025));
#3088=CARTESIAN_POINT('',(0.00769736140231224,-0.000201562501968197,0.025));
#3089=CARTESIAN_POINT('',(0.00768351334825959,-0.000503604071429583,0.025));
#3090=CARTESIAN_POINT('',(0.00769933996089914,0.000100789881170521,0.025));
#3091=CARTESIAN_POINT('',(0.00768944741761057,0.000402986863073095,0.025));
#3092=CARTESIAN_POINT('',(0.00766769758238943,0.000704562430637177,0.025));
#3093=CARTESIAN_POINT('',(0.00763412543257859,0.00100505168009682,0.025));
#3094=CARTESIAN_POINT('',(0.00758878129851611,0.00130399111842818,0.025));
#3095=CARTESIAN_POINT('',(0.00753173652565046,0.00160092001929916,0.025));
#3096=CARTESIAN_POINT('',(0.00746307765441159,0.00189538026735303,0.025));
#3097=CARTESIAN_POINT('',(0.00738291195848515,0.0021869181542226,0.025));
#3098=CARTESIAN_POINT('',(0.00729136165484246,0.00247508376665176,0.025));
#3099=CARTESIAN_POINT('',(0.00718856928402842,0.00275943321150118,0.025));
#3100=CARTESIAN_POINT('',(0.00707469198604744,0.00303952755148021,0.025));
#3101=CARTESIAN_POINT('',(0.00694990668949381,0.0033149354454262,0.025));
#3102=CARTESIAN_POINT('',(0.00681440448858463,0.00358523163820833,0.025));
#3103=CARTESIAN_POINT('',(0.00666839560913997,0.00385000000000229,0.025));
#3104=CARTESIAN_POINT('',(0.00651210392143026,0.00410883157967639,0.025));
#3105=CARTESIAN_POINT('',(0.00634577165238923,0.00436132802432345,0.025));
#3106=CARTESIAN_POINT('',(0.00616965406810597,0.00460709920813061,0.025));
#3107=CARTESIAN_POINT('',(0.0059840239032183,0.00484576701108593,0.025));
#3108=CARTESIAN_POINT('',(0.00578916624583364,0.00507696253795077,0.025));
#3109=CARTESIAN_POINT('',(0.00558538265679416,0.00530033023284403,0.025));
#3110=CARTESIAN_POINT('',(0.00537298628856263,0.0055155247054631,0.025));
#3111=CARTESIAN_POINT('',(0.00515230566896269,0.00572221515617799,0.025));
#3112=CARTESIAN_POINT('',(0.00492368008412339,0.00592008182906817,0.025));
#3113=CARTESIAN_POINT('',(0.00468746300336656,0.00610882072024449,0.025));
#3114=CARTESIAN_POINT('',(0.00444401775467575,0.00628813967957008,0.025));
#3115=CARTESIAN_POINT('',(0.00419372056961506,0.00645776337318167,0.025));
#3116=CARTESIAN_POINT('',(0.00393695657798467,0.00661742905792881,0.025));
#3117=CARTESIAN_POINT('',(0.00367412245399828,0.00676689176749896,0.025));
#3118=CARTESIAN_POINT('',(0.00340562275481941,0.00690591978562696,0.025));
#3119=CARTESIAN_POINT('',(0.00313187215168291,0.00703430002384976,0.025));
#3120=CARTESIAN_POINT('',(0.00285329213488621,0.00715183322139536,0.025));
#3121=CARTESIAN_POINT('',(0.00257031281609926,0.00725833948141142,0.025));
#3122=CARTESIAN_POINT('',(0.00228337002012553,0.00735365322712799,0.025));
#3123=CARTESIAN_POINT('',(0.00199290664728859,0.00743762886242738,0.025));
#3124=CARTESIAN_POINT('',(0.00169937016989318,0.00751013551537754,0.025));
#3125=CARTESIAN_POINT('',(0.00140321354628869,0.00757106278824391,0.025));
#3126=CARTESIAN_POINT('',(0.00110489313746552,0.00762031532080132,0.025));
#3127=CARTESIAN_POINT('',(0.00080486916716007,0.00765781859433707,0.025));
#3128=CARTESIAN_POINT('',(0.000503604071431136,0.00768351334826038,0.025));
#3129=CARTESIAN_POINT('',(0.000201562501969755,0.00769736140231306,0.025));
#3130=CARTESIAN_POINT('',(-0.000100789881168965,0.00769933996089996,0.025));
#3131=CARTESIAN_POINT('',(-0.00040298686307154,0.00768944741761139,0.025));
#3132=CARTESIAN_POINT('',(-0.000704562430635624,0.00766769758239025,0.025));
#3133=CARTESIAN_POINT('',(-0.00100505168009527,0.00763412543257941,0.025));
#3134=CARTESIAN_POINT('',(-0.00130399111842663,0.00758878129851693,0.025));
#3135=CARTESIAN_POINT('',(-0.0016009200192976,0.00753173652565128,0.025));
#3136=CARTESIAN_POINT('',(-0.00189538026735147,0.00746307765441241,0.025));
#3137=CARTESIAN_POINT('',(-0.00218691815422104,0.00738291195848597,0.025));
#3138=CARTESIAN_POINT('',(-0.00247508376665021,0.00729136165484328,0.025));
#3139=CARTESIAN_POINT('',(-0.00275943321149962,0.00718856928402924,0.025));
#3140=CARTESIAN_POINT('',(-0.00303952755147867,0.00707469198604826,0.025));
#3141=CARTESIAN_POINT('',(-0.00331493544542465,0.00694990668949462,0.025));
#3142=CARTESIAN_POINT('',(-0.00358523163820678,0.00681440448858545,0.025));
#3143=CARTESIAN_POINT('',(-0.00385000000000073,0.00666839560914079,0.025));
#3144=CARTESIAN_POINT('',(-0.00410883157967484,0.00651210392143108,0.025));
#3145=CARTESIAN_POINT('',(-0.00436132802432189,0.00634577165239005,0.025));
#3146=CARTESIAN_POINT('',(-0.00460709920812906,0.00616965406810679,0.025));
#3147=CARTESIAN_POINT('',(-0.00484576701108437,0.00598402390321912,0.025));
#3148=CARTESIAN_POINT('',(-0.00507696253794921,0.00578916624583446,0.025));
#3149=CARTESIAN_POINT('',(-0.00530033023284247,0.00558538265679498,0.025));
#3150=CARTESIAN_POINT('',(-0.00551552470546154,0.00537298628856345,0.025));
#3151=CARTESIAN_POINT('',(-0.00572221515617643,0.00515230566896351,0.025));
#3152=CARTESIAN_POINT('',(-0.00592008182906662,0.00492368008412421,0.025));
#3153=CARTESIAN_POINT('',(-0.00610882072024294,0.00468746300336738,0.025));
#3154=CARTESIAN_POINT('',(-0.00628813967956853,0.00444401775467657,0.025));
#3155=CARTESIAN_POINT('',(-0.00645776337318011,0.00419372056961588,0.025));
#3156=CARTESIAN_POINT('',(-0.00661742905792726,0.00393695657798549,0.025));
#3157=CARTESIAN_POINT('',(-0.0067668917674974,0.0036741224539991,0.025));
#3158=CARTESIAN_POINT('',(-0.0069059197856254,0.00340562275482023,0.025));
#3159=CARTESIAN_POINT('',(-0.00703430002384821,0.00313187215168373,0.025));
#3160=CARTESIAN_POINT('',(-0.00715183322139381,0.00285329213488703,0.025));
#3161=CARTESIAN_POINT('',(-0.00725833948140987,0.00257031281610007,0.025));
#3162=CARTESIAN_POINT('',(-0.00735365322712644,0.00228337002012634,0.025));
#3163=CARTESIAN_POINT('',(-0.00743762886242583,0.00199290664728941,0.025));
#3164=CARTESIAN_POINT('',(-0.00751013551537599,0.00169937016989399,0.025));
#3165=CARTESIAN_POINT('',(-0.00757106278824236,0.00140321354628951,0.025));
#3166=CARTESIAN_POINT('',(-0.00762031532079976,0.00110489313746633,0.025));
#3167=CARTESIAN_POINT('',(-0.00765781859433552,0.000804869167160887,0.025));
#3168=CARTESIAN_POINT('',(-0.00763412543257786,-0.00100505168009445,0.025));
#3169=CARTESIAN_POINT('',(-0.00758878129851538,-0.00130399111842581,0.025));
#3170=CARTESIAN_POINT('',(-0.00753173652564972,-0.00160092001929678,0.025));
#3171=CARTESIAN_POINT('',(-0.00746307765441085,-0.00189538026735066,0.025));
#3172=CARTESIAN_POINT('',(-0.00738291195848441,-0.00218691815422022,0.025));
#3173=CARTESIAN_POINT('',(-0.00729136165484172,-0.00247508376664939,0.025));
#3174=CARTESIAN_POINT('',(-0.00718856928402769,-0.0027594332114988,0.025));
#3175=CARTESIAN_POINT('',(-0.00707469198604671,-0.00303952755147785,0.025));
#3176=CARTESIAN_POINT('',(-0.00694990668949307,-0.00331493544542383,0.025));
#3177=CARTESIAN_POINT('',(-0.00681440448858389,-0.00358523163820596,0.025));
#3178=CARTESIAN_POINT('',(-0.00666839560913923,-0.00384999999999991,0.025));
#3179=CARTESIAN_POINT('',(-0.00651210392142952,-0.00410883157967402,0.025));
#3180=CARTESIAN_POINT('',(-0.00634577165238849,-0.00436132802432107,0.025));
#3181=CARTESIAN_POINT('',(-0.00616965406810523,-0.00460709920812824,0.025));
#3182=CARTESIAN_POINT('',(-0.00598402390321756,-0.00484576701108356,0.025));
#3183=CARTESIAN_POINT('',(-0.00578916624583291,-0.00507696253794839,0.025));
#3184=CARTESIAN_POINT('',(-0.00558538265679343,-0.00530033023284165,0.025));
#3185=CARTESIAN_POINT('',(-0.0053729862885619,-0.00551552470546072,0.025));
#3186=CARTESIAN_POINT('',(-0.00515230566896195,-0.00572221515617561,0.025));
#3187=CARTESIAN_POINT('',(-0.00492368008412265,-0.0059200818290658,0.025));
#3188=CARTESIAN_POINT('',(-0.00468746300336583,-0.00610882072024212,0.025));
#3189=CARTESIAN_POINT('',(-0.00444401775467501,-0.00628813967956771,0.025));
#3190=CARTESIAN_POINT('',(-0.00419372056961433,-0.0064577633731793,0.025));
#3191=CARTESIAN_POINT('',(-0.00393695657798393,-0.00661742905792644,0.025));
#3192=CARTESIAN_POINT('',(-0.00367412245399755,-0.00676689176749658,0.025));
#3193=CARTESIAN_POINT('',(-0.00340562275481868,-0.00690591978562459,0.025));
#3194=CARTESIAN_POINT('',(-0.00313187215168218,-0.00703430002384739,0.025));
#3195=CARTESIAN_POINT('',(-0.00285329213488547,-0.00715183322139299,0.025));
#3196=CARTESIAN_POINT('',(-0.00257031281609852,-0.00725833948140905,0.025));
#3197=CARTESIAN_POINT('',(-0.00228337002012479,-0.00735365322712562,0.025));
#3198=CARTESIAN_POINT('',(-0.00199290664728785,-0.00743762886242501,0.025));
#3199=CARTESIAN_POINT('',(-0.00169937016989244,-0.00751013551537517,0.025));
#3200=CARTESIAN_POINT('',(-0.00140321354628796,-0.00757106278824154,0.025));
#3201=CARTESIAN_POINT('',(-0.00110489313746478,-0.00762031532079894,0.025));
#3202=CARTESIAN_POINT('',(-0.000804869167159333,-0.0076578185943347,0.025));
#3203=CARTESIAN_POINT('',(0.001005051680096,-0.00763412543257704,0.025));
#3204=CARTESIAN_POINT('',(0.00130399111842736,-0.00758878129851456,0.025));
#3205=CARTESIAN_POINT('',(0.00160092001929834,-0.00753173652564891,0.025));
#3206=CARTESIAN_POINT('',(0.00331493544542538,-0.00694990668949225,0.025));
#3207=CARTESIAN_POINT('',(0.00358523163820751,-0.00681440448858307,0.025));
#3208=CARTESIAN_POINT('',(0.00385000000000147,-0.00666839560913841,0.025));
#3209=CARTESIAN_POINT('',(0.00530033023284321,-0.00558538265679261,0.025));
#3210=CARTESIAN_POINT('',(0.00551552470546228,-0.00537298628856108,0.025));
#3211=CARTESIAN_POINT('',(0.00572221515617717,-0.00515230566896113,0.025));
#3212=CARTESIAN_POINT('',(0.00676689176749813,-0.00367412245399673,0.025));
#3213=CARTESIAN_POINT('',(0.00690591978562614,-0.00340562275481786,0.025));
#3214=CARTESIAN_POINT('',(0.00703430002384895,-0.00313187215168136,0.025));
#3215=CARTESIAN_POINT('',(0.00757106278824309,-0.00140321354628714,0.025));
#3216=CARTESIAN_POINT('',(0.0076203153208005,-0.00110489313746396,0.025));
#3217=CARTESIAN_POINT('',(0.00765781859433625,-0.000804869167158515,0.025));
#3218=MECHANICAL_DESIGN_GEOMETRIC_PRESENTATION_REPRESENTATION('',(#1616),#3219);
#3219=(
GEOMETRIC_REPRESENTATION_CONTEXT(3)
GLOBAL_UNCERTAINTY_ASSIGNED_CONTEXT((#3220))
GLOBAL_UNIT_ASSIGNED_CONTEXT((#3223,#3222,#3221))
REPRESENTATION_CONTEXT('Knob','TOP_LEVEL_ASSEMBLY_PART')
);
#3220=UNCERTAINTY_MEASURE_WITH_UNIT(LENGTH_MEASURE(2.E-05),#3223,'DISTANCE_ACCURACY_VALUE','Maximum Tolerance applied to model');
#3221=(
NAMED_UNIT(*)
SI_UNIT($,.STERADIAN.)
SOLID_ANGLE_UNIT()
);
#3222=(
NAMED_UNIT(*)
PLANE_ANGLE_UNIT()
SI_UNIT($,.RADIAN.)
);
#3223=(
LENGTH_UNIT()
NAMED_UNIT(*)
SI_UNIT($,.METRE.)
);
#3224=PRODUCT_DEFINITION_SHAPE('','',#3225);
#3225=PRODUCT_DEFINITION('','',#3227,#3226);
#3226=PRODUCT_DEFINITION_CONTEXT('',#3233,'design');
#3227=PRODUCT_DEFINITION_FORMATION_WITH_SPECIFIED_SOURCE('','',#3229,.NOT_KNOWN.);
#3228=PRODUCT_RELATED_PRODUCT_CATEGORY('','',(#3229));
#3229=PRODUCT('Knob','Knob','Knob',(#3231));
#3230=PRODUCT_CATEGORY('','');
#3231=PRODUCT_CONTEXT('',#3233,'mechanical');
#3232=APPLICATION_PROTOCOL_DEFINITION('international standard','ap242_managed_model_based_3d_engineering',2020,#3233);
#3233=APPLICATION_CONTEXT('managed model based 3d engineering');
ENDSEC;
END-ISO-10303-21;
