ISO-10303-21;
HEADER;
/*Generated by software containing ST-Developer
 * from STEP Tools, Inc. (www.steptools.com) 
 */
/*OPTION: using custom renumber hook */
/*description */
/*implementation_level */
FILE_DESCRIPTION(('STEP AP242 Edition 2','STEP AP242 Edition 2''CAx-IF Rec.Pracs.---Representation and Presentation of Product Manufa
cturing Information (PMI)---4.0---2014-10-13','STEP AP242 Edition 2''CAx-IF Rec.Pracs.---Representation and Presentation of Product Manufa
cturing Information (PMI)---4.0---2014-10-13''CAx-IF Rec.Pracs.---3D Tessellated Geometry---0.4---2014-09-14','STEP AP242 Edition 2''CAx-IF Rec.Pracs.---Representation and Presentation of Product Manufa
cturing Information (PMI)---4.0---2014-10-13''CAx-IF Rec.Pracs.---3D Tessellated Geometry---0.4---2014-09-14''2;1','STEP AP242 Edition 2''CAx-IF Rec.Pracs.---Representation and Presentation of Product Manufa
cturing Information (PMI)---4.0---2014-10-13''CAx-IF Rec.Pracs.---3D Tessellated Geometry---0.4---2014-09-14''2;1''CAx-IF Rec.Pracs.---User Defined Attributes---1.5---2016-08-15'),'2;1');
/*name */
/*time_stamp */
/*author */
/*organization */
/*preprocessor_version */
/*originating_system */
/*authorisation */
FILE_NAME('/vol/tmp/translate-12209182095042996076/Case - Plate.step','2026-03-01T13:35:34',(''),(''),'ST-DEVELOPER v20','ONSHAPE BY PTC INC, 1.211','  ');
FILE_SCHEMA(('AP242_MANAGED_MODEL_BASED_3D_ENGINEERING_MIM_LF { 1 0 10303 442 3 1 4 }'));
ENDSEC;
DATA;
#10=SHAPE_REPRESENTATION_RELATIONSHIP('','',#795,#11);
#11=ADVANCED_BREP_SHAPE_REPRESENTATION('',(#793),#1265);
#12=PLANE('',#800);
#13=PLANE('',#804);
#14=PLANE('',#808);
#15=PLANE('',#812);
#16=PLANE('',#813);
#17=PLANE('',#814);
#18=PLANE('',#815);
#19=PLANE('',#816);
#20=PLANE('',#817);
#21=PLANE('',#818);
#22=PLANE('',#819);
#23=PLANE('',#820);
#24=PLANE('',#821);
#25=PLANE('',#822);
#26=PLANE('',#823);
#27=PLANE('',#824);
#28=PLANE('',#825);
#29=PLANE('',#826);
#30=PLANE('',#827);
#31=PLANE('',#828);
#32=PLANE('',#829);
#33=PLANE('',#830);
#34=PLANE('',#831);
#35=PLANE('',#832);
#36=PLANE('',#833);
#37=PLANE('',#834);
#38=PLANE('',#835);
#39=PLANE('',#836);
#40=PLANE('',#837);
#41=PLANE('',#842);
#42=LINE('',#1054,#130);
#43=LINE('',#1058,#131);
#44=LINE('',#1060,#132);
#45=LINE('',#1062,#133);
#46=LINE('',#1064,#134);
#47=LINE('',#1068,#135);
#48=LINE('',#1072,#136);
#49=LINE('',#1074,#137);
#50=LINE('',#1076,#138);
#51=LINE('',#1080,#139);
#52=LINE('',#1084,#140);
#53=LINE('',#1086,#141);
#54=LINE('',#1088,#142);
#55=LINE('',#1092,#143);
#56=LINE('',#1096,#144);
#57=LINE('',#1099,#145);
#58=LINE('',#1101,#146);
#59=LINE('',#1103,#147);
#60=LINE('',#1105,#148);
#61=LINE('',#1107,#149);
#62=LINE('',#1109,#150);
#63=LINE('',#1111,#151);
#64=LINE('',#1113,#152);
#65=LINE('',#1115,#153);
#66=LINE('',#1117,#154);
#67=LINE('',#1120,#155);
#68=LINE('',#1122,#156);
#69=LINE('',#1124,#157);
#70=LINE('',#1126,#158);
#71=LINE('',#1128,#159);
#72=LINE('',#1130,#160);
#73=LINE('',#1132,#161);
#74=LINE('',#1134,#162);
#75=LINE('',#1136,#163);
#76=LINE('',#1138,#164);
#77=LINE('',#1141,#165);
#78=LINE('',#1143,#166);
#79=LINE('',#1145,#167);
#80=LINE('',#1147,#168);
#81=LINE('',#1149,#169);
#82=LINE('',#1151,#170);
#83=LINE('',#1153,#171);
#84=LINE('',#1155,#172);
#85=LINE('',#1157,#173);
#86=LINE('',#1159,#174);
#87=LINE('',#1162,#175);
#88=LINE('',#1164,#176);
#89=LINE('',#1166,#177);
#90=LINE('',#1168,#178);
#91=LINE('',#1170,#179);
#92=LINE('',#1172,#180);
#93=LINE('',#1174,#181);
#94=LINE('',#1176,#182);
#95=LINE('',#1178,#183);
#96=LINE('',#1180,#184);
#97=LINE('',#1183,#185);
#98=LINE('',#1185,#186);
#99=LINE('',#1187,#187);
#100=LINE('',#1189,#188);
#101=LINE('',#1191,#189);
#102=LINE('',#1193,#190);
#103=LINE('',#1195,#191);
#104=LINE('',#1197,#192);
#105=LINE('',#1199,#193);
#106=LINE('',#1201,#194);
#107=LINE('',#1203,#195);
#108=LINE('',#1205,#196);
#109=LINE('',#1207,#197);
#110=LINE('',#1209,#198);
#111=LINE('',#1211,#199);
#112=LINE('',#1213,#200);
#113=LINE('',#1215,#201);
#114=LINE('',#1217,#202);
#115=LINE('',#1219,#203);
#116=LINE('',#1221,#204);
#117=LINE('',#1223,#205);
#118=LINE('',#1225,#206);
#119=LINE('',#1226,#207);
#120=LINE('',#1228,#208);
#121=LINE('',#1229,#209);
#122=LINE('',#1231,#210);
#123=LINE('',#1232,#211);
#124=LINE('',#1234,#212);
#125=LINE('',#1235,#213);
#126=LINE('',#1237,#214);
#127=LINE('',#1238,#215);
#128=LINE('',#1240,#216);
#129=LINE('',#1241,#217);
#130=VECTOR('',#857,1.);
#131=VECTOR('',#860,1.);
#132=VECTOR('',#863,1.);
#133=VECTOR('',#864,1.);
#134=VECTOR('',#865,1.);
#135=VECTOR('',#870,1.);
#136=VECTOR('',#875,1.);
#137=VECTOR('',#876,1.);
#138=VECTOR('',#877,1.);
#139=VECTOR('',#882,1.);
#140=VECTOR('',#887,1.);
#141=VECTOR('',#888,1.);
#142=VECTOR('',#889,1.);
#143=VECTOR('',#894,1.);
#144=VECTOR('',#899,1.);
#145=VECTOR('',#900,1.);
#146=VECTOR('',#901,1.);
#147=VECTOR('',#902,1.);
#148=VECTOR('',#905,1.);
#149=VECTOR('',#906,1.);
#150=VECTOR('',#907,1.);
#151=VECTOR('',#910,1.);
#152=VECTOR('',#911,1.);
#153=VECTOR('',#912,1.);
#154=VECTOR('',#915,1.);
#155=VECTOR('',#916,1.);
#156=VECTOR('',#917,1.);
#157=VECTOR('',#918,1.);
#158=VECTOR('',#921,1.);
#159=VECTOR('',#922,1.);
#160=VECTOR('',#923,1.);
#161=VECTOR('',#926,1.);
#162=VECTOR('',#927,1.);
#163=VECTOR('',#928,1.);
#164=VECTOR('',#931,1.);
#165=VECTOR('',#932,1.);
#166=VECTOR('',#933,1.);
#167=VECTOR('',#934,1.);
#168=VECTOR('',#937,1.);
#169=VECTOR('',#938,1.);
#170=VECTOR('',#939,1.);
#171=VECTOR('',#942,1.);
#172=VECTOR('',#943,1.);
#173=VECTOR('',#944,1.);
#174=VECTOR('',#947,1.);
#175=VECTOR('',#948,1.);
#176=VECTOR('',#949,1.);
#177=VECTOR('',#950,1.);
#178=VECTOR('',#953,1.);
#179=VECTOR('',#954,1.);
#180=VECTOR('',#955,1.);
#181=VECTOR('',#958,1.);
#182=VECTOR('',#959,1.);
#183=VECTOR('',#960,1.);
#184=VECTOR('',#963,1.);
#185=VECTOR('',#964,1.);
#186=VECTOR('',#965,1.);
#187=VECTOR('',#966,1.);
#188=VECTOR('',#969,1.);
#189=VECTOR('',#970,1.);
#190=VECTOR('',#971,1.);
#191=VECTOR('',#974,1.);
#192=VECTOR('',#975,1.);
#193=VECTOR('',#976,1.);
#194=VECTOR('',#979,1.);
#195=VECTOR('',#980,1.);
#196=VECTOR('',#981,1.);
#197=VECTOR('',#984,1.);
#198=VECTOR('',#985,1.);
#199=VECTOR('',#986,1.);
#200=VECTOR('',#989,1.);
#201=VECTOR('',#990,1.);
#202=VECTOR('',#991,1.);
#203=VECTOR('',#994,1.);
#204=VECTOR('',#995,1.);
#205=VECTOR('',#996,1.);
#206=VECTOR('',#999,1.);
#207=VECTOR('',#1000,1.);
#208=VECTOR('',#1003,1.);
#209=VECTOR('',#1004,1.);
#210=VECTOR('',#1007,1.);
#211=VECTOR('',#1008,1.);
#212=VECTOR('',#1011,1.);
#213=VECTOR('',#1012,1.);
#214=VECTOR('',#1015,1.);
#215=VECTOR('',#1016,1.);
#216=VECTOR('',#1019,1.);
#217=VECTOR('',#1020,1.);
#218=ORIENTED_EDGE('',*,*,#426,.F.);
#219=ORIENTED_EDGE('',*,*,#427,.F.);
#220=ORIENTED_EDGE('',*,*,#428,.T.);
#221=ORIENTED_EDGE('',*,*,#429,.T.);
#222=ORIENTED_EDGE('',*,*,#430,.T.);
#223=ORIENTED_EDGE('',*,*,#431,.F.);
#224=ORIENTED_EDGE('',*,*,#432,.F.);
#225=ORIENTED_EDGE('',*,*,#427,.T.);
#226=ORIENTED_EDGE('',*,*,#433,.F.);
#227=ORIENTED_EDGE('',*,*,#434,.F.);
#228=ORIENTED_EDGE('',*,*,#435,.T.);
#229=ORIENTED_EDGE('',*,*,#431,.T.);
#230=ORIENTED_EDGE('',*,*,#436,.T.);
#231=ORIENTED_EDGE('',*,*,#437,.F.);
#232=ORIENTED_EDGE('',*,*,#438,.F.);
#233=ORIENTED_EDGE('',*,*,#434,.T.);
#234=ORIENTED_EDGE('',*,*,#439,.F.);
#235=ORIENTED_EDGE('',*,*,#440,.F.);
#236=ORIENTED_EDGE('',*,*,#441,.T.);
#237=ORIENTED_EDGE('',*,*,#437,.T.);
#238=ORIENTED_EDGE('',*,*,#442,.F.);
#239=ORIENTED_EDGE('',*,*,#443,.F.);
#240=ORIENTED_EDGE('',*,*,#444,.T.);
#241=ORIENTED_EDGE('',*,*,#440,.T.);
#242=ORIENTED_EDGE('',*,*,#445,.F.);
#243=ORIENTED_EDGE('',*,*,#446,.F.);
#244=ORIENTED_EDGE('',*,*,#447,.T.);
#245=ORIENTED_EDGE('',*,*,#443,.T.);
#246=ORIENTED_EDGE('',*,*,#448,.F.);
#247=ORIENTED_EDGE('',*,*,#449,.F.);
#248=ORIENTED_EDGE('',*,*,#450,.T.);
#249=ORIENTED_EDGE('',*,*,#451,.T.);
#250=ORIENTED_EDGE('',*,*,#452,.T.);
#251=ORIENTED_EDGE('',*,*,#453,.F.);
#252=ORIENTED_EDGE('',*,*,#454,.F.);
#253=ORIENTED_EDGE('',*,*,#449,.T.);
#254=ORIENTED_EDGE('',*,*,#455,.T.);
#255=ORIENTED_EDGE('',*,*,#456,.F.);
#256=ORIENTED_EDGE('',*,*,#457,.F.);
#257=ORIENTED_EDGE('',*,*,#453,.T.);
#258=ORIENTED_EDGE('',*,*,#458,.F.);
#259=ORIENTED_EDGE('',*,*,#459,.F.);
#260=ORIENTED_EDGE('',*,*,#460,.T.);
#261=ORIENTED_EDGE('',*,*,#461,.T.);
#262=ORIENTED_EDGE('',*,*,#462,.T.);
#263=ORIENTED_EDGE('',*,*,#463,.F.);
#264=ORIENTED_EDGE('',*,*,#464,.F.);
#265=ORIENTED_EDGE('',*,*,#459,.T.);
#266=ORIENTED_EDGE('',*,*,#465,.T.);
#267=ORIENTED_EDGE('',*,*,#466,.F.);
#268=ORIENTED_EDGE('',*,*,#467,.F.);
#269=ORIENTED_EDGE('',*,*,#463,.T.);
#270=ORIENTED_EDGE('',*,*,#468,.F.);
#271=ORIENTED_EDGE('',*,*,#469,.F.);
#272=ORIENTED_EDGE('',*,*,#470,.T.);
#273=ORIENTED_EDGE('',*,*,#471,.T.);
#274=ORIENTED_EDGE('',*,*,#472,.T.);
#275=ORIENTED_EDGE('',*,*,#473,.F.);
#276=ORIENTED_EDGE('',*,*,#474,.F.);
#277=ORIENTED_EDGE('',*,*,#469,.T.);
#278=ORIENTED_EDGE('',*,*,#475,.T.);
#279=ORIENTED_EDGE('',*,*,#476,.F.);
#280=ORIENTED_EDGE('',*,*,#477,.F.);
#281=ORIENTED_EDGE('',*,*,#473,.T.);
#282=ORIENTED_EDGE('',*,*,#478,.F.);
#283=ORIENTED_EDGE('',*,*,#479,.F.);
#284=ORIENTED_EDGE('',*,*,#480,.T.);
#285=ORIENTED_EDGE('',*,*,#481,.T.);
#286=ORIENTED_EDGE('',*,*,#482,.T.);
#287=ORIENTED_EDGE('',*,*,#483,.F.);
#288=ORIENTED_EDGE('',*,*,#484,.F.);
#289=ORIENTED_EDGE('',*,*,#479,.T.);
#290=ORIENTED_EDGE('',*,*,#485,.T.);
#291=ORIENTED_EDGE('',*,*,#486,.F.);
#292=ORIENTED_EDGE('',*,*,#487,.F.);
#293=ORIENTED_EDGE('',*,*,#483,.T.);
#294=ORIENTED_EDGE('',*,*,#488,.F.);
#295=ORIENTED_EDGE('',*,*,#489,.F.);
#296=ORIENTED_EDGE('',*,*,#490,.T.);
#297=ORIENTED_EDGE('',*,*,#491,.T.);
#298=ORIENTED_EDGE('',*,*,#492,.F.);
#299=ORIENTED_EDGE('',*,*,#493,.F.);
#300=ORIENTED_EDGE('',*,*,#494,.T.);
#301=ORIENTED_EDGE('',*,*,#489,.T.);
#302=ORIENTED_EDGE('',*,*,#495,.T.);
#303=ORIENTED_EDGE('',*,*,#496,.F.);
#304=ORIENTED_EDGE('',*,*,#497,.F.);
#305=ORIENTED_EDGE('',*,*,#493,.T.);
#306=ORIENTED_EDGE('',*,*,#498,.T.);
#307=ORIENTED_EDGE('',*,*,#499,.F.);
#308=ORIENTED_EDGE('',*,*,#500,.F.);
#309=ORIENTED_EDGE('',*,*,#496,.T.);
#310=ORIENTED_EDGE('',*,*,#501,.F.);
#311=ORIENTED_EDGE('',*,*,#502,.F.);
#312=ORIENTED_EDGE('',*,*,#503,.T.);
#313=ORIENTED_EDGE('',*,*,#499,.T.);
#314=ORIENTED_EDGE('',*,*,#504,.F.);
#315=ORIENTED_EDGE('',*,*,#505,.F.);
#316=ORIENTED_EDGE('',*,*,#506,.T.);
#317=ORIENTED_EDGE('',*,*,#502,.T.);
#318=ORIENTED_EDGE('',*,*,#507,.T.);
#319=ORIENTED_EDGE('',*,*,#508,.F.);
#320=ORIENTED_EDGE('',*,*,#509,.F.);
#321=ORIENTED_EDGE('',*,*,#505,.T.);
#322=ORIENTED_EDGE('',*,*,#510,.F.);
#323=ORIENTED_EDGE('',*,*,#451,.F.);
#324=ORIENTED_EDGE('',*,*,#511,.T.);
#325=ORIENTED_EDGE('',*,*,#456,.T.);
#326=ORIENTED_EDGE('',*,*,#512,.F.);
#327=ORIENTED_EDGE('',*,*,#461,.F.);
#328=ORIENTED_EDGE('',*,*,#513,.T.);
#329=ORIENTED_EDGE('',*,*,#466,.T.);
#330=ORIENTED_EDGE('',*,*,#514,.F.);
#331=ORIENTED_EDGE('',*,*,#471,.F.);
#332=ORIENTED_EDGE('',*,*,#515,.T.);
#333=ORIENTED_EDGE('',*,*,#476,.T.);
#334=ORIENTED_EDGE('',*,*,#516,.F.);
#335=ORIENTED_EDGE('',*,*,#481,.F.);
#336=ORIENTED_EDGE('',*,*,#517,.T.);
#337=ORIENTED_EDGE('',*,*,#486,.T.);
#338=ORIENTED_EDGE('',*,*,#518,.F.);
#339=ORIENTED_EDGE('',*,*,#491,.F.);
#340=ORIENTED_EDGE('',*,*,#519,.T.);
#341=ORIENTED_EDGE('',*,*,#508,.T.);
#342=ORIENTED_EDGE('',*,*,#520,.F.);
#343=ORIENTED_EDGE('',*,*,#429,.F.);
#344=ORIENTED_EDGE('',*,*,#521,.T.);
#345=ORIENTED_EDGE('',*,*,#446,.T.);
#346=ORIENTED_EDGE('',*,*,#522,.T.);
#347=ORIENTED_EDGE('',*,*,#523,.T.);
#348=ORIENTED_EDGE('',*,*,#524,.T.);
#349=ORIENTED_EDGE('',*,*,#525,.T.);
#350=ORIENTED_EDGE('',*,*,#490,.F.);
#351=ORIENTED_EDGE('',*,*,#494,.F.);
#352=ORIENTED_EDGE('',*,*,#497,.T.);
#353=ORIENTED_EDGE('',*,*,#500,.T.);
#354=ORIENTED_EDGE('',*,*,#503,.F.);
#355=ORIENTED_EDGE('',*,*,#506,.F.);
#356=ORIENTED_EDGE('',*,*,#509,.T.);
#357=ORIENTED_EDGE('',*,*,#519,.F.);
#358=ORIENTED_EDGE('',*,*,#480,.F.);
#359=ORIENTED_EDGE('',*,*,#484,.T.);
#360=ORIENTED_EDGE('',*,*,#487,.T.);
#361=ORIENTED_EDGE('',*,*,#517,.F.);
#362=ORIENTED_EDGE('',*,*,#470,.F.);
#363=ORIENTED_EDGE('',*,*,#474,.T.);
#364=ORIENTED_EDGE('',*,*,#477,.T.);
#365=ORIENTED_EDGE('',*,*,#515,.F.);
#366=ORIENTED_EDGE('',*,*,#460,.F.);
#367=ORIENTED_EDGE('',*,*,#464,.T.);
#368=ORIENTED_EDGE('',*,*,#467,.T.);
#369=ORIENTED_EDGE('',*,*,#513,.F.);
#370=ORIENTED_EDGE('',*,*,#450,.F.);
#371=ORIENTED_EDGE('',*,*,#454,.T.);
#372=ORIENTED_EDGE('',*,*,#457,.T.);
#373=ORIENTED_EDGE('',*,*,#511,.F.);
#374=ORIENTED_EDGE('',*,*,#428,.F.);
#375=ORIENTED_EDGE('',*,*,#432,.T.);
#376=ORIENTED_EDGE('',*,*,#435,.F.);
#377=ORIENTED_EDGE('',*,*,#438,.T.);
#378=ORIENTED_EDGE('',*,*,#441,.F.);
#379=ORIENTED_EDGE('',*,*,#444,.F.);
#380=ORIENTED_EDGE('',*,*,#447,.F.);
#381=ORIENTED_EDGE('',*,*,#521,.F.);
#382=ORIENTED_EDGE('',*,*,#526,.F.);
#383=ORIENTED_EDGE('',*,*,#527,.F.);
#384=ORIENTED_EDGE('',*,*,#528,.F.);
#385=ORIENTED_EDGE('',*,*,#529,.F.);
#386=ORIENTED_EDGE('',*,*,#488,.T.);
#387=ORIENTED_EDGE('',*,*,#518,.T.);
#388=ORIENTED_EDGE('',*,*,#507,.F.);
#389=ORIENTED_EDGE('',*,*,#504,.T.);
#390=ORIENTED_EDGE('',*,*,#501,.T.);
#391=ORIENTED_EDGE('',*,*,#498,.F.);
#392=ORIENTED_EDGE('',*,*,#495,.F.);
#393=ORIENTED_EDGE('',*,*,#492,.T.);
#394=ORIENTED_EDGE('',*,*,#478,.T.);
#395=ORIENTED_EDGE('',*,*,#516,.T.);
#396=ORIENTED_EDGE('',*,*,#485,.F.);
#397=ORIENTED_EDGE('',*,*,#482,.F.);
#398=ORIENTED_EDGE('',*,*,#468,.T.);
#399=ORIENTED_EDGE('',*,*,#514,.T.);
#400=ORIENTED_EDGE('',*,*,#475,.F.);
#401=ORIENTED_EDGE('',*,*,#472,.F.);
#402=ORIENTED_EDGE('',*,*,#458,.T.);
#403=ORIENTED_EDGE('',*,*,#512,.T.);
#404=ORIENTED_EDGE('',*,*,#465,.F.);
#405=ORIENTED_EDGE('',*,*,#462,.F.);
#406=ORIENTED_EDGE('',*,*,#448,.T.);
#407=ORIENTED_EDGE('',*,*,#510,.T.);
#408=ORIENTED_EDGE('',*,*,#455,.F.);
#409=ORIENTED_EDGE('',*,*,#452,.F.);
#410=ORIENTED_EDGE('',*,*,#426,.T.);
#411=ORIENTED_EDGE('',*,*,#520,.T.);
#412=ORIENTED_EDGE('',*,*,#445,.T.);
#413=ORIENTED_EDGE('',*,*,#442,.T.);
#414=ORIENTED_EDGE('',*,*,#439,.T.);
#415=ORIENTED_EDGE('',*,*,#436,.F.);
#416=ORIENTED_EDGE('',*,*,#433,.T.);
#417=ORIENTED_EDGE('',*,*,#430,.F.);
#418=ORIENTED_EDGE('',*,*,#525,.F.);
#419=ORIENTED_EDGE('',*,*,#529,.T.);
#420=ORIENTED_EDGE('',*,*,#524,.F.);
#421=ORIENTED_EDGE('',*,*,#528,.T.);
#422=ORIENTED_EDGE('',*,*,#523,.F.);
#423=ORIENTED_EDGE('',*,*,#527,.T.);
#424=ORIENTED_EDGE('',*,*,#522,.F.);
#425=ORIENTED_EDGE('',*,*,#526,.T.);
#426=EDGE_CURVE('',#530,#531,#602,.T.);
#427=EDGE_CURVE('',#532,#530,#42,.T.);
#428=EDGE_CURVE('',#532,#533,#603,.T.);
#429=EDGE_CURVE('',#533,#531,#43,.T.);
#430=EDGE_CURVE('',#530,#534,#44,.T.);
#431=EDGE_CURVE('',#535,#534,#45,.T.);
#432=EDGE_CURVE('',#532,#535,#46,.T.);
#433=EDGE_CURVE('',#536,#534,#604,.T.);
#434=EDGE_CURVE('',#537,#536,#47,.T.);
#435=EDGE_CURVE('',#537,#535,#605,.T.);
#436=EDGE_CURVE('',#536,#538,#48,.T.);
#437=EDGE_CURVE('',#539,#538,#49,.T.);
#438=EDGE_CURVE('',#537,#539,#50,.T.);
#439=EDGE_CURVE('',#540,#538,#606,.T.);
#440=EDGE_CURVE('',#541,#540,#51,.T.);
#441=EDGE_CURVE('',#541,#539,#607,.T.);
#442=EDGE_CURVE('',#542,#540,#52,.T.);
#443=EDGE_CURVE('',#543,#542,#53,.T.);
#444=EDGE_CURVE('',#543,#541,#54,.T.);
#445=EDGE_CURVE('',#544,#542,#608,.T.);
#446=EDGE_CURVE('',#545,#544,#55,.T.);
#447=EDGE_CURVE('',#545,#543,#609,.T.);
#448=EDGE_CURVE('',#546,#547,#56,.T.);
#449=EDGE_CURVE('',#548,#546,#57,.T.);
#450=EDGE_CURVE('',#548,#549,#58,.T.);
#451=EDGE_CURVE('',#549,#547,#59,.T.);
#452=EDGE_CURVE('',#546,#550,#60,.T.);
#453=EDGE_CURVE('',#551,#550,#61,.T.);
#454=EDGE_CURVE('',#548,#551,#62,.T.);
#455=EDGE_CURVE('',#550,#552,#63,.T.);
#456=EDGE_CURVE('',#553,#552,#64,.T.);
#457=EDGE_CURVE('',#551,#553,#65,.T.);
#458=EDGE_CURVE('',#554,#555,#66,.T.);
#459=EDGE_CURVE('',#556,#554,#67,.T.);
#460=EDGE_CURVE('',#556,#557,#68,.T.);
#461=EDGE_CURVE('',#557,#555,#69,.T.);
#462=EDGE_CURVE('',#554,#558,#70,.T.);
#463=EDGE_CURVE('',#559,#558,#71,.T.);
#464=EDGE_CURVE('',#556,#559,#72,.T.);
#465=EDGE_CURVE('',#558,#560,#73,.T.);
#466=EDGE_CURVE('',#561,#560,#74,.T.);
#467=EDGE_CURVE('',#559,#561,#75,.T.);
#468=EDGE_CURVE('',#562,#563,#76,.T.);
#469=EDGE_CURVE('',#564,#562,#77,.T.);
#470=EDGE_CURVE('',#564,#565,#78,.T.);
#471=EDGE_CURVE('',#565,#563,#79,.T.);
#472=EDGE_CURVE('',#562,#566,#80,.T.);
#473=EDGE_CURVE('',#567,#566,#81,.T.);
#474=EDGE_CURVE('',#564,#567,#82,.T.);
#475=EDGE_CURVE('',#566,#568,#83,.T.);
#476=EDGE_CURVE('',#569,#568,#84,.T.);
#477=EDGE_CURVE('',#567,#569,#85,.T.);
#478=EDGE_CURVE('',#570,#571,#86,.T.);
#479=EDGE_CURVE('',#572,#570,#87,.T.);
#480=EDGE_CURVE('',#572,#573,#88,.T.);
#481=EDGE_CURVE('',#573,#571,#89,.T.);
#482=EDGE_CURVE('',#570,#574,#90,.T.);
#483=EDGE_CURVE('',#575,#574,#91,.T.);
#484=EDGE_CURVE('',#572,#575,#92,.T.);
#485=EDGE_CURVE('',#574,#576,#93,.T.);
#486=EDGE_CURVE('',#577,#576,#94,.T.);
#487=EDGE_CURVE('',#575,#577,#95,.T.);
#488=EDGE_CURVE('',#578,#579,#96,.T.);
#489=EDGE_CURVE('',#580,#578,#97,.T.);
#490=EDGE_CURVE('',#580,#581,#98,.T.);
#491=EDGE_CURVE('',#581,#579,#99,.T.);
#492=EDGE_CURVE('',#582,#578,#100,.T.);
#493=EDGE_CURVE('',#583,#582,#101,.T.);
#494=EDGE_CURVE('',#583,#580,#102,.T.);
#495=EDGE_CURVE('',#582,#584,#103,.T.);
#496=EDGE_CURVE('',#585,#584,#104,.T.);
#497=EDGE_CURVE('',#583,#585,#105,.T.);
#498=EDGE_CURVE('',#584,#586,#106,.T.);
#499=EDGE_CURVE('',#587,#586,#107,.T.);
#500=EDGE_CURVE('',#585,#587,#108,.T.);
#501=EDGE_CURVE('',#588,#586,#109,.T.);
#502=EDGE_CURVE('',#589,#588,#110,.T.);
#503=EDGE_CURVE('',#589,#587,#111,.T.);
#504=EDGE_CURVE('',#590,#588,#112,.T.);
#505=EDGE_CURVE('',#591,#590,#113,.T.);
#506=EDGE_CURVE('',#591,#589,#114,.T.);
#507=EDGE_CURVE('',#590,#592,#115,.T.);
#508=EDGE_CURVE('',#593,#592,#116,.T.);
#509=EDGE_CURVE('',#591,#593,#117,.T.);
#510=EDGE_CURVE('',#547,#552,#118,.T.);
#511=EDGE_CURVE('',#549,#553,#119,.T.);
#512=EDGE_CURVE('',#555,#560,#120,.T.);
#513=EDGE_CURVE('',#557,#561,#121,.T.);
#514=EDGE_CURVE('',#563,#568,#122,.T.);
#515=EDGE_CURVE('',#565,#569,#123,.T.);
#516=EDGE_CURVE('',#571,#576,#124,.T.);
#517=EDGE_CURVE('',#573,#577,#125,.T.);
#518=EDGE_CURVE('',#579,#592,#126,.T.);
#519=EDGE_CURVE('',#581,#593,#127,.T.);
#520=EDGE_CURVE('',#531,#544,#128,.T.);
#521=EDGE_CURVE('',#533,#545,#129,.T.);
#522=EDGE_CURVE('',#594,#594,#610,.T.);
#523=EDGE_CURVE('',#595,#595,#611,.T.);
#524=EDGE_CURVE('',#596,#596,#612,.T.);
#525=EDGE_CURVE('',#597,#597,#613,.T.);
#526=EDGE_CURVE('',#598,#598,#614,.F.);
#527=EDGE_CURVE('',#599,#599,#615,.F.);
#528=EDGE_CURVE('',#600,#600,#616,.F.);
#529=EDGE_CURVE('',#601,#601,#617,.F.);
#530=VERTEX_POINT('',#1052);
#531=VERTEX_POINT('',#1053);
#532=VERTEX_POINT('',#1055);
#533=VERTEX_POINT('',#1057);
#534=VERTEX_POINT('',#1061);
#535=VERTEX_POINT('',#1063);
#536=VERTEX_POINT('',#1067);
#537=VERTEX_POINT('',#1069);
#538=VERTEX_POINT('',#1073);
#539=VERTEX_POINT('',#1075);
#540=VERTEX_POINT('',#1079);
#541=VERTEX_POINT('',#1081);
#542=VERTEX_POINT('',#1085);
#543=VERTEX_POINT('',#1087);
#544=VERTEX_POINT('',#1091);
#545=VERTEX_POINT('',#1093);
#546=VERTEX_POINT('',#1097);
#547=VERTEX_POINT('',#1098);
#548=VERTEX_POINT('',#1100);
#549=VERTEX_POINT('',#1102);
#550=VERTEX_POINT('',#1106);
#551=VERTEX_POINT('',#1108);
#552=VERTEX_POINT('',#1112);
#553=VERTEX_POINT('',#1114);
#554=VERTEX_POINT('',#1118);
#555=VERTEX_POINT('',#1119);
#556=VERTEX_POINT('',#1121);
#557=VERTEX_POINT('',#1123);
#558=VERTEX_POINT('',#1127);
#559=VERTEX_POINT('',#1129);
#560=VERTEX_POINT('',#1133);
#561=VERTEX_POINT('',#1135);
#562=VERTEX_POINT('',#1139);
#563=VERTEX_POINT('',#1140);
#564=VERTEX_POINT('',#1142);
#565=VERTEX_POINT('',#1144);
#566=VERTEX_POINT('',#1148);
#567=VERTEX_POINT('',#1150);
#568=VERTEX_POINT('',#1154);
#569=VERTEX_POINT('',#1156);
#570=VERTEX_POINT('',#1160);
#571=VERTEX_POINT('',#1161);
#572=VERTEX_POINT('',#1163);
#573=VERTEX_POINT('',#1165);
#574=VERTEX_POINT('',#1169);
#575=VERTEX_POINT('',#1171);
#576=VERTEX_POINT('',#1175);
#577=VERTEX_POINT('',#1177);
#578=VERTEX_POINT('',#1181);
#579=VERTEX_POINT('',#1182);
#580=VERTEX_POINT('',#1184);
#581=VERTEX_POINT('',#1186);
#582=VERTEX_POINT('',#1190);
#583=VERTEX_POINT('',#1192);
#584=VERTEX_POINT('',#1196);
#585=VERTEX_POINT('',#1198);
#586=VERTEX_POINT('',#1202);
#587=VERTEX_POINT('',#1204);
#588=VERTEX_POINT('',#1208);
#589=VERTEX_POINT('',#1210);
#590=VERTEX_POINT('',#1214);
#591=VERTEX_POINT('',#1216);
#592=VERTEX_POINT('',#1220);
#593=VERTEX_POINT('',#1222);
#594=VERTEX_POINT('',#1244);
#595=VERTEX_POINT('',#1246);
#596=VERTEX_POINT('',#1248);
#597=VERTEX_POINT('',#1250);
#598=VERTEX_POINT('',#1253);
#599=VERTEX_POINT('',#1255);
#600=VERTEX_POINT('',#1257);
#601=VERTEX_POINT('',#1259);
#602=CIRCLE('',#798,0.001);
#603=CIRCLE('',#799,0.001);
#604=CIRCLE('',#802,0.001);
#605=CIRCLE('',#803,0.001);
#606=CIRCLE('',#806,0.001);
#607=CIRCLE('',#807,0.001);
#608=CIRCLE('',#810,0.001);
#609=CIRCLE('',#811,0.001);
#610=CIRCLE('',#838,0.00125);
#611=CIRCLE('',#839,0.00125);
#612=CIRCLE('',#840,0.00125);
#613=CIRCLE('',#841,0.00125);
#614=CIRCLE('',#843,0.00125);
#615=CIRCLE('',#844,0.00125);
#616=CIRCLE('',#845,0.00125);
#617=CIRCLE('',#846,0.00125);
#618=EDGE_LOOP('',(#218,#219,#220,#221));
#619=EDGE_LOOP('',(#222,#223,#224,#225));
#620=EDGE_LOOP('',(#226,#227,#228,#229));
#621=EDGE_LOOP('',(#230,#231,#232,#233));
#622=EDGE_LOOP('',(#234,#235,#236,#237));
#623=EDGE_LOOP('',(#238,#239,#240,#241));
#624=EDGE_LOOP('',(#242,#243,#244,#245));
#625=EDGE_LOOP('',(#246,#247,#248,#249));
#626=EDGE_LOOP('',(#250,#251,#252,#253));
#627=EDGE_LOOP('',(#254,#255,#256,#257));
#628=EDGE_LOOP('',(#258,#259,#260,#261));
#629=EDGE_LOOP('',(#262,#263,#264,#265));
#630=EDGE_LOOP('',(#266,#267,#268,#269));
#631=EDGE_LOOP('',(#270,#271,#272,#273));
#632=EDGE_LOOP('',(#274,#275,#276,#277));
#633=EDGE_LOOP('',(#278,#279,#280,#281));
#634=EDGE_LOOP('',(#282,#283,#284,#285));
#635=EDGE_LOOP('',(#286,#287,#288,#289));
#636=EDGE_LOOP('',(#290,#291,#292,#293));
#637=EDGE_LOOP('',(#294,#295,#296,#297));
#638=EDGE_LOOP('',(#298,#299,#300,#301));
#639=EDGE_LOOP('',(#302,#303,#304,#305));
#640=EDGE_LOOP('',(#306,#307,#308,#309));
#641=EDGE_LOOP('',(#310,#311,#312,#313));
#642=EDGE_LOOP('',(#314,#315,#316,#317));
#643=EDGE_LOOP('',(#318,#319,#320,#321));
#644=EDGE_LOOP('',(#322,#323,#324,#325));
#645=EDGE_LOOP('',(#326,#327,#328,#329));
#646=EDGE_LOOP('',(#330,#331,#332,#333));
#647=EDGE_LOOP('',(#334,#335,#336,#337));
#648=EDGE_LOOP('',(#338,#339,#340,#341));
#649=EDGE_LOOP('',(#342,#343,#344,#345));
#650=EDGE_LOOP('',(#346));
#651=EDGE_LOOP('',(#347));
#652=EDGE_LOOP('',(#348));
#653=EDGE_LOOP('',(#349));
#654=EDGE_LOOP('',(#350,#351,#352,#353,#354,#355,#356,#357));
#655=EDGE_LOOP('',(#358,#359,#360,#361));
#656=EDGE_LOOP('',(#362,#363,#364,#365));
#657=EDGE_LOOP('',(#366,#367,#368,#369));
#658=EDGE_LOOP('',(#370,#371,#372,#373));
#659=EDGE_LOOP('',(#374,#375,#376,#377,#378,#379,#380,#381));
#660=EDGE_LOOP('',(#382));
#661=EDGE_LOOP('',(#383));
#662=EDGE_LOOP('',(#384));
#663=EDGE_LOOP('',(#385));
#664=EDGE_LOOP('',(#386,#387,#388,#389,#390,#391,#392,#393));
#665=EDGE_LOOP('',(#394,#395,#396,#397));
#666=EDGE_LOOP('',(#398,#399,#400,#401));
#667=EDGE_LOOP('',(#402,#403,#404,#405));
#668=EDGE_LOOP('',(#406,#407,#408,#409));
#669=EDGE_LOOP('',(#410,#411,#412,#413,#414,#415,#416,#417));
#670=EDGE_LOOP('',(#418));
#671=EDGE_LOOP('',(#419));
#672=EDGE_LOOP('',(#420));
#673=EDGE_LOOP('',(#421));
#674=EDGE_LOOP('',(#422));
#675=EDGE_LOOP('',(#423));
#676=EDGE_LOOP('',(#424));
#677=EDGE_LOOP('',(#425));
#678=FACE_BOUND('',#618,.T.);
#679=FACE_BOUND('',#619,.T.);
#680=FACE_BOUND('',#620,.T.);
#681=FACE_BOUND('',#621,.T.);
#682=FACE_BOUND('',#622,.T.);
#683=FACE_BOUND('',#623,.T.);
#684=FACE_BOUND('',#624,.T.);
#685=FACE_BOUND('',#625,.T.);
#686=FACE_BOUND('',#626,.T.);
#687=FACE_BOUND('',#627,.T.);
#688=FACE_BOUND('',#628,.T.);
#689=FACE_BOUND('',#629,.T.);
#690=FACE_BOUND('',#630,.T.);
#691=FACE_BOUND('',#631,.T.);
#692=FACE_BOUND('',#632,.T.);
#693=FACE_BOUND('',#633,.T.);
#694=FACE_BOUND('',#634,.T.);
#695=FACE_BOUND('',#635,.T.);
#696=FACE_BOUND('',#636,.T.);
#697=FACE_BOUND('',#637,.T.);
#698=FACE_BOUND('',#638,.T.);
#699=FACE_BOUND('',#639,.T.);
#700=FACE_BOUND('',#640,.T.);
#701=FACE_BOUND('',#641,.T.);
#702=FACE_BOUND('',#642,.T.);
#703=FACE_BOUND('',#643,.T.);
#704=FACE_BOUND('',#644,.T.);
#705=FACE_BOUND('',#645,.T.);
#706=FACE_BOUND('',#646,.T.);
#707=FACE_BOUND('',#647,.T.);
#708=FACE_BOUND('',#648,.T.);
#709=FACE_BOUND('',#649,.T.);
#710=FACE_BOUND('',#650,.T.);
#711=FACE_BOUND('',#651,.T.);
#712=FACE_BOUND('',#652,.T.);
#713=FACE_BOUND('',#653,.T.);
#714=FACE_BOUND('',#654,.T.);
#715=FACE_BOUND('',#655,.T.);
#716=FACE_BOUND('',#656,.T.);
#717=FACE_BOUND('',#657,.T.);
#718=FACE_BOUND('',#658,.T.);
#719=FACE_BOUND('',#659,.T.);
#720=FACE_BOUND('',#660,.T.);
#721=FACE_BOUND('',#661,.T.);
#722=FACE_BOUND('',#662,.T.);
#723=FACE_BOUND('',#663,.T.);
#724=FACE_BOUND('',#664,.T.);
#725=FACE_BOUND('',#665,.T.);
#726=FACE_BOUND('',#666,.T.);
#727=FACE_BOUND('',#667,.T.);
#728=FACE_BOUND('',#668,.T.);
#729=FACE_BOUND('',#669,.T.);
#730=FACE_BOUND('',#670,.T.);
#731=FACE_BOUND('',#671,.T.);
#732=FACE_BOUND('',#672,.T.);
#733=FACE_BOUND('',#673,.T.);
#734=FACE_BOUND('',#674,.T.);
#735=FACE_BOUND('',#675,.T.);
#736=FACE_BOUND('',#676,.T.);
#737=FACE_BOUND('',#677,.T.);
#738=CYLINDRICAL_SURFACE('',#797,0.001);
#739=CYLINDRICAL_SURFACE('',#801,0.001);
#740=CYLINDRICAL_SURFACE('',#805,0.001);
#741=CYLINDRICAL_SURFACE('',#809,0.001);
#742=CYLINDRICAL_SURFACE('',#847,0.00125);
#743=CYLINDRICAL_SURFACE('',#848,0.00125);
#744=CYLINDRICAL_SURFACE('',#849,0.00125);
#745=CYLINDRICAL_SURFACE('',#850,0.00125);
#746=ADVANCED_FACE('',(#678),#738,.F.);
#747=ADVANCED_FACE('',(#679),#12,.F.);
#748=ADVANCED_FACE('',(#680),#739,.F.);
#749=ADVANCED_FACE('',(#681),#13,.F.);
#750=ADVANCED_FACE('',(#682),#740,.F.);
#751=ADVANCED_FACE('',(#683),#14,.T.);
#752=ADVANCED_FACE('',(#684),#741,.F.);
#753=ADVANCED_FACE('',(#685),#15,.T.);
#754=ADVANCED_FACE('',(#686),#16,.F.);
#755=ADVANCED_FACE('',(#687),#17,.F.);
#756=ADVANCED_FACE('',(#688),#18,.T.);
#757=ADVANCED_FACE('',(#689),#19,.F.);
#758=ADVANCED_FACE('',(#690),#20,.F.);
#759=ADVANCED_FACE('',(#691),#21,.T.);
#760=ADVANCED_FACE('',(#692),#22,.F.);
#761=ADVANCED_FACE('',(#693),#23,.F.);
#762=ADVANCED_FACE('',(#694),#24,.T.);
#763=ADVANCED_FACE('',(#695),#25,.F.);
#764=ADVANCED_FACE('',(#696),#26,.F.);
#765=ADVANCED_FACE('',(#697),#27,.T.);
#766=ADVANCED_FACE('',(#698),#28,.T.);
#767=ADVANCED_FACE('',(#699),#29,.F.);
#768=ADVANCED_FACE('',(#700),#30,.F.);
#769=ADVANCED_FACE('',(#701),#31,.T.);
#770=ADVANCED_FACE('',(#702),#32,.T.);
#771=ADVANCED_FACE('',(#703),#33,.F.);
#772=ADVANCED_FACE('',(#704),#34,.T.);
#773=ADVANCED_FACE('',(#705),#35,.T.);
#774=ADVANCED_FACE('',(#706),#36,.T.);
#775=ADVANCED_FACE('',(#707),#37,.T.);
#776=ADVANCED_FACE('',(#708),#38,.T.);
#777=ADVANCED_FACE('',(#709),#39,.T.);
#778=ADVANCED_FACE('',(#710,#711,#712,#713,#714,#715,#716,#717,#718,#719),#40,.T.);
#779=ADVANCED_FACE('',(#720,#721,#722,#723,#724,#725,#726,#727,#728,#729),#41,.F.);
#780=ADVANCED_FACE('',(#730,#731),#742,.F.);
#781=ADVANCED_FACE('',(#732,#733),#743,.F.);
#782=ADVANCED_FACE('',(#734,#735),#744,.F.);
#783=ADVANCED_FACE('',(#736,#737),#745,.F.);
#784=CLOSED_SHELL('',(#746,#747,#748,#749,#750,#751,#752,#753,#754,#755,#756,#757,#758,#759,#760,#761,#762,#763,#764,#765,#766,#767,#768,#769,#770,#771,#772,#773,#774,#775,#776,#777,#778,#779,#780,#781,#782,#783));
#785=STYLED_ITEM('',(#786),#793);
#786=PRESENTATION_STYLE_ASSIGNMENT((#787));
#787=SURFACE_STYLE_USAGE(.BOTH.,#788);
#788=SURFACE_SIDE_STYLE('',(#789));
#789=SURFACE_STYLE_FILL_AREA(#790);
#790=FILL_AREA_STYLE('',(#791));
#791=FILL_AREA_STYLE_COLOUR('',#792);
#792=COLOUR_RGB('',0.647058823529412,0.647058823529412,0.647058823529412);
#793=MANIFOLD_SOLID_BREP('Plate',#784);
#794=SHAPE_DEFINITION_REPRESENTATION(#1270,#795);
#795=SHAPE_REPRESENTATION('Plate',(#796),#1265);
#796=AXIS2_PLACEMENT_3D('',#1049,#851,#852);
#797=AXIS2_PLACEMENT_3D('',#1050,#853,#854);
#798=AXIS2_PLACEMENT_3D('',#1051,#855,#856);
#799=AXIS2_PLACEMENT_3D('',#1056,#858,#859);
#800=AXIS2_PLACEMENT_3D('',#1059,#861,#862);
#801=AXIS2_PLACEMENT_3D('',#1065,#866,#867);
#802=AXIS2_PLACEMENT_3D('',#1066,#868,#869);
#803=AXIS2_PLACEMENT_3D('',#1070,#871,#872);
#804=AXIS2_PLACEMENT_3D('',#1071,#873,#874);
#805=AXIS2_PLACEMENT_3D('',#1077,#878,#879);
#806=AXIS2_PLACEMENT_3D('',#1078,#880,#881);
#807=AXIS2_PLACEMENT_3D('',#1082,#883,#884);
#808=AXIS2_PLACEMENT_3D('',#1083,#885,#886);
#809=AXIS2_PLACEMENT_3D('',#1089,#890,#891);
#810=AXIS2_PLACEMENT_3D('',#1090,#892,#893);
#811=AXIS2_PLACEMENT_3D('',#1094,#895,#896);
#812=AXIS2_PLACEMENT_3D('',#1095,#897,#898);
#813=AXIS2_PLACEMENT_3D('',#1104,#903,#904);
#814=AXIS2_PLACEMENT_3D('',#1110,#908,#909);
#815=AXIS2_PLACEMENT_3D('',#1116,#913,#914);
#816=AXIS2_PLACEMENT_3D('',#1125,#919,#920);
#817=AXIS2_PLACEMENT_3D('',#1131,#924,#925);
#818=AXIS2_PLACEMENT_3D('',#1137,#929,#930);
#819=AXIS2_PLACEMENT_3D('',#1146,#935,#936);
#820=AXIS2_PLACEMENT_3D('',#1152,#940,#941);
#821=AXIS2_PLACEMENT_3D('',#1158,#945,#946);
#822=AXIS2_PLACEMENT_3D('',#1167,#951,#952);
#823=AXIS2_PLACEMENT_3D('',#1173,#956,#957);
#824=AXIS2_PLACEMENT_3D('',#1179,#961,#962);
#825=AXIS2_PLACEMENT_3D('',#1188,#967,#968);
#826=AXIS2_PLACEMENT_3D('',#1194,#972,#973);
#827=AXIS2_PLACEMENT_3D('',#1200,#977,#978);
#828=AXIS2_PLACEMENT_3D('',#1206,#982,#983);
#829=AXIS2_PLACEMENT_3D('',#1212,#987,#988);
#830=AXIS2_PLACEMENT_3D('',#1218,#992,#993);
#831=AXIS2_PLACEMENT_3D('',#1224,#997,#998);
#832=AXIS2_PLACEMENT_3D('',#1227,#1001,#1002);
#833=AXIS2_PLACEMENT_3D('',#1230,#1005,#1006);
#834=AXIS2_PLACEMENT_3D('',#1233,#1009,#1010);
#835=AXIS2_PLACEMENT_3D('',#1236,#1013,#1014);
#836=AXIS2_PLACEMENT_3D('',#1239,#1017,#1018);
#837=AXIS2_PLACEMENT_3D('',#1242,#1021,#1022);
#838=AXIS2_PLACEMENT_3D('',#1243,#1023,#1024);
#839=AXIS2_PLACEMENT_3D('',#1245,#1025,#1026);
#840=AXIS2_PLACEMENT_3D('',#1247,#1027,#1028);
#841=AXIS2_PLACEMENT_3D('',#1249,#1029,#1030);
#842=AXIS2_PLACEMENT_3D('',#1251,#1031,#1032);
#843=AXIS2_PLACEMENT_3D('',#1252,#1033,#1034);
#844=AXIS2_PLACEMENT_3D('',#1254,#1035,#1036);
#845=AXIS2_PLACEMENT_3D('',#1256,#1037,#1038);
#846=AXIS2_PLACEMENT_3D('',#1258,#1039,#1040);
#847=AXIS2_PLACEMENT_3D('',#1260,#1041,#1042);
#848=AXIS2_PLACEMENT_3D('',#1261,#1043,#1044);
#849=AXIS2_PLACEMENT_3D('',#1262,#1045,#1046);
#850=AXIS2_PLACEMENT_3D('',#1263,#1047,#1048);
#851=DIRECTION('',(0.,0.,1.));
#852=DIRECTION('',(1.,0.,0.));
#853=DIRECTION('',(0.,0.,-1.));
#854=DIRECTION('',(-1.,0.,0.));
#855=DIRECTION('',(0.,0.,1.));
#856=DIRECTION('',(1.,0.,0.));
#857=DIRECTION('',(0.,0.,-1.));
#858=DIRECTION('',(0.,0.,1.));
#859=DIRECTION('',(1.,0.,0.));
#860=DIRECTION('',(0.,0.,-1.));
#861=DIRECTION('',(-4.73106402539129E-16,1.,0.));
#862=DIRECTION('',(-1.,-4.73106402539129E-16,0.));
#863=DIRECTION('',(1.,4.73106402539129E-16,0.));
#864=DIRECTION('',(0.,0.,-1.));
#865=DIRECTION('',(1.,4.73106402539129E-16,0.));
#866=DIRECTION('',(0.,0.,-1.));
#867=DIRECTION('',(-1.,0.,0.));
#868=DIRECTION('',(0.,0.,1.));
#869=DIRECTION('',(1.,0.,0.));
#870=DIRECTION('',(0.,0.,-1.));
#871=DIRECTION('',(0.,0.,1.));
#872=DIRECTION('',(1.,0.,0.));
#873=DIRECTION('',(1.,3.1540426835942E-16,0.));
#874=DIRECTION('',(-3.1540426835942E-16,1.,0.));
#875=DIRECTION('',(3.1540426835942E-16,-1.,0.));
#876=DIRECTION('',(0.,0.,-1.));
#877=DIRECTION('',(3.1540426835942E-16,-1.,0.));
#878=DIRECTION('',(0.,0.,-1.));
#879=DIRECTION('',(-1.,0.,0.));
#880=DIRECTION('',(0.,0.,1.));
#881=DIRECTION('',(1.,0.,0.));
#882=DIRECTION('',(0.,0.,-1.));
#883=DIRECTION('',(0.,0.,1.));
#884=DIRECTION('',(1.,0.,0.));
#885=DIRECTION('',(-4.92819169311593E-16,1.,0.));
#886=DIRECTION('',(-1.,-4.92819169311593E-16,0.));
#887=DIRECTION('',(1.,4.92819169311593E-16,0.));
#888=DIRECTION('',(0.,0.,-1.));
#889=DIRECTION('',(1.,4.92819169311593E-16,0.));
#890=DIRECTION('',(0.,0.,-1.));
#891=DIRECTION('',(-1.,0.,0.));
#892=DIRECTION('',(0.,0.,1.));
#893=DIRECTION('',(1.,0.,0.));
#894=DIRECTION('',(0.,0.,-1.));
#895=DIRECTION('',(0.,0.,1.));
#896=DIRECTION('',(1.,0.,0.));
#897=DIRECTION('',(1.,-1.80951683864062E-16,0.));
#898=DIRECTION('',(1.80951683864062E-16,1.,0.));
#899=DIRECTION('',(-1.80951683864062E-16,-1.,0.));
#900=DIRECTION('',(0.,0.,-1.));
#901=DIRECTION('',(-1.80951683864062E-16,-1.,0.));
#902=DIRECTION('',(0.,0.,-1.));
#903=DIRECTION('',(0.,1.,0.));
#904=DIRECTION('',(0.,0.,1.));
#905=DIRECTION('',(1.,0.,0.));
#906=DIRECTION('',(0.,0.,-1.));
#907=DIRECTION('',(1.,0.,0.));
#908=DIRECTION('',(1.,-1.80951683864062E-16,0.));
#909=DIRECTION('',(1.80951683864062E-16,1.,0.));
#910=DIRECTION('',(-1.80951683864062E-16,-1.,0.));
#911=DIRECTION('',(0.,0.,-1.));
#912=DIRECTION('',(-1.80951683864062E-16,-1.,0.));
#913=DIRECTION('',(1.,0.,0.));
#914=DIRECTION('',(0.,0.,-1.));
#915=DIRECTION('',(0.,-1.,0.));
#916=DIRECTION('',(0.,0.,-1.));
#917=DIRECTION('',(0.,-1.,0.));
#918=DIRECTION('',(0.,0.,-1.));
#919=DIRECTION('',(0.,1.,0.));
#920=DIRECTION('',(0.,0.,1.));
#921=DIRECTION('',(1.,0.,0.));
#922=DIRECTION('',(0.,0.,-1.));
#923=DIRECTION('',(1.,0.,0.));
#924=DIRECTION('',(1.,0.,0.));
#925=DIRECTION('',(0.,0.,-1.));
#926=DIRECTION('',(0.,-1.,0.));
#927=DIRECTION('',(0.,0.,-1.));
#928=DIRECTION('',(0.,-1.,0.));
#929=DIRECTION('',(1.,-1.80951683864062E-16,0.));
#930=DIRECTION('',(1.80951683864062E-16,1.,0.));
#931=DIRECTION('',(-1.80951683864062E-16,-1.,0.));
#932=DIRECTION('',(0.,0.,-1.));
#933=DIRECTION('',(-1.80951683864062E-16,-1.,0.));
#934=DIRECTION('',(0.,0.,-1.));
#935=DIRECTION('',(0.,1.,0.));
#936=DIRECTION('',(0.,0.,1.));
#937=DIRECTION('',(1.,0.,0.));
#938=DIRECTION('',(0.,0.,-1.));
#939=DIRECTION('',(1.,0.,0.));
#940=DIRECTION('',(1.,-1.80951683864062E-16,0.));
#941=DIRECTION('',(1.80951683864062E-16,1.,0.));
#942=DIRECTION('',(-1.80951683864062E-16,-1.,0.));
#943=DIRECTION('',(0.,0.,-1.));
#944=DIRECTION('',(-1.80951683864062E-16,-1.,0.));
#945=DIRECTION('',(1.,0.,0.));
#946=DIRECTION('',(0.,0.,-1.));
#947=DIRECTION('',(0.,-1.,0.));
#948=DIRECTION('',(0.,0.,-1.));
#949=DIRECTION('',(0.,-1.,0.));
#950=DIRECTION('',(0.,0.,-1.));
#951=DIRECTION('',(0.,1.,0.));
#952=DIRECTION('',(0.,0.,1.));
#953=DIRECTION('',(1.,0.,0.));
#954=DIRECTION('',(0.,0.,-1.));
#955=DIRECTION('',(1.,0.,0.));
#956=DIRECTION('',(1.,-2.4126891181875E-16,0.));
#957=DIRECTION('',(2.4126891181875E-16,1.,0.));
#958=DIRECTION('',(-2.4126891181875E-16,-1.,0.));
#959=DIRECTION('',(0.,0.,-1.));
#960=DIRECTION('',(-2.4126891181875E-16,-1.,0.));
#961=DIRECTION('',(1.,0.,0.));
#962=DIRECTION('',(0.,0.,-1.));
#963=DIRECTION('',(0.,-1.,0.));
#964=DIRECTION('',(0.,0.,-1.));
#965=DIRECTION('',(0.,-1.,0.));
#966=DIRECTION('',(0.,0.,-1.));
#967=DIRECTION('',(0.,1.,0.));
#968=DIRECTION('',(0.,0.,1.));
#969=DIRECTION('',(1.,0.,0.));
#970=DIRECTION('',(0.,0.,-1.));
#971=DIRECTION('',(1.,0.,0.));
#972=DIRECTION('',(1.,0.,0.));
#973=DIRECTION('',(0.,0.,-1.));
#974=DIRECTION('',(0.,-1.,0.));
#975=DIRECTION('',(0.,0.,-1.));
#976=DIRECTION('',(0.,-1.,0.));
#977=DIRECTION('',(0.,1.,0.));
#978=DIRECTION('',(0.,0.,1.));
#979=DIRECTION('',(1.,0.,0.));
#980=DIRECTION('',(0.,0.,-1.));
#981=DIRECTION('',(1.,0.,0.));
#982=DIRECTION('',(1.,0.,0.));
#983=DIRECTION('',(0.,0.,-1.));
#984=DIRECTION('',(0.,-1.,0.));
#985=DIRECTION('',(0.,0.,-1.));
#986=DIRECTION('',(0.,-1.,0.));
#987=DIRECTION('',(0.,1.,0.));
#988=DIRECTION('',(0.,0.,1.));
#989=DIRECTION('',(1.,0.,0.));
#990=DIRECTION('',(0.,0.,-1.));
#991=DIRECTION('',(1.,0.,0.));
#992=DIRECTION('',(1.,0.,0.));
#993=DIRECTION('',(0.,0.,-1.));
#994=DIRECTION('',(0.,-1.,0.));
#995=DIRECTION('',(0.,0.,-1.));
#996=DIRECTION('',(0.,-1.,0.));
#997=DIRECTION('',(0.,1.,0.));
#998=DIRECTION('',(0.,0.,1.));
#999=DIRECTION('',(1.,0.,0.));
#1000=DIRECTION('',(1.,0.,0.));
#1001=DIRECTION('',(0.,1.,0.));
#1002=DIRECTION('',(0.,0.,1.));
#1003=DIRECTION('',(1.,0.,0.));
#1004=DIRECTION('',(1.,0.,0.));
#1005=DIRECTION('',(0.,1.,0.));
#1006=DIRECTION('',(0.,0.,1.));
#1007=DIRECTION('',(1.,0.,0.));
#1008=DIRECTION('',(1.,0.,0.));
#1009=DIRECTION('',(0.,1.,0.));
#1010=DIRECTION('',(0.,0.,1.));
#1011=DIRECTION('',(1.,0.,0.));
#1012=DIRECTION('',(1.,0.,0.));
#1013=DIRECTION('',(-1.85863229568943E-16,1.,0.));
#1014=DIRECTION('',(-1.,-1.85863229568943E-16,0.));
#1015=DIRECTION('',(1.,1.85863229568943E-16,0.));
#1016=DIRECTION('',(1.,1.85863229568943E-16,0.));
#1017=DIRECTION('',(1.,3.1540426835942E-16,0.));
#1018=DIRECTION('',(-3.1540426835942E-16,1.,0.));
#1019=DIRECTION('',(3.1540426835942E-16,-1.,0.));
#1020=DIRECTION('',(3.1540426835942E-16,-1.,0.));
#1021=DIRECTION('',(0.,0.,1.));
#1022=DIRECTION('',(1.,0.,0.));
#1023=DIRECTION('',(0.,0.,-1.));
#1024=DIRECTION('',(-1.,0.,0.));
#1025=DIRECTION('',(0.,0.,-1.));
#1026=DIRECTION('',(-1.,0.,0.));
#1027=DIRECTION('',(0.,0.,-1.));
#1028=DIRECTION('',(-1.,0.,0.));
#1029=DIRECTION('',(0.,0.,-1.));
#1030=DIRECTION('',(-1.,0.,0.));
#1031=DIRECTION('',(0.,0.,1.));
#1032=DIRECTION('',(1.,0.,0.));
#1033=DIRECTION('',(0.,0.,1.));
#1034=DIRECTION('',(1.,0.,0.));
#1035=DIRECTION('',(0.,0.,1.));
#1036=DIRECTION('',(1.,0.,0.));
#1037=DIRECTION('',(0.,0.,1.));
#1038=DIRECTION('',(1.,0.,0.));
#1039=DIRECTION('',(0.,0.,1.));
#1040=DIRECTION('',(1.,0.,0.));
#1041=DIRECTION('',(0.,0.,-1.));
#1042=DIRECTION('',(-1.,0.,0.));
#1043=DIRECTION('',(0.,0.,-1.));
#1044=DIRECTION('',(-1.,0.,0.));
#1045=DIRECTION('',(0.,0.,-1.));
#1046=DIRECTION('',(-1.,0.,0.));
#1047=DIRECTION('',(0.,0.,-1.));
#1048=DIRECTION('',(-1.,0.,0.));
#1049=CARTESIAN_POINT('',(0.,0.,0.));
#1050=CARTESIAN_POINT('',(0.014651,0.013674,0.014));
#1051=CARTESIAN_POINT('',(0.014651,0.013674,0.012));
#1052=CARTESIAN_POINT('',(0.014651,0.014674,0.012));
#1053=CARTESIAN_POINT('',(0.013651,0.013674,0.012));
#1054=CARTESIAN_POINT('',(0.014651,0.014674,0.014));
#1055=CARTESIAN_POINT('',(0.014651,0.014674,0.014));
#1056=CARTESIAN_POINT('',(0.014651,0.013674,0.014));
#1057=CARTESIAN_POINT('',(0.013651,0.013674,0.014));
#1058=CARTESIAN_POINT('',(0.013651,0.013674,0.014));
#1059=CARTESIAN_POINT('',(0.020151,0.014674,0.014));
#1060=CARTESIAN_POINT('',(0.020151,0.014674,0.012));
#1061=CARTESIAN_POINT('',(0.025651,0.014674,0.012));
#1062=CARTESIAN_POINT('',(0.025651,0.014674,0.014));
#1063=CARTESIAN_POINT('',(0.025651,0.014674,0.014));
#1064=CARTESIAN_POINT('',(0.020151,0.014674,0.014));
#1065=CARTESIAN_POINT('',(0.025651,0.013674,0.014));
#1066=CARTESIAN_POINT('',(0.025651,0.013674,0.012));
#1067=CARTESIAN_POINT('',(0.026651,0.013674,0.012));
#1068=CARTESIAN_POINT('',(0.026651,0.013674,0.014));
#1069=CARTESIAN_POINT('',(0.026651,0.013674,0.014));
#1070=CARTESIAN_POINT('',(0.025651,0.013674,0.014));
#1071=CARTESIAN_POINT('',(0.026651,0.008174,0.014));
#1072=CARTESIAN_POINT('',(0.026651,0.008174,0.012));
#1073=CARTESIAN_POINT('',(0.026651,0.002674,0.012));
#1074=CARTESIAN_POINT('',(0.026651,0.002674,0.014));
#1075=CARTESIAN_POINT('',(0.026651,0.002674,0.014));
#1076=CARTESIAN_POINT('',(0.026651,0.008174,0.014));
#1077=CARTESIAN_POINT('',(0.025651,0.002674,0.014));
#1078=CARTESIAN_POINT('',(0.025651,0.002674,0.012));
#1079=CARTESIAN_POINT('',(0.025651,0.001674,0.012));
#1080=CARTESIAN_POINT('',(0.025651,0.001674,0.014));
#1081=CARTESIAN_POINT('',(0.025651,0.001674,0.014));
#1082=CARTESIAN_POINT('',(0.025651,0.002674,0.014));
#1083=CARTESIAN_POINT('',(0.020151,0.001674,0.014));
#1084=CARTESIAN_POINT('',(0.020151,0.001674,0.012));
#1085=CARTESIAN_POINT('',(0.014651,0.001674,0.012));
#1086=CARTESIAN_POINT('',(0.014651,0.001674,0.014));
#1087=CARTESIAN_POINT('',(0.014651,0.001674,0.014));
#1088=CARTESIAN_POINT('',(0.020151,0.001674,0.014));
#1089=CARTESIAN_POINT('',(0.014651,0.002674,0.014));
#1090=CARTESIAN_POINT('',(0.014651,0.002674,0.012));
#1091=CARTESIAN_POINT('',(0.013651,0.002674,0.012));
#1092=CARTESIAN_POINT('',(0.013651,0.002674,0.014));
#1093=CARTESIAN_POINT('',(0.013651,0.002674,0.014));
#1094=CARTESIAN_POINT('',(0.014651,0.002674,0.014));
#1095=CARTESIAN_POINT('',(-0.00719,0.00769,0.014));
#1096=CARTESIAN_POINT('',(-0.00719,0.00769,0.012));
#1097=CARTESIAN_POINT('',(-0.00719,0.01488,0.012));
#1098=CARTESIAN_POINT('',(-0.00719,0.000500000000000007,0.012));
#1099=CARTESIAN_POINT('',(-0.00719,0.01488,0.014));
#1100=CARTESIAN_POINT('',(-0.00719,0.01488,0.014));
#1101=CARTESIAN_POINT('',(-0.00719,0.00769,0.014));
#1102=CARTESIAN_POINT('',(-0.00719,0.000500000000000007,0.014));
#1103=CARTESIAN_POINT('',(-0.00719,0.000500000000000007,0.014));
#1104=CARTESIAN_POINT('',(8.67361737988404E-19,0.01488,0.014));
#1105=CARTESIAN_POINT('',(8.67361737988404E-19,0.01488,0.012));
#1106=CARTESIAN_POINT('',(0.00719,0.01488,0.012));
#1107=CARTESIAN_POINT('',(0.00719,0.01488,0.014));
#1108=CARTESIAN_POINT('',(0.00719,0.01488,0.014));
#1109=CARTESIAN_POINT('',(8.67361737988404E-19,0.01488,0.014));
#1110=CARTESIAN_POINT('',(0.00719,0.00769,0.014));
#1111=CARTESIAN_POINT('',(0.00719,0.00769,0.012));
#1112=CARTESIAN_POINT('',(0.00719,0.0005,0.012));
#1113=CARTESIAN_POINT('',(0.00719,0.0005,0.014));
#1114=CARTESIAN_POINT('',(0.00719,0.0005,0.014));
#1115=CARTESIAN_POINT('',(0.00719,0.00769,0.014));
#1116=CARTESIAN_POINT('',(0.0121,-0.01131,0.014));
#1117=CARTESIAN_POINT('',(0.0121,-0.01131,0.012));
#1118=CARTESIAN_POINT('',(0.0121,-0.00412,0.012));
#1119=CARTESIAN_POINT('',(0.0121,-0.0185,0.012));
#1120=CARTESIAN_POINT('',(0.0121,-0.00412,0.014));
#1121=CARTESIAN_POINT('',(0.0121,-0.00412,0.014));
#1122=CARTESIAN_POINT('',(0.0121,-0.01131,0.014));
#1123=CARTESIAN_POINT('',(0.0121,-0.0185,0.014));
#1124=CARTESIAN_POINT('',(0.0121,-0.0185,0.014));
#1125=CARTESIAN_POINT('',(0.01929,-0.00412,0.014));
#1126=CARTESIAN_POINT('',(0.01929,-0.00412,0.012));
#1127=CARTESIAN_POINT('',(0.02648,-0.00412,0.012));
#1128=CARTESIAN_POINT('',(0.02648,-0.00412,0.014));
#1129=CARTESIAN_POINT('',(0.02648,-0.00412,0.014));
#1130=CARTESIAN_POINT('',(0.01929,-0.00412,0.014));
#1131=CARTESIAN_POINT('',(0.02648,-0.01131,0.014));
#1132=CARTESIAN_POINT('',(0.02648,-0.01131,0.012));
#1133=CARTESIAN_POINT('',(0.02648,-0.0185,0.012));
#1134=CARTESIAN_POINT('',(0.02648,-0.0185,0.014));
#1135=CARTESIAN_POINT('',(0.02648,-0.0185,0.014));
#1136=CARTESIAN_POINT('',(0.02648,-0.01131,0.014));
#1137=CARTESIAN_POINT('',(-0.0069,-0.01131,0.014));
#1138=CARTESIAN_POINT('',(-0.0069,-0.01131,0.012));
#1139=CARTESIAN_POINT('',(-0.0069,-0.00412,0.012));
#1140=CARTESIAN_POINT('',(-0.0069,-0.0185,0.012));
#1141=CARTESIAN_POINT('',(-0.0069,-0.00412,0.014));
#1142=CARTESIAN_POINT('',(-0.0069,-0.00412,0.014));
#1143=CARTESIAN_POINT('',(-0.0069,-0.01131,0.014));
#1144=CARTESIAN_POINT('',(-0.0069,-0.0185,0.014));
#1145=CARTESIAN_POINT('',(-0.0069,-0.0185,0.014));
#1146=CARTESIAN_POINT('',(0.000289999999999991,-0.00412,0.014));
#1147=CARTESIAN_POINT('',(0.000289999999999991,-0.00412,0.012));
#1148=CARTESIAN_POINT('',(0.00748,-0.00412,0.012));
#1149=CARTESIAN_POINT('',(0.00748,-0.00412,0.014));
#1150=CARTESIAN_POINT('',(0.00748,-0.00412,0.014));
#1151=CARTESIAN_POINT('',(0.000289999999999991,-0.00412,0.014));
#1152=CARTESIAN_POINT('',(0.00748,-0.01131,0.014));
#1153=CARTESIAN_POINT('',(0.00748,-0.01131,0.012));
#1154=CARTESIAN_POINT('',(0.00748,-0.0185,0.012));
#1155=CARTESIAN_POINT('',(0.00748,-0.0185,0.014));
#1156=CARTESIAN_POINT('',(0.00748,-0.0185,0.014));
#1157=CARTESIAN_POINT('',(0.00748,-0.01131,0.014));
#1158=CARTESIAN_POINT('',(-0.0259,-0.01131,0.014));
#1159=CARTESIAN_POINT('',(-0.0259,-0.01131,0.012));
#1160=CARTESIAN_POINT('',(-0.0259,-0.00412,0.012));
#1161=CARTESIAN_POINT('',(-0.0259,-0.0185,0.012));
#1162=CARTESIAN_POINT('',(-0.0259,-0.00412,0.014));
#1163=CARTESIAN_POINT('',(-0.0259,-0.00412,0.014));
#1164=CARTESIAN_POINT('',(-0.0259,-0.01131,0.014));
#1165=CARTESIAN_POINT('',(-0.0259,-0.0185,0.014));
#1166=CARTESIAN_POINT('',(-0.0259,-0.0185,0.014));
#1167=CARTESIAN_POINT('',(-0.01871,-0.00412,0.014));
#1168=CARTESIAN_POINT('',(-0.01871,-0.00412,0.012));
#1169=CARTESIAN_POINT('',(-0.01152,-0.00412,0.012));
#1170=CARTESIAN_POINT('',(-0.01152,-0.00412,0.014));
#1171=CARTESIAN_POINT('',(-0.01152,-0.00412,0.014));
#1172=CARTESIAN_POINT('',(-0.01871,-0.00412,0.014));
#1173=CARTESIAN_POINT('',(-0.01152,-0.01131,0.014));
#1174=CARTESIAN_POINT('',(-0.01152,-0.01131,0.012));
#1175=CARTESIAN_POINT('',(-0.01152,-0.0185,0.012));
#1176=CARTESIAN_POINT('',(-0.01152,-0.0185,0.014));
#1177=CARTESIAN_POINT('',(-0.01152,-0.0185,0.014));
#1178=CARTESIAN_POINT('',(-0.01152,-0.01131,0.014));
#1179=CARTESIAN_POINT('',(-0.028525,0.013,0.014));
#1180=CARTESIAN_POINT('',(-0.028525,0.013,0.012));
#1181=CARTESIAN_POINT('',(-0.028525,0.025,0.012));
#1182=CARTESIAN_POINT('',(-0.028525,0.001,0.012));
#1183=CARTESIAN_POINT('',(-0.028525,0.025,0.014));
#1184=CARTESIAN_POINT('',(-0.028525,0.025,0.014));
#1185=CARTESIAN_POINT('',(-0.028525,0.013,0.014));
#1186=CARTESIAN_POINT('',(-0.028525,0.001,0.014));
#1187=CARTESIAN_POINT('',(-0.028525,0.001,0.014));
#1188=CARTESIAN_POINT('',(-0.0321375,0.025,0.014));
#1189=CARTESIAN_POINT('',(-0.0321375,0.025,0.012));
#1190=CARTESIAN_POINT('',(-0.03575,0.025,0.012));
#1191=CARTESIAN_POINT('',(-0.03575,0.025,0.014));
#1192=CARTESIAN_POINT('',(-0.03575,0.025,0.014));
#1193=CARTESIAN_POINT('',(-0.0321375,0.025,0.014));
#1194=CARTESIAN_POINT('',(-0.03575,0.,0.014));
#1195=CARTESIAN_POINT('',(-0.03575,0.,0.012));
#1196=CARTESIAN_POINT('',(-0.03575,-0.025,0.012));
#1197=CARTESIAN_POINT('',(-0.03575,-0.025,0.014));
#1198=CARTESIAN_POINT('',(-0.03575,-0.025,0.014));
#1199=CARTESIAN_POINT('',(-0.03575,0.,0.014));
#1200=CARTESIAN_POINT('',(0.,-0.025,0.014));
#1201=CARTESIAN_POINT('',(0.,-0.025,0.012));
#1202=CARTESIAN_POINT('',(0.03575,-0.025,0.012));
#1203=CARTESIAN_POINT('',(0.03575,-0.025,0.014));
#1204=CARTESIAN_POINT('',(0.03575,-0.025,0.014));
#1205=CARTESIAN_POINT('',(0.,-0.025,0.014));
#1206=CARTESIAN_POINT('',(0.03575,0.,0.014));
#1207=CARTESIAN_POINT('',(0.03575,0.,0.012));
#1208=CARTESIAN_POINT('',(0.03575,0.025,0.012));
#1209=CARTESIAN_POINT('',(0.03575,0.025,0.014));
#1210=CARTESIAN_POINT('',(0.03575,0.025,0.014));
#1211=CARTESIAN_POINT('',(0.03575,0.,0.014));
#1212=CARTESIAN_POINT('',(0.0123625,0.025,0.014));
#1213=CARTESIAN_POINT('',(0.0123625,0.025,0.012));
#1214=CARTESIAN_POINT('',(-0.011025,0.025,0.012));
#1215=CARTESIAN_POINT('',(-0.011025,0.025,0.014));
#1216=CARTESIAN_POINT('',(-0.011025,0.025,0.014));
#1217=CARTESIAN_POINT('',(0.0123625,0.025,0.014));
#1218=CARTESIAN_POINT('',(-0.011025,0.013,0.014));
#1219=CARTESIAN_POINT('',(-0.011025,0.013,0.012));
#1220=CARTESIAN_POINT('',(-0.011025,0.001,0.012));
#1221=CARTESIAN_POINT('',(-0.011025,0.001,0.014));
#1222=CARTESIAN_POINT('',(-0.011025,0.001,0.014));
#1223=CARTESIAN_POINT('',(-0.011025,0.013,0.014));
#1224=CARTESIAN_POINT('',(-1.7347234759768E-18,0.000500000000000007,0.014));
#1225=CARTESIAN_POINT('',(-1.7347234759768E-18,0.000500000000000007,0.012));
#1226=CARTESIAN_POINT('',(-1.7347234759768E-18,0.000500000000000007,0.014));
#1227=CARTESIAN_POINT('',(0.01929,-0.0185,0.014));
#1228=CARTESIAN_POINT('',(0.01929,-0.0185,0.012));
#1229=CARTESIAN_POINT('',(0.01929,-0.0185,0.014));
#1230=CARTESIAN_POINT('',(0.000289999999999989,-0.0185,0.014));
#1231=CARTESIAN_POINT('',(0.000289999999999989,-0.0185,0.012));
#1232=CARTESIAN_POINT('',(0.000289999999999989,-0.0185,0.014));
#1233=CARTESIAN_POINT('',(-0.01871,-0.0185,0.014));
#1234=CARTESIAN_POINT('',(-0.01871,-0.0185,0.012));
#1235=CARTESIAN_POINT('',(-0.01871,-0.0185,0.014));
#1236=CARTESIAN_POINT('',(-0.019775,0.001,0.014));
#1237=CARTESIAN_POINT('',(-0.019775,0.001,0.012));
#1238=CARTESIAN_POINT('',(-0.019775,0.001,0.014));
#1239=CARTESIAN_POINT('',(0.013651,0.008174,0.014));
#1240=CARTESIAN_POINT('',(0.013651,0.008174,0.012));
#1241=CARTESIAN_POINT('',(0.013651,0.008174,0.014));
#1242=CARTESIAN_POINT('',(-6.93889390390723E-18,0.,0.014));
#1243=CARTESIAN_POINT('',(-0.03315,-0.0224,0.014));
#1244=CARTESIAN_POINT('',(-0.0344,-0.0224,0.014));
#1245=CARTESIAN_POINT('',(-0.03315,0.0224,0.014));
#1246=CARTESIAN_POINT('',(-0.0344,0.0224,0.014));
#1247=CARTESIAN_POINT('',(0.03315,0.0224,0.014));
#1248=CARTESIAN_POINT('',(0.0319,0.0224,0.014));
#1249=CARTESIAN_POINT('',(0.03315,-0.0224,0.014));
#1250=CARTESIAN_POINT('',(0.0319,-0.0224,0.014));
#1251=CARTESIAN_POINT('',(-6.93889390390723E-18,0.,0.012));
#1252=CARTESIAN_POINT('',(-0.03315,-0.0224,0.012));
#1253=CARTESIAN_POINT('',(-0.0319,-0.0224,0.012));
#1254=CARTESIAN_POINT('',(-0.03315,0.0224,0.012));
#1255=CARTESIAN_POINT('',(-0.0319,0.0224,0.012));
#1256=CARTESIAN_POINT('',(0.03315,0.0224,0.012));
#1257=CARTESIAN_POINT('',(0.0344,0.0224,0.012));
#1258=CARTESIAN_POINT('',(0.03315,-0.0224,0.012));
#1259=CARTESIAN_POINT('',(0.0344,-0.0224,0.012));
#1260=CARTESIAN_POINT('',(0.03315,-0.0224,0.014));
#1261=CARTESIAN_POINT('',(0.03315,0.0224,0.014));
#1262=CARTESIAN_POINT('',(-0.03315,0.0224,0.014));
#1263=CARTESIAN_POINT('',(-0.03315,-0.0224,0.014));
#1264=MECHANICAL_DESIGN_GEOMETRIC_PRESENTATION_REPRESENTATION('',(#785),#1265);
#1265=(
GEOMETRIC_REPRESENTATION_CONTEXT(3)
GLOBAL_UNCERTAINTY_ASSIGNED_CONTEXT((#1266))
GLOBAL_UNIT_ASSIGNED_CONTEXT((#1269,#1268,#1267))
REPRESENTATION_CONTEXT('Plate','TOP_LEVEL_ASSEMBLY_PART')
);
#1266=UNCERTAINTY_MEASURE_WITH_UNIT(LENGTH_MEASURE(1.E-08),#1269,'DISTANCE_ACCURACY_VALUE','Maximum Tolerance applied to model');
#1267=(
NAMED_UNIT(*)
SI_UNIT($,.STERADIAN.)
SOLID_ANGLE_UNIT()
);
#1268=(
NAMED_UNIT(*)
PLANE_ANGLE_UNIT()
SI_UNIT($,.RADIAN.)
);
#1269=(
LENGTH_UNIT()
NAMED_UNIT(*)
SI_UNIT($,.METRE.)
);
#1270=PRODUCT_DEFINITION_SHAPE('','',#1271);
#1271=PRODUCT_DEFINITION('','',#1273,#1272);
#1272=PRODUCT_DEFINITION_CONTEXT('',#1279,'design');
#1273=PRODUCT_DEFINITION_FORMATION_WITH_SPECIFIED_SOURCE('','',#1275,.NOT_KNOWN.);
#1274=PRODUCT_RELATED_PRODUCT_CATEGORY('','',(#1275));
#1275=PRODUCT('Plate','Plate','Plate',(#1277));
#1276=PRODUCT_CATEGORY('','');
#1277=PRODUCT_CONTEXT('',#1279,'mechanical');
#1278=APPLICATION_PROTOCOL_DEFINITION('international standard','ap242_managed_model_based_3d_engineering',2020,#1279);
#1279=APPLICATION_CONTEXT('managed model based 3d engineering');
#1280=COMPOSITE_SHAPE_ASPECT('hole_callout.Fq7yabLilOdYbOA_3.JMD.3',$,#1270,$);
#1281=SHAPE_ASPECT('hole_callout.Fq7yabLilOdYbOA_3.JMD.3',$,#1270,.T.);
#1282=GEOMETRIC_ITEM_SPECIFIC_USAGE('','',#1281,#11,#782);
#1283=SHAPE_ASPECT_RELATIONSHIP('','',#1280,#1281);
#1284=SHAPE_ASPECT('hole_callout.Fq7yabLilOdYbOA_3.JMD.3',$,#1270,.T.);
#1285=GEOMETRIC_ITEM_SPECIFIC_USAGE('','',#1284,#11,#780);
#1286=SHAPE_ASPECT_RELATIONSHIP('','',#1280,#1284);
#1287=SHAPE_ASPECT('hole_callout.Fq7yabLilOdYbOA_3.JMD.3',$,#1270,.T.);
#1288=GEOMETRIC_ITEM_SPECIFIC_USAGE('','',#1287,#11,#783);
#1289=SHAPE_ASPECT_RELATIONSHIP('','',#1280,#1287);
#1290=SHAPE_ASPECT('hole_callout.Fq7yabLilOdYbOA_3.JMD.3',$,#1270,.T.);
#1291=GEOMETRIC_ITEM_SPECIFIC_USAGE('','',#1290,#11,#781);
#1292=SHAPE_ASPECT_RELATIONSHIP('','',#1280,#1290);
#1293=DIMENSIONAL_SIZE(#1280,'diameter');
#1294=(
LENGTH_UNIT()
NAMED_UNIT(*)
SI_UNIT(.MILLI.,.METRE.)
);
#1296=PRECISION_QUALIFIER(3);
#1295=(
LENGTH_MEASURE_WITH_UNIT()
MEASURE_REPRESENTATION_ITEM()
MEASURE_WITH_UNIT(POSITIVE_LENGTH_MEASURE(2.5),#1294)
QUALIFIED_REPRESENTATION_ITEM((#1296))
REPRESENTATION_ITEM('nominal value')
);
#1297=COMPOUND_REPRESENTATION_ITEM('modifiers',SET_REPRESENTATION_ITEM((#1298)));
#1298=DESCRIPTIVE_REPRESENTATION_ITEM('dimensional note','diameter');
#1299=SHAPE_DIMENSION_REPRESENTATION('',(#1295,#1297),#1265);
#1300=DIMENSIONAL_CHARACTERISTIC_REPRESENTATION(#1293,#1299);
#1301=PRESENTATION_STYLE_ASSIGNMENT((NULL_STYLE(.NULL.)));
#1302=CARTESIAN_POINT('',(-0.03315,0.0224,0.014));
#1303=DIRECTION('',(0.,0.,1.));
#1304=DIRECTION('',(1.,0.,0.));
#1305=AXIS2_PLACEMENT_3D('',#1302,#1303,#1304);
#1306=PLANE('',#1305);
#1307=ANNOTATION_PLANE('',(#1301),#1306,(#1334));
#1308=CARTESIAN_POINT('',(0.,0.,0.));
#1309=DIRECTION('',(0.,0.,1.));
#1310=DIRECTION('',(1.,0.,0.));
#1311=AXIS2_PLACEMENT_3D('',#1308,#1309,#1310);
#1312=CARTESIAN_POINT('',(0.,0.,0.));
#1313=DIRECTION('',(0.,0.,1.));
#1314=DIRECTION('',(1.,0.,0.));
#1315=AXIS2_PLACEMENT_3D('',#1312,#1313,#1314);
#1316=SHAPE_REPRESENTATION('',(#1315,#793),#1265);
#1317=REPRESENTATION_MAP(#1311,#1316);
#1318=MAPPED_ITEM('',#1317,#1311);
#1319=PRESENTATION_STYLE_ASSIGNMENT((NULL_STYLE(.NULL.)));
#1320=STYLED_ITEM('',(#1319),#1318);
#1321=DRAUGHTING_MODEL('',(#1307,#1311,#1318,#1320),#1265);
#1322=DRAUGHTING_PRE_DEFINED_CURVE_FONT('continuous');
#1323=COLOUR_RGB('',0.,0.,0.);
#1324=CURVE_STYLE('',#1322,POSITIVE_LENGTH_MEASURE(0.02),#1323);
#1325=PRESENTATION_STYLE_ASSIGNMENT((#1324));
#1326=COORDINATES_LIST('coordinates',4383,((-0.0322661,0.0232839,0.0140000),(-0.0308519,0.0261123,0.0140000),(-0.0294377,0.0246981,0.0140000),(-0.0061023,0.0298583,0.0140000),(-0.0060970,0.0299907,0.0140000),(-0.0060970,0.0316808,0.0140000),(-0.0061023,0.0298583,0.0140000),(-0.0060970,0.0316808,0.0140000),(-0.0061023,0.0318114,0.0140000),(-0.0061023,0.0298583,0.0140000),(-0.0061023,0.0318114,0.0140000),(-0.0061182,0.0319361,0.0140000),(-0.0061023,0.0298583,0.0140000),(-0.0061182,0.0319361,0.0140000),(-0.0061448,0.0320547,0.0140000),(-0.0061023,0.0298583,0.0140000),(-0.0061448,0.0320547,0.0140000),(-0.0061819,0.0321674,0.0140000),(-0.0061023,0.0298583,0.0140000),(-0.0061819,0.0321674,0.0140000),(-0.0062297,0.0322741,0.0140000),(-0.0061023,0.0298583,0.0140000),(-0.0062297,0.0322741,0.0140000),(-0.0062881,0.0323748,0.0140000),(-0.0061023,0.0298583,0.0140000),(-0.0062881,0.0323748,0.0140000),(-0.0063571,0.0324695,0.0140000),(-0.0061023,0.0298583,0.0140000),(-0.0063571,0.0324695,0.0140000),(-0.0064367,0.0325582,0.0140000),(-0.0061023,0.0298583,0.0140000),(-0.0064367,0.0325582,0.0140000),(-0.0065134,0.0326299,0.0140000),(-0.0061023,0.0298583,0.0140000),(-0.0065134,0.0326299,0.0140000),(-0.0065932,0.0326920,0.0140000),(-0.0061023,0.0298583,0.0140000),(-0.0065932,0.0326920,0.0140000),(-0.0066760,0.0327446,0.0140000),(-0.0066760,0.0327446,0.0140000),(-0.0067619,0.0327876,0.0140000),(-0.0068509,0.0328210,0.0140000),(-0.0066760,0.0327446,0.0140000),(-0.0068509,0.0328210,0.0140000),(-0.0069429,0.0328449,0.0140000),(-0.0066760,0.0327446,0.0140000),(-0.0069429,0.0328449,0.0140000),(-0.0070381,0.0328593,0.0140000),(-0.0066760,0.0327446,0.0140000),(-0.0070381,0.0328593,0.0140000),(-0.0071363,0.0328640,0.0140000),(-0.0066760,0.0327446,0.0140000),(-0.0071363,0.0328640,0.0140000),(-0.0072334,0.0328593,0.0140000),(-0.0066760,0.0327446,0.0140000),(-0.0072334,0.0328593,0.0140000),(-0.0073278,0.0328449,0.0140000),(-0.0066760,0.0327446,0.0140000),(-0.0073278,0.0328449,0.0140000),(-0.0074195,0.0328210,0.0140000),(-0.0066760,0.0327446,0.0140000),(-0.0074195,0.0328210,0.0140000),(-0.0075086,0.0327876,0.0140000),(-0.0066760,0.0327446,0.0140000),(-0.0075086,0.0327876,0.0140000),(-0.0075949,0.0327446,0.0140000),(-0.0066760,0.0327446,0.0140000),(-0.0075949,0.0327446,0.0140000),(-0.0076786,0.0326920,0.0140000),(-0.0066760,0.0327446,0.0140000),(-0.0076786,0.0326920,0.0140000),(-0.0077596,0.0326299,0.0140000),(-0.0066760,0.0327446,0.0140000),(-0.0077596,0.0326299,0.0140000),(-0.0078380,0.0325582,0.0140000),(-0.0066760,0.0327446,0.0140000),(-0.0078380,0.0325582,0.0140000),(-0.0079176,0.0324712,0.0140000),(-0.0066760,0.0327446,0.0140000),(-0.0079176,0.0324712,0.0140000),(-0.0079866,0.0323780,0.0140000),(-0.0066760,0.0327446,0.0140000),(-0.0079866,0.0323780,0.0140000),(-0.0080450,0.0322786,0.0140000),(-0.0066760,0.0327446,0.0140000),(-0.0080450,0.0322786,0.0140000),(-0.0080928,0.0321730,0.0140000),(-0.0066760,0.0327446,0.0140000),(-0.0080928,0.0321730,0.0140000),(-0.0081299,0.0320611,0.0140000),(-0.0081299,0.0320611,0.0140000),(-0.0081565,0.0319430,0.0140000),(-0.0081724,0.0318187,0.0140000),(-0.0081299,0.0320611,0.0140000),(-0.0081724,0.0318187,0.0140000),(-0.0081777,0.0316882,0.0140000),(-0.0081299,0.0320611,0.0140000),(-0.0081777,0.0316882,0.0140000),(-0.0081777,0.0316808,0.0140000),(-0.0081299,0.0320611,0.0140000),(-0.0081777,0.0316808,0.0140000),(-0.0081777,0.0299864,0.0140000),(-0.0081299,0.0320611,0.0140000),(-0.0081777,0.0299864,0.0140000),(-0.0081724,0.0298551,0.0140000),(-0.0081299,0.0320611,0.0140000),(-0.0081724,0.0298551,0.0140000),(-0.0081565,0.0297300,0.0140000),(-0.0081299,0.0320611,0.0140000),(-0.0081565,0.0297300,0.0140000),(-0.0081299,0.0296110,0.0140000),(-0.0081299,0.0320611,0.0140000),(-0.0081299,0.0296110,0.0140000),(-0.0080928,0.0294983,0.0140000),(-0.0081299,0.0320611,0.0140000),(-0.0080928,0.0294983,0.0140000),(-0.0080450,0.0293917,0.0140000),(-0.0081299,0.0320611,0.0140000),(-0.0080450,0.0293917,0.0140000),(-0.0079866,0.0292913,0.0140000),(-0.0081299,0.0320611,0.0140000),(-0.0079866,0.0292913,0.0140000),(-0.0079176,0.0291971,0.0140000),(-0.0081299,0.0320611,0.0140000),(-0.0079176,0.0291971,0.0140000),(-0.0078380,0.0291091,0.0140000),(-0.0078380,0.0291091,0.0140000),(-0.0075342,0.0294054,0.0140000),(-0.0076282,0.0295218,0.0140000),(-0.0078380,0.0291091,0.0140000),(-0.0076282,0.0295218,0.0140000),(-0.0076954,0.0296581,0.0140000),(-0.0078380,0.0291091,0.0140000),(-0.0076954,0.0296581,0.0140000),(-0.0077356,0.0298144,0.0140000),(-0.0081299,0.0320611,0.0140000),(-0.0078380,0.0291091,0.0140000),(-0.0077356,0.0298144,0.0140000),(-0.0081299,0.0320611,0.0140000),(-0.0077356,0.0298144,0.0140000),(-0.0077457,0.0299000,0.0140000),(-0.0081299,0.0320611,0.0140000),(-0.0077457,0.0299000,0.0140000),(-0.0077491,0.0299907,0.0140000),(-0.0081299,0.0320611,0.0140000),(-0.0077491,0.0299907,0.0140000),(-0.0077491,0.0316882,0.0140000),(-0.0081299,0.0320611,0.0140000),(-0.0077491,0.0316882,0.0140000),(-0.0077457,0.0317765,0.0140000),(-0.0081299,0.0320611,0.0140000),(-0.0077457,0.0317765,0.0140000),(-0.0077358,0.0318599,0.0140000),(-0.0081299,0.0320611,0.0140000),(-0.0077358,0.0318599,0.0140000),(-0.0077192,0.0319385,0.0140000),(-0.0081299,0.0320611,0.0140000),(-0.0077192,0.0319385,0.0140000),(-0.0076959,0.0320121,0.0140000),(-0.0081299,0.0320611,0.0140000),(-0.0076959,0.0320121,0.0140000),(-0.0076294,0.0321446,0.0140000),(-0.0081299,0.0320611,0.0140000),(-0.0076294,0.0321446,0.0140000),(-0.0075363,0.0322576,0.0140000),(-0.0081299,0.0320611,0.0140000),(-0.0075363,0.0322576,0.0140000),(-0.0074411,0.0323363,0.0140000),(-0.0081299,0.0320611,0.0140000),(-0.0074411,0.0323363,0.0140000),(-0.0073427,0.0323926,0.0140000),(-0.0066760,0.0327446,0.0140000),(-0.0081299,0.0320611,0.0140000),(-0.0073427,0.0323926,0.0140000),(-0.0066760,0.0327446,0.0140000),(-0.0073427,0.0323926,0.0140000),(-0.0072411,0.0324263,0.0140000),(-0.0066760,0.0327446,0.0140000),(-0.0072411,0.0324263,0.0140000),(-0.0071363,0.0324375,0.0140000),(-0.0066760,0.0327446,0.0140000),(-0.0071363,0.0324375,0.0140000),(-0.0070272,0.0324263,0.0140000),(-0.0066760,0.0327446,0.0140000),(-0.0070272,0.0324263,0.0140000),(-0.0069244,0.0323926,0.0140000),(-0.0066760,0.0327446,0.0140000),(-0.0069244,0.0323926,0.0140000),(-0.0068277,0.0323363,0.0140000),(-0.0066760,0.0327446,0.0140000),(-0.0068277,0.0323363,0.0140000),(-0.0067373,0.0322576,0.0140000),(-0.0066760,0.0327446,0.0140000),(-0.0067373,0.0322576,0.0140000),(-0.0066442,0.0321390,0.0140000),(-0.0066760,0.0327446,0.0140000),(-0.0066442,0.0321390,0.0140000),(-0.0065778,0.0320034,0.0140000),(-0.0066760,0.0327446,0.0140000),(-0.0065778,0.0320034,0.0140000),(-0.0065379,0.0318506,0.0140000),(-0.0061023,0.0298583,0.0140000),(-0.0066760,0.0327446,0.0140000),(-0.0065379,0.0318506,0.0140000),(-0.0061023,0.0298583,0.0140000),(-0.0065379,0.0318506,0.0140000),(-0.0065279,0.0317679,0.0140000),(-0.0061023,0.0298583,0.0140000),(-0.0065279,0.0317679,0.0140000),(-0.0065246,0.0316808,0.0140000),(-0.0061023,0.0298583,0.0140000),(-0.0065246,0.0316808,0.0140000),(-0.0065246,0.0299907,0.0140000),(-0.0061023,0.0298583,0.0140000),(-0.0065246,0.0299907,0.0140000),(-0.0065279,0.0299010,0.0140000),(-0.0061023,0.0298583,0.0140000),(-0.0065279,0.0299010,0.0140000),(-0.0065379,0.0298162,0.0140000),(-0.0061023,0.0298583,0.0140000),(-0.0065379,0.0298162,0.0140000),(-0.0065545,0.0297363,0.0140000),(-0.0061023,0.0298583,0.0140000),(-0.0065545,0.0297363,0.0140000),(-0.0065778,0.0296613,0.0140000),(-0.0061023,0.0298583,0.0140000),(-0.0065778,0.0296613,0.0140000),(-0.0066442,0.0295257,0.0140000),(-0.0061023,0.0298583,0.0140000),(-0.0066442,0.0295257,0.0140000),(-0.0067373,0.0294096,0.0140000),(-0.0061023,0.0298583,0.0140000),(-0.0067373,0.0294096,0.0140000),(-0.0068285,0.0293319,0.0140000),(-0.0074427,0.0293295,0.0140000),(-0.0075342,0.0294054,0.0140000),(-0.0078380,0.0291091,0.0140000),(-0.0073458,0.0292752,0.0140000),(-0.0074427,0.0293295,0.0140000),(-0.0078380,0.0291091,0.0140000),(-0.0072437,0.0292427,0.0140000),(-0.0073458,0.0292752,0.0140000),(-0.0078380,0.0291091,0.0140000),(-0.0071363,0.0292318,0.0140000),(-0.0072437,0.0292427,0.0140000),(-0.0078380,0.0291091,0.0140000),(-0.0070280,0.0292430,0.0140000),(-0.0071363,0.0292318,0.0140000),(-0.0078380,0.0291091,0.0140000),(-0.0070280,0.0292430,0.0140000),(-0.0078380,0.0291091,0.0140000),(-0.0077611,0.0290384,0.0140000),(-0.0070280,0.0292430,0.0140000),(-0.0077611,0.0290384,0.0140000),(-0.0076813,0.0289771,0.0140000),(-0.0069254,0.0292763,0.0140000),(-0.0070280,0.0292430,0.0140000),(-0.0076813,0.0289771,0.0140000),(-0.0069254,0.0292763,0.0140000),(-0.0076813,0.0289771,0.0140000),(-0.0075985,0.0289253,0.0140000),(-0.0069254,0.0292763,0.0140000),(-0.0075985,0.0289253,0.0140000),(-0.0075128,0.0288829,0.0140000),(-0.0068285,0.0293319,0.0140000),(-0.0069254,0.0292763,0.0140000),(-0.0075128,0.0288829,0.0140000),(-0.0068285,0.0293319,0.0140000),(-0.0075128,0.0288829,0.0140000),(-0.0074241,0.0288499,0.0140000),(-0.0061023,0.0298583,0.0140000),(-0.0068285,0.0293319,0.0140000),(-0.0074241,0.0288499,0.0140000),(-0.0061023,0.0298583,0.0140000),(-0.0074241,0.0288499,0.0140000),(-0.0073325,0.0288263,0.0140000),(-0.0061023,0.0298583,0.0140000),(-0.0073325,0.0288263,0.0140000),(-0.0072380,0.0288122,0.0140000),(-0.0061023,0.0298583,0.0140000),(-0.0072380,0.0288122,0.0140000),(-0.0071405,0.0288075,0.0140000),(-0.0061023,0.0298583,0.0140000),(-0.0071405,0.0288075,0.0140000),(-0.0070414,0.0288121,0.0140000),(-0.0061023,0.0298583,0.0140000),(-0.0070414,0.0288121,0.0140000),(-0.0069455,0.0288260,0.0140000),(-0.0061023,0.0298583,0.0140000),(-0.0069455,0.0288260,0.0140000),(-0.0068528,0.0288491,0.0140000),(-0.0061023,0.0298583,0.0140000),(-0.0068528,0.0288491,0.0140000),(-0.0067635,0.0288815,0.0140000),(-0.0061023,0.0298583,0.0140000),(-0.0067635,0.0288815,0.0140000),(-0.0066774,0.0289232,0.0140000),(-0.0061023,0.0298583,0.0140000),(-0.0066774,0.0289232,0.0140000),(-0.0065946,0.0289741,0.0140000),(-0.0061023,0.0298583,0.0140000),(-0.0065946,0.0289741,0.0140000),(-0.0065151,0.0290343,0.0140000),(-0.0061023,0.0298583,0.0140000),(-0.0065151,0.0290343,0.0140000),(-0.0064388,0.0291038,0.0140000),(-0.0061023,0.0298583,0.0140000),(-0.0064388,0.0291038,0.0140000),(-0.0063587,0.0291931,0.0140000),(-0.0061023,0.0298583,0.0140000),(-0.0063587,0.0291931,0.0140000),(-0.0062893,0.0292886,0.0140000),(-0.0061023,0.0298583,0.0140000),(-0.0062893,0.0292886,0.0140000),(-0.0062305,0.0293902,0.0140000),(-0.0061023,0.0298583,0.0140000),(-0.0062305,0.0293902,0.0140000),(-0.0061825,0.0294980,0.0140000),(-0.0061023,0.0298583,0.0140000),(-0.0061825,0.0294980,0.0140000),(-0.0061451,0.0296119,0.0140000),(-0.0061023,0.0298583,0.0140000),(-0.0061451,0.0296119,0.0140000),(-0.0061184,0.0297320,0.0140000),(-0.0124015,0.0298583,0.0140000),(-0.0123962,0.0299907,0.0140000),(-0.0123962,0.0316808,0.0140000),(-0.0124015,0.0298583,0.0140000),(-0.0123962,0.0316808,0.0140000),(-0.0124015,0.0318114,0.0140000),(-0.0124015,0.0298583,0.0140000),(-0.0124015,0.0318114,0.0140000),(-0.0124174,0.0319361,0.0140000),(-0.0124015,0.0298583,0.0140000),(-0.0124174,0.0319361,0.0140000),(-0.0124440,0.0320547,0.0140000),(-0.0124015,0.0298583,0.0140000),(-0.0124440,0.0320547,0.0140000),(-0.0124811,0.0321674,0.0140000),(-0.0124015,0.0298583,0.0140000),(-0.0124811,0.0321674,0.0140000),(-0.0125289,0.0322741,0.0140000),(-0.0124015,0.0298583,0.0140000),(-0.0125289,0.0322741,0.0140000),(-0.0125873,0.0323748,0.0140000),(-0.0124015,0.0298583,0.0140000),(-0.0125873,0.0323748,0.0140000),(-0.0126563,0.0324695,0.0140000),(-0.0124015,0.0298583,0.0140000),(-0.0126563,0.0324695,0.0140000),(-0.0127359,0.0325582,0.0140000),(-0.0124015,0.0298583,0.0140000),(-0.0127359,0.0325582,0.0140000),(-0.0128126,0.0326299,0.0140000),(-0.0124015,0.0298583,0.0140000),(-0.0128126,0.0326299,0.0140000),(-0.0128924,0.0326920,0.0140000),(-0.0124015,0.0298583,0.0140000),(-0.0128924,0.0326920,0.0140000),(-0.0129752,0.0327446,0.0140000),(-0.0129752,0.0327446,0.0140000),(-0.0130611,0.0327876,0.0140000),(-0.0131501,0.0328210,0.0140000),(-0.0129752,0.0327446,0.0140000),(-0.0131501,0.0328210,0.0140000),(-0.0132421,0.0328449,0.0140000),(-0.0129752,0.0327446,0.0140000),(-0.0132421,0.0328449,0.0140000),(-0.0133373,0.0328593,0.0140000),(-0.0129752,0.0327446,0.0140000),(-0.0133373,0.0328593,0.0140000),(-0.0134355,0.0328640,0.0140000),(-0.0129752,0.0327446,0.0140000),(-0.0134355,0.0328640,0.0140000),(-0.0135326,0.0328593,0.0140000),(-0.0129752,0.0327446,0.0140000),(-0.0135326,0.0328593,0.0140000),(-0.0136270,0.0328449,0.0140000),(-0.0129752,0.0327446,0.0140000),(-0.0136270,0.0328449,0.0140000),(-0.0137187,0.0328210,0.0140000),(-0.0129752,0.0327446,0.0140000),(-0.0137187,0.0328210,0.0140000),(-0.0138078,0.0327876,0.0140000),(-0.0129752,0.0327446,0.0140000),(-0.0138078,0.0327876,0.0140000),(-0.0138941,0.0327446,0.0140000),(-0.0129752,0.0327446,0.0140000),(-0.0138941,0.0327446,0.0140000),(-0.0139778,0.0326920,0.0140000),(-0.0129752,0.0327446,0.0140000),(-0.0139778,0.0326920,0.0140000),(-0.0140588,0.0326299,0.0140000),(-0.0129752,0.0327446,0.0140000),(-0.0140588,0.0326299,0.0140000),(-0.0141372,0.0325582,0.0140000),(-0.0129752,0.0327446,0.0140000),(-0.0141372,0.0325582,0.0140000),(-0.0142168,0.0324712,0.0140000),(-0.0129752,0.0327446,0.0140000),(-0.0142168,0.0324712,0.0140000),(-0.0142858,0.0323780,0.0140000),(-0.0129752,0.0327446,0.0140000),(-0.0142858,0.0323780,0.0140000),(-0.0143442,0.0322786,0.0140000),(-0.0129752,0.0327446,0.0140000),(-0.0143442,0.0322786,0.0140000),(-0.0143920,0.0321730,0.0140000),(-0.0129752,0.0327446,0.0140000),(-0.0143920,0.0321730,0.0140000),(-0.0144291,0.0320611,0.0140000),(-0.0144291,0.0320611,0.0140000),(-0.0144557,0.0319430,0.0140000),(-0.0144716,0.0318187,0.0140000),(-0.0144291,0.0320611,0.0140000),(-0.0144716,0.0318187,0.0140000),(-0.0144769,0.0316882,0.0140000),(-0.0144291,0.0320611,0.0140000),(-0.0144769,0.0316882,0.0140000),(-0.0144769,0.0316808,0.0140000),(-0.0144291,0.0320611,0.0140000),(-0.0144769,0.0316808,0.0140000),(-0.0144769,0.0299864,0.0140000),(-0.0144291,0.0320611,0.0140000),(-0.0144769,0.0299864,0.0140000),(-0.0144716,0.0298551,0.0140000),(-0.0144291,0.0320611,0.0140000),(-0.0144716,0.0298551,0.0140000),(-0.0144557,0.0297300,0.0140000),(-0.0144291,0.0320611,0.0140000),(-0.0144557,0.0297300,0.0140000),(-0.0144291,0.0296110,0.0140000),(-0.0144291,0.0320611,0.0140000),(-0.0144291,0.0296110,0.0140000),(-0.0143920,0.0294983,0.0140000),(-0.0144291,0.0320611,0.0140000),(-0.0143920,0.0294983,0.0140000),(-0.0143442,0.0293917,0.0140000),(-0.0144291,0.0320611,0.0140000),(-0.0143442,0.0293917,0.0140000),(-0.0142858,0.0292913,0.0140000),(-0.0144291,0.0320611,0.0140000),(-0.0142858,0.0292913,0.0140000),(-0.0142168,0.0291971,0.0140000),(-0.0144291,0.0320611,0.0140000),(-0.0142168,0.0291971,0.0140000),(-0.0141372,0.0291091,0.0140000),(-0.0141372,0.0291091,0.0140000),(-0.0138334,0.0294054,0.0140000),(-0.0139274,0.0295218,0.0140000),(-0.0141372,0.0291091,0.0140000),(-0.0139274,0.0295218,0.0140000),(-0.0139946,0.0296581,0.0140000),(-0.0141372,0.0291091,0.0140000),(-0.0139946,0.0296581,0.0140000),(-0.0140348,0.0298144,0.0140000),(-0.0144291,0.0320611,0.0140000),(-0.0141372,0.0291091,0.0140000),(-0.0140348,0.0298144,0.0140000),(-0.0144291,0.0320611,0.0140000),(-0.0140348,0.0298144,0.0140000),(-0.0140449,0.0299000,0.0140000),(-0.0144291,0.0320611,0.0140000),(-0.0140449,0.0299000,0.0140000),(-0.0140483,0.0299907,0.0140000),(-0.0144291,0.0320611,0.0140000),(-0.0140483,0.0299907,0.0140000),(-0.0140483,0.0316882,0.0140000),(-0.0144291,0.0320611,0.0140000),(-0.0140483,0.0316882,0.0140000),(-0.0140449,0.0317765,0.0140000),(-0.0144291,0.0320611,0.0140000),(-0.0140449,0.0317765,0.0140000),(-0.0140350,0.0318599,0.0140000),(-0.0144291,0.0320611,0.0140000),(-0.0140350,0.0318599,0.0140000),(-0.0140184,0.0319385,0.0140000),(-0.0144291,0.0320611,0.0140000),(-0.0140184,0.0319385,0.0140000),(-0.0139951,0.0320121,0.0140000),(-0.0144291,0.0320611,0.0140000),(-0.0139951,0.0320121,0.0140000),(-0.0139286,0.0321446,0.0140000),(-0.0144291,0.0320611,0.0140000),(-0.0139286,0.0321446,0.0140000),(-0.0138355,0.0322576,0.0140000),(-0.0144291,0.0320611,0.0140000),(-0.0138355,0.0322576,0.0140000),(-0.0137403,0.0323363,0.0140000),(-0.0144291,0.0320611,0.0140000),(-0.0137403,0.0323363,0.0140000),(-0.0136419,0.0323926,0.0140000),(-0.0129752,0.0327446,0.0140000),(-0.0144291,0.0320611,0.0140000),(-0.0136419,0.0323926,0.0140000),(-0.0129752,0.0327446,0.0140000),(-0.0136419,0.0323926,0.0140000),(-0.0135403,0.0324263,0.0140000),(-0.0129752,0.0327446,0.0140000),(-0.0135403,0.0324263,0.0140000),(-0.0134355,0.0324375,0.0140000),(-0.0129752,0.0327446,0.0140000),(-0.0134355,0.0324375,0.0140000),(-0.0133264,0.0324263,0.0140000),(-0.0129752,0.0327446,0.0140000),(-0.0133264,0.0324263,0.0140000),(-0.0132236,0.0323926,0.0140000),(-0.0129752,0.0327446,0.0140000),(-0.0132236,0.0323926,0.0140000),(-0.0131269,0.0323363,0.0140000),(-0.0129752,0.0327446,0.0140000),(-0.0131269,0.0323363,0.0140000),(-0.0130365,0.0322576,0.0140000),(-0.0129752,0.0327446,0.0140000),(-0.0130365,0.0322576,0.0140000),(-0.0129434,0.0321390,0.0140000),(-0.0129752,0.0327446,0.0140000),(-0.0129434,0.0321390,0.0140000),(-0.0128770,0.0320034,0.0140000),(-0.0129752,0.0327446,0.0140000),(-0.0128770,0.0320034,0.0140000),(-0.0128371,0.0318506,0.0140000),(-0.0124015,0.0298583,0.0140000),(-0.0129752,0.0327446,0.0140000),(-0.0128371,0.0318506,0.0140000),(-0.0124015,0.0298583,0.0140000),(-0.0128371,0.0318506,0.0140000),(-0.0128271,0.0317679,0.0140000),(-0.0124015,0.0298583,0.0140000),(-0.0128271,0.0317679,0.0140000),(-0.0128238,0.0316808,0.0140000),(-0.0124015,0.0298583,0.0140000),(-0.0128238,0.0316808,0.0140000),(-0.0128238,0.0299907,0.0140000),(-0.0124015,0.0298583,0.0140000),(-0.0128238,0.0299907,0.0140000),(-0.0128271,0.0299010,0.0140000),(-0.0124015,0.0298583,0.0140000),(-0.0128271,0.0299010,0.0140000),(-0.0128371,0.0298162,0.0140000),(-0.0124015,0.0298583,0.0140000),(-0.0128371,0.0298162,0.0140000),(-0.0128537,0.0297363,0.0140000),(-0.0124015,0.0298583,0.0140000),(-0.0128537,0.0297363,0.0140000),(-0.0128770,0.0296613,0.0140000),(-0.0124015,0.0298583,0.0140000),(-0.0128770,0.0296613,0.0140000),(-0.0129434,0.0295257,0.0140000),(-0.0124015,0.0298583,0.0140000),(-0.0129434,0.0295257,0.0140000),(-0.0130365,0.0294096,0.0140000),(-0.0124015,0.0298583,0.0140000),(-0.0130365,0.0294096,0.0140000),(-0.0131277,0.0293319,0.0140000),(-0.0137419,0.0293295,0.0140000),(-0.0138334,0.0294054,0.0140000),(-0.0141372,0.0291091,0.0140000),(-0.0136450,0.0292752,0.0140000),(-0.0137419,0.0293295,0.0140000),(-0.0141372,0.0291091,0.0140000),(-0.0135429,0.0292427,0.0140000),(-0.0136450,0.0292752,0.0140000),(-0.0141372,0.0291091,0.0140000),(-0.0134355,0.0292318,0.0140000),(-0.0135429,0.0292427,0.0140000),(-0.0141372,0.0291091,0.0140000),(-0.0133272,0.0292430,0.0140000),(-0.0134355,0.0292318,0.0140000),(-0.0141372,0.0291091,0.0140000),(-0.0133272,0.0292430,0.0140000),(-0.0141372,0.0291091,0.0140000),(-0.0140603,0.0290384,0.0140000),(-0.0133272,0.0292430,0.0140000),(-0.0140603,0.0290384,0.0140000),(-0.0139805,0.0289771,0.0140000),(-0.0132246,0.0292763,0.0140000),(-0.0133272,0.0292430,0.0140000),(-0.0139805,0.0289771,0.0140000),(-0.0132246,0.0292763,0.0140000),(-0.0139805,0.0289771,0.0140000),(-0.0138977,0.0289253,0.0140000),(-0.0132246,0.0292763,0.0140000),(-0.0138977,0.0289253,0.0140000),(-0.0138120,0.0288829,0.0140000),(-0.0131277,0.0293319,0.0140000),(-0.0132246,0.0292763,0.0140000),(-0.0138120,0.0288829,0.0140000),(-0.0131277,0.0293319,0.0140000),(-0.0138120,0.0288829,0.0140000),(-0.0137233,0.0288499,0.0140000),(-0.0124015,0.0298583,0.0140000),(-0.0131277,0.0293319,0.0140000),(-0.0137233,0.0288499,0.0140000),(-0.0124015,0.0298583,0.0140000),(-0.0137233,0.0288499,0.0140000),(-0.0136317,0.0288263,0.0140000),(-0.0124015,0.0298583,0.0140000),(-0.0136317,0.0288263,0.0140000),(-0.0135372,0.0288122,0.0140000),(-0.0124015,0.0298583,0.0140000),(-0.0135372,0.0288122,0.0140000),(-0.0134397,0.0288075,0.0140000),(-0.0124015,0.0298583,0.0140000),(-0.0134397,0.0288075,0.0140000),(-0.0133406,0.0288121,0.0140000),(-0.0124015,0.0298583,0.0140000),(-0.0133406,0.0288121,0.0140000),(-0.0132447,0.0288260,0.0140000),(-0.0124015,0.0298583,0.0140000),(-0.0132447,0.0288260,0.0140000),(-0.0131520,0.0288491,0.0140000),(-0.0124015,0.0298583,0.0140000),(-0.0131520,0.0288491,0.0140000),(-0.0130627,0.0288815,0.0140000),(-0.0124015,0.0298583,0.0140000),(-0.0130627,0.0288815,0.0140000),(-0.0129766,0.0289232,0.0140000),(-0.0124015,0.0298583,0.0140000),(-0.0129766,0.0289232,0.0140000),(-0.0128938,0.0289741,0.0140000),(-0.0124015,0.0298583,0.0140000),(-0.0128938,0.0289741,0.0140000),(-0.0128143,0.0290343,0.0140000),(-0.0124015,0.0298583,0.0140000),(-0.0128143,0.0290343,0.0140000),(-0.0127380,0.0291038,0.0140000),(-0.0124015,0.0298583,0.0140000),(-0.0127380,0.0291038,0.0140000),(-0.0126579,0.0291931,0.0140000),(-0.0124015,0.0298583,0.0140000),(-0.0126579,0.0291931,0.0140000),(-0.0125885,0.0292886,0.0140000),(-0.0124015,0.0298583,0.0140000),(-0.0125885,0.0292886,0.0140000),(-0.0125297,0.0293902,0.0140000),(-0.0124015,0.0298583,0.0140000),(-0.0125297,0.0293902,0.0140000),(-0.0124817,0.0294980,0.0140000),(-0.0124015,0.0298583,0.0140000),(-0.0124817,0.0294980,0.0140000),(-0.0124443,0.0296119,0.0140000),(-0.0124015,0.0298583,0.0140000),(-0.0124443,0.0296119,0.0140000),(-0.0124176,0.0297320,0.0140000),(-0.0231087,0.0327318,0.0140000),(-0.0231827,0.0328249,0.0140000),(-0.0233129,0.0328598,0.0140000),(-0.0231087,0.0327318,0.0140000),(-0.0233129,0.0328598,0.0140000),(-0.0233899,0.0328447,0.0140000),(-0.0231087,0.0327318,0.0140000),(-0.0233899,0.0328447,0.0140000),(-0.0234558,0.0327995,0.0140000),(-0.0231087,0.0327318,0.0140000),(-0.0234558,0.0327995,0.0140000),(-0.0235010,0.0327310,0.0140000),(-0.0231087,0.0327318,0.0140000),(-0.0235010,0.0327310,0.0140000),(-0.0235161,0.0326460,0.0140000),(-0.0231087,0.0327318,0.0140000),(-0.0235161,0.0326460,0.0140000),(-0.0235161,0.0290191,0.0140000),(-0.0231087,0.0327318,0.0140000),(-0.0235161,0.0290191,0.0140000),(-0.0234997,0.0289368,0.0140000),(-0.0231087,0.0327318,0.0140000),(-0.0234997,0.0289368,0.0140000),(-0.0234505,0.0288678,0.0140000),(-0.0231087,0.0327318,0.0140000),(-0.0234505,0.0288678,0.0140000),(-0.0233830,0.0288225,0.0140000),(-0.0231087,0.0327318,0.0140000),(-0.0233830,0.0288225,0.0140000),(-0.0233013,0.0288075,0.0140000),(-0.0231087,0.0327318,0.0140000),(-0.0233013,0.0288075,0.0140000),(-0.0232195,0.0288225,0.0140000),(-0.0231087,0.0327318,0.0140000),(-0.0232195,0.0288225,0.0140000),(-0.0231520,0.0288678,0.0140000),(-0.0231087,0.0327318,0.0140000),(-0.0231520,0.0288678,0.0140000),(-0.0231052,0.0289368,0.0140000),(-0.0231087,0.0327318,0.0140000),(-0.0231052,0.0289368,0.0140000),(-0.0230896,0.0290191,0.0140000),(-0.0231087,0.0327318,0.0140000),(-0.0230896,0.0290191,0.0140000),(-0.0230896,0.0314840,0.0140000),(-0.0231087,0.0327318,0.0140000),(-0.0230896,0.0314840,0.0140000),(-0.0221868,0.0289376,0.0140000),(-0.0231087,0.0327318,0.0140000),(-0.0221868,0.0289376,0.0140000),(-0.0221146,0.0288400,0.0140000),(-0.0231087,0.0327318,0.0140000),(-0.0221146,0.0288400,0.0140000),(-0.0219911,0.0288075,0.0140000),(-0.0231087,0.0327318,0.0140000),(-0.0219911,0.0288075,0.0140000),(-0.0218675,0.0288400,0.0140000),(-0.0231087,0.0327318,0.0140000),(-0.0218675,0.0288400,0.0140000),(-0.0217953,0.0289376,0.0140000),(-0.0208925,0.0314840,0.0140000),(-0.0208925,0.0290191,0.0140000),(-0.0208769,0.0289056,0.0140000),(-0.0208925,0.0314840,0.0140000),(-0.0208769,0.0289056,0.0140000),(-0.0208301,0.0288678,0.0140000),(-0.0208925,0.0314840,0.0140000),(-0.0208301,0.0288678,0.0140000),(-0.0206819,0.0288075,0.0140000),(-0.0208925,0.0314840,0.0140000),(-0.0206819,0.0288075,0.0140000),(-0.0206491,0.0287958,0.0140000),(-0.0208925,0.0314840,0.0140000),(-0.0206491,0.0287958,0.0140000),(-0.0205295,0.0288678,0.0140000),(-0.0208925,0.0314840,0.0140000),(-0.0205295,0.0288678,0.0140000),(-0.0204843,0.0289358,0.0140000),(-0.0208925,0.0314840,0.0140000),(-0.0204843,0.0289358,0.0140000),(-0.0204692,0.0290191,0.0140000),(-0.0208925,0.0314840,0.0140000),(-0.0204692,0.0290191,0.0140000),(-0.0204692,0.0326460,0.0140000),(-0.0208925,0.0314840,0.0140000),(-0.0204692,0.0326460,0.0140000),(-0.0204843,0.0327270,0.0140000),(-0.0217953,0.0289376,0.0140000),(-0.0208925,0.0314840,0.0140000),(-0.0204843,0.0327270,0.0140000),(-0.0217953,0.0289376,0.0140000),(-0.0204843,0.0327270,0.0140000),(-0.0205295,0.0327942,0.0140000),(-0.0217953,0.0289376,0.0140000),(-0.0205295,0.0327942,0.0140000),(-0.0205959,0.0328434,0.0140000),(-0.0217953,0.0289376,0.0140000),(-0.0205959,0.0328434,0.0140000),(-0.0206703,0.0328598,0.0140000),(-0.0217953,0.0289376,0.0140000),(-0.0206703,0.0328598,0.0140000),(-0.0207973,0.0328249,0.0140000),(-0.0217953,0.0289376,0.0140000),(-0.0207973,0.0328249,0.0140000),(-0.0208766,0.0327275,0.0140000),(-0.0217953,0.0289376,0.0140000),(-0.0208766,0.0327275,0.0140000),(-0.0219921,0.0296763,0.0140000),(-0.0231087,0.0327318,0.0140000),(-0.0217953,0.0289376,0.0140000),(-0.0219921,0.0296763,0.0140000),(-0.0108479,0.0297271,0.0140000),(-0.0108457,0.0296785,0.0140000),(-0.0108218,0.0295864,0.0140000),(-0.0108479,0.0297271,0.0140000),(-0.0108218,0.0295864,0.0140000),(-0.0107940,0.0295001,0.0140000),(-0.0108479,0.0297271,0.0140000),(-0.0107940,0.0295001,0.0140000),(-0.0107622,0.0294195,0.0140000),(-0.0108479,0.0297271,0.0140000),(-0.0107622,0.0294195,0.0140000),(-0.0107264,0.0293448,0.0140000),(-0.0108479,0.0297271,0.0140000),(-0.0107264,0.0293448,0.0140000),(-0.0106868,0.0292759,0.0140000),(-0.0108479,0.0297271,0.0140000),(-0.0106868,0.0292759,0.0140000),(-0.0106431,0.0292127,0.0140000),(-0.0108479,0.0297271,0.0140000),(-0.0106431,0.0292127,0.0140000),(-0.0105441,0.0291038,0.0140000),(-0.0108479,0.0297271,0.0140000),(-0.0105441,0.0291038,0.0140000),(-0.0104631,0.0290343,0.0140000),(-0.0108479,0.0297271,0.0140000),(-0.0104631,0.0290343,0.0140000),(-0.0103800,0.0289741,0.0140000),(-0.0108479,0.0297271,0.0140000),(-0.0103800,0.0289741,0.0140000),(-0.0102947,0.0289232,0.0140000),(-0.0108479,0.0297271,0.0140000),(-0.0102947,0.0289232,0.0140000),(-0.0102073,0.0288815,0.0140000),(-0.0108479,0.0297271,0.0140000),(-0.0102073,0.0288815,0.0140000),(-0.0101177,0.0288491,0.0140000),(-0.0108479,0.0297271,0.0140000),(-0.0101177,0.0288491,0.0140000),(-0.0100260,0.0288260,0.0140000),(-0.0108479,0.0297271,0.0140000),(-0.0100260,0.0288260,0.0140000),(-0.0099321,0.0288121,0.0140000),(-0.0108479,0.0297271,0.0140000),(-0.0099321,0.0288121,0.0140000),(-0.0098361,0.0288075,0.0140000),(-0.0108479,0.0297271,0.0140000),(-0.0098361,0.0288075,0.0140000),(-0.0097408,0.0288122,0.0140000),(-0.0108479,0.0297271,0.0140000),(-0.0097408,0.0288122,0.0140000),(-0.0096482,0.0288263,0.0140000),(-0.0108479,0.0297271,0.0140000),(-0.0096482,0.0288263,0.0140000),(-0.0095583,0.0288499,0.0140000),(-0.0108479,0.0297271,0.0140000),(-0.0095583,0.0288499,0.0140000),(-0.0094710,0.0288829,0.0140000),(-0.0094710,0.0288829,0.0140000),(-0.0093863,0.0289253,0.0140000),(-0.0093043,0.0289771,0.0140000),(-0.0094710,0.0288829,0.0140000),(-0.0093043,0.0289771,0.0140000),(-0.0092249,0.0290384,0.0140000),(-0.0094710,0.0288829,0.0140000),(-0.0092249,0.0290384,0.0140000),(-0.0091482,0.0291091,0.0140000),(-0.0094710,0.0288829,0.0140000),(-0.0091482,0.0291091,0.0140000),(-0.0090681,0.0291973,0.0140000),(-0.0094710,0.0288829,0.0140000),(-0.0090681,0.0291973,0.0140000),(-0.0089986,0.0292922,0.0140000),(-0.0094710,0.0288829,0.0140000),(-0.0089986,0.0292922,0.0140000),(-0.0089399,0.0293936,0.0140000),(-0.0094710,0.0288829,0.0140000),(-0.0089399,0.0293936,0.0140000),(-0.0088918,0.0295017,0.0140000),(-0.0094710,0.0288829,0.0140000),(-0.0088918,0.0295017,0.0140000),(-0.0088544,0.0296164,0.0140000),(-0.0094710,0.0288829,0.0140000),(-0.0088544,0.0296164,0.0140000),(-0.0088277,0.0297377,0.0140000),(-0.0094710,0.0288829,0.0140000),(-0.0088277,0.0297377,0.0140000),(-0.0088117,0.0298657,0.0140000),(-0.0094710,0.0288829,0.0140000),(-0.0088117,0.0298657,0.0140000),(-0.0088063,0.0300002,0.0140000),(-0.0094710,0.0288829,0.0140000),(-0.0088063,0.0300002,0.0140000),(-0.0088076,0.0301035,0.0140000),(-0.0094710,0.0288829,0.0140000),(-0.0088076,0.0301035,0.0140000),(-0.0088115,0.0302027,0.0140000),(-0.0094710,0.0288829,0.0140000),(-0.0088115,0.0302027,0.0140000),(-0.0088180,0.0302979,0.0140000),(-0.0094710,0.0288829,0.0140000),(-0.0088180,0.0302979,0.0140000),(-0.0088270,0.0303891,0.0140000),(-0.0094710,0.0288829,0.0140000),(-0.0088270,0.0303891,0.0140000),(-0.0088386,0.0304762,0.0140000),(-0.0094710,0.0288829,0.0140000),(-0.0088386,0.0304762,0.0140000),(-0.0088528,0.0305592,0.0140000),(-0.0094710,0.0288829,0.0140000),(-0.0088528,0.0305592,0.0140000),(-0.0088695,0.0306383,0.0140000),(-0.0094710,0.0288829,0.0140000),(-0.0088695,0.0306383,0.0140000),(-0.0088889,0.0307132,0.0140000),(-0.0094710,0.0288829,0.0140000),(-0.0088889,0.0307132,0.0140000),(-0.0089353,0.0308511,0.0140000),(-0.0089353,0.0308511,0.0140000),(-0.0089921,0.0309727,0.0140000),(-0.0090592,0.0310782,0.0140000),(-0.0089353,0.0308511,0.0140000),(-0.0090592,0.0310782,0.0140000),(-0.0091365,0.0311675,0.0140000),(-0.0089353,0.0308511,0.0140000),(-0.0091365,0.0311675,0.0140000),(-0.0092160,0.0312370,0.0140000),(-0.0089353,0.0308511,0.0140000),(-0.0092160,0.0312370,0.0140000),(-0.0092979,0.0312972,0.0140000),(-0.0089353,0.0308511,0.0140000),(-0.0092979,0.0312972,0.0140000),(-0.0093821,0.0313481,0.0140000),(-0.0089353,0.0308511,0.0140000),(-0.0093821,0.0313481,0.0140000),(-0.0094686,0.0313898,0.0140000),(-0.0089353,0.0308511,0.0140000),(-0.0094686,0.0313898,0.0140000),(-0.0095575,0.0314222,0.0140000),(-0.0089353,0.0308511,0.0140000),(-0.0095575,0.0314222,0.0140000),(-0.0096487,0.0314453,0.0140000),(-0.0089353,0.0308511,0.0140000),(-0.0096487,0.0314453,0.0140000),(-0.0097423,0.0314592,0.0140000),(-0.0089353,0.0308511,0.0140000),(-0.0097423,0.0314592,0.0140000),(-0.0098382,0.0314639,0.0140000),(-0.0089353,0.0308511,0.0140000),(-0.0098382,0.0314639,0.0140000),(-0.0099235,0.0314606,0.0140000),(-0.0089353,0.0308511,0.0140000),(-0.0099235,0.0314606,0.0140000),(-0.0100059,0.0314508,0.0140000),(-0.0089353,0.0308511,0.0140000),(-0.0100059,0.0314508,0.0140000),(-0.0100853,0.0314345,0.0140000),(-0.0089353,0.0308511,0.0140000),(-0.0100853,0.0314345,0.0140000),(-0.0101618,0.0314117,0.0140000),(-0.0089353,0.0308511,0.0140000),(-0.0101618,0.0314117,0.0140000),(-0.0103059,0.0313466,0.0140000),(-0.0089353,0.0308511,0.0140000),(-0.0103059,0.0313466,0.0140000),(-0.0104383,0.0312554,0.0140000),(-0.0103960,0.0324333,0.0140000),(-0.0091207,0.0324333,0.0140000),(-0.0090392,0.0324492,0.0140000),(-0.0103960,0.0324333,0.0140000),(-0.0090392,0.0324492,0.0140000),(-0.0089704,0.0324968,0.0140000),(-0.0103960,0.0324333,0.0140000),(-0.0089704,0.0324968,0.0140000),(-0.0089236,0.0325661,0.0140000),(-0.0103960,0.0324333,0.0140000),(-0.0089236,0.0325661,0.0140000),(-0.0089079,0.0326471,0.0140000),(-0.0103960,0.0324333,0.0140000),(-0.0089079,0.0326471,0.0140000),(-0.0089236,0.0327278,0.0140000),(-0.0103960,0.0324333,0.0140000),(-0.0089236,0.0327278,0.0140000),(-0.0089704,0.0327963,0.0140000),(-0.0103960,0.0324333,0.0140000),(-0.0089704,0.0327963,0.0140000),(-0.0090392,0.0328439,0.0140000),(-0.0103960,0.0324333,0.0140000),(-0.0090392,0.0328439,0.0140000),(-0.0091207,0.0328598,0.0140000),(-0.0103960,0.0324333,0.0140000),(-0.0091207,0.0328598,0.0140000),(-0.0105928,0.0328598,0.0140000),(-0.0104383,0.0312554,0.0140000),(-0.0103960,0.0324333,0.0140000),(-0.0105928,0.0328598,0.0140000),(-0.0104383,0.0312554,0.0140000),(-0.0105928,0.0328598,0.0140000),(-0.0106732,0.0328458,0.0140000),(-0.0104383,0.0312554,0.0140000),(-0.0106732,0.0328458,0.0140000),(-0.0107431,0.0328037,0.0140000),(-0.0104383,0.0312554,0.0140000),(-0.0107431,0.0328037,0.0140000),(-0.0107907,0.0327386,0.0140000),(-0.0104383,0.0312554,0.0140000),(-0.0107907,0.0327386,0.0140000),(-0.0108066,0.0326598,0.0140000),(-0.0104383,0.0312554,0.0140000),(-0.0108066,0.0326598,0.0140000),(-0.0108870,0.0305950,0.0140000),(-0.0104383,0.0312554,0.0140000),(-0.0108870,0.0305950,0.0140000),(-0.0108738,0.0305156,0.0140000),(-0.0104383,0.0312554,0.0140000),(-0.0108738,0.0305156,0.0140000),(-0.0108341,0.0304447,0.0140000),(-0.0104383,0.0312554,0.0140000),(-0.0108341,0.0304447,0.0140000),(-0.0107690,0.0303907,0.0140000),(-0.0104383,0.0312554,0.0140000),(-0.0107690,0.0303907,0.0140000),(-0.0106859,0.0303727,0.0140000),(-0.0104383,0.0312554,0.0140000),(-0.0106859,0.0303727,0.0140000),(-0.0106047,0.0303862,0.0140000),(-0.0104383,0.0312554,0.0140000),(-0.0106047,0.0303862,0.0140000),(-0.0105325,0.0304267,0.0140000),(-0.0104383,0.0312554,0.0140000),(-0.0105325,0.0304267,0.0140000),(-0.0104700,0.0305283,0.0140000),(-0.0104383,0.0312554,0.0140000),(-0.0104700,0.0305283,0.0140000),(-0.0104360,0.0306134,0.0140000),(-0.0104383,0.0312554,0.0140000),(-0.0104360,0.0306134,0.0140000),(-0.0103870,0.0306974,0.0140000),(-0.0104383,0.0312554,0.0140000),(-0.0103870,0.0306974,0.0140000),(-0.0103228,0.0307801,0.0140000),(-0.0104383,0.0312554,0.0140000),(-0.0103228,0.0307801,0.0140000),(-0.0102436,0.0308617,0.0140000),(-0.0104383,0.0312554,0.0140000),(-0.0102436,0.0308617,0.0140000),(-0.0101480,0.0309395,0.0140000),(-0.0104383,0.0312554,0.0140000),(-0.0101480,0.0309395,0.0140000),(-0.0100486,0.0309950,0.0140000),(-0.0104383,0.0312554,0.0140000),(-0.0100486,0.0309950,0.0140000),(-0.0099453,0.0310284,0.0140000),(-0.0104383,0.0312554,0.0140000),(-0.0099453,0.0310284,0.0140000),(-0.0098382,0.0310395,0.0140000),(-0.0104383,0.0312554,0.0140000),(-0.0098382,0.0310395,0.0140000),(-0.0097317,0.0310284,0.0140000),(-0.0089353,0.0308511,0.0140000),(-0.0104383,0.0312554,0.0140000),(-0.0097317,0.0310284,0.0140000),(-0.0089353,0.0308511,0.0140000),(-0.0097317,0.0310284,0.0140000),(-0.0096292,0.0309950,0.0140000),(-0.0089353,0.0308511,0.0140000),(-0.0096292,0.0309950,0.0140000),(-0.0095306,0.0309395,0.0140000),(-0.0089353,0.0308511,0.0140000),(-0.0095306,0.0309395,0.0140000),(-0.0094360,0.0308617,0.0140000),(-0.0089353,0.0308511,0.0140000),(-0.0094360,0.0308617,0.0140000),(-0.0093458,0.0307331,0.0140000),(-0.0089353,0.0308511,0.0140000),(-0.0093458,0.0307331,0.0140000),(-0.0093103,0.0306470,0.0140000),(-0.0089353,0.0308511,0.0140000),(-0.0093103,0.0306470,0.0140000),(-0.0092813,0.0305463,0.0140000),(-0.0089353,0.0308511,0.0140000),(-0.0092813,0.0305463,0.0140000),(-0.0092587,0.0304311,0.0140000),(-0.0089353,0.0308511,0.0140000),(-0.0092587,0.0304311,0.0140000),(-0.0092426,0.0303013,0.0140000),(-0.0089353,0.0308511,0.0140000),(-0.0092426,0.0303013,0.0140000),(-0.0092329,0.0301570,0.0140000),(-0.0089353,0.0308511,0.0140000),(-0.0092329,0.0301570,0.0140000),(-0.0092297,0.0299981,0.0140000),(-0.0089353,0.0308511,0.0140000),(-0.0092297,0.0299981,0.0140000),(-0.0092331,0.0299066,0.0140000),(-0.0089353,0.0308511,0.0140000),(-0.0092331,0.0299066,0.0140000),(-0.0092434,0.0298201,0.0140000),(-0.0089353,0.0308511,0.0140000),(-0.0092434,0.0298201,0.0140000),(-0.0092606,0.0297386,0.0140000),(-0.0094710,0.0288829,0.0140000),(-0.0089353,0.0308511,0.0140000),(-0.0092606,0.0297386,0.0140000),(-0.0094710,0.0288829,0.0140000),(-0.0092606,0.0297386,0.0140000),(-0.0092847,0.0296621,0.0140000),(-0.0094710,0.0288829,0.0140000),(-0.0092847,0.0296621,0.0140000),(-0.0093535,0.0295238,0.0140000),(-0.0094710,0.0288829,0.0140000),(-0.0093535,0.0295238,0.0140000),(-0.0094498,0.0294054,0.0140000),(-0.0094710,0.0288829,0.0140000),(-0.0094498,0.0294054,0.0140000),(-0.0095411,0.0293295,0.0140000),(-0.0094710,0.0288829,0.0140000),(-0.0095411,0.0293295,0.0140000),(-0.0096371,0.0292752,0.0140000),(-0.0094710,0.0288829,0.0140000),(-0.0096371,0.0292752,0.0140000),(-0.0097379,0.0292427,0.0140000),(-0.0094710,0.0288829,0.0140000),(-0.0097379,0.0292427,0.0140000),(-0.0098435,0.0292318,0.0140000),(-0.0094710,0.0288829,0.0140000),(-0.0098435,0.0292318,0.0140000),(-0.0099461,0.0292431,0.0140000),(-0.0094710,0.0288829,0.0140000),(-0.0099461,0.0292431,0.0140000),(-0.0100486,0.0292768,0.0140000),(-0.0094710,0.0288829,0.0140000),(-0.0100486,0.0292768,0.0140000),(-0.0101509,0.0293330,0.0140000),(-0.0108479,0.0297271,0.0140000),(-0.0094710,0.0288829,0.0140000),(-0.0101509,0.0293330,0.0140000),(-0.0108479,0.0297271,0.0140000),(-0.0101509,0.0293330,0.0140000),(-0.0102531,0.0294118,0.0140000),(-0.0108479,0.0297271,0.0140000),(-0.0102531,0.0294118,0.0140000),(-0.0103552,0.0295546,0.0140000),(-0.0108479,0.0297271,0.0140000),(-0.0103552,0.0295546,0.0140000),(-0.0103948,0.0296546,0.0140000),(-0.0108479,0.0297271,0.0140000),(-0.0103948,0.0296546,0.0140000),(-0.0104266,0.0297737,0.0140000),(-0.0108479,0.0297271,0.0140000),(-0.0104266,0.0297737,0.0140000),(-0.0104707,0.0298464,0.0140000),(-0.0108479,0.0297271,0.0140000),(-0.0104707,0.0298464,0.0140000),(-0.0105193,0.0298983,0.0140000),(-0.0108479,0.0297271,0.0140000),(-0.0105193,0.0298983,0.0140000),(-0.0106298,0.0299399,0.0140000),(-0.0108479,0.0297271,0.0140000),(-0.0106298,0.0299399,0.0140000),(-0.0106373,0.0299399,0.0140000),(-0.0108479,0.0297271,0.0140000),(-0.0106373,0.0299399,0.0140000),(-0.0107111,0.0299242,0.0140000),(-0.0108479,0.0297271,0.0140000),(-0.0107111,0.0299242,0.0140000),(-0.0107709,0.0298835,0.0140000),(-0.0182700,0.0310956,0.0140000),(-0.0182223,0.0311443,0.0140000),(-0.0181663,0.0312218,0.0140000),(-0.0182700,0.0310956,0.0140000),(-0.0181663,0.0312218,0.0140000),(-0.0181177,0.0313032,0.0140000),(-0.0182700,0.0310956,0.0140000),(-0.0181177,0.0313032,0.0140000),(-0.0180766,0.0313884,0.0140000),(-0.0182700,0.0310956,0.0140000),(-0.0180766,0.0313884,0.0140000),(-0.0180429,0.0314774,0.0140000),(-0.0182700,0.0310956,0.0140000),(-0.0180429,0.0314774,0.0140000),(-0.0180168,0.0315701,0.0140000),(-0.0182700,0.0310956,0.0140000),(-0.0180168,0.0315701,0.0140000),(-0.0179981,0.0316667,0.0140000),(-0.0182700,0.0310956,0.0140000),(-0.0179981,0.0316667,0.0140000),(-0.0179869,0.0317671,0.0140000),(-0.0182700,0.0310956,0.0140000),(-0.0179869,0.0317671,0.0140000),(-0.0179831,0.0318713,0.0140000),(-0.0182700,0.0310956,0.0140000),(-0.0179831,0.0318713,0.0140000),(-0.0179869,0.0319754,0.0140000),(-0.0182700,0.0310956,0.0140000),(-0.0179869,0.0319754,0.0140000),(-0.0179980,0.0320751,0.0140000),(-0.0182700,0.0310956,0.0140000),(-0.0179980,0.0320751,0.0140000),(-0.0180166,0.0321702,0.0140000),(-0.0182700,0.0310956,0.0140000),(-0.0180166,0.0321702,0.0140000),(-0.0180427,0.0322608,0.0140000),(-0.0182700,0.0310956,0.0140000),(-0.0180427,0.0322608,0.0140000),(-0.0180762,0.0323469,0.0140000),(-0.0182700,0.0310956,0.0140000),(-0.0180762,0.0323469,0.0140000),(-0.0181171,0.0324285,0.0140000),(-0.0182700,0.0310956,0.0140000),(-0.0181171,0.0324285,0.0140000),(-0.0181655,0.0325057,0.0140000),(-0.0182700,0.0310956,0.0140000),(-0.0181655,0.0325057,0.0140000),(-0.0182213,0.0325783,0.0140000),(-0.0182700,0.0310956,0.0140000),(-0.0182213,0.0325783,0.0140000),(-0.0182830,0.0326443,0.0140000),(-0.0182700,0.0310956,0.0140000),(-0.0182830,0.0326443,0.0140000),(-0.0183497,0.0327015,0.0140000),(-0.0182700,0.0310956,0.0140000),(-0.0183497,0.0327015,0.0140000),(-0.0184214,0.0327498,0.0140000),(-0.0182700,0.0310956,0.0140000),(-0.0184214,0.0327498,0.0140000),(-0.0184980,0.0327894,0.0140000),(-0.0184980,0.0327894,0.0140000),(-0.0185796,0.0328202,0.0140000),(-0.0186662,0.0328422,0.0140000),(-0.0184980,0.0327894,0.0140000),(-0.0186662,0.0328422,0.0140000),(-0.0187577,0.0328554,0.0140000),(-0.0184980,0.0327894,0.0140000),(-0.0187577,0.0328554,0.0140000),(-0.0188542,0.0328598,0.0140000),(-0.0184980,0.0327894,0.0140000),(-0.0188542,0.0328598,0.0140000),(-0.0189497,0.0328554,0.0140000),(-0.0184980,0.0327894,0.0140000),(-0.0189497,0.0328554,0.0140000),(-0.0190410,0.0328423,0.0140000),(-0.0184980,0.0327894,0.0140000),(-0.0190410,0.0328423,0.0140000),(-0.0191280,0.0328204,0.0140000),(-0.0184980,0.0327894,0.0140000),(-0.0191280,0.0328204,0.0140000),(-0.0192108,0.0327897,0.0140000),(-0.0184980,0.0327894,0.0140000),(-0.0192108,0.0327897,0.0140000),(-0.0192894,0.0327503,0.0140000),(-0.0184980,0.0327894,0.0140000),(-0.0192894,0.0327503,0.0140000),(-0.0193637,0.0327021,0.0140000),(-0.0184980,0.0327894,0.0140000),(-0.0193637,0.0327021,0.0140000),(-0.0194339,0.0326451,0.0140000),(-0.0184980,0.0327894,0.0140000),(-0.0194339,0.0326451,0.0140000),(-0.0194997,0.0325794,0.0140000),(-0.0184980,0.0327894,0.0140000),(-0.0194997,0.0325794,0.0140000),(-0.0195595,0.0325069,0.0140000),(-0.0184980,0.0327894,0.0140000),(-0.0195595,0.0325069,0.0140000),(-0.0196113,0.0324299,0.0140000),(-0.0184980,0.0327894,0.0140000),(-0.0196113,0.0324299,0.0140000),(-0.0196552,0.0323483,0.0140000),(-0.0184980,0.0327894,0.0140000),(-0.0196552,0.0323483,0.0140000),(-0.0196910,0.0322621,0.0140000),(-0.0184980,0.0327894,0.0140000),(-0.0196910,0.0322621,0.0140000),(-0.0197189,0.0321713,0.0140000),(-0.0184980,0.0327894,0.0140000),(-0.0197189,0.0321713,0.0140000),(-0.0197389,0.0320759,0.0140000),(-0.0184980,0.0327894,0.0140000),(-0.0197389,0.0320759,0.0140000),(-0.0197508,0.0319759,0.0140000),(-0.0197508,0.0319759,0.0140000),(-0.0197548,0.0318713,0.0140000),(-0.0197395,0.0317890,0.0140000),(-0.0197508,0.0319759,0.0140000),(-0.0197395,0.0317890,0.0140000),(-0.0196934,0.0317200,0.0140000),(-0.0197508,0.0319759,0.0140000),(-0.0196934,0.0317200,0.0140000),(-0.0196252,0.0316732,0.0140000),(-0.0197508,0.0319759,0.0140000),(-0.0196252,0.0316732,0.0140000),(-0.0195431,0.0316575,0.0140000),(-0.0197508,0.0319759,0.0140000),(-0.0195431,0.0316575,0.0140000),(-0.0194603,0.0316732,0.0140000),(-0.0197508,0.0319759,0.0140000),(-0.0194603,0.0316732,0.0140000),(-0.0193918,0.0317200,0.0140000),(-0.0197508,0.0319759,0.0140000),(-0.0193918,0.0317200,0.0140000),(-0.0193458,0.0317890,0.0140000),(-0.0197508,0.0319759,0.0140000),(-0.0193458,0.0317890,0.0140000),(-0.0193304,0.0318713,0.0140000),(-0.0197508,0.0319759,0.0140000),(-0.0193304,0.0318713,0.0140000),(-0.0193217,0.0319976,0.0140000),(-0.0197508,0.0319759,0.0140000),(-0.0193217,0.0319976,0.0140000),(-0.0192957,0.0321087,0.0140000),(-0.0197508,0.0319759,0.0140000),(-0.0192957,0.0321087,0.0140000),(-0.0192524,0.0322045,0.0140000),(-0.0197508,0.0319759,0.0140000),(-0.0192524,0.0322045,0.0140000),(-0.0191918,0.0322851,0.0140000),(-0.0197508,0.0319759,0.0140000),(-0.0191918,0.0322851,0.0140000),(-0.0191203,0.0323500,0.0140000),(-0.0184980,0.0327894,0.0140000),(-0.0197508,0.0319759,0.0140000),(-0.0191203,0.0323500,0.0140000),(-0.0184980,0.0327894,0.0140000),(-0.0191203,0.0323500,0.0140000),(-0.0190402,0.0323963,0.0140000),(-0.0184980,0.0327894,0.0140000),(-0.0190402,0.0323963,0.0140000),(-0.0189515,0.0324240,0.0140000),(-0.0184980,0.0327894,0.0140000),(-0.0189515,0.0324240,0.0140000),(-0.0188542,0.0324333,0.0140000),(-0.0184980,0.0327894,0.0140000),(-0.0188542,0.0324333,0.0140000),(-0.0187603,0.0324241,0.0140000),(-0.0184980,0.0327894,0.0140000),(-0.0187603,0.0324241,0.0140000),(-0.0186756,0.0323965,0.0140000),(-0.0184980,0.0327894,0.0140000),(-0.0186756,0.0323965,0.0140000),(-0.0186000,0.0323506,0.0140000),(-0.0184980,0.0327894,0.0140000),(-0.0186000,0.0323506,0.0140000),(-0.0185335,0.0322862,0.0140000),(-0.0184980,0.0327894,0.0140000),(-0.0185335,0.0322862,0.0140000),(-0.0184793,0.0322051,0.0140000),(-0.0184980,0.0327894,0.0140000),(-0.0184793,0.0322051,0.0140000),(-0.0184406,0.0321089,0.0140000),(-0.0184980,0.0327894,0.0140000),(-0.0184406,0.0321089,0.0140000),(-0.0184174,0.0319977,0.0140000),(-0.0182700,0.0310956,0.0140000),(-0.0184980,0.0327894,0.0140000),(-0.0184174,0.0319977,0.0140000),(-0.0182700,0.0310956,0.0140000),(-0.0184174,0.0319977,0.0140000),(-0.0184097,0.0318713,0.0140000),(-0.0182700,0.0310956,0.0140000),(-0.0184097,0.0318713,0.0140000),(-0.0184173,0.0317433,0.0140000),(-0.0182700,0.0310956,0.0140000),(-0.0184173,0.0317433,0.0140000),(-0.0184403,0.0316279,0.0140000),(-0.0182700,0.0310956,0.0140000),(-0.0184403,0.0316279,0.0140000),(-0.0184787,0.0315253,0.0140000),(-0.0182700,0.0310956,0.0140000),(-0.0184787,0.0315253,0.0140000),(-0.0185324,0.0314353,0.0140000),(-0.0182700,0.0310956,0.0140000),(-0.0185324,0.0314353,0.0140000),(-0.0185947,0.0313705,0.0140000),(-0.0181856,0.0310194,0.0140000),(-0.0182700,0.0310956,0.0140000),(-0.0185947,0.0313705,0.0140000),(-0.0181856,0.0310194,0.0140000),(-0.0185947,0.0313705,0.0140000),(-0.0186639,0.0313242,0.0140000),(-0.0181856,0.0310194,0.0140000),(-0.0186639,0.0313242,0.0140000),(-0.0187402,0.0312964,0.0140000),(-0.0181856,0.0310194,0.0140000),(-0.0187402,0.0312964,0.0140000),(-0.0188235,0.0312871,0.0140000),(-0.0181856,0.0310194,0.0140000),(-0.0188235,0.0312871,0.0140000),(-0.0188658,0.0312871,0.0140000),(-0.0181856,0.0310194,0.0140000),(-0.0188658,0.0312871,0.0140000),(-0.0189325,0.0312871,0.0140000),(-0.0181856,0.0310194,0.0140000),(-0.0189325,0.0312871,0.0140000),(-0.0190140,0.0312715,0.0140000),(-0.0181856,0.0310194,0.0140000),(-0.0190140,0.0312715,0.0140000),(-0.0190828,0.0312247,0.0140000),(-0.0181856,0.0310194,0.0140000),(-0.0190828,0.0312247,0.0140000),(-0.0191296,0.0311562,0.0140000),(-0.0181856,0.0310194,0.0140000),(-0.0191296,0.0311562,0.0140000),(-0.0191452,0.0310755,0.0140000),(-0.0181856,0.0310194,0.0140000),(-0.0191452,0.0310755,0.0140000),(-0.0191296,0.0309945,0.0140000),(-0.0181856,0.0310194,0.0140000),(-0.0191296,0.0309945,0.0140000),(-0.0190828,0.0309252,0.0140000),(-0.0181856,0.0310194,0.0140000),(-0.0190828,0.0309252,0.0140000),(-0.0190140,0.0308776,0.0140000),(-0.0181856,0.0310194,0.0140000),(-0.0190140,0.0308776,0.0140000),(-0.0189325,0.0308617,0.0140000),(-0.0181856,0.0310194,0.0140000),(-0.0189325,0.0308617,0.0140000),(-0.0188658,0.0308617,0.0140000),(-0.0181856,0.0310194,0.0140000),(-0.0188658,0.0308617,0.0140000),(-0.0187354,0.0308477,0.0140000),(-0.0181856,0.0310194,0.0140000),(-0.0187354,0.0308477,0.0140000),(-0.0186174,0.0308058,0.0140000),(-0.0181856,0.0310194,0.0140000),(-0.0186174,0.0308058,0.0140000),(-0.0185116,0.0307361,0.0140000),(-0.0181856,0.0310194,0.0140000),(-0.0185116,0.0307361,0.0140000),(-0.0184181,0.0306384,0.0140000),(-0.0181856,0.0310194,0.0140000),(-0.0184181,0.0306384,0.0140000),(-0.0183413,0.0305172,0.0140000),(-0.0181856,0.0310194,0.0140000),(-0.0183413,0.0305172,0.0140000),(-0.0182864,0.0303770,0.0140000),(-0.0181856,0.0310194,0.0140000),(-0.0182864,0.0303770,0.0140000),(-0.0182534,0.0302177,0.0140000),(-0.0181856,0.0310194,0.0140000),(-0.0182534,0.0302177,0.0140000),(-0.0182452,0.0301309,0.0140000),(-0.0181856,0.0310194,0.0140000),(-0.0182452,0.0301309,0.0140000),(-0.0182424,0.0300394,0.0140000),(-0.0181856,0.0310194,0.0140000),(-0.0182424,0.0300394,0.0140000),(-0.0182452,0.0299487,0.0140000),(-0.0194642,0.0300038,0.0140000),(-0.0194669,0.0301039,0.0140000),(-0.0194828,0.0301859,0.0140000),(-0.0194561,0.0299095,0.0140000),(-0.0194642,0.0300038,0.0140000),(-0.0194828,0.0301859,0.0140000),(-0.0194561,0.0299095,0.0140000),(-0.0194828,0.0301859,0.0140000),(-0.0195304,0.0302542,0.0140000),(-0.0194425,0.0298209,0.0140000),(-0.0194561,0.0299095,0.0140000),(-0.0195304,0.0302542,0.0140000),(-0.0194425,0.0298209,0.0140000),(-0.0195304,0.0302542,0.0140000),(-0.0195998,0.0303002,0.0140000),(-0.0194235,0.0297380,0.0140000),(-0.0194425,0.0298209,0.0140000),(-0.0195998,0.0303002,0.0140000),(-0.0194235,0.0297380,0.0140000),(-0.0195998,0.0303002,0.0140000),(-0.0196828,0.0303156,0.0140000),(-0.0193693,0.0295894,0.0140000),(-0.0194235,0.0297380,0.0140000),(-0.0196828,0.0303156,0.0140000),(-0.0193693,0.0295894,0.0140000),(-0.0196828,0.0303156,0.0140000),(-0.0197656,0.0303002,0.0140000),(-0.0193693,0.0295894,0.0140000),(-0.0197656,0.0303002,0.0140000),(-0.0198342,0.0302542,0.0140000),(-0.0192934,0.0294636,0.0140000),(-0.0193693,0.0295894,0.0140000),(-0.0198342,0.0302542,0.0140000),(-0.0192934,0.0294636,0.0140000),(-0.0198342,0.0302542,0.0140000),(-0.0198802,0.0301859,0.0140000),(-0.0192934,0.0294636,0.0140000),(-0.0198802,0.0301859,0.0140000),(-0.0198956,0.0301039,0.0140000),(-0.0192028,0.0293641,0.0140000),(-0.0192934,0.0294636,0.0140000),(-0.0198956,0.0301039,0.0140000),(-0.0192028,0.0293641,0.0140000),(-0.0198956,0.0301039,0.0140000),(-0.0198911,0.0299669,0.0140000),(-0.0192028,0.0293641,0.0140000),(-0.0198911,0.0299669,0.0140000),(-0.0198779,0.0298360,0.0140000),(-0.0192028,0.0293641,0.0140000),(-0.0198779,0.0298360,0.0140000),(-0.0198558,0.0297110,0.0140000),(-0.0190994,0.0292930,0.0140000),(-0.0192028,0.0293641,0.0140000),(-0.0198558,0.0297110,0.0140000),(-0.0190994,0.0292930,0.0140000),(-0.0198558,0.0297110,0.0140000),(-0.0198249,0.0295919,0.0140000),(-0.0190994,0.0292930,0.0140000),(-0.0198249,0.0295919,0.0140000),(-0.0197852,0.0294789,0.0140000),(-0.0189832,0.0292503,0.0140000),(-0.0190994,0.0292930,0.0140000),(-0.0197852,0.0294789,0.0140000),(-0.0189832,0.0292503,0.0140000),(-0.0197852,0.0294789,0.0140000),(-0.0197366,0.0293719,0.0140000),(-0.0189832,0.0292503,0.0140000),(-0.0197366,0.0293719,0.0140000),(-0.0196792,0.0292708,0.0140000),(-0.0188542,0.0292361,0.0140000),(-0.0189832,0.0292503,0.0140000),(-0.0196792,0.0292708,0.0140000),(-0.0188542,0.0292361,0.0140000),(-0.0196792,0.0292708,0.0140000),(-0.0196130,0.0291758,0.0140000),(-0.0188542,0.0292361,0.0140000),(-0.0196130,0.0291758,0.0140000),(-0.0195409,0.0290902,0.0140000),(-0.0187306,0.0292495,0.0140000),(-0.0188542,0.0292361,0.0140000),(-0.0195409,0.0290902,0.0140000),(-0.0187306,0.0292495,0.0140000),(-0.0195409,0.0290902,0.0140000),(-0.0194624,0.0290160,0.0140000),(-0.0187306,0.0292495,0.0140000),(-0.0194624,0.0290160,0.0140000),(-0.0193773,0.0289533,0.0140000),(-0.0186171,0.0292898,0.0140000),(-0.0187306,0.0292495,0.0140000),(-0.0193773,0.0289533,0.0140000),(-0.0186171,0.0292898,0.0140000),(-0.0193773,0.0289533,0.0140000),(-0.0192857,0.0289019,0.0140000),(-0.0186171,0.0292898,0.0140000),(-0.0192857,0.0289019,0.0140000),(-0.0191876,0.0288620,0.0140000),(-0.0185136,0.0293569,0.0140000),(-0.0186171,0.0292898,0.0140000),(-0.0191876,0.0288620,0.0140000),(-0.0185136,0.0293569,0.0140000),(-0.0191876,0.0288620,0.0140000),(-0.0190830,0.0288334,0.0140000),(-0.0185136,0.0293569,0.0140000),(-0.0190830,0.0288334,0.0140000),(-0.0189718,0.0288163,0.0140000),(-0.0184202,0.0294509,0.0140000),(-0.0185136,0.0293569,0.0140000),(-0.0189718,0.0288163,0.0140000),(-0.0184202,0.0294509,0.0140000),(-0.0189718,0.0288163,0.0140000),(-0.0188542,0.0288106,0.0140000),(-0.0184202,0.0294509,0.0140000),(-0.0188542,0.0288106,0.0140000),(-0.0187410,0.0288161,0.0140000),(-0.0183425,0.0295687,0.0140000),(-0.0184202,0.0294509,0.0140000),(-0.0187410,0.0288161,0.0140000),(-0.0183425,0.0295687,0.0140000),(-0.0187410,0.0288161,0.0140000),(-0.0186334,0.0288326,0.0140000),(-0.0182869,0.0297060,0.0140000),(-0.0183425,0.0295687,0.0140000),(-0.0186334,0.0288326,0.0140000),(-0.0182869,0.0297060,0.0140000),(-0.0186334,0.0288326,0.0140000),(-0.0185313,0.0288600,0.0140000),(-0.0182869,0.0297060,0.0140000),(-0.0185313,0.0288600,0.0140000),(-0.0184348,0.0288985,0.0140000),(-0.0182674,0.0297820,0.0140000),(-0.0182869,0.0297060,0.0140000),(-0.0184348,0.0288985,0.0140000),(-0.0182674,0.0297820,0.0140000),(-0.0184348,0.0288985,0.0140000),(-0.0183438,0.0289479,0.0140000),(-0.0182536,0.0298629,0.0140000),(-0.0182674,0.0297820,0.0140000),(-0.0183438,0.0289479,0.0140000),(-0.0182536,0.0298629,0.0140000),(-0.0183438,0.0289479,0.0140000),(-0.0182583,0.0290083,0.0140000),(-0.0182452,0.0299487,0.0140000),(-0.0182536,0.0298629,0.0140000),(-0.0182583,0.0290083,0.0140000),(-0.0181856,0.0310194,0.0140000),(-0.0182452,0.0299487,0.0140000),(-0.0182583,0.0290083,0.0140000),(-0.0181856,0.0310194,0.0140000),(-0.0182583,0.0290083,0.0140000),(-0.0181783,0.0290796,0.0140000),(-0.0181856,0.0310194,0.0140000),(-0.0181783,0.0290796,0.0140000),(-0.0181038,0.0291620,0.0140000),(-0.0181856,0.0310194,0.0140000),(-0.0181038,0.0291620,0.0140000),(-0.0180361,0.0292533,0.0140000),(-0.0181856,0.0310194,0.0140000),(-0.0180361,0.0292533,0.0140000),(-0.0179774,0.0293498,0.0140000),(-0.0181856,0.0310194,0.0140000),(-0.0179774,0.0293498,0.0140000),(-0.0179277,0.0294516,0.0140000),(-0.0181856,0.0310194,0.0140000),(-0.0179277,0.0294516,0.0140000),(-0.0178871,0.0295586,0.0140000),(-0.0181856,0.0310194,0.0140000),(-0.0178871,0.0295586,0.0140000),(-0.0178555,0.0296709,0.0140000),(-0.0181856,0.0310194,0.0140000),(-0.0178555,0.0296709,0.0140000),(-0.0178329,0.0297885,0.0140000),(-0.0181856,0.0310194,0.0140000),(-0.0178329,0.0297885,0.0140000),(-0.0178194,0.0299113,0.0140000),(-0.0181856,0.0310194,0.0140000),(-0.0178194,0.0299113,0.0140000),(-0.0178149,0.0300394,0.0140000),(-0.0181856,0.0310194,0.0140000),(-0.0178149,0.0300394,0.0140000),(-0.0178194,0.0301687,0.0140000),(-0.0181856,0.0310194,0.0140000),(-0.0178194,0.0301687,0.0140000),(-0.0178328,0.0302928,0.0140000),(-0.0181856,0.0310194,0.0140000),(-0.0178328,0.0302928,0.0140000),(-0.0178552,0.0304116,0.0140000),(-0.0181856,0.0310194,0.0140000),(-0.0178552,0.0304116,0.0140000),(-0.0178866,0.0305251,0.0140000),(-0.0181856,0.0310194,0.0140000),(-0.0178866,0.0305251,0.0140000),(-0.0179269,0.0306333,0.0140000),(-0.0181856,0.0310194,0.0140000),(-0.0179269,0.0306333,0.0140000),(-0.0179762,0.0307363,0.0140000),(-0.0181856,0.0310194,0.0140000),(-0.0179762,0.0307363,0.0140000),(-0.0180345,0.0308339,0.0140000),(-0.0181856,0.0310194,0.0140000),(-0.0180345,0.0308339,0.0140000),(-0.0181017,0.0309262,0.0140000),(-0.0169261,0.0287823,0.0140000),(-0.0168645,0.0288381,0.0140000),(-0.0161448,0.0298340,0.0140000),(-0.0161448,0.0298340,0.0140000),(-0.0154273,0.0288381,0.0140000),(-0.0153651,0.0287823,0.0140000),(-0.0161448,0.0298340,0.0140000),(-0.0153651,0.0287823,0.0140000),(-0.0152865,0.0287545,0.0140000),(-0.0161448,0.0298340,0.0140000),(-0.0152865,0.0287545,0.0140000),(-0.0152040,0.0287569,0.0140000),(-0.0161448,0.0298340,0.0140000),(-0.0152040,0.0287569,0.0140000),(-0.0151299,0.0287916,0.0140000),(-0.0161448,0.0298340,0.0140000),(-0.0151299,0.0287916,0.0140000),(-0.0150733,0.0288514,0.0140000),(-0.0161448,0.0298340,0.0140000),(-0.0150733,0.0288514,0.0140000),(-0.0150452,0.0289292,0.0140000),(-0.0161448,0.0298340,0.0140000),(-0.0150452,0.0289292,0.0140000),(-0.0150468,0.0290122,0.0140000),(-0.0161448,0.0298340,0.0140000),(-0.0150468,0.0290122,0.0140000),(-0.0150791,0.0290879,0.0140000),(-0.0161448,0.0298340,0.0140000),(-0.0150791,0.0290879,0.0140000),(-0.0158834,0.0301992,0.0140000),(-0.0169261,0.0287823,0.0140000),(-0.0161448,0.0298340,0.0140000),(-0.0158834,0.0301992,0.0140000),(-0.0169261,0.0287823,0.0140000),(-0.0158834,0.0301992,0.0140000),(-0.0150791,0.0313083,0.0140000),(-0.0169261,0.0287823,0.0140000),(-0.0150791,0.0313083,0.0140000),(-0.0150468,0.0313824,0.0140000),(-0.0169261,0.0287823,0.0140000),(-0.0150468,0.0313824,0.0140000),(-0.0150452,0.0314649,0.0140000),(-0.0169261,0.0287823,0.0140000),(-0.0150452,0.0314649,0.0140000),(-0.0150733,0.0315430,0.0140000),(-0.0169261,0.0287823,0.0140000),(-0.0150733,0.0315430,0.0140000),(-0.0151299,0.0316036,0.0140000),(-0.0169261,0.0287823,0.0140000),(-0.0151299,0.0316036,0.0140000),(-0.0152040,0.0316390,0.0140000),(-0.0169261,0.0287823,0.0140000),(-0.0152040,0.0316390,0.0140000),(-0.0152865,0.0316417,0.0140000),(-0.0169261,0.0287823,0.0140000),(-0.0152865,0.0316417,0.0140000),(-0.0153651,0.0316134,0.0140000),(-0.0169261,0.0287823,0.0140000),(-0.0153651,0.0316134,0.0140000),(-0.0154273,0.0315559,0.0140000),(-0.0169261,0.0287823,0.0140000),(-0.0154273,0.0315559,0.0140000),(-0.0161448,0.0305601,0.0140000),(-0.0161448,0.0305601,0.0140000),(-0.0168645,0.0315559,0.0140000),(-0.0169256,0.0316144,0.0140000),(-0.0161448,0.0305601,0.0140000),(-0.0169256,0.0316144,0.0140000),(-0.0170031,0.0316417,0.0140000),(-0.0161448,0.0305601,0.0140000),(-0.0170031,0.0316417,0.0140000),(-0.0170897,0.0316393,0.0140000),(-0.0161448,0.0305601,0.0140000),(-0.0170897,0.0316393,0.0140000),(-0.0171629,0.0316046,0.0140000),(-0.0161448,0.0305601,0.0140000),(-0.0171629,0.0316046,0.0140000),(-0.0172188,0.0315440,0.0140000),(-0.0161448,0.0305601,0.0140000),(-0.0172188,0.0315440,0.0140000),(-0.0172465,0.0314681,0.0140000),(-0.0161448,0.0305601,0.0140000),(-0.0172465,0.0314681,0.0140000),(-0.0172436,0.0313832,0.0140000),(-0.0161448,0.0305601,0.0140000),(-0.0172436,0.0313832,0.0140000),(-0.0172074,0.0313083,0.0140000),(-0.0161448,0.0305601,0.0140000),(-0.0172074,0.0313083,0.0140000),(-0.0164083,0.0301992,0.0140000),(-0.0169261,0.0287823,0.0140000),(-0.0161448,0.0305601,0.0140000),(-0.0164083,0.0301992,0.0140000),(-0.0169261,0.0287823,0.0140000),(-0.0164083,0.0301992,0.0140000),(-0.0172116,0.0290879,0.0140000),(-0.0169261,0.0287823,0.0140000),(-0.0172116,0.0290879,0.0140000),(-0.0172447,0.0290125,0.0140000),(-0.0169261,0.0287823,0.0140000),(-0.0172447,0.0290125,0.0140000),(-0.0172465,0.0289302,0.0140000),(-0.0169261,0.0287823,0.0140000),(-0.0172465,0.0289302,0.0140000),(-0.0172185,0.0288490,0.0140000),(-0.0169261,0.0287823,0.0140000),(-0.0172185,0.0288490,0.0140000),(-0.0171619,0.0287895,0.0140000),(-0.0169261,0.0287823,0.0140000),(-0.0171619,0.0287895,0.0140000),(-0.0170873,0.0287564,0.0140000),(-0.0169261,0.0287823,0.0140000),(-0.0170873,0.0287564,0.0140000),(-0.0170052,0.0287545,0.0140000),(-0.0119379,0.0288379,0.0140000),(-0.0118649,0.0287313,0.0140000),(-0.0117583,0.0286582,0.0140000),(-0.0119379,0.0288379,0.0140000),(-0.0117583,0.0286582,0.0140000),(-0.0116331,0.0286339,0.0140000),(-0.0119379,0.0288379,0.0140000),(-0.0116331,0.0286339,0.0140000),(-0.0115083,0.0286582,0.0140000),(-0.0119379,0.0288379,0.0140000),(-0.0115083,0.0286582,0.0140000),(-0.0114024,0.0287313,0.0140000),(-0.0119379,0.0288379,0.0140000),(-0.0114024,0.0287313,0.0140000),(-0.0113294,0.0288379,0.0140000),(-0.0119379,0.0288379,0.0140000),(-0.0113294,0.0288379,0.0140000),(-0.0113051,0.0289630,0.0140000),(-0.0119379,0.0288379,0.0140000),(-0.0113051,0.0289630,0.0140000),(-0.0113294,0.0290882,0.0140000),(-0.0119379,0.0288379,0.0140000),(-0.0113294,0.0290882,0.0140000),(-0.0114024,0.0291948,0.0140000),(-0.0119379,0.0288379,0.0140000),(-0.0114024,0.0291948,0.0140000),(-0.0115083,0.0292678,0.0140000),(-0.0119379,0.0288379,0.0140000),(-0.0115083,0.0292678,0.0140000),(-0.0116331,0.0292922,0.0140000),(-0.0119379,0.0288379,0.0140000),(-0.0116331,0.0292922,0.0140000),(-0.0117583,0.0292678,0.0140000),(-0.0119379,0.0288379,0.0140000),(-0.0117583,0.0292678,0.0140000),(-0.0118649,0.0291948,0.0140000),(-0.0119379,0.0288379,0.0140000),(-0.0118649,0.0291948,0.0140000),(-0.0119379,0.0290882,0.0140000),(-0.0119379,0.0288379,0.0140000),(-0.0119379,0.0290882,0.0140000),(-0.0119623,0.0289630,0.0140000),(0.0030107,0.0305622,0.0140000),(0.0043929,0.0287725,0.0140000),(0.0044651,0.0287106,0.0140000),(0.0030107,0.0305622,0.0140000),(0.0044651,0.0287106,0.0140000),(0.0045569,0.0286900,0.0140000),(0.0030107,0.0305622,0.0140000),(0.0045569,0.0286900,0.0140000),(0.0046892,0.0287355,0.0140000),(0.0030107,0.0305622,0.0140000),(0.0046892,0.0287355,0.0140000),(0.0047535,0.0288090,0.0140000),(0.0030107,0.0305622,0.0140000),(0.0047535,0.0288090,0.0140000),(0.0047750,0.0289048,0.0140000),(0.0030107,0.0305622,0.0140000),(0.0047750,0.0289048,0.0140000),(0.0047305,0.0290371,0.0140000),(0.0030107,0.0305622,0.0140000),(0.0047305,0.0290371,0.0140000),(0.0035547,0.0305622,0.0140000),(0.0035547,0.0305622,0.0140000),(0.0036404,0.0305622,0.0140000),(0.0037597,0.0305673,0.0140000),(0.0030107,0.0305622,0.0140000),(0.0035547,0.0305622,0.0140000),(0.0037597,0.0305673,0.0140000),(0.0021471,0.0305622,0.0140000),(0.0030107,0.0305622,0.0140000),(0.0037597,0.0305673,0.0140000),(0.0021471,0.0305622,0.0140000),(0.0037597,0.0305673,0.0140000),(0.0038735,0.0305826,0.0140000),(0.0021471,0.0305622,0.0140000),(0.0038735,0.0305826,0.0140000),(0.0039818,0.0306082,0.0140000),(0.0021471,0.0305622,0.0140000),(0.0039818,0.0306082,0.0140000),(0.0040847,0.0306439,0.0140000),(0.0021471,0.0305622,0.0140000),(0.0040847,0.0306439,0.0140000),(0.0041821,0.0306899,0.0140000),(0.0021471,0.0305622,0.0140000),(0.0041821,0.0306899,0.0140000),(0.0042740,0.0307461,0.0140000),(0.0021471,0.0305622,0.0140000),(0.0042740,0.0307461,0.0140000),(0.0043605,0.0308125,0.0140000),(0.0021471,0.0305622,0.0140000),(0.0043605,0.0308125,0.0140000),(0.0044416,0.0308892,0.0140000),(0.0021471,0.0305622,0.0140000),(0.0044416,0.0308892,0.0140000),(0.0045180,0.0309789,0.0140000),(0.0021471,0.0305622,0.0140000),(0.0045180,0.0309789,0.0140000),(0.0045842,0.0310714,0.0140000),(0.0021471,0.0305622,0.0140000),(0.0045842,0.0310714,0.0140000),(0.0046402,0.0311665,0.0140000),(0.0046402,0.0311665,0.0140000),(0.0046861,0.0312644,0.0140000),(0.0042905,0.0314136,0.0140000),(0.0046402,0.0311665,0.0140000),(0.0042905,0.0314136,0.0140000),(0.0042260,0.0312960,0.0140000),(0.0046402,0.0311665,0.0140000),(0.0042260,0.0312960,0.0140000),(0.0041357,0.0311898,0.0140000),(0.0046402,0.0311665,0.0140000),(0.0041357,0.0311898,0.0140000),(0.0040258,0.0311018,0.0140000),(0.0046402,0.0311665,0.0140000),(0.0040258,0.0311018,0.0140000),(0.0039066,0.0310389,0.0140000),(0.0046402,0.0311665,0.0140000),(0.0039066,0.0310389,0.0140000),(0.0037781,0.0310012,0.0140000),(0.0021471,0.0305622,0.0140000),(0.0046402,0.0311665,0.0140000),(0.0037781,0.0310012,0.0140000),(0.0021471,0.0305622,0.0140000),(0.0037781,0.0310012,0.0140000),(0.0036404,0.0309887,0.0140000),(0.0021471,0.0305622,0.0140000),(0.0036404,0.0309887,0.0140000),(0.0021471,0.0309887,0.0140000),(0.0043292,0.0315426,0.0140000),(0.0042905,0.0314136,0.0140000),(0.0046861,0.0312644,0.0140000),(0.0043421,0.0316829,0.0140000),(0.0043292,0.0315426,0.0140000),(0.0046861,0.0312644,0.0140000),(0.0043292,0.0318220,0.0140000),(0.0043421,0.0316829,0.0140000),(0.0046861,0.0312644,0.0140000),(0.0042905,0.0319502,0.0140000),(0.0043292,0.0318220,0.0140000),(0.0046861,0.0312644,0.0140000),(0.0042260,0.0320675,0.0140000),(0.0042905,0.0319502,0.0140000),(0.0046861,0.0312644,0.0140000),(0.0042260,0.0320675,0.0140000),(0.0046861,0.0312644,0.0140000),(0.0047217,0.0313649,0.0140000),(0.0042260,0.0320675,0.0140000),(0.0047217,0.0313649,0.0140000),(0.0047472,0.0314682,0.0140000),(0.0041357,0.0321740,0.0140000),(0.0042260,0.0320675,0.0140000),(0.0047472,0.0314682,0.0140000),(0.0041357,0.0321740,0.0140000),(0.0047472,0.0314682,0.0140000),(0.0047625,0.0315742,0.0140000),(0.0041357,0.0321740,0.0140000),(0.0047625,0.0315742,0.0140000),(0.0047676,0.0316829,0.0140000),(0.0040286,0.0322620,0.0140000),(0.0041357,0.0321740,0.0140000),(0.0047676,0.0316829,0.0140000),(0.0040286,0.0322620,0.0140000),(0.0047676,0.0316829,0.0140000),(0.0047625,0.0317956,0.0140000),(0.0040286,0.0322620,0.0140000),(0.0047625,0.0317956,0.0140000),(0.0047472,0.0319043,0.0140000),(0.0039114,0.0323248,0.0140000),(0.0040286,0.0322620,0.0140000),(0.0047472,0.0319043,0.0140000),(0.0039114,0.0323248,0.0140000),(0.0047472,0.0319043,0.0140000),(0.0047217,0.0320091,0.0140000),(0.0039114,0.0323248,0.0140000),(0.0047217,0.0320091,0.0140000),(0.0046861,0.0321100,0.0140000),(0.0037841,0.0323625,0.0140000),(0.0039114,0.0323248,0.0140000),(0.0046861,0.0321100,0.0140000),(0.0037841,0.0323625,0.0140000),(0.0046861,0.0321100,0.0140000),(0.0046402,0.0322070,0.0140000),(0.0037841,0.0323625,0.0140000),(0.0046402,0.0322070,0.0140000),(0.0045842,0.0323001,0.0140000),(0.0036468,0.0323751,0.0140000),(0.0037841,0.0323625,0.0140000),(0.0045842,0.0323001,0.0140000),(0.0036468,0.0323751,0.0140000),(0.0045842,0.0323001,0.0140000),(0.0045180,0.0323893,0.0140000),(0.0021471,0.0323751,0.0140000),(0.0036468,0.0323751,0.0140000),(0.0045180,0.0323893,0.0140000),(0.0021471,0.0323751,0.0140000),(0.0045180,0.0323893,0.0140000),(0.0044416,0.0324746,0.0140000),(0.0021471,0.0323751,0.0140000),(0.0044416,0.0324746,0.0140000),(0.0043545,0.0325527,0.0140000),(0.0021471,0.0323751,0.0140000),(0.0043545,0.0325527,0.0140000),(0.0042637,0.0326204,0.0140000),(0.0021471,0.0323751,0.0140000),(0.0042637,0.0326204,0.0140000),(0.0041692,0.0326777,0.0140000),(0.0021471,0.0323751,0.0140000),(0.0041692,0.0326777,0.0140000),(0.0040709,0.0327246,0.0140000),(0.0021471,0.0323751,0.0140000),(0.0040709,0.0327246,0.0140000),(0.0039689,0.0327611,0.0140000),(0.0021471,0.0323751,0.0140000),(0.0039689,0.0327611,0.0140000),(0.0038631,0.0327871,0.0140000),(0.0021471,0.0323751,0.0140000),(0.0038631,0.0327871,0.0140000),(0.0037537,0.0328027,0.0140000),(0.0021471,0.0323751,0.0140000),(0.0037537,0.0328027,0.0140000),(0.0036404,0.0328080,0.0140000),(0.0021471,0.0323751,0.0140000),(0.0036404,0.0328080,0.0140000),(0.0019344,0.0328080,0.0140000),(0.0021471,0.0309887,0.0140000),(0.0021471,0.0323751,0.0140000),(0.0019344,0.0328080,0.0140000),(0.0021471,0.0305622,0.0140000),(0.0021471,0.0309887,0.0140000),(0.0019344,0.0328080,0.0140000),(0.0021471,0.0305622,0.0140000),(0.0019344,0.0328080,0.0140000),(0.0018484,0.0327913,0.0140000),(0.0021471,0.0305622,0.0140000),(0.0018484,0.0327913,0.0140000),(0.0017767,0.0327413,0.0140000),(0.0021471,0.0305622,0.0140000),(0.0017767,0.0327413,0.0140000),(0.0017346,0.0326669,0.0140000),(0.0021471,0.0305622,0.0140000),(0.0017346,0.0326669,0.0140000),(0.0017206,0.0325878,0.0140000),(0.0021471,0.0305622,0.0140000),(0.0017206,0.0325878,0.0140000),(0.0017206,0.0289609,0.0140000),(0.0021471,0.0305622,0.0140000),(0.0017206,0.0289609,0.0140000),(0.0017435,0.0288776,0.0140000),(0.0021471,0.0305622,0.0140000),(0.0017435,0.0288776,0.0140000),(0.0017868,0.0288180,0.0140000),(0.0021471,0.0305622,0.0140000),(0.0017868,0.0288180,0.0140000),(0.0019344,0.0287704,0.0140000),(0.0021471,0.0305622,0.0140000),(0.0019344,0.0287704,0.0140000),(0.0020084,0.0287823,0.0140000),(0.0021471,0.0305622,0.0140000),(0.0020084,0.0287823,0.0140000),(0.0020685,0.0288180,0.0140000),(0.0021471,0.0305622,0.0140000),(0.0020685,0.0288180,0.0140000),(0.0021471,0.0289609,0.0140000),(0.0007586,0.0305675,0.0140000),(0.0007565,0.0289609,0.0140000),(0.0007726,0.0288789,0.0140000),(0.0007586,0.0305675,0.0140000),(0.0007726,0.0288789,0.0140000),(0.0008210,0.0288106,0.0140000),(0.0007586,0.0305675,0.0140000),(0.0008210,0.0288106,0.0140000),(0.0008898,0.0287646,0.0140000),(0.0007586,0.0305675,0.0140000),(0.0008898,0.0287646,0.0140000),(0.0009671,0.0287492,0.0140000),(0.0007586,0.0305675,0.0140000),(0.0009671,0.0287492,0.0140000),(0.0010499,0.0287646,0.0140000),(0.0007586,0.0305675,0.0140000),(0.0010499,0.0287646,0.0140000),(0.0011184,0.0288106,0.0140000),(0.0007586,0.0305675,0.0140000),(0.0011184,0.0288106,0.0140000),(0.0011645,0.0288789,0.0140000),(0.0007586,0.0305675,0.0140000),(0.0011645,0.0288789,0.0140000),(0.0011798,0.0289609,0.0140000),(0.0007586,0.0305675,0.0140000),(0.0011798,0.0289609,0.0140000),(0.0011798,0.0325878,0.0140000),(0.0007586,0.0305675,0.0140000),(0.0011798,0.0325878,0.0140000),(0.0011645,0.0326693,0.0140000),(0.0007586,0.0305675,0.0140000),(0.0011645,0.0326693,0.0140000),(0.0011184,0.0327381,0.0140000),(0.0007586,0.0305675,0.0140000),(0.0011184,0.0327381,0.0140000),(0.0010509,0.0327857,0.0140000),(0.0007586,0.0305675,0.0140000),(0.0010509,0.0327857,0.0140000),(0.0009713,0.0328016,0.0140000),(0.0007586,0.0305675,0.0140000),(0.0009713,0.0328016,0.0140000),(0.0008893,0.0327852,0.0140000),(0.0007586,0.0305675,0.0140000),(0.0008893,0.0327852,0.0140000),(0.0008189,0.0327360,0.0140000),(0.0007586,0.0305675,0.0140000),(0.0008189,0.0327360,0.0140000),(0.0007721,0.0326714,0.0140000),(0.0007586,0.0305675,0.0140000),(0.0007721,0.0326714,0.0140000),(0.0007565,0.0325878,0.0140000),(0.0007586,0.0305675,0.0140000),(0.0007565,0.0325878,0.0140000),(0.0007565,0.0309887,0.0140000),(-0.0014427,0.0305675,0.0140000),(0.0007586,0.0305675,0.0140000),(0.0007565,0.0309887,0.0140000),(-0.0014427,0.0305675,0.0140000),(0.0007565,0.0309887,0.0140000),(-0.0014364,0.0309887,0.0140000),(-0.0014427,0.0305675,0.0140000),(-0.0014364,0.0309887,0.0140000),(-0.0014364,0.0325878,0.0140000),(-0.0014427,0.0305675,0.0140000),(-0.0014364,0.0325878,0.0140000),(-0.0014528,0.0326693,0.0140000),(-0.0014427,0.0305675,0.0140000),(-0.0014528,0.0326693,0.0140000),(-0.0015020,0.0327381,0.0140000),(-0.0014427,0.0305675,0.0140000),(-0.0015020,0.0327381,0.0140000),(-0.0015716,0.0327857,0.0140000),(-0.0014427,0.0305675,0.0140000),(-0.0015716,0.0327857,0.0140000),(-0.0016491,0.0328016,0.0140000),(-0.0014427,0.0305675,0.0140000),(-0.0016491,0.0328016,0.0140000),(-0.0017314,0.0327857,0.0140000),(-0.0014427,0.0305675,0.0140000),(-0.0017314,0.0327857,0.0140000),(-0.0018026,0.0327381,0.0140000),(-0.0014427,0.0305675,0.0140000),(-0.0018026,0.0327381,0.0140000),(-0.0018510,0.0326693,0.0140000),(-0.0014427,0.0305675,0.0140000),(-0.0018510,0.0326693,0.0140000),(-0.0018671,0.0325878,0.0140000),(-0.0014427,0.0305675,0.0140000),(-0.0018671,0.0325878,0.0140000),(-0.0018671,0.0289609,0.0140000),(-0.0014427,0.0305675,0.0140000),(-0.0018671,0.0289609,0.0140000),(-0.0018515,0.0288789,0.0140000),(-0.0014427,0.0305675,0.0140000),(-0.0018515,0.0288789,0.0140000),(-0.0018047,0.0288106,0.0140000),(-0.0014427,0.0305675,0.0140000),(-0.0018047,0.0288106,0.0140000),(-0.0017351,0.0287646,0.0140000),(-0.0014427,0.0305675,0.0140000),(-0.0017351,0.0287646,0.0140000),(-0.0016534,0.0287492,0.0140000),(-0.0014427,0.0305675,0.0140000),(-0.0016534,0.0287492,0.0140000),(-0.0015756,0.0287643,0.0140000),(-0.0014427,0.0305675,0.0140000),(-0.0015756,0.0287643,0.0140000),(-0.0015031,0.0288096,0.0140000),(-0.0014427,0.0305675,0.0140000),(-0.0015031,0.0288096,0.0140000),(-0.0014578,0.0288744,0.0140000),(-0.0014427,0.0305675,0.0140000),(-0.0014578,0.0288744,0.0140000),(-0.0014427,0.0289609,0.0140000),(0.0057391,0.0302796,0.0140000),(0.0057391,0.0325878,0.0140000),(0.0057238,0.0326693,0.0140000),(0.0057391,0.0302796,0.0140000),(0.0057238,0.0326693,0.0140000),(0.0056777,0.0327381,0.0140000),(0.0057391,0.0302796,0.0140000),(0.0056777,0.0327381,0.0140000),(0.0056102,0.0327857,0.0140000),(0.0057441,0.0301671,0.0140000),(0.0057391,0.0302796,0.0140000),(0.0056102,0.0327857,0.0140000),(0.0057441,0.0301671,0.0140000),(0.0056102,0.0327857,0.0140000),(0.0055306,0.0328016,0.0140000),(0.0057441,0.0301671,0.0140000),(0.0055306,0.0328016,0.0140000),(0.0054473,0.0327852,0.0140000),(0.0057441,0.0301671,0.0140000),(0.0054473,0.0327852,0.0140000),(0.0053729,0.0327360,0.0140000),(0.0057441,0.0301671,0.0140000),(0.0053729,0.0327360,0.0140000),(0.0053277,0.0326714,0.0140000),(0.0057441,0.0301671,0.0140000),(0.0053277,0.0326714,0.0140000),(0.0053126,0.0325878,0.0140000),(0.0057441,0.0301671,0.0140000),(0.0053126,0.0325878,0.0140000),(0.0053126,0.0302796,0.0140000),(0.0057441,0.0301671,0.0140000),(0.0053126,0.0302796,0.0140000),(0.0053195,0.0301245,0.0140000),(0.0057441,0.0301671,0.0140000),(0.0053195,0.0301245,0.0140000),(0.0053404,0.0299751,0.0140000),(0.0057441,0.0301671,0.0140000),(0.0053404,0.0299751,0.0140000),(0.0053751,0.0298315,0.0140000),(0.0057441,0.0301671,0.0140000),(0.0053751,0.0298315,0.0140000),(0.0054237,0.0296935,0.0140000),(0.0057441,0.0301671,0.0140000),(0.0054237,0.0296935,0.0140000),(0.0054862,0.0295613,0.0140000),(0.0057441,0.0301671,0.0140000),(0.0054862,0.0295613,0.0140000),(0.0055626,0.0294348,0.0140000),(0.0057441,0.0301671,0.0140000),(0.0055626,0.0294348,0.0140000),(0.0056529,0.0293141,0.0140000),(0.0057441,0.0301671,0.0140000),(0.0056529,0.0293141,0.0140000),(0.0057571,0.0291990,0.0140000),(0.0057441,0.0301671,0.0140000),(0.0057571,0.0291990,0.0140000),(0.0058697,0.0290936,0.0140000),(0.0058697,0.0290936,0.0140000),(0.0059883,0.0290022,0.0140000),(0.0061131,0.0289249,0.0140000),(0.0058697,0.0290936,0.0140000),(0.0061131,0.0289249,0.0140000),(0.0062439,0.0288617,0.0140000),(0.0058697,0.0290936,0.0140000),(0.0062439,0.0288617,0.0140000),(0.0063808,0.0288125,0.0140000),(0.0058697,0.0290936,0.0140000),(0.0063808,0.0288125,0.0140000),(0.0065239,0.0287774,0.0140000),(0.0058697,0.0290936,0.0140000),(0.0065239,0.0287774,0.0140000),(0.0066729,0.0287563,0.0140000),(0.0058697,0.0290936,0.0140000),(0.0066729,0.0287563,0.0140000),(0.0068281,0.0287492,0.0140000),(0.0058697,0.0290936,0.0140000),(0.0068281,0.0287492,0.0140000),(0.0069835,0.0287563,0.0140000),(0.0058697,0.0290936,0.0140000),(0.0069835,0.0287563,0.0140000),(0.0071333,0.0287774,0.0140000),(0.0058697,0.0290936,0.0140000),(0.0071333,0.0287774,0.0140000),(0.0072773,0.0288125,0.0140000),(0.0058697,0.0290936,0.0140000),(0.0072773,0.0288125,0.0140000),(0.0074158,0.0288617,0.0140000),(0.0058697,0.0290936,0.0140000),(0.0074158,0.0288617,0.0140000),(0.0075485,0.0289249,0.0140000),(0.0058697,0.0290936,0.0140000),(0.0075485,0.0289249,0.0140000),(0.0076757,0.0290022,0.0140000),(0.0058697,0.0290936,0.0140000),(0.0076757,0.0290022,0.0140000),(0.0077971,0.0290936,0.0140000),(0.0058697,0.0290936,0.0140000),(0.0077971,0.0290936,0.0140000),(0.0079129,0.0291990,0.0140000),(0.0079129,0.0291990,0.0140000),(0.0080176,0.0293127,0.0140000),(0.0081083,0.0294327,0.0140000),(0.0079129,0.0291990,0.0140000),(0.0081083,0.0294327,0.0140000),(0.0081851,0.0295588,0.0140000),(0.0079129,0.0291990,0.0140000),(0.0081851,0.0295588,0.0140000),(0.0082479,0.0296912,0.0140000),(0.0079129,0.0291990,0.0140000),(0.0082479,0.0296912,0.0140000),(0.0082967,0.0298297,0.0140000),(0.0079129,0.0291990,0.0140000),(0.0082967,0.0298297,0.0140000),(0.0083316,0.0299745,0.0140000),(0.0079129,0.0291990,0.0140000),(0.0083316,0.0299745,0.0140000),(0.0083526,0.0301255,0.0140000),(0.0079129,0.0291990,0.0140000),(0.0083526,0.0301255,0.0140000),(0.0083595,0.0302828,0.0140000),(0.0079129,0.0291990,0.0140000),(0.0083595,0.0302828,0.0140000),(0.0083595,0.0325878,0.0140000),(0.0079129,0.0291990,0.0140000),(0.0083595,0.0325878,0.0140000),(0.0083442,0.0326693,0.0140000),(0.0079129,0.0291990,0.0140000),(0.0083442,0.0326693,0.0140000),(0.0082982,0.0327381,0.0140000),(0.0079129,0.0291990,0.0140000),(0.0082982,0.0327381,0.0140000),(0.0082299,0.0327857,0.0140000),(0.0079129,0.0291990,0.0140000),(0.0082299,0.0327857,0.0140000),(0.0081479,0.0328016,0.0140000),(0.0079129,0.0291990,0.0140000),(0.0081479,0.0328016,0.0140000),(0.0080658,0.0327857,0.0140000),(0.0079129,0.0291990,0.0140000),(0.0080658,0.0327857,0.0140000),(0.0079976,0.0327381,0.0140000),(0.0079976,0.0327381,0.0140000),(0.0079515,0.0326693,0.0140000),(0.0079362,0.0325878,0.0140000),(0.0079976,0.0327381,0.0140000),(0.0079362,0.0325878,0.0140000),(0.0079362,0.0302828,0.0140000),(0.0079129,0.0291990,0.0140000),(0.0079976,0.0327381,0.0140000),(0.0079362,0.0302828,0.0140000),(0.0079129,0.0291990,0.0140000),(0.0079362,0.0302828,0.0140000),(0.0079311,0.0301707,0.0140000),(0.0079129,0.0291990,0.0140000),(0.0079311,0.0301707,0.0140000),(0.0079158,0.0300628,0.0140000),(0.0079129,0.0291990,0.0140000),(0.0079158,0.0300628,0.0140000),(0.0078902,0.0299588,0.0140000),(0.0079129,0.0291990,0.0140000),(0.0078902,0.0299588,0.0140000),(0.0078544,0.0298589,0.0140000),(0.0079129,0.0291990,0.0140000),(0.0078544,0.0298589,0.0140000),(0.0078085,0.0297630,0.0140000),(0.0079129,0.0291990,0.0140000),(0.0078085,0.0297630,0.0140000),(0.0077522,0.0296712,0.0140000),(0.0079129,0.0291990,0.0140000),(0.0077522,0.0296712,0.0140000),(0.0076858,0.0295834,0.0140000),(0.0079129,0.0291990,0.0140000),(0.0076858,0.0295834,0.0140000),(0.0076092,0.0294996,0.0140000),(0.0079129,0.0291990,0.0140000),(0.0076092,0.0294996,0.0140000),(0.0075273,0.0294232,0.0140000),(0.0079129,0.0291990,0.0140000),(0.0075273,0.0294232,0.0140000),(0.0074410,0.0293570,0.0140000),(0.0079129,0.0291990,0.0140000),(0.0074410,0.0293570,0.0140000),(0.0073502,0.0293010,0.0140000),(0.0079129,0.0291990,0.0140000),(0.0073502,0.0293010,0.0140000),(0.0072549,0.0292551,0.0140000),(0.0079129,0.0291990,0.0140000),(0.0072549,0.0292551,0.0140000),(0.0071552,0.0292195,0.0140000),(0.0079129,0.0291990,0.0140000),(0.0071552,0.0292195,0.0140000),(0.0070510,0.0291940,0.0140000),(0.0079129,0.0291990,0.0140000),(0.0070510,0.0291940,0.0140000),(0.0069423,0.0291787,0.0140000),(0.0058697,0.0290936,0.0140000),(0.0079129,0.0291990,0.0140000),(0.0069423,0.0291787,0.0140000),(0.0058697,0.0290936,0.0140000),(0.0069423,0.0291787,0.0140000),(0.0068292,0.0291736,0.0140000),(0.0058697,0.0290936,0.0140000),(0.0068292,0.0291736,0.0140000),(0.0067180,0.0291787,0.0140000),(0.0058697,0.0290936,0.0140000),(0.0067180,0.0291787,0.0140000),(0.0066111,0.0291939,0.0140000),(0.0058697,0.0290936,0.0140000),(0.0066111,0.0291939,0.0140000),(0.0065084,0.0292192,0.0140000),(0.0058697,0.0290936,0.0140000),(0.0065084,0.0292192,0.0140000),(0.0064098,0.0292546,0.0140000),(0.0058697,0.0290936,0.0140000),(0.0064098,0.0292546,0.0140000),(0.0063155,0.0293001,0.0140000),(0.0058697,0.0290936,0.0140000),(0.0063155,0.0293001,0.0140000),(0.0062253,0.0293558,0.0140000),(0.0058697,0.0290936,0.0140000),(0.0062253,0.0293558,0.0140000),(0.0061394,0.0294216,0.0140000),(0.0058697,0.0290936,0.0140000),(0.0061394,0.0294216,0.0140000),(0.0060577,0.0294975,0.0140000),(0.0058697,0.0290936,0.0140000),(0.0060577,0.0294975,0.0140000),(0.0059830,0.0295805,0.0140000),(0.0058697,0.0290936,0.0140000),(0.0059830,0.0295805,0.0140000),(0.0059183,0.0296678,0.0140000),(0.0058697,0.0290936,0.0140000),(0.0059183,0.0296678,0.0140000),(0.0058635,0.0297593,0.0140000),(0.0058697,0.0290936,0.0140000),(0.0058635,0.0297593,0.0140000),(0.0058187,0.0298549,0.0140000),(0.0058697,0.0290936,0.0140000),(0.0058187,0.0298549,0.0140000),(0.0057839,0.0299548,0.0140000),(0.0058697,0.0290936,0.0140000),(0.0057839,0.0299548,0.0140000),(0.0057590,0.0300589,0.0140000),(0.0057441,0.0301671,0.0140000),(0.0058697,0.0290936,0.0140000),(0.0057590,0.0300589,0.0140000),(-0.0024632,0.0324283,0.0140000),(-0.0024101,0.0325878,0.0140000),(-0.0024251,0.0326677,0.0140000),(-0.0024632,0.0324283,0.0140000),(-0.0024251,0.0326677,0.0140000),(-0.0024704,0.0327360,0.0140000),(-0.0024632,0.0324283,0.0140000),(-0.0024704,0.0327360,0.0140000),(-0.0025387,0.0327852,0.0140000),(-0.0024632,0.0324283,0.0140000),(-0.0025387,0.0327852,0.0140000),(-0.0026228,0.0328016,0.0140000),(-0.0024632,0.0324283,0.0140000),(-0.0026228,0.0328016,0.0140000),(-0.0052432,0.0328016,0.0140000),(-0.0024632,0.0324283,0.0140000),(-0.0052432,0.0328016,0.0140000),(-0.0053364,0.0327812,0.0140000),(-0.0024632,0.0324283,0.0140000),(-0.0053364,0.0327812,0.0140000),(-0.0054104,0.0327201,0.0140000),(-0.0024632,0.0324283,0.0140000),(-0.0054104,0.0327201,0.0140000),(-0.0054570,0.0325878,0.0140000),(-0.0024632,0.0324283,0.0140000),(-0.0054570,0.0325878,0.0140000),(-0.0054570,0.0325719,0.0140000),(-0.0024632,0.0324283,0.0140000),(-0.0054570,0.0325719,0.0140000),(-0.0053967,0.0324428,0.0140000),(-0.0024632,0.0324283,0.0140000),(-0.0053967,0.0324428,0.0140000),(-0.0053255,0.0323920,0.0140000),(-0.0024632,0.0324283,0.0140000),(-0.0053255,0.0323920,0.0140000),(-0.0052432,0.0323751,0.0140000),(-0.0024632,0.0324283,0.0140000),(-0.0052432,0.0323751,0.0140000),(-0.0041436,0.0323751,0.0140000),(-0.0041436,0.0323751,0.0140000),(-0.0041436,0.0289609,0.0140000),(-0.0041283,0.0288789,0.0140000),(-0.0041436,0.0323751,0.0140000),(-0.0041283,0.0288789,0.0140000),(-0.0040822,0.0288106,0.0140000),(-0.0041436,0.0323751,0.0140000),(-0.0040822,0.0288106,0.0140000),(-0.0040140,0.0287646,0.0140000),(-0.0041436,0.0323751,0.0140000),(-0.0040140,0.0287646,0.0140000),(-0.0039319,0.0287492,0.0140000),(-0.0041436,0.0323751,0.0140000),(-0.0039319,0.0287492,0.0140000),(-0.0038499,0.0287646,0.0140000),(-0.0041436,0.0323751,0.0140000),(-0.0038499,0.0287646,0.0140000),(-0.0037817,0.0288106,0.0140000),(-0.0041436,0.0323751,0.0140000),(-0.0037817,0.0288106,0.0140000),(-0.0037356,0.0288789,0.0140000),(-0.0041436,0.0323751,0.0140000),(-0.0037356,0.0288789,0.0140000),(-0.0037203,0.0289609,0.0140000),(-0.0041436,0.0323751,0.0140000),(-0.0037203,0.0289609,0.0140000),(-0.0037203,0.0323751,0.0140000),(-0.0024632,0.0324283,0.0140000),(-0.0041436,0.0323751,0.0140000),(-0.0037203,0.0323751,0.0140000),(-0.0024632,0.0324283,0.0140000),(-0.0037203,0.0323751,0.0140000),(-0.0026228,0.0323751,0.0140000),(-0.0024632,0.0324283,0.0140000),(-0.0026228,0.0323751,0.0140000),(-0.0025297,0.0323884,0.0140000),(-0.0193370,0.0347478,0.0140000),(-0.0192399,0.0347071,0.0140000),(-0.0191419,0.0346718,0.0140000),(-0.0193370,0.0347478,0.0140000),(-0.0191419,0.0346718,0.0140000),(-0.0190430,0.0346420,0.0140000),(-0.0193370,0.0347478,0.0140000),(-0.0190430,0.0346420,0.0140000),(-0.0189430,0.0346176,0.0140000),(-0.0193370,0.0347478,0.0140000),(-0.0189430,0.0346176,0.0140000),(-0.0188421,0.0345986,0.0140000),(-0.0193370,0.0347478,0.0140000),(-0.0188421,0.0345986,0.0140000),(-0.0187403,0.0345851,0.0140000),(-0.0193370,0.0347478,0.0140000),(-0.0187403,0.0345851,0.0140000),(-0.0186375,0.0345769,0.0140000),(-0.0193370,0.0347478,0.0140000),(-0.0186375,0.0345769,0.0140000),(-0.0185337,0.0345742,0.0140000),(-0.0193370,0.0347478,0.0140000),(-0.0185337,0.0345742,0.0140000),(-0.0183979,0.0345785,0.0140000),(-0.0193370,0.0347478,0.0140000),(-0.0183979,0.0345785,0.0140000),(-0.0182647,0.0345915,0.0140000),(-0.0193370,0.0347478,0.0140000),(-0.0182647,0.0345915,0.0140000),(-0.0181340,0.0346131,0.0140000),(-0.0193370,0.0347478,0.0140000),(-0.0181340,0.0346131,0.0140000),(-0.0180059,0.0346433,0.0140000),(-0.0193370,0.0347478,0.0140000),(-0.0180059,0.0346433,0.0140000),(-0.0178803,0.0346821,0.0140000),(-0.0193370,0.0347478,0.0140000),(-0.0178803,0.0346821,0.0140000),(-0.0177572,0.0347296,0.0140000),(-0.0193370,0.0347478,0.0140000),(-0.0177572,0.0347296,0.0140000),(-0.0176367,0.0347857,0.0140000),(-0.0193370,0.0347478,0.0140000),(-0.0176367,0.0347857,0.0140000),(-0.0175188,0.0348504,0.0140000),(-0.0193370,0.0347478,0.0140000),(-0.0175188,0.0348504,0.0140000),(-0.0174052,0.0349228,0.0140000),(-0.0193370,0.0347478,0.0140000),(-0.0174052,0.0349228,0.0140000),(-0.0172979,0.0350014,0.0140000),(-0.0193370,0.0347478,0.0140000),(-0.0172979,0.0350014,0.0140000),(-0.0171967,0.0350861,0.0140000),(-0.0193370,0.0347478,0.0140000),(-0.0171967,0.0350861,0.0140000),(-0.0171018,0.0351769,0.0140000),(-0.0193370,0.0347478,0.0140000),(-0.0171018,0.0351769,0.0140000),(-0.0170131,0.0352739,0.0140000),(-0.0170131,0.0352739,0.0140000),(-0.0169306,0.0353771,0.0140000),(-0.0168543,0.0354864,0.0140000),(-0.0170131,0.0352739,0.0140000),(-0.0168543,0.0354864,0.0140000),(-0.0167843,0.0356019,0.0140000),(-0.0170131,0.0352739,0.0140000),(-0.0167843,0.0356019,0.0140000),(-0.0167213,0.0357216,0.0140000),(-0.0170131,0.0352739,0.0140000),(-0.0167213,0.0357216,0.0140000),(-0.0166667,0.0358439,0.0140000),(-0.0170131,0.0352739,0.0140000),(-0.0166667,0.0358439,0.0140000),(-0.0166205,0.0359686,0.0140000),(-0.0170131,0.0352739,0.0140000),(-0.0166205,0.0359686,0.0140000),(-0.0165827,0.0360958,0.0140000),(-0.0170131,0.0352739,0.0140000),(-0.0165827,0.0360958,0.0140000),(-0.0165533,0.0362255,0.0140000),(-0.0170131,0.0352739,0.0140000),(-0.0165533,0.0362255,0.0140000),(-0.0165323,0.0363577,0.0140000),(-0.0170131,0.0352739,0.0140000),(-0.0165323,0.0363577,0.0140000),(-0.0165197,0.0364924,0.0140000),(-0.0170131,0.0352739,0.0140000),(-0.0165197,0.0364924,0.0140000),(-0.0165155,0.0366295,0.0140000),(-0.0170131,0.0352739,0.0140000),(-0.0165155,0.0366295,0.0140000),(-0.0165197,0.0367611,0.0140000),(-0.0170131,0.0352739,0.0140000),(-0.0165197,0.0367611,0.0140000),(-0.0165323,0.0368920,0.0140000),(-0.0170131,0.0352739,0.0140000),(-0.0165323,0.0368920,0.0140000),(-0.0165533,0.0370220,0.0140000),(-0.0170131,0.0352739,0.0140000),(-0.0165533,0.0370220,0.0140000),(-0.0165827,0.0371513,0.0140000),(-0.0170131,0.0352739,0.0140000),(-0.0165827,0.0371513,0.0140000),(-0.0166205,0.0372797,0.0140000),(-0.0170131,0.0352739,0.0140000),(-0.0166205,0.0372797,0.0140000),(-0.0166667,0.0374074,0.0140000),(-0.0166667,0.0374074,0.0140000),(-0.0170585,0.0372659,0.0140000),(-0.0170219,0.0371680,0.0140000),(-0.0166667,0.0374074,0.0140000),(-0.0170219,0.0371680,0.0140000),(-0.0169920,0.0370668,0.0140000),(-0.0166667,0.0374074,0.0140000),(-0.0169920,0.0370668,0.0140000),(-0.0169687,0.0369624,0.0140000),(-0.0166667,0.0374074,0.0140000),(-0.0169687,0.0369624,0.0140000),(-0.0169521,0.0368547,0.0140000),(-0.0166667,0.0374074,0.0140000),(-0.0169521,0.0368547,0.0140000),(-0.0169421,0.0367437,0.0140000),(-0.0166667,0.0374074,0.0140000),(-0.0169421,0.0367437,0.0140000),(-0.0169388,0.0366295,0.0140000),(-0.0166667,0.0374074,0.0140000),(-0.0169388,0.0366295,0.0140000),(-0.0169422,0.0365195,0.0140000),(-0.0170131,0.0352739,0.0140000),(-0.0166667,0.0374074,0.0140000),(-0.0169422,0.0365195,0.0140000),(-0.0170131,0.0352739,0.0140000),(-0.0169422,0.0365195,0.0140000),(-0.0169522,0.0364116,0.0140000),(-0.0170131,0.0352739,0.0140000),(-0.0169522,0.0364116,0.0140000),(-0.0169690,0.0363059,0.0140000),(-0.0170131,0.0352739,0.0140000),(-0.0169690,0.0363059,0.0140000),(-0.0169925,0.0362025,0.0140000),(-0.0170131,0.0352739,0.0140000),(-0.0169925,0.0362025,0.0140000),(-0.0170227,0.0361012,0.0140000),(-0.0170131,0.0352739,0.0140000),(-0.0170227,0.0361012,0.0140000),(-0.0170597,0.0360020,0.0140000),(-0.0170131,0.0352739,0.0140000),(-0.0170597,0.0360020,0.0140000),(-0.0171033,0.0359051,0.0140000),(-0.0170131,0.0352739,0.0140000),(-0.0171033,0.0359051,0.0140000),(-0.0171537,0.0358103,0.0140000),(-0.0170131,0.0352739,0.0140000),(-0.0171537,0.0358103,0.0140000),(-0.0172095,0.0357191,0.0140000),(-0.0170131,0.0352739,0.0140000),(-0.0172095,0.0357191,0.0140000),(-0.0172701,0.0356328,0.0140000),(-0.0170131,0.0352739,0.0140000),(-0.0172701,0.0356328,0.0140000),(-0.0173356,0.0355514,0.0140000),(-0.0170131,0.0352739,0.0140000),(-0.0173356,0.0355514,0.0140000),(-0.0174058,0.0354749,0.0140000),(-0.0170131,0.0352739,0.0140000),(-0.0174058,0.0354749,0.0140000),(-0.0174808,0.0354032,0.0140000),(-0.0170131,0.0352739,0.0140000),(-0.0174808,0.0354032,0.0140000),(-0.0175606,0.0353365,0.0140000),(-0.0170131,0.0352739,0.0140000),(-0.0175606,0.0353365,0.0140000),(-0.0176453,0.0352746,0.0140000),(-0.0170131,0.0352739,0.0140000),(-0.0176453,0.0352746,0.0140000),(-0.0177347,0.0352177,0.0140000),(-0.0170131,0.0352739,0.0140000),(-0.0177347,0.0352177,0.0140000),(-0.0178273,0.0351666,0.0140000),(-0.0170131,0.0352739,0.0140000),(-0.0178273,0.0351666,0.0140000),(-0.0179219,0.0351223,0.0140000),(-0.0170131,0.0352739,0.0140000),(-0.0179219,0.0351223,0.0140000),(-0.0180187,0.0350848,0.0140000),(-0.0170131,0.0352739,0.0140000),(-0.0180187,0.0350848,0.0140000),(-0.0181175,0.0350542,0.0140000),(-0.0193370,0.0347478,0.0140000),(-0.0170131,0.0352739,0.0140000),(-0.0181175,0.0350542,0.0140000),(-0.0193370,0.0347478,0.0140000),(-0.0181175,0.0350542,0.0140000),(-0.0182185,0.0350303,0.0140000),(-0.0193370,0.0347478,0.0140000),(-0.0182185,0.0350303,0.0140000),(-0.0183215,0.0350133,0.0140000),(-0.0193370,0.0347478,0.0140000),(-0.0183215,0.0350133,0.0140000),(-0.0184265,0.0350031,0.0140000),(-0.0193370,0.0347478,0.0140000),(-0.0184265,0.0350031,0.0140000),(-0.0185337,0.0349997,0.0140000),(-0.0193370,0.0347478,0.0140000),(-0.0185337,0.0349997,0.0140000),(-0.0186873,0.0350067,0.0140000),(-0.0193370,0.0347478,0.0140000),(-0.0186873,0.0350067,0.0140000),(-0.0188369,0.0350280,0.0140000),(-0.0193370,0.0347478,0.0140000),(-0.0188369,0.0350280,0.0140000),(-0.0189826,0.0350634,0.0140000),(-0.0193370,0.0347478,0.0140000),(-0.0189826,0.0350634,0.0140000),(-0.0191243,0.0351129,0.0140000),(-0.0193370,0.0347478,0.0140000),(-0.0191243,0.0351129,0.0140000),(-0.0175272,0.0378963,0.0140000),(-0.0198979,0.0337731,0.0140000),(-0.0193370,0.0347478,0.0140000),(-0.0175272,0.0378963,0.0140000),(-0.0171017,0.0373605,0.0140000),(-0.0170585,0.0372659,0.0140000),(-0.0166667,0.0374074,0.0140000),(-0.0171515,0.0374518,0.0140000),(-0.0171017,0.0373605,0.0140000),(-0.0166667,0.0374074,0.0140000),(-0.0172195,0.0375558,0.0140000),(-0.0171515,0.0374518,0.0140000),(-0.0166667,0.0374074,0.0140000),(-0.0173047,0.0376645,0.0140000),(-0.0172195,0.0375558,0.0140000),(-0.0166667,0.0374074,0.0140000),(-0.0173539,0.0377207,0.0140000),(-0.0173047,0.0376645,0.0140000),(-0.0166667,0.0374074,0.0140000),(-0.0174073,0.0377780,0.0140000),(-0.0173539,0.0377207,0.0140000),(-0.0166667,0.0374074,0.0140000),(-0.0174651,0.0378366,0.0140000),(-0.0174073,0.0377780,0.0140000),(-0.0166667,0.0374074,0.0140000),(-0.0175272,0.0378963,0.0140000),(-0.0174651,0.0378366,0.0140000),(-0.0166667,0.0374074,0.0140000),(-0.0175272,0.0378963,0.0140000),(-0.0166667,0.0374074,0.0140000),(-0.0167213,0.0375342,0.0140000),(-0.0175272,0.0378963,0.0140000),(-0.0167213,0.0375342,0.0140000),(-0.0167843,0.0376603,0.0140000),(-0.0175272,0.0378963,0.0140000),(-0.0167843,0.0376603,0.0140000),(-0.0168345,0.0377470,0.0140000),(-0.0175272,0.0378963,0.0140000),(-0.0168345,0.0377470,0.0140000),(-0.0168893,0.0378304,0.0140000),(-0.0175272,0.0378963,0.0140000),(-0.0168893,0.0378304,0.0140000),(-0.0169487,0.0379105,0.0140000),(-0.0175272,0.0378963,0.0140000),(-0.0169487,0.0379105,0.0140000),(-0.0170126,0.0379873,0.0140000),(-0.0175272,0.0378963,0.0140000),(-0.0170126,0.0379873,0.0140000),(-0.0170812,0.0380608,0.0140000),(-0.0175272,0.0378963,0.0140000),(-0.0170812,0.0380608,0.0140000),(-0.0171544,0.0381310,0.0140000),(-0.0175272,0.0378963,0.0140000),(-0.0171544,0.0381310,0.0140000),(-0.0172322,0.0381979,0.0140000),(-0.0175272,0.0378963,0.0140000),(-0.0172322,0.0381979,0.0140000),(-0.0173145,0.0382614,0.0140000),(-0.0175272,0.0378963,0.0140000),(-0.0173145,0.0382614,0.0140000),(-0.0167727,0.0392139,0.0140000),(-0.0198979,0.0337731,0.0140000),(-0.0175272,0.0378963,0.0140000),(-0.0167727,0.0392139,0.0140000),(-0.0198979,0.0337731,0.0140000),(-0.0167727,0.0392139,0.0140000),(-0.0167441,0.0393177,0.0140000),(-0.0198979,0.0337731,0.0140000),(-0.0167441,0.0393177,0.0140000),(-0.0167515,0.0393780,0.0140000),(-0.0198979,0.0337731,0.0140000),(-0.0167515,0.0393780,0.0140000),(-0.0167901,0.0394531,0.0140000),(-0.0198979,0.0337731,0.0140000),(-0.0167901,0.0394531,0.0140000),(-0.0168552,0.0395071,0.0140000),(-0.0198979,0.0337731,0.0140000),(-0.0168552,0.0395071,0.0140000),(-0.0169579,0.0395378,0.0140000),(-0.0198979,0.0337731,0.0140000),(-0.0169579,0.0395378,0.0140000),(-0.0170182,0.0395304,0.0140000),(-0.0198979,0.0337731,0.0140000),(-0.0170182,0.0395304,0.0140000),(-0.0170939,0.0394918,0.0140000),(-0.0198979,0.0337731,0.0140000),(-0.0170939,0.0394918,0.0140000),(-0.0171494,0.0394267,0.0140000),(-0.0198979,0.0337731,0.0140000),(-0.0171494,0.0394267,0.0140000),(-0.0176849,0.0384985,0.0140000),(-0.0176849,0.0384985,0.0140000),(-0.0177855,0.0385429,0.0140000),(-0.0178895,0.0385814,0.0140000),(-0.0176849,0.0384985,0.0140000),(-0.0178895,0.0385814,0.0140000),(-0.0179967,0.0386139,0.0140000),(-0.0176849,0.0384985,0.0140000),(-0.0179967,0.0386139,0.0140000),(-0.0181072,0.0386406,0.0140000),(-0.0176849,0.0384985,0.0140000),(-0.0181072,0.0386406,0.0140000),(-0.0182210,0.0386613,0.0140000),(-0.0176849,0.0384985,0.0140000),(-0.0182210,0.0386613,0.0140000),(-0.0183382,0.0386761,0.0140000),(-0.0176849,0.0384985,0.0140000),(-0.0183382,0.0386761,0.0140000),(-0.0184586,0.0386850,0.0140000),(-0.0176849,0.0384985,0.0140000),(-0.0184586,0.0386850,0.0140000),(-0.0185824,0.0386880,0.0140000),(-0.0176849,0.0384985,0.0140000),(-0.0185824,0.0386880,0.0140000),(-0.0187070,0.0386836,0.0140000),(-0.0176849,0.0384985,0.0140000),(-0.0187070,0.0386836,0.0140000),(-0.0188305,0.0386706,0.0140000),(-0.0176849,0.0384985,0.0140000),(-0.0188305,0.0386706,0.0140000),(-0.0189529,0.0386490,0.0140000),(-0.0176849,0.0384985,0.0140000),(-0.0189529,0.0386490,0.0140000),(-0.0190743,0.0386186,0.0140000),(-0.0176849,0.0384985,0.0140000),(-0.0190743,0.0386186,0.0140000),(-0.0191945,0.0385796,0.0140000),(-0.0176849,0.0384985,0.0140000),(-0.0191945,0.0385796,0.0140000),(-0.0193136,0.0385320,0.0140000),(-0.0176849,0.0384985,0.0140000),(-0.0193136,0.0385320,0.0140000),(-0.0194317,0.0384757,0.0140000),(-0.0176849,0.0384985,0.0140000),(-0.0194317,0.0384757,0.0140000),(-0.0195487,0.0384107,0.0140000),(-0.0176849,0.0384985,0.0140000),(-0.0195487,0.0384107,0.0140000),(-0.0196618,0.0383385,0.0140000),(-0.0176849,0.0384985,0.0140000),(-0.0196618,0.0383385,0.0140000),(-0.0197688,0.0382601,0.0140000),(-0.0176849,0.0384985,0.0140000),(-0.0197688,0.0382601,0.0140000),(-0.0198697,0.0381755,0.0140000),(-0.0176849,0.0384985,0.0140000),(-0.0198697,0.0381755,0.0140000),(-0.0199646,0.0380847,0.0140000),(-0.0176849,0.0384985,0.0140000),(-0.0199646,0.0380847,0.0140000),(-0.0200534,0.0379877,0.0140000),(-0.0200534,0.0379877,0.0140000),(-0.0201360,0.0378844,0.0140000),(-0.0202126,0.0377749,0.0140000),(-0.0200534,0.0379877,0.0140000),(-0.0202126,0.0377749,0.0140000),(-0.0202831,0.0376593,0.0140000),(-0.0200534,0.0379877,0.0140000),(-0.0202831,0.0376593,0.0140000),(-0.0203464,0.0375394,0.0140000),(-0.0200534,0.0379877,0.0140000),(-0.0203464,0.0375394,0.0140000),(-0.0204012,0.0374171,0.0140000),(-0.0200534,0.0379877,0.0140000),(-0.0204012,0.0374171,0.0140000),(-0.0204476,0.0372922,0.0140000),(-0.0200534,0.0379877,0.0140000),(-0.0204476,0.0372922,0.0140000),(-0.0204856,0.0371647,0.0140000),(-0.0200534,0.0379877,0.0140000),(-0.0204856,0.0371647,0.0140000),(-0.0205151,0.0370348,0.0140000),(-0.0200534,0.0379877,0.0140000),(-0.0205151,0.0370348,0.0140000),(-0.0205362,0.0369022,0.0140000),(-0.0200534,0.0379877,0.0140000),(-0.0205362,0.0369022,0.0140000),(-0.0205488,0.0367671,0.0140000),(-0.0200534,0.0379877,0.0140000),(-0.0205488,0.0367671,0.0140000),(-0.0205530,0.0366295,0.0140000),(-0.0200534,0.0379877,0.0140000),(-0.0205530,0.0366295,0.0140000),(-0.0205488,0.0364914,0.0140000),(-0.0200534,0.0379877,0.0140000),(-0.0205488,0.0364914,0.0140000),(-0.0205362,0.0363561,0.0140000),(-0.0200534,0.0379877,0.0140000),(-0.0205362,0.0363561,0.0140000),(-0.0205152,0.0362235,0.0140000),(-0.0200534,0.0379877,0.0140000),(-0.0205152,0.0362235,0.0140000),(-0.0204858,0.0360937,0.0140000),(-0.0200534,0.0379877,0.0140000),(-0.0204858,0.0360937,0.0140000),(-0.0204480,0.0359666,0.0140000),(-0.0200534,0.0379877,0.0140000),(-0.0204480,0.0359666,0.0140000),(-0.0204018,0.0358423,0.0140000),(-0.0200534,0.0379877,0.0140000),(-0.0204018,0.0358423,0.0140000),(-0.0203472,0.0357207,0.0140000),(-0.0200534,0.0379877,0.0140000),(-0.0203472,0.0357207,0.0140000),(-0.0202842,0.0356019,0.0140000),(-0.0202842,0.0356019,0.0140000),(-0.0199159,0.0358103,0.0140000),(-0.0199653,0.0359051,0.0140000),(-0.0202842,0.0356019,0.0140000),(-0.0199653,0.0359051,0.0140000),(-0.0200080,0.0360020,0.0140000),(-0.0202842,0.0356019,0.0140000),(-0.0200080,0.0360020,0.0140000),(-0.0200442,0.0361010,0.0140000),(-0.0202842,0.0356019,0.0140000),(-0.0200442,0.0361010,0.0140000),(-0.0200739,0.0362022,0.0140000),(-0.0202842,0.0356019,0.0140000),(-0.0200739,0.0362022,0.0140000),(-0.0200969,0.0363055,0.0140000),(-0.0202842,0.0356019,0.0140000),(-0.0200969,0.0363055,0.0140000),(-0.0201133,0.0364110,0.0140000),(-0.0202842,0.0356019,0.0140000),(-0.0201133,0.0364110,0.0140000),(-0.0201232,0.0365186,0.0140000),(-0.0202842,0.0356019,0.0140000),(-0.0201232,0.0365186,0.0140000),(-0.0201265,0.0366284,0.0140000),(-0.0202842,0.0356019,0.0140000),(-0.0201265,0.0366284,0.0140000),(-0.0201232,0.0367383,0.0140000),(-0.0200534,0.0379877,0.0140000),(-0.0202842,0.0356019,0.0140000),(-0.0201232,0.0367383,0.0140000),(-0.0200534,0.0379877,0.0140000),(-0.0201232,0.0367383,0.0140000),(-0.0201132,0.0368460,0.0140000),(-0.0200534,0.0379877,0.0140000),(-0.0201132,0.0368460,0.0140000),(-0.0200964,0.0369516,0.0140000),(-0.0200534,0.0379877,0.0140000),(-0.0200964,0.0369516,0.0140000),(-0.0200731,0.0370552,0.0140000),(-0.0200534,0.0379877,0.0140000),(-0.0200731,0.0370552,0.0140000),(-0.0200430,0.0371567,0.0140000),(-0.0200534,0.0379877,0.0140000),(-0.0200430,0.0371567,0.0140000),(-0.0200063,0.0372561,0.0140000),(-0.0200534,0.0379877,0.0140000),(-0.0200063,0.0372561,0.0140000),(-0.0199628,0.0373534,0.0140000),(-0.0200534,0.0379877,0.0140000),(-0.0199628,0.0373534,0.0140000),(-0.0199127,0.0374486,0.0140000),(-0.0200534,0.0379877,0.0140000),(-0.0199127,0.0374486,0.0140000),(-0.0198569,0.0375406,0.0140000),(-0.0200534,0.0379877,0.0140000),(-0.0198569,0.0375406,0.0140000),(-0.0197962,0.0376275,0.0140000),(-0.0200534,0.0379877,0.0140000),(-0.0197962,0.0376275,0.0140000),(-0.0197308,0.0377094,0.0140000),(-0.0200534,0.0379877,0.0140000),(-0.0197308,0.0377094,0.0140000),(-0.0196606,0.0377863,0.0140000),(-0.0200534,0.0379877,0.0140000),(-0.0196606,0.0377863,0.0140000),(-0.0195856,0.0378581,0.0140000),(-0.0200534,0.0379877,0.0140000),(-0.0195856,0.0378581,0.0140000),(-0.0195057,0.0379249,0.0140000),(-0.0200534,0.0379877,0.0140000),(-0.0195057,0.0379249,0.0140000),(-0.0194211,0.0379867,0.0140000),(-0.0200534,0.0379877,0.0140000),(-0.0194211,0.0379867,0.0140000),(-0.0193317,0.0380434,0.0140000),(-0.0200534,0.0379877,0.0140000),(-0.0193317,0.0380434,0.0140000),(-0.0192396,0.0380945,0.0140000),(-0.0200534,0.0379877,0.0140000),(-0.0192396,0.0380945,0.0140000),(-0.0191470,0.0381388,0.0140000),(-0.0200534,0.0379877,0.0140000),(-0.0191470,0.0381388,0.0140000),(-0.0190539,0.0381763,0.0140000),(-0.0200534,0.0379877,0.0140000),(-0.0190539,0.0381763,0.0140000),(-0.0189602,0.0382069,0.0140000),(-0.0200534,0.0379877,0.0140000),(-0.0189602,0.0382069,0.0140000),(-0.0188660,0.0382308,0.0140000),(-0.0176849,0.0384985,0.0140000),(-0.0200534,0.0379877,0.0140000),(-0.0188660,0.0382308,0.0140000),(-0.0176849,0.0384985,0.0140000),(-0.0188660,0.0382308,0.0140000),(-0.0187713,0.0382478,0.0140000),(-0.0176849,0.0384985,0.0140000),(-0.0187713,0.0382478,0.0140000),(-0.0186761,0.0382580,0.0140000),(-0.0176849,0.0384985,0.0140000),(-0.0186761,0.0382580,0.0140000),(-0.0185803,0.0382614,0.0140000),(-0.0176849,0.0384985,0.0140000),(-0.0185803,0.0382614,0.0140000),(-0.0185739,0.0382614,0.0140000),(-0.0176849,0.0384985,0.0140000),(-0.0185739,0.0382614,0.0140000),(-0.0184802,0.0382594,0.0140000),(-0.0176849,0.0384985,0.0140000),(-0.0184802,0.0382594,0.0140000),(-0.0183891,0.0382531,0.0140000),(-0.0176849,0.0384985,0.0140000),(-0.0183891,0.0382531,0.0140000),(-0.0183004,0.0382427,0.0140000),(-0.0176849,0.0384985,0.0140000),(-0.0183004,0.0382427,0.0140000),(-0.0182144,0.0382281,0.0140000),(-0.0176849,0.0384985,0.0140000),(-0.0182144,0.0382281,0.0140000),(-0.0181308,0.0382094,0.0140000),(-0.0176849,0.0384985,0.0140000),(-0.0181308,0.0382094,0.0140000),(-0.0180499,0.0381864,0.0140000),(-0.0176849,0.0384985,0.0140000),(-0.0180499,0.0381864,0.0140000),(-0.0179714,0.0381593,0.0140000),(-0.0176849,0.0384985,0.0140000),(-0.0179714,0.0381593,0.0140000),(-0.0178955,0.0381281,0.0140000),(-0.0198979,0.0337731,0.0140000),(-0.0176849,0.0384985,0.0140000),(-0.0178955,0.0381281,0.0140000),(-0.0198979,0.0337731,0.0140000),(-0.0178955,0.0381281,0.0140000),(-0.0195000,0.0353330,0.0140000),(-0.0198979,0.0337731,0.0140000),(-0.0195000,0.0353330,0.0140000),(-0.0196204,0.0354359,0.0140000),(-0.0198735,0.0357411,0.0140000),(-0.0199159,0.0358103,0.0140000),(-0.0202842,0.0356019,0.0140000),(-0.0198284,0.0356745,0.0140000),(-0.0198735,0.0357411,0.0140000),(-0.0202842,0.0356019,0.0140000),(-0.0197299,0.0355497,0.0140000),(-0.0198284,0.0356745,0.0140000),(-0.0202842,0.0356019,0.0140000),(-0.0196204,0.0354359,0.0140000),(-0.0197299,0.0355497,0.0140000),(-0.0202842,0.0356019,0.0140000),(-0.0196204,0.0354359,0.0140000),(-0.0202842,0.0356019,0.0140000),(-0.0202263,0.0355068,0.0140000),(-0.0196204,0.0354359,0.0140000),(-0.0202263,0.0355068,0.0140000),(-0.0201646,0.0354158,0.0140000),(-0.0196204,0.0354359,0.0140000),(-0.0201646,0.0354158,0.0140000),(-0.0200993,0.0353290,0.0140000),(-0.0196204,0.0354359,0.0140000),(-0.0200993,0.0353290,0.0140000),(-0.0200302,0.0352463,0.0140000),(-0.0196204,0.0354359,0.0140000),(-0.0200302,0.0352463,0.0140000),(-0.0199574,0.0351676,0.0140000),(-0.0196204,0.0354359,0.0140000),(-0.0199574,0.0351676,0.0140000),(-0.0198810,0.0350931,0.0140000),(-0.0196204,0.0354359,0.0140000),(-0.0198810,0.0350931,0.0140000),(-0.0198008,0.0350226,0.0140000),(-0.0196204,0.0354359,0.0140000),(-0.0198008,0.0350226,0.0140000),(-0.0197169,0.0349563,0.0140000),(-0.0198979,0.0337731,0.0140000),(-0.0196204,0.0354359,0.0140000),(-0.0197169,0.0349563,0.0140000),(-0.0198979,0.0337731,0.0140000),(-0.0197169,0.0349563,0.0140000),(-0.0202726,0.0339858,0.0140000),(-0.0198979,0.0337731,0.0140000),(-0.0202726,0.0339858,0.0140000),(-0.0203001,0.0338842,0.0140000),(-0.0198979,0.0337731,0.0140000),(-0.0203001,0.0338842,0.0140000),(-0.0202937,0.0338239,0.0140000),(-0.0198979,0.0337731,0.0140000),(-0.0202937,0.0338239,0.0140000),(-0.0202546,0.0337469,0.0140000),(-0.0198979,0.0337731,0.0140000),(-0.0202546,0.0337469,0.0140000),(-0.0201921,0.0336916,0.0140000),(-0.0198979,0.0337731,0.0140000),(-0.0201921,0.0336916,0.0140000),(-0.0200874,0.0336640,0.0140000),(-0.0198979,0.0337731,0.0140000),(-0.0200874,0.0336640,0.0140000),(-0.0200270,0.0336715,0.0140000),(-0.0198979,0.0337731,0.0140000),(-0.0200270,0.0336715,0.0140000),(-0.0199545,0.0337069,0.0140000),(-0.0123816,0.0355511,0.0140000),(-0.0123795,0.0355024,0.0140000),(-0.0123556,0.0354103,0.0140000),(-0.0123816,0.0355511,0.0140000),(-0.0123556,0.0354103,0.0140000),(-0.0123277,0.0353240,0.0140000),(-0.0123816,0.0355511,0.0140000),(-0.0123277,0.0353240,0.0140000),(-0.0122959,0.0352435,0.0140000),(-0.0123816,0.0355511,0.0140000),(-0.0122959,0.0352435,0.0140000),(-0.0122602,0.0351687,0.0140000),(-0.0123816,0.0355511,0.0140000),(-0.0122602,0.0351687,0.0140000),(-0.0122205,0.0350998,0.0140000),(-0.0123816,0.0355511,0.0140000),(-0.0122205,0.0350998,0.0140000),(-0.0121769,0.0350366,0.0140000),(-0.0123816,0.0355511,0.0140000),(-0.0121769,0.0350366,0.0140000),(-0.0120779,0.0349277,0.0140000),(-0.0123816,0.0355511,0.0140000),(-0.0120779,0.0349277,0.0140000),(-0.0119969,0.0348582,0.0140000),(-0.0123816,0.0355511,0.0140000),(-0.0119969,0.0348582,0.0140000),(-0.0119138,0.0347980,0.0140000),(-0.0123816,0.0355511,0.0140000),(-0.0119138,0.0347980,0.0140000),(-0.0118285,0.0347471,0.0140000),(-0.0123816,0.0355511,0.0140000),(-0.0118285,0.0347471,0.0140000),(-0.0117411,0.0347054,0.0140000),(-0.0123816,0.0355511,0.0140000),(-0.0117411,0.0347054,0.0140000),(-0.0116515,0.0346730,0.0140000),(-0.0123816,0.0355511,0.0140000),(-0.0116515,0.0346730,0.0140000),(-0.0115598,0.0346499,0.0140000),(-0.0123816,0.0355511,0.0140000),(-0.0115598,0.0346499,0.0140000),(-0.0114659,0.0346360,0.0140000),(-0.0123816,0.0355511,0.0140000),(-0.0114659,0.0346360,0.0140000),(-0.0113699,0.0346314,0.0140000),(-0.0123816,0.0355511,0.0140000),(-0.0113699,0.0346314,0.0140000),(-0.0112746,0.0346361,0.0140000),(-0.0123816,0.0355511,0.0140000),(-0.0112746,0.0346361,0.0140000),(-0.0111820,0.0346502,0.0140000),(-0.0123816,0.0355511,0.0140000),(-0.0111820,0.0346502,0.0140000),(-0.0110920,0.0346738,0.0140000),(-0.0123816,0.0355511,0.0140000),(-0.0110920,0.0346738,0.0140000),(-0.0110047,0.0347068,0.0140000),(-0.0110047,0.0347068,0.0140000),(-0.0109201,0.0347492,0.0140000),(-0.0108380,0.0348010,0.0140000),(-0.0110047,0.0347068,0.0140000),(-0.0108380,0.0348010,0.0140000),(-0.0107587,0.0348623,0.0140000),(-0.0110047,0.0347068,0.0140000),(-0.0107587,0.0348623,0.0140000),(-0.0106819,0.0349330,0.0140000),(-0.0110047,0.0347068,0.0140000),(-0.0106819,0.0349330,0.0140000),(-0.0106018,0.0350212,0.0140000),(-0.0110047,0.0347068,0.0140000),(-0.0106018,0.0350212,0.0140000),(-0.0105324,0.0351161,0.0140000),(-0.0110047,0.0347068,0.0140000),(-0.0105324,0.0351161,0.0140000),(-0.0104736,0.0352175,0.0140000),(-0.0110047,0.0347068,0.0140000),(-0.0104736,0.0352175,0.0140000),(-0.0104256,0.0353256,0.0140000),(-0.0110047,0.0347068,0.0140000),(-0.0104256,0.0353256,0.0140000),(-0.0103882,0.0354403,0.0140000),(-0.0110047,0.0347068,0.0140000),(-0.0103882,0.0354403,0.0140000),(-0.0103615,0.0355616,0.0140000),(-0.0110047,0.0347068,0.0140000),(-0.0103615,0.0355616,0.0140000),(-0.0103454,0.0356896,0.0140000),(-0.0110047,0.0347068,0.0140000),(-0.0103454,0.0356896,0.0140000),(-0.0103401,0.0358241,0.0140000),(-0.0110047,0.0347068,0.0140000),(-0.0103401,0.0358241,0.0140000),(-0.0103414,0.0359274,0.0140000),(-0.0110047,0.0347068,0.0140000),(-0.0103414,0.0359274,0.0140000),(-0.0103453,0.0360266,0.0140000),(-0.0110047,0.0347068,0.0140000),(-0.0103453,0.0360266,0.0140000),(-0.0103517,0.0361218,0.0140000),(-0.0110047,0.0347068,0.0140000),(-0.0103517,0.0361218,0.0140000),(-0.0103607,0.0362130,0.0140000),(-0.0110047,0.0347068,0.0140000),(-0.0103607,0.0362130,0.0140000),(-0.0103724,0.0363001,0.0140000),(-0.0110047,0.0347068,0.0140000),(-0.0103724,0.0363001,0.0140000),(-0.0103865,0.0363831,0.0140000),(-0.0110047,0.0347068,0.0140000),(-0.0103865,0.0363831,0.0140000),(-0.0104033,0.0364622,0.0140000),(-0.0110047,0.0347068,0.0140000),(-0.0104033,0.0364622,0.0140000),(-0.0104227,0.0365372,0.0140000),(-0.0110047,0.0347068,0.0140000),(-0.0104227,0.0365372,0.0140000),(-0.0104691,0.0366750,0.0140000),(-0.0104691,0.0366750,0.0140000),(-0.0105258,0.0367966,0.0140000),(-0.0105929,0.0369021,0.0140000),(-0.0104691,0.0366750,0.0140000),(-0.0105929,0.0369021,0.0140000),(-0.0106703,0.0369914,0.0140000),(-0.0104691,0.0366750,0.0140000),(-0.0106703,0.0369914,0.0140000),(-0.0107498,0.0370609,0.0140000),(-0.0104691,0.0366750,0.0140000),(-0.0107498,0.0370609,0.0140000),(-0.0108316,0.0371211,0.0140000),(-0.0104691,0.0366750,0.0140000),(-0.0108316,0.0371211,0.0140000),(-0.0109158,0.0371720,0.0140000),(-0.0104691,0.0366750,0.0140000),(-0.0109158,0.0371720,0.0140000),(-0.0110024,0.0372137,0.0140000),(-0.0104691,0.0366750,0.0140000),(-0.0110024,0.0372137,0.0140000),(-0.0110912,0.0372461,0.0140000),(-0.0104691,0.0366750,0.0140000),(-0.0110912,0.0372461,0.0140000),(-0.0111825,0.0372693,0.0140000),(-0.0104691,0.0366750,0.0140000),(-0.0111825,0.0372693,0.0140000),(-0.0112761,0.0372831,0.0140000),(-0.0104691,0.0366750,0.0140000),(-0.0112761,0.0372831,0.0140000),(-0.0113720,0.0372878,0.0140000),(-0.0104691,0.0366750,0.0140000),(-0.0113720,0.0372878,0.0140000),(-0.0114573,0.0372845,0.0140000),(-0.0104691,0.0366750,0.0140000),(-0.0114573,0.0372845,0.0140000),(-0.0115397,0.0372747,0.0140000),(-0.0104691,0.0366750,0.0140000),(-0.0115397,0.0372747,0.0140000),(-0.0116191,0.0372585,0.0140000),(-0.0104691,0.0366750,0.0140000),(-0.0116191,0.0372585,0.0140000),(-0.0116956,0.0372357,0.0140000),(-0.0104691,0.0366750,0.0140000),(-0.0116956,0.0372357,0.0140000),(-0.0118397,0.0371705,0.0140000),(-0.0104691,0.0366750,0.0140000),(-0.0118397,0.0371705,0.0140000),(-0.0119721,0.0370793,0.0140000),(-0.0119297,0.0382572,0.0140000),(-0.0106544,0.0382572,0.0140000),(-0.0105729,0.0382731,0.0140000),(-0.0119297,0.0382572,0.0140000),(-0.0105729,0.0382731,0.0140000),(-0.0105041,0.0383207,0.0140000),(-0.0119297,0.0382572,0.0140000),(-0.0105041,0.0383207,0.0140000),(-0.0104573,0.0383900,0.0140000),(-0.0119297,0.0382572,0.0140000),(-0.0104573,0.0383900,0.0140000),(-0.0104417,0.0384710,0.0140000),(-0.0119297,0.0382572,0.0140000),(-0.0104417,0.0384710,0.0140000),(-0.0104573,0.0385517,0.0140000),(-0.0119297,0.0382572,0.0140000),(-0.0104573,0.0385517,0.0140000),(-0.0105041,0.0386202,0.0140000),(-0.0119297,0.0382572,0.0140000),(-0.0105041,0.0386202,0.0140000),(-0.0105729,0.0386678,0.0140000),(-0.0119297,0.0382572,0.0140000),(-0.0105729,0.0386678,0.0140000),(-0.0106544,0.0386837,0.0140000),(-0.0119297,0.0382572,0.0140000),(-0.0106544,0.0386837,0.0140000),(-0.0121266,0.0386837,0.0140000),(-0.0119721,0.0370793,0.0140000),(-0.0119297,0.0382572,0.0140000),(-0.0121266,0.0386837,0.0140000),(-0.0119721,0.0370793,0.0140000),(-0.0121266,0.0386837,0.0140000),(-0.0122070,0.0386697,0.0140000),(-0.0119721,0.0370793,0.0140000),(-0.0122070,0.0386697,0.0140000),(-0.0122769,0.0386276,0.0140000),(-0.0119721,0.0370793,0.0140000),(-0.0122769,0.0386276,0.0140000),(-0.0123245,0.0385625,0.0140000),(-0.0119721,0.0370793,0.0140000),(-0.0123245,0.0385625,0.0140000),(-0.0123404,0.0384837,0.0140000),(-0.0119721,0.0370793,0.0140000),(-0.0123404,0.0384837,0.0140000),(-0.0124208,0.0364189,0.0140000),(-0.0119721,0.0370793,0.0140000),(-0.0124208,0.0364189,0.0140000),(-0.0124076,0.0363395,0.0140000),(-0.0119721,0.0370793,0.0140000),(-0.0124076,0.0363395,0.0140000),(-0.0123679,0.0362686,0.0140000),(-0.0119721,0.0370793,0.0140000),(-0.0123679,0.0362686,0.0140000),(-0.0123028,0.0362146,0.0140000),(-0.0119721,0.0370793,0.0140000),(-0.0123028,0.0362146,0.0140000),(-0.0122197,0.0361966,0.0140000),(-0.0119721,0.0370793,0.0140000),(-0.0122197,0.0361966,0.0140000),(-0.0121385,0.0362101,0.0140000),(-0.0119721,0.0370793,0.0140000),(-0.0121385,0.0362101,0.0140000),(-0.0120662,0.0362506,0.0140000),(-0.0119721,0.0370793,0.0140000),(-0.0120662,0.0362506,0.0140000),(-0.0120038,0.0363522,0.0140000),(-0.0119721,0.0370793,0.0140000),(-0.0120038,0.0363522,0.0140000),(-0.0119698,0.0364373,0.0140000),(-0.0119721,0.0370793,0.0140000),(-0.0119698,0.0364373,0.0140000),(-0.0119207,0.0365213,0.0140000),(-0.0119721,0.0370793,0.0140000),(-0.0119207,0.0365213,0.0140000),(-0.0118566,0.0366040,0.0140000),(-0.0119721,0.0370793,0.0140000),(-0.0118566,0.0366040,0.0140000),(-0.0117773,0.0366856,0.0140000),(-0.0119721,0.0370793,0.0140000),(-0.0117773,0.0366856,0.0140000),(-0.0116817,0.0367634,0.0140000),(-0.0119721,0.0370793,0.0140000),(-0.0116817,0.0367634,0.0140000),(-0.0115823,0.0368189,0.0140000),(-0.0119721,0.0370793,0.0140000),(-0.0115823,0.0368189,0.0140000),(-0.0114791,0.0368523,0.0140000),(-0.0119721,0.0370793,0.0140000),(-0.0114791,0.0368523,0.0140000),(-0.0113720,0.0368634,0.0140000),(-0.0119721,0.0370793,0.0140000),(-0.0113720,0.0368634,0.0140000),(-0.0112655,0.0368523,0.0140000),(-0.0104691,0.0366750,0.0140000),(-0.0119721,0.0370793,0.0140000),(-0.0112655,0.0368523,0.0140000),(-0.0104691,0.0366750,0.0140000),(-0.0112655,0.0368523,0.0140000),(-0.0111630,0.0368189,0.0140000),(-0.0104691,0.0366750,0.0140000),(-0.0111630,0.0368189,0.0140000),(-0.0110644,0.0367634,0.0140000),(-0.0104691,0.0366750,0.0140000),(-0.0110644,0.0367634,0.0140000),(-0.0109698,0.0366856,0.0140000),(-0.0104691,0.0366750,0.0140000),(-0.0109698,0.0366856,0.0140000),(-0.0108795,0.0365570,0.0140000),(-0.0104691,0.0366750,0.0140000),(-0.0108795,0.0365570,0.0140000),(-0.0108441,0.0364709,0.0140000),(-0.0104691,0.0366750,0.0140000),(-0.0108441,0.0364709,0.0140000),(-0.0108150,0.0363702,0.0140000),(-0.0104691,0.0366750,0.0140000),(-0.0108150,0.0363702,0.0140000),(-0.0107925,0.0362550,0.0140000),(-0.0104691,0.0366750,0.0140000),(-0.0107925,0.0362550,0.0140000),(-0.0107763,0.0361252,0.0140000),(-0.0104691,0.0366750,0.0140000),(-0.0107763,0.0361252,0.0140000),(-0.0107667,0.0359809,0.0140000),(-0.0104691,0.0366750,0.0140000),(-0.0107667,0.0359809,0.0140000),(-0.0107634,0.0358220,0.0140000),(-0.0104691,0.0366750,0.0140000),(-0.0107634,0.0358220,0.0140000),(-0.0107669,0.0357305,0.0140000),(-0.0104691,0.0366750,0.0140000),(-0.0107669,0.0357305,0.0140000),(-0.0107772,0.0356441,0.0140000),(-0.0104691,0.0366750,0.0140000),(-0.0107772,0.0356441,0.0140000),(-0.0107944,0.0355625,0.0140000),(-0.0110047,0.0347068,0.0140000),(-0.0104691,0.0366750,0.0140000),(-0.0107944,0.0355625,0.0140000),(-0.0110047,0.0347068,0.0140000),(-0.0107944,0.0355625,0.0140000),(-0.0108185,0.0354860,0.0140000),(-0.0110047,0.0347068,0.0140000),(-0.0108185,0.0354860,0.0140000),(-0.0108873,0.0353477,0.0140000),(-0.0110047,0.0347068,0.0140000),(-0.0108873,0.0353477,0.0140000),(-0.0109836,0.0352293,0.0140000),(-0.0110047,0.0347068,0.0140000),(-0.0109836,0.0352293,0.0140000),(-0.0110749,0.0351534,0.0140000),(-0.0110047,0.0347068,0.0140000),(-0.0110749,0.0351534,0.0140000),(-0.0111709,0.0350991,0.0140000),(-0.0110047,0.0347068,0.0140000),(-0.0111709,0.0350991,0.0140000),(-0.0112717,0.0350666,0.0140000),(-0.0110047,0.0347068,0.0140000),(-0.0112717,0.0350666,0.0140000),(-0.0113773,0.0350558,0.0140000),(-0.0110047,0.0347068,0.0140000),(-0.0113773,0.0350558,0.0140000),(-0.0114799,0.0350670,0.0140000),(-0.0110047,0.0347068,0.0140000),(-0.0114799,0.0350670,0.0140000),(-0.0115823,0.0351007,0.0140000),(-0.0110047,0.0347068,0.0140000),(-0.0115823,0.0351007,0.0140000),(-0.0116847,0.0351570,0.0140000),(-0.0123816,0.0355511,0.0140000),(-0.0110047,0.0347068,0.0140000),(-0.0116847,0.0351570,0.0140000),(-0.0123816,0.0355511,0.0140000),(-0.0116847,0.0351570,0.0140000),(-0.0117868,0.0352357,0.0140000),(-0.0123816,0.0355511,0.0140000),(-0.0117868,0.0352357,0.0140000),(-0.0118890,0.0353785,0.0140000),(-0.0123816,0.0355511,0.0140000),(-0.0118890,0.0353785,0.0140000),(-0.0119285,0.0354786,0.0140000),(-0.0123816,0.0355511,0.0140000),(-0.0119285,0.0354786,0.0140000),(-0.0119604,0.0355976,0.0140000),(-0.0123816,0.0355511,0.0140000),(-0.0119604,0.0355976,0.0140000),(-0.0120045,0.0356703,0.0140000),(-0.0123816,0.0355511,0.0140000),(-0.0120045,0.0356703,0.0140000),(-0.0120530,0.0357222,0.0140000),(-0.0123816,0.0355511,0.0140000),(-0.0120530,0.0357222,0.0140000),(-0.0121636,0.0357638,0.0140000),(-0.0123816,0.0355511,0.0140000),(-0.0121636,0.0357638,0.0140000),(-0.0121710,0.0357638,0.0140000),(-0.0123816,0.0355511,0.0140000),(-0.0121710,0.0357638,0.0140000),(-0.0122449,0.0357481,0.0140000),(-0.0123816,0.0355511,0.0140000),(-0.0122449,0.0357481,0.0140000),(-0.0123046,0.0357074,0.0140000),(-0.0153767,0.0350558,0.0140000),(-0.0142051,0.0366464,0.0140000),(-0.0141406,0.0367402,0.0140000),(-0.0153767,0.0350558,0.0140000),(-0.0141406,0.0367402,0.0140000),(-0.0140848,0.0368378,0.0140000),(-0.0153767,0.0350558,0.0140000),(-0.0140848,0.0368378,0.0140000),(-0.0140375,0.0369393,0.0140000),(-0.0153767,0.0350558,0.0140000),(-0.0140375,0.0369393,0.0140000),(-0.0139988,0.0370446,0.0140000),(-0.0153767,0.0350558,0.0140000),(-0.0139988,0.0370446,0.0140000),(-0.0139687,0.0371538,0.0140000),(-0.0153767,0.0350558,0.0140000),(-0.0139687,0.0371538,0.0140000),(-0.0139472,0.0372669,0.0140000),(-0.0153767,0.0350558,0.0140000),(-0.0139472,0.0372669,0.0140000),(-0.0139343,0.0373839,0.0140000),(-0.0153767,0.0350558,0.0140000),(-0.0139343,0.0373839,0.0140000),(-0.0139300,0.0375047,0.0140000),(-0.0153767,0.0350558,0.0140000),(-0.0139300,0.0375047,0.0140000),(-0.0139351,0.0376297,0.0140000),(-0.0153767,0.0350558,0.0140000),(-0.0139351,0.0376297,0.0140000),(-0.0139505,0.0377501,0.0140000),(-0.0153767,0.0350558,0.0140000),(-0.0139505,0.0377501,0.0140000),(-0.0139761,0.0378658,0.0140000),(-0.0153767,0.0350558,0.0140000),(-0.0139761,0.0378658,0.0140000),(-0.0140120,0.0379770,0.0140000),(-0.0140120,0.0379770,0.0140000),(-0.0140581,0.0380836,0.0140000),(-0.0141145,0.0381856,0.0140000),(-0.0140120,0.0379770,0.0140000),(-0.0141145,0.0381856,0.0140000),(-0.0141812,0.0382830,0.0140000),(-0.0140120,0.0379770,0.0140000),(-0.0141812,0.0382830,0.0140000),(-0.0142581,0.0383757,0.0140000),(-0.0140120,0.0379770,0.0140000),(-0.0142581,0.0383757,0.0140000),(-0.0143309,0.0384489,0.0140000),(-0.0140120,0.0379770,0.0140000),(-0.0143309,0.0384489,0.0140000),(-0.0144083,0.0385123,0.0140000),(-0.0140120,0.0379770,0.0140000),(-0.0144083,0.0385123,0.0140000),(-0.0144902,0.0385660,0.0140000),(-0.0140120,0.0379770,0.0140000),(-0.0144902,0.0385660,0.0140000),(-0.0145766,0.0386099,0.0140000),(-0.0140120,0.0379770,0.0140000),(-0.0145766,0.0386099,0.0140000),(-0.0146675,0.0386440,0.0140000),(-0.0140120,0.0379770,0.0140000),(-0.0146675,0.0386440,0.0140000),(-0.0147629,0.0386684,0.0140000),(-0.0140120,0.0379770,0.0140000),(-0.0147629,0.0386684,0.0140000),(-0.0148628,0.0386831,0.0140000),(-0.0140120,0.0379770,0.0140000),(-0.0148628,0.0386831,0.0140000),(-0.0149671,0.0386880,0.0140000),(-0.0140120,0.0379770,0.0140000),(-0.0149671,0.0386880,0.0140000),(-0.0150656,0.0386832,0.0140000),(-0.0140120,0.0379770,0.0140000),(-0.0150656,0.0386832,0.0140000),(-0.0151611,0.0386688,0.0140000),(-0.0140120,0.0379770,0.0140000),(-0.0151611,0.0386688,0.0140000),(-0.0152536,0.0386449,0.0140000),(-0.0140120,0.0379770,0.0140000),(-0.0152536,0.0386449,0.0140000),(-0.0153431,0.0386115,0.0140000),(-0.0140120,0.0379770,0.0140000),(-0.0153431,0.0386115,0.0140000),(-0.0154296,0.0385685,0.0140000),(-0.0140120,0.0379770,0.0140000),(-0.0154296,0.0385685,0.0140000),(-0.0155130,0.0385159,0.0140000),(-0.0155130,0.0385159,0.0140000),(-0.0155935,0.0384538,0.0140000),(-0.0156709,0.0383821,0.0140000),(-0.0155130,0.0385159,0.0140000),(-0.0156709,0.0383821,0.0140000),(-0.0157501,0.0382956,0.0140000),(-0.0155130,0.0385159,0.0140000),(-0.0157501,0.0382956,0.0140000),(-0.0158186,0.0382027,0.0140000),(-0.0155130,0.0385159,0.0140000),(-0.0158186,0.0382027,0.0140000),(-0.0158767,0.0381035,0.0140000),(-0.0155130,0.0385159,0.0140000),(-0.0158767,0.0381035,0.0140000),(-0.0159241,0.0379979,0.0140000),(-0.0155130,0.0385159,0.0140000),(-0.0159241,0.0379979,0.0140000),(-0.0159611,0.0378860,0.0140000),(-0.0155130,0.0385159,0.0140000),(-0.0159611,0.0378860,0.0140000),(-0.0159874,0.0377677,0.0140000),(-0.0155130,0.0385159,0.0140000),(-0.0159874,0.0377677,0.0140000),(-0.0160033,0.0376431,0.0140000),(-0.0155130,0.0385159,0.0140000),(-0.0160033,0.0376431,0.0140000),(-0.0160085,0.0375121,0.0140000),(-0.0155130,0.0385159,0.0140000),(-0.0160085,0.0375121,0.0140000),(-0.0160085,0.0375069,0.0140000),(-0.0155130,0.0385159,0.0140000),(-0.0160085,0.0375069,0.0140000),(-0.0159929,0.0374254,0.0140000),(-0.0155130,0.0385159,0.0140000),(-0.0159929,0.0374254,0.0140000),(-0.0159461,0.0373566,0.0140000),(-0.0155130,0.0385159,0.0140000),(-0.0159461,0.0373566,0.0140000),(-0.0158773,0.0373097,0.0140000),(-0.0155130,0.0385159,0.0140000),(-0.0158773,0.0373097,0.0140000),(-0.0157958,0.0372941,0.0140000),(-0.0155130,0.0385159,0.0140000),(-0.0157958,0.0372941,0.0140000),(-0.0157143,0.0373097,0.0140000),(-0.0155130,0.0385159,0.0140000),(-0.0157143,0.0373097,0.0140000),(-0.0156455,0.0373566,0.0140000),(-0.0155130,0.0385159,0.0140000),(-0.0156455,0.0373566,0.0140000),(-0.0155979,0.0374254,0.0140000),(-0.0155979,0.0374254,0.0140000),(-0.0155820,0.0375069,0.0140000),(-0.0155820,0.0375121,0.0140000),(-0.0155979,0.0374254,0.0140000),(-0.0155820,0.0375121,0.0140000),(-0.0155787,0.0375991,0.0140000),(-0.0155130,0.0385159,0.0140000),(-0.0155979,0.0374254,0.0140000),(-0.0155787,0.0375991,0.0140000),(-0.0155130,0.0385159,0.0140000),(-0.0155787,0.0375991,0.0140000),(-0.0155687,0.0376815,0.0140000),(-0.0155130,0.0385159,0.0140000),(-0.0155687,0.0376815,0.0140000),(-0.0155521,0.0377594,0.0140000),(-0.0155130,0.0385159,0.0140000),(-0.0155521,0.0377594,0.0140000),(-0.0155288,0.0378328,0.0140000),(-0.0155130,0.0385159,0.0140000),(-0.0155288,0.0378328,0.0140000),(-0.0154624,0.0379662,0.0140000),(-0.0155130,0.0385159,0.0140000),(-0.0154624,0.0379662,0.0140000),(-0.0153693,0.0380815,0.0140000),(-0.0155130,0.0385159,0.0140000),(-0.0153693,0.0380815,0.0140000),(-0.0152784,0.0381602,0.0140000),(-0.0155130,0.0385159,0.0140000),(-0.0152784,0.0381602,0.0140000),(-0.0151814,0.0382165,0.0140000),(-0.0155130,0.0385159,0.0140000),(-0.0151814,0.0382165,0.0140000),(-0.0150784,0.0382502,0.0140000),(-0.0155130,0.0385159,0.0140000),(-0.0150784,0.0382502,0.0140000),(-0.0149693,0.0382614,0.0140000),(-0.0155130,0.0385159,0.0140000),(-0.0149693,0.0382614,0.0140000),(-0.0148560,0.0382506,0.0140000),(-0.0155130,0.0385159,0.0140000),(-0.0148560,0.0382506,0.0140000),(-0.0147523,0.0382181,0.0140000),(-0.0140120,0.0379770,0.0140000),(-0.0155130,0.0385159,0.0140000),(-0.0147523,0.0382181,0.0140000),(-0.0140120,0.0379770,0.0140000),(-0.0147523,0.0382181,0.0140000),(-0.0146581,0.0381638,0.0140000),(-0.0140120,0.0379770,0.0140000),(-0.0146581,0.0381638,0.0140000),(-0.0145734,0.0380879,0.0140000),(-0.0140120,0.0379770,0.0140000),(-0.0145734,0.0380879,0.0140000),(-0.0145218,0.0380267,0.0140000),(-0.0140120,0.0379770,0.0140000),(-0.0145218,0.0380267,0.0140000),(-0.0144771,0.0379623,0.0140000),(-0.0140120,0.0379770,0.0140000),(-0.0144771,0.0379623,0.0140000),(-0.0144083,0.0378236,0.0140000),(-0.0140120,0.0379770,0.0140000),(-0.0144083,0.0378236,0.0140000),(-0.0143671,0.0376718,0.0140000),(-0.0140120,0.0379770,0.0140000),(-0.0143671,0.0376718,0.0140000),(-0.0143567,0.0375909,0.0140000),(-0.0140120,0.0379770,0.0140000),(-0.0143567,0.0375909,0.0140000),(-0.0143533,0.0375069,0.0140000),(-0.0140120,0.0379770,0.0140000),(-0.0143533,0.0375069,0.0140000),(-0.0143562,0.0374201,0.0140000),(-0.0140120,0.0379770,0.0140000),(-0.0143562,0.0374201,0.0140000),(-0.0143650,0.0373367,0.0140000),(-0.0140120,0.0379770,0.0140000),(-0.0143650,0.0373367,0.0140000),(-0.0143796,0.0372566,0.0140000),(-0.0140120,0.0379770,0.0140000),(-0.0143796,0.0372566,0.0140000),(-0.0144001,0.0371798,0.0140000),(-0.0140120,0.0379770,0.0140000),(-0.0144001,0.0371798,0.0140000),(-0.0144587,0.0370362,0.0140000),(-0.0153767,0.0350558,0.0140000),(-0.0140120,0.0379770,0.0140000),(-0.0144587,0.0370362,0.0140000),(-0.0153767,0.0350558,0.0140000),(-0.0144587,0.0370362,0.0140000),(-0.0145406,0.0369057,0.0140000),(-0.0153767,0.0350558,0.0140000),(-0.0145406,0.0369057,0.0140000),(-0.0159641,0.0349721,0.0140000),(-0.0141406,0.0350558,0.0140000),(-0.0153767,0.0350558,0.0140000),(-0.0159641,0.0349721,0.0140000),(-0.0141406,0.0350558,0.0140000),(-0.0159641,0.0349721,0.0140000),(-0.0160107,0.0348473,0.0140000),(-0.0141406,0.0350558,0.0140000),(-0.0160107,0.0348473,0.0140000),(-0.0160085,0.0348123,0.0140000),(-0.0141406,0.0350558,0.0140000),(-0.0160085,0.0348123,0.0140000),(-0.0159821,0.0347338,0.0140000),(-0.0141406,0.0350558,0.0140000),(-0.0159821,0.0347338,0.0140000),(-0.0159302,0.0346779,0.0140000),(-0.0141406,0.0350558,0.0140000),(-0.0159302,0.0346779,0.0140000),(-0.0158617,0.0346430,0.0140000),(-0.0141406,0.0350558,0.0140000),(-0.0158617,0.0346430,0.0140000),(-0.0157958,0.0346314,0.0140000),(-0.0141406,0.0350558,0.0140000),(-0.0157958,0.0346314,0.0140000),(-0.0141406,0.0346314,0.0140000),(-0.0141406,0.0350558,0.0140000),(-0.0141406,0.0346314,0.0140000),(-0.0140572,0.0346464,0.0140000),(-0.0141406,0.0350558,0.0140000),(-0.0140572,0.0346464,0.0140000),(-0.0139892,0.0346917,0.0140000),(-0.0141406,0.0350558,0.0140000),(-0.0139892,0.0346917,0.0140000),(-0.0139448,0.0347597,0.0140000),(-0.0141406,0.0350558,0.0140000),(-0.0139448,0.0347597,0.0140000),(-0.0139300,0.0348430,0.0140000),(-0.0141406,0.0350558,0.0140000),(-0.0139300,0.0348430,0.0140000),(-0.0139448,0.0349272,0.0140000),(-0.0141406,0.0350558,0.0140000),(-0.0139448,0.0349272,0.0140000),(-0.0139892,0.0349954,0.0140000),(-0.0141406,0.0350558,0.0140000),(-0.0139892,0.0349954,0.0140000),(-0.0140551,0.0350407,0.0140000),(-0.0134717,0.0346618,0.0140000),(-0.0133987,0.0345552,0.0140000),(-0.0132921,0.0344821,0.0140000),(-0.0134717,0.0346618,0.0140000),(-0.0132921,0.0344821,0.0140000),(-0.0131669,0.0344578,0.0140000),(-0.0134717,0.0346618,0.0140000),(-0.0131669,0.0344578,0.0140000),(-0.0130420,0.0344821,0.0140000),(-0.0134717,0.0346618,0.0140000),(-0.0130420,0.0344821,0.0140000),(-0.0129362,0.0345552,0.0140000),(-0.0134717,0.0346618,0.0140000),(-0.0129362,0.0345552,0.0140000),(-0.0128632,0.0346618,0.0140000),(-0.0134717,0.0346618,0.0140000),(-0.0128632,0.0346618,0.0140000),(-0.0128388,0.0347869,0.0140000),(-0.0134717,0.0346618,0.0140000),(-0.0128388,0.0347869,0.0140000),(-0.0128632,0.0349121,0.0140000),(-0.0134717,0.0346618,0.0140000),(-0.0128632,0.0349121,0.0140000),(-0.0129362,0.0350187,0.0140000),(-0.0134717,0.0346618,0.0140000),(-0.0129362,0.0350187,0.0140000),(-0.0130420,0.0350917,0.0140000),(-0.0134717,0.0346618,0.0140000),(-0.0130420,0.0350917,0.0140000),(-0.0131669,0.0351161,0.0140000),(-0.0134717,0.0346618,0.0140000),(-0.0131669,0.0351161,0.0140000),(-0.0132921,0.0350917,0.0140000),(-0.0134717,0.0346618,0.0140000),(-0.0132921,0.0350917,0.0140000),(-0.0133987,0.0350187,0.0140000),(-0.0134717,0.0346618,0.0140000),(-0.0133987,0.0350187,0.0140000),(-0.0134717,0.0349121,0.0140000),(-0.0134717,0.0346618,0.0140000),(-0.0134717,0.0349121,0.0140000),(-0.0134961,0.0347869,0.0140000),(0.0000476,0.0364141,0.0140000),(0.0014298,0.0346245,0.0140000),(0.0015020,0.0345626,0.0140000),(0.0000476,0.0364141,0.0140000),(0.0015020,0.0345626,0.0140000),(0.0015938,0.0345419,0.0140000),(0.0000476,0.0364141,0.0140000),(0.0015938,0.0345419,0.0140000),(0.0017261,0.0345874,0.0140000),(0.0000476,0.0364141,0.0140000),(0.0017261,0.0345874,0.0140000),(0.0017904,0.0346610,0.0140000),(0.0000476,0.0364141,0.0140000),(0.0017904,0.0346610,0.0140000),(0.0018119,0.0347568,0.0140000),(0.0000476,0.0364141,0.0140000),(0.0018119,0.0347568,0.0140000),(0.0017674,0.0348891,0.0140000),(0.0000476,0.0364141,0.0140000),(0.0017674,0.0348891,0.0140000),(0.0005916,0.0364141,0.0140000),(0.0005916,0.0364141,0.0140000),(0.0006773,0.0364141,0.0140000),(0.0007966,0.0364192,0.0140000),(0.0000476,0.0364141,0.0140000),(0.0005916,0.0364141,0.0140000),(0.0007966,0.0364192,0.0140000),(-0.0008160,0.0364141,0.0140000),(0.0000476,0.0364141,0.0140000),(0.0007966,0.0364192,0.0140000),(-0.0008160,0.0364141,0.0140000),(0.0007966,0.0364192,0.0140000),(0.0009104,0.0364346,0.0140000),(-0.0008160,0.0364141,0.0140000),(0.0009104,0.0364346,0.0140000),(0.0010187,0.0364601,0.0140000),(-0.0008160,0.0364141,0.0140000),(0.0010187,0.0364601,0.0140000),(0.0011216,0.0364959,0.0140000),(-0.0008160,0.0364141,0.0140000),(0.0011216,0.0364959,0.0140000),(0.0012190,0.0365419,0.0140000),(-0.0008160,0.0364141,0.0140000),(0.0012190,0.0365419,0.0140000),(0.0013109,0.0365981,0.0140000),(-0.0008160,0.0364141,0.0140000),(0.0013109,0.0365981,0.0140000),(0.0013974,0.0366645,0.0140000),(-0.0008160,0.0364141,0.0140000),(0.0013974,0.0366645,0.0140000),(0.0014785,0.0367411,0.0140000),(-0.0008160,0.0364141,0.0140000),(0.0014785,0.0367411,0.0140000),(0.0015549,0.0368309,0.0140000),(-0.0008160,0.0364141,0.0140000),(0.0015549,0.0368309,0.0140000),(0.0016211,0.0369233,0.0140000),(-0.0008160,0.0364141,0.0140000),(0.0016211,0.0369233,0.0140000),(0.0016771,0.0370185,0.0140000),(0.0016771,0.0370185,0.0140000),(0.0017230,0.0371163,0.0140000),(0.0013274,0.0372656,0.0140000),(0.0016771,0.0370185,0.0140000),(0.0013274,0.0372656,0.0140000),(0.0012629,0.0371479,0.0140000),(0.0016771,0.0370185,0.0140000),(0.0012629,0.0371479,0.0140000),(0.0011726,0.0370417,0.0140000),(0.0016771,0.0370185,0.0140000),(0.0011726,0.0370417,0.0140000),(0.0010627,0.0369537,0.0140000),(0.0016771,0.0370185,0.0140000),(0.0010627,0.0369537,0.0140000),(0.0009435,0.0368909,0.0140000),(0.0016771,0.0370185,0.0140000),(0.0009435,0.0368909,0.0140000),(0.0008150,0.0368532,0.0140000),(-0.0008160,0.0364141,0.0140000),(0.0016771,0.0370185,0.0140000),(0.0008150,0.0368532,0.0140000),(-0.0008160,0.0364141,0.0140000),(0.0008150,0.0368532,0.0140000),(0.0006773,0.0368406,0.0140000),(-0.0008160,0.0364141,0.0140000),(0.0006773,0.0368406,0.0140000),(-0.0008160,0.0368406,0.0140000),(0.0013661,0.0373945,0.0140000),(0.0013274,0.0372656,0.0140000),(0.0017230,0.0371163,0.0140000),(0.0013790,0.0375349,0.0140000),(0.0013661,0.0373945,0.0140000),(0.0017230,0.0371163,0.0140000),(0.0013661,0.0376739,0.0140000),(0.0013790,0.0375349,0.0140000),(0.0017230,0.0371163,0.0140000),(0.0013274,0.0378021,0.0140000),(0.0013661,0.0376739,0.0140000),(0.0017230,0.0371163,0.0140000),(0.0012629,0.0379195,0.0140000),(0.0013274,0.0378021,0.0140000),(0.0017230,0.0371163,0.0140000),(0.0012629,0.0379195,0.0140000),(0.0017230,0.0371163,0.0140000),(0.0017586,0.0372169,0.0140000),(0.0012629,0.0379195,0.0140000),(0.0017586,0.0372169,0.0140000),(0.0017841,0.0373202,0.0140000),(0.0011726,0.0380260,0.0140000),(0.0012629,0.0379195,0.0140000),(0.0017841,0.0373202,0.0140000),(0.0011726,0.0380260,0.0140000),(0.0017841,0.0373202,0.0140000),(0.0017994,0.0374262,0.0140000),(0.0011726,0.0380260,0.0140000),(0.0017994,0.0374262,0.0140000),(0.0018045,0.0375349,0.0140000),(0.0010655,0.0381139,0.0140000),(0.0011726,0.0380260,0.0140000),(0.0018045,0.0375349,0.0140000),(0.0010655,0.0381139,0.0140000),(0.0018045,0.0375349,0.0140000),(0.0017994,0.0376475,0.0140000),(0.0010655,0.0381139,0.0140000),(0.0017994,0.0376475,0.0140000),(0.0017841,0.0377562,0.0140000),(0.0009483,0.0381768,0.0140000),(0.0010655,0.0381139,0.0140000),(0.0017841,0.0377562,0.0140000),(0.0009483,0.0381768,0.0140000),(0.0017841,0.0377562,0.0140000),(0.0017586,0.0378610,0.0140000),(0.0009483,0.0381768,0.0140000),(0.0017586,0.0378610,0.0140000),(0.0017230,0.0379619,0.0140000),(0.0008210,0.0382145,0.0140000),(0.0009483,0.0381768,0.0140000),(0.0017230,0.0379619,0.0140000),(0.0008210,0.0382145,0.0140000),(0.0017230,0.0379619,0.0140000),(0.0016771,0.0380589,0.0140000),(0.0008210,0.0382145,0.0140000),(0.0016771,0.0380589,0.0140000),(0.0016211,0.0381520,0.0140000),(0.0006837,0.0382270,0.0140000),(0.0008210,0.0382145,0.0140000),(0.0016211,0.0381520,0.0140000),(0.0006837,0.0382270,0.0140000),(0.0016211,0.0381520,0.0140000),(0.0015549,0.0382412,0.0140000),(-0.0008160,0.0382270,0.0140000),(0.0006837,0.0382270,0.0140000),(0.0015549,0.0382412,0.0140000),(-0.0008160,0.0382270,0.0140000),(0.0015549,0.0382412,0.0140000),(0.0014785,0.0383265,0.0140000),(-0.0008160,0.0382270,0.0140000),(0.0014785,0.0383265,0.0140000),(0.0013914,0.0384047,0.0140000),(-0.0008160,0.0382270,0.0140000),(0.0013914,0.0384047,0.0140000),(0.0013006,0.0384724,0.0140000),(-0.0008160,0.0382270,0.0140000),(0.0013006,0.0384724,0.0140000),(0.0012061,0.0385297,0.0140000),(-0.0008160,0.0382270,0.0140000),(0.0012061,0.0385297,0.0140000),(0.0011078,0.0385766,0.0140000),(-0.0008160,0.0382270,0.0140000),(0.0011078,0.0385766,0.0140000),(0.0010058,0.0386130,0.0140000),(-0.0008160,0.0382270,0.0140000),(0.0010058,0.0386130,0.0140000),(0.0009000,0.0386391,0.0140000),(-0.0008160,0.0382270,0.0140000),(0.0009000,0.0386391,0.0140000),(0.0007906,0.0386547,0.0140000),(-0.0008160,0.0382270,0.0140000),(0.0007906,0.0386547,0.0140000),(0.0006773,0.0386599,0.0140000),(-0.0008160,0.0382270,0.0140000),(0.0006773,0.0386599,0.0140000),(-0.0010287,0.0386599,0.0140000),(-0.0008160,0.0368406,0.0140000),(-0.0008160,0.0382270,0.0140000),(-0.0010287,0.0386599,0.0140000),(-0.0008160,0.0364141,0.0140000),(-0.0008160,0.0368406,0.0140000),(-0.0010287,0.0386599,0.0140000),(-0.0008160,0.0364141,0.0140000),(-0.0010287,0.0386599,0.0140000),(-0.0011147,0.0386432,0.0140000),(-0.0008160,0.0364141,0.0140000),(-0.0011147,0.0386432,0.0140000),(-0.0011864,0.0385932,0.0140000),(-0.0008160,0.0364141,0.0140000),(-0.0011864,0.0385932,0.0140000),(-0.0012285,0.0385189,0.0140000),(-0.0008160,0.0364141,0.0140000),(-0.0012285,0.0385189,0.0140000),(-0.0012425,0.0384398,0.0140000),(-0.0008160,0.0364141,0.0140000),(-0.0012425,0.0384398,0.0140000),(-0.0012425,0.0348129,0.0140000),(-0.0008160,0.0364141,0.0140000),(-0.0012425,0.0348129,0.0140000),(-0.0012196,0.0347295,0.0140000),(-0.0008160,0.0364141,0.0140000),(-0.0012196,0.0347295,0.0140000),(-0.0011763,0.0346700,0.0140000),(-0.0008160,0.0364141,0.0140000),(-0.0011763,0.0346700,0.0140000),(-0.0010287,0.0346224,0.0140000),(-0.0008160,0.0364141,0.0140000),(-0.0010287,0.0346224,0.0140000),(-0.0009547,0.0346343,0.0140000),(-0.0008160,0.0364141,0.0140000),(-0.0009547,0.0346343,0.0140000),(-0.0008946,0.0346700,0.0140000),(-0.0008160,0.0364141,0.0140000),(-0.0008946,0.0346700,0.0140000),(-0.0008160,0.0348129,0.0140000),(-0.0022045,0.0364194,0.0140000),(-0.0022066,0.0348129,0.0140000),(-0.0021905,0.0347308,0.0140000),(-0.0022045,0.0364194,0.0140000),(-0.0021905,0.0347308,0.0140000),(-0.0021421,0.0346626,0.0140000),(-0.0022045,0.0364194,0.0140000),(-0.0021421,0.0346626,0.0140000),(-0.0020733,0.0346165,0.0140000),(-0.0022045,0.0364194,0.0140000),(-0.0020733,0.0346165,0.0140000),(-0.0019960,0.0346012,0.0140000),(-0.0022045,0.0364194,0.0140000),(-0.0019960,0.0346012,0.0140000),(-0.0019132,0.0346165,0.0140000),(-0.0022045,0.0364194,0.0140000),(-0.0019132,0.0346165,0.0140000),(-0.0018447,0.0346626,0.0140000),(-0.0022045,0.0364194,0.0140000),(-0.0018447,0.0346626,0.0140000),(-0.0017986,0.0347308,0.0140000),(-0.0022045,0.0364194,0.0140000),(-0.0017986,0.0347308,0.0140000),(-0.0017833,0.0348129,0.0140000),(-0.0022045,0.0364194,0.0140000),(-0.0017833,0.0348129,0.0140000),(-0.0017833,0.0384398,0.0140000),(-0.0022045,0.0364194,0.0140000),(-0.0017833,0.0384398,0.0140000),(-0.0017986,0.0385213,0.0140000),(-0.0022045,0.0364194,0.0140000),(-0.0017986,0.0385213,0.0140000),(-0.0018447,0.0385901,0.0140000),(-0.0022045,0.0364194,0.0140000),(-0.0018447,0.0385901,0.0140000),(-0.0019121,0.0386377,0.0140000),(-0.0022045,0.0364194,0.0140000),(-0.0019121,0.0386377,0.0140000),(-0.0019918,0.0386536,0.0140000),(-0.0022045,0.0364194,0.0140000),(-0.0019918,0.0386536,0.0140000),(-0.0020738,0.0386372,0.0140000),(-0.0022045,0.0364194,0.0140000),(-0.0020738,0.0386372,0.0140000),(-0.0021442,0.0385879,0.0140000),(-0.0022045,0.0364194,0.0140000),(-0.0021442,0.0385879,0.0140000),(-0.0021910,0.0385234,0.0140000),(-0.0022045,0.0364194,0.0140000),(-0.0021910,0.0385234,0.0140000),(-0.0022066,0.0384398,0.0140000),(-0.0022045,0.0364194,0.0140000),(-0.0022066,0.0384398,0.0140000),(-0.0022066,0.0368406,0.0140000),(-0.0044058,0.0364194,0.0140000),(-0.0022045,0.0364194,0.0140000),(-0.0022066,0.0368406,0.0140000),(-0.0044058,0.0364194,0.0140000),(-0.0022066,0.0368406,0.0140000),(-0.0043995,0.0368406,0.0140000),(-0.0044058,0.0364194,0.0140000),(-0.0043995,0.0368406,0.0140000),(-0.0043995,0.0384398,0.0140000),(-0.0044058,0.0364194,0.0140000),(-0.0043995,0.0384398,0.0140000),(-0.0044159,0.0385213,0.0140000),(-0.0044058,0.0364194,0.0140000),(-0.0044159,0.0385213,0.0140000),(-0.0044651,0.0385901,0.0140000),(-0.0044058,0.0364194,0.0140000),(-0.0044651,0.0385901,0.0140000),(-0.0045347,0.0386377,0.0140000),(-0.0044058,0.0364194,0.0140000),(-0.0045347,0.0386377,0.0140000),(-0.0046122,0.0386536,0.0140000),(-0.0044058,0.0364194,0.0140000),(-0.0046122,0.0386536,0.0140000),(-0.0046945,0.0386377,0.0140000),(-0.0044058,0.0364194,0.0140000),(-0.0046945,0.0386377,0.0140000),(-0.0047657,0.0385901,0.0140000),(-0.0044058,0.0364194,0.0140000),(-0.0047657,0.0385901,0.0140000),(-0.0048141,0.0385213,0.0140000),(-0.0044058,0.0364194,0.0140000),(-0.0048141,0.0385213,0.0140000),(-0.0048302,0.0384398,0.0140000),(-0.0044058,0.0364194,0.0140000),(-0.0048302,0.0384398,0.0140000),(-0.0048302,0.0348129,0.0140000),(-0.0044058,0.0364194,0.0140000),(-0.0048302,0.0348129,0.0140000),(-0.0048146,0.0347308,0.0140000),(-0.0044058,0.0364194,0.0140000),(-0.0048146,0.0347308,0.0140000),(-0.0047678,0.0346626,0.0140000),(-0.0044058,0.0364194,0.0140000),(-0.0047678,0.0346626,0.0140000),(-0.0046982,0.0346165,0.0140000),(-0.0044058,0.0364194,0.0140000),(-0.0046982,0.0346165,0.0140000),(-0.0046165,0.0346012,0.0140000),(-0.0044058,0.0364194,0.0140000),(-0.0046165,0.0346012,0.0140000),(-0.0045387,0.0346163,0.0140000),(-0.0044058,0.0364194,0.0140000),(-0.0045387,0.0346163,0.0140000),(-0.0044662,0.0346615,0.0140000),(-0.0044058,0.0364194,0.0140000),(-0.0044662,0.0346615,0.0140000),(-0.0044209,0.0347263,0.0140000),(-0.0044058,0.0364194,0.0140000),(-0.0044209,0.0347263,0.0140000),(-0.0044058,0.0348129,0.0140000),(0.0027760,0.0361315,0.0140000),(0.0027760,0.0384398,0.0140000),(0.0027607,0.0385213,0.0140000),(0.0027760,0.0361315,0.0140000),(0.0027607,0.0385213,0.0140000),(0.0027146,0.0385901,0.0140000),(0.0027760,0.0361315,0.0140000),(0.0027146,0.0385901,0.0140000),(0.0026472,0.0386377,0.0140000),(0.0027810,0.0360191,0.0140000),(0.0027760,0.0361315,0.0140000),(0.0026472,0.0386377,0.0140000),(0.0027810,0.0360191,0.0140000),(0.0026472,0.0386377,0.0140000),(0.0025675,0.0386536,0.0140000),(0.0027810,0.0360191,0.0140000),(0.0025675,0.0386536,0.0140000),(0.0024842,0.0386372,0.0140000),(0.0027810,0.0360191,0.0140000),(0.0024842,0.0386372,0.0140000),(0.0024098,0.0385879,0.0140000),(0.0027810,0.0360191,0.0140000),(0.0024098,0.0385879,0.0140000),(0.0023646,0.0385234,0.0140000),(0.0027810,0.0360191,0.0140000),(0.0023646,0.0385234,0.0140000),(0.0023495,0.0384398,0.0140000),(0.0027810,0.0360191,0.0140000),(0.0023495,0.0384398,0.0140000),(0.0023495,0.0361315,0.0140000),(0.0027810,0.0360191,0.0140000),(0.0023495,0.0361315,0.0140000),(0.0023564,0.0359765,0.0140000),(0.0027810,0.0360191,0.0140000),(0.0023564,0.0359765,0.0140000),(0.0023773,0.0358271,0.0140000),(0.0027810,0.0360191,0.0140000),(0.0023773,0.0358271,0.0140000),(0.0024120,0.0356834,0.0140000),(0.0027810,0.0360191,0.0140000),(0.0024120,0.0356834,0.0140000),(0.0024606,0.0355455,0.0140000),(0.0027810,0.0360191,0.0140000),(0.0024606,0.0355455,0.0140000),(0.0025231,0.0354133,0.0140000),(0.0027810,0.0360191,0.0140000),(0.0025231,0.0354133,0.0140000),(0.0025995,0.0352868,0.0140000),(0.0027810,0.0360191,0.0140000),(0.0025995,0.0352868,0.0140000),(0.0026898,0.0351660,0.0140000),(0.0027810,0.0360191,0.0140000),(0.0026898,0.0351660,0.0140000),(0.0027940,0.0350510,0.0140000),(0.0027810,0.0360191,0.0140000),(0.0027940,0.0350510,0.0140000),(0.0029066,0.0349456,0.0140000),(0.0029066,0.0349456,0.0140000),(0.0030252,0.0348542,0.0140000),(0.0031500,0.0347769,0.0140000),(0.0029066,0.0349456,0.0140000),(0.0031500,0.0347769,0.0140000),(0.0032808,0.0347136,0.0140000),(0.0029066,0.0349456,0.0140000),(0.0032808,0.0347136,0.0140000),(0.0034178,0.0346644,0.0140000),(0.0029066,0.0349456,0.0140000),(0.0034178,0.0346644,0.0140000),(0.0035608,0.0346293,0.0140000),(0.0029066,0.0349456,0.0140000),(0.0035608,0.0346293,0.0140000),(0.0037099,0.0346082,0.0140000),(0.0029066,0.0349456,0.0140000),(0.0037099,0.0346082,0.0140000),(0.0038650,0.0346012,0.0140000),(0.0029066,0.0349456,0.0140000),(0.0038650,0.0346012,0.0140000),(0.0040204,0.0346082,0.0140000),(0.0029066,0.0349456,0.0140000),(0.0040204,0.0346082,0.0140000),(0.0041702,0.0346293,0.0140000),(0.0029066,0.0349456,0.0140000),(0.0041702,0.0346293,0.0140000),(0.0043142,0.0346644,0.0140000),(0.0029066,0.0349456,0.0140000),(0.0043142,0.0346644,0.0140000),(0.0044527,0.0347136,0.0140000),(0.0029066,0.0349456,0.0140000),(0.0044527,0.0347136,0.0140000),(0.0045854,0.0347769,0.0140000),(0.0029066,0.0349456,0.0140000),(0.0045854,0.0347769,0.0140000),(0.0047126,0.0348542,0.0140000),(0.0029066,0.0349456,0.0140000),(0.0047126,0.0348542,0.0140000),(0.0048340,0.0349456,0.0140000),(0.0029066,0.0349456,0.0140000),(0.0048340,0.0349456,0.0140000),(0.0049498,0.0350510,0.0140000),(0.0049498,0.0350510,0.0140000),(0.0050545,0.0351647,0.0140000),(0.0051452,0.0352846,0.0140000),(0.0049498,0.0350510,0.0140000),(0.0051452,0.0352846,0.0140000),(0.0052220,0.0354108,0.0140000),(0.0049498,0.0350510,0.0140000),(0.0052220,0.0354108,0.0140000),(0.0052848,0.0355431,0.0140000),(0.0049498,0.0350510,0.0140000),(0.0052848,0.0355431,0.0140000),(0.0053336,0.0356817,0.0140000),(0.0049498,0.0350510,0.0140000),(0.0053336,0.0356817,0.0140000),(0.0053685,0.0358265,0.0140000),(0.0049498,0.0350510,0.0140000),(0.0053685,0.0358265,0.0140000),(0.0053895,0.0359775,0.0140000),(0.0049498,0.0350510,0.0140000),(0.0053895,0.0359775,0.0140000),(0.0053964,0.0361347,0.0140000),(0.0049498,0.0350510,0.0140000),(0.0053964,0.0361347,0.0140000),(0.0053964,0.0384398,0.0140000),(0.0049498,0.0350510,0.0140000),(0.0053964,0.0384398,0.0140000),(0.0053811,0.0385213,0.0140000),(0.0049498,0.0350510,0.0140000),(0.0053811,0.0385213,0.0140000),(0.0053351,0.0385901,0.0140000),(0.0049498,0.0350510,0.0140000),(0.0053351,0.0385901,0.0140000),(0.0052668,0.0386377,0.0140000),(0.0049498,0.0350510,0.0140000),(0.0052668,0.0386377,0.0140000),(0.0051848,0.0386536,0.0140000),(0.0049498,0.0350510,0.0140000),(0.0051848,0.0386536,0.0140000),(0.0051028,0.0386377,0.0140000),(0.0049498,0.0350510,0.0140000),(0.0051028,0.0386377,0.0140000),(0.0050345,0.0385901,0.0140000),(0.0050345,0.0385901,0.0140000),(0.0049885,0.0385213,0.0140000),(0.0049731,0.0384398,0.0140000),(0.0050345,0.0385901,0.0140000),(0.0049731,0.0384398,0.0140000),(0.0049731,0.0361347,0.0140000),(0.0049498,0.0350510,0.0140000),(0.0050345,0.0385901,0.0140000),(0.0049731,0.0361347,0.0140000),(0.0049498,0.0350510,0.0140000),(0.0049731,0.0361347,0.0140000),(0.0049680,0.0360227,0.0140000),(0.0049498,0.0350510,0.0140000),(0.0049680,0.0360227,0.0140000),(0.0049527,0.0359147,0.0140000),(0.0049498,0.0350510,0.0140000),(0.0049527,0.0359147,0.0140000),(0.0049271,0.0358108,0.0140000),(0.0049498,0.0350510,0.0140000),(0.0049271,0.0358108,0.0140000),(0.0048913,0.0357109,0.0140000),(0.0049498,0.0350510,0.0140000),(0.0048913,0.0357109,0.0140000),(0.0048454,0.0356150,0.0140000),(0.0049498,0.0350510,0.0140000),(0.0048454,0.0356150,0.0140000),(0.0047892,0.0355231,0.0140000),(0.0049498,0.0350510,0.0140000),(0.0047892,0.0355231,0.0140000),(0.0047227,0.0354353,0.0140000),(0.0049498,0.0350510,0.0140000),(0.0047227,0.0354353,0.0140000),(0.0046461,0.0353516,0.0140000),(0.0049498,0.0350510,0.0140000),(0.0046461,0.0353516,0.0140000),(0.0045642,0.0352752,0.0140000),(0.0049498,0.0350510,0.0140000),(0.0045642,0.0352752,0.0140000),(0.0044779,0.0352089,0.0140000),(0.0049498,0.0350510,0.0140000),(0.0044779,0.0352089,0.0140000),(0.0043871,0.0351529,0.0140000),(0.0049498,0.0350510,0.0140000),(0.0043871,0.0351529,0.0140000),(0.0042918,0.0351071,0.0140000),(0.0049498,0.0350510,0.0140000),(0.0042918,0.0351071,0.0140000),(0.0041921,0.0350714,0.0140000),(0.0049498,0.0350510,0.0140000),(0.0041921,0.0350714,0.0140000),(0.0040879,0.0350460,0.0140000),(0.0049498,0.0350510,0.0140000),(0.0040879,0.0350460,0.0140000),(0.0039792,0.0350307,0.0140000),(0.0029066,0.0349456,0.0140000),(0.0049498,0.0350510,0.0140000),(0.0039792,0.0350307,0.0140000),(0.0029066,0.0349456,0.0140000),(0.0039792,0.0350307,0.0140000),(0.0038661,0.0350256,0.0140000),(0.0029066,0.0349456,0.0140000),(0.0038661,0.0350256,0.0140000),(0.0037549,0.0350306,0.0140000),(0.0029066,0.0349456,0.0140000),(0.0037549,0.0350306,0.0140000),(0.0036480,0.0350458,0.0140000),(0.0029066,0.0349456,0.0140000),(0.0036480,0.0350458,0.0140000),(0.0035453,0.0350711,0.0140000),(0.0029066,0.0349456,0.0140000),(0.0035453,0.0350711,0.0140000),(0.0034467,0.0351066,0.0140000),(0.0029066,0.0349456,0.0140000),(0.0034467,0.0351066,0.0140000),(0.0033524,0.0351521,0.0140000),(0.0029066,0.0349456,0.0140000),(0.0033524,0.0351521,0.0140000),(0.0032622,0.0352078,0.0140000),(0.0029066,0.0349456,0.0140000),(0.0032622,0.0352078,0.0140000),(0.0031763,0.0352735,0.0140000),(0.0029066,0.0349456,0.0140000),(0.0031763,0.0352735,0.0140000),(0.0030946,0.0353494,0.0140000),(0.0029066,0.0349456,0.0140000),(0.0030946,0.0353494,0.0140000),(0.0030199,0.0354325,0.0140000),(0.0029066,0.0349456,0.0140000),(0.0030199,0.0354325,0.0140000),(0.0029552,0.0355198,0.0140000),(0.0029066,0.0349456,0.0140000),(0.0029552,0.0355198,0.0140000),(0.0029004,0.0356112,0.0140000),(0.0029066,0.0349456,0.0140000),(0.0029004,0.0356112,0.0140000),(0.0028556,0.0357069,0.0140000),(0.0029066,0.0349456,0.0140000),(0.0028556,0.0357069,0.0140000),(0.0028208,0.0358068,0.0140000),(0.0029066,0.0349456,0.0140000),(0.0028208,0.0358068,0.0140000),(0.0027959,0.0359108,0.0140000),(0.0027810,0.0360191,0.0140000),(0.0029066,0.0349456,0.0140000),(0.0027959,0.0359108,0.0140000),(-0.0054263,0.0382802,0.0140000),(-0.0053732,0.0384398,0.0140000),(-0.0053882,0.0385197,0.0140000),(-0.0054263,0.0382802,0.0140000),(-0.0053882,0.0385197,0.0140000),(-0.0054335,0.0385879,0.0140000),(-0.0054263,0.0382802,0.0140000),(-0.0054335,0.0385879,0.0140000),(-0.0055017,0.0386372,0.0140000),(-0.0054263,0.0382802,0.0140000),(-0.0055017,0.0386372,0.0140000),(-0.0055859,0.0386536,0.0140000),(-0.0054263,0.0382802,0.0140000),(-0.0055859,0.0386536,0.0140000),(-0.0082063,0.0386536,0.0140000),(-0.0054263,0.0382802,0.0140000),(-0.0082063,0.0386536,0.0140000),(-0.0082995,0.0386332,0.0140000),(-0.0054263,0.0382802,0.0140000),(-0.0082995,0.0386332,0.0140000),(-0.0083735,0.0385721,0.0140000),(-0.0054263,0.0382802,0.0140000),(-0.0083735,0.0385721,0.0140000),(-0.0084201,0.0384398,0.0140000),(-0.0054263,0.0382802,0.0140000),(-0.0084201,0.0384398,0.0140000),(-0.0084201,0.0384239,0.0140000),(-0.0054263,0.0382802,0.0140000),(-0.0084201,0.0384239,0.0140000),(-0.0083598,0.0382948,0.0140000),(-0.0054263,0.0382802,0.0140000),(-0.0083598,0.0382948,0.0140000),(-0.0082886,0.0382440,0.0140000),(-0.0054263,0.0382802,0.0140000),(-0.0082886,0.0382440,0.0140000),(-0.0082063,0.0382270,0.0140000),(-0.0054263,0.0382802,0.0140000),(-0.0082063,0.0382270,0.0140000),(-0.0071067,0.0382270,0.0140000),(-0.0071067,0.0382270,0.0140000),(-0.0071067,0.0348129,0.0140000),(-0.0070914,0.0347308,0.0140000),(-0.0071067,0.0382270,0.0140000),(-0.0070914,0.0347308,0.0140000),(-0.0070453,0.0346626,0.0140000),(-0.0071067,0.0382270,0.0140000),(-0.0070453,0.0346626,0.0140000),(-0.0069771,0.0346165,0.0140000),(-0.0071067,0.0382270,0.0140000),(-0.0069771,0.0346165,0.0140000),(-0.0068950,0.0346012,0.0140000),(-0.0071067,0.0382270,0.0140000),(-0.0068950,0.0346012,0.0140000),(-0.0068130,0.0346165,0.0140000),(-0.0071067,0.0382270,0.0140000),(-0.0068130,0.0346165,0.0140000),(-0.0067448,0.0346626,0.0140000),(-0.0071067,0.0382270,0.0140000),(-0.0067448,0.0346626,0.0140000),(-0.0066987,0.0347308,0.0140000),(-0.0071067,0.0382270,0.0140000),(-0.0066987,0.0347308,0.0140000),(-0.0066834,0.0348129,0.0140000),(-0.0071067,0.0382270,0.0140000),(-0.0066834,0.0348129,0.0140000),(-0.0066834,0.0382270,0.0140000),(-0.0054263,0.0382802,0.0140000),(-0.0071067,0.0382270,0.0140000),(-0.0066834,0.0382270,0.0140000),(-0.0054263,0.0382802,0.0140000),(-0.0066834,0.0382270,0.0140000),(-0.0055859,0.0382270,0.0140000),(-0.0054263,0.0382802,0.0140000),(-0.0055859,0.0382270,0.0140000),(-0.0054928,0.0382403,0.0140000)));
#1327=COMPLEX_TRIANGULATED_SURFACE_SET('surface set',#1326,4383,(),(),(),((1,2,3),(4,5,6),(7,8,9),(10,11,12),(13,14,15),(16,17,18),(19,20,21),(22,23,24),(25,26,27),(28,29,30),(31,32,33),(34,35,36),(37,38,39),(40,41,42),(43,44,45),(46,47,48),(49,50,51),(52,53,54),(55,56,57),(58,59,60),(61,62,63),(64,65,66),(67,68,69),(70,71,72),(73,74,75),(76,77,78),(79,80,81),(82,83,84),(85,86,87),(88,89,90),(91,92,93),(94,95,96),(97,98,99),(100,101,102),(103,104,105),(106,107,108),(109,110,111),(112,113,114),(115,116,117),(118,119,120),(121,122,123),(124,125,126),(127,128,129),(130,131,132),(133,134,135),(136,137,138),(139,140,141),(142,143,144),(145,146,147),(148,149,150),(151,152,153),(154,155,156),(157,158,159),(160,161,162),(163,164,165),(166,167,168),(169,170,171),(172,173,174),(175,176,177),(178,179,180),(181,182,183),(184,185,186),(187,188,189),(190,191,192),(193,194,195),(196,197,198),(199,200,201),(202,203,204),(205,206,207),(208,209,210),(211,212,213),(214,215,216),(217,218,219),(220,221,222),(223,224,225),(226,227,228),(229,230,231),(232,233,234),(235,236,237),(238,239,240),(241,242,243),(244,245,246),(247,248,249),(250,251,252),(253,254,255),(256,257,258),(259,260,261),(262,263,264),(265,266,267),(268,269,270),(271,272,273),(274,275,276),(277,278,279),(280,281,282),(283,284,285),(286,287,288),(289,290,291),(292,293,294),(295,296,297),(298,299,300),(301,302,303),(304,305,306),(307,308,309),(310,311,312),(313,314,315),(316,317,318),(319,320,321),(322,323,324),(325,326,327),(328,329,330),(331,332,333),(334,335,336),(337,338,339),(340,341,342),(343,344,345),(346,347,348),(349,350,351),(352,353,354),(355,356,357),(358,359,360),(361,362,363),(364,365,366),(367,368,369),(370,371,372),(373,374,375),(376,377,378),(379,380,381),(382,383,384),(385,386,387),(388,389,390),(391,392,393),(394,395,396),(397,398,399),(400,401,402),(403,404,405),(406,407,408),(409,410,411),(412,413,414),(415,416,417),(418,419,420),(421,422,423),(424,425,426),(427,428,429),(430,431,432),(433,434,435),(436,437,438),(439,440,441),(442,443,444),(445,446,447),(448,449,450),(451,452,453),(454,455,456),(457,458,459),(460,461,462),(463,464,465),(466,467,468),(469,470,471),(472,473,474),(475,476,477),(478,479,480),(481,482,483),(484,485,486),(487,488,489),(490,491,492),(493,494,495),(496,497,498),(499,500,501),(502,503,504),(505,506,507),(508,509,510),(511,512,513),(514,515,516),(517,518,519),(520,521,522),(523,524,525),(526,527,528),(529,530,531),(532,533,534),(535,536,537),(538,539,540),(541,542,543),(544,545,546),(547,548,549),(550,551,552),(553,554,555),(556,557,558),(559,560,561),(562,563,564),(565,566,567),(568,569,570),(571,572,573),(574,575,576),(577,578,579),(580,581,582),(583,584,585),(586,587,588),(589,590,591),(592,593,594),(595,596,597),(598,599,600),(601,602,603),(604,605,606),(607,608,609),(610,611,612),(613,614,615),(616,617,618),(619,620,621),(622,623,624),(625,626,627),(628,629,630),(631,632,633),(634,635,636),(637,638,639),(640,641,642),(643,644,645),(646,647,648),(649,650,651),(652,653,654),(655,656,657),(658,659,660),(661,662,663),(664,665,666),(667,668,669),(670,671,672),(673,674,675),(676,677,678),(679,680,681),(682,683,684),(685,686,687),(688,689,690),(691,692,693),(694,695,696),(697,698,699),(700,701,702),(703,704,705),(706,707,708),(709,710,711),(712,713,714),(715,716,717),(718,719,720),(721,722,723),(724,725,726),(727,728,729),(730,731,732),(733,734,735),(736,737,738),(739,740,741),(742,743,744),(745,746,747),(748,749,750),(751,752,753),(754,755,756),(757,758,759),(760,761,762),(763,764,765),(766,767,768),(769,770,771),(772,773,774),(775,776,777),(778,779,780),(781,782,783),(784,785,786),(787,788,789),(790,791,792),(793,794,795),(796,797,798),(799,800,801),(802,803,804),(805,806,807),(808,809,810),(811,812,813),(814,815,816),(817,818,819),(820,821,822),(823,824,825),(826,827,828),(829,830,831),(832,833,834),(835,836,837),(838,839,840),(841,842,843),(844,845,846),(847,848,849),(850,851,852),(853,854,855),(856,857,858),(859,860,861),(862,863,864),(865,866,867),(868,869,870),(871,872,873),(874,875,876),(877,878,879),(880,881,882),(883,884,885),(886,887,888),(889,890,891),(892,893,894),(895,896,897),(898,899,900),(901,902,903),(904,905,906),(907,908,909),(910,911,912),(913,914,915),(916,917,918),(919,920,921),(922,923,924),(925,926,927),(928,929,930),(931,932,933),(934,935,936),(937,938,939),(940,941,942),(943,944,945),(946,947,948),(949,950,951),(952,953,954),(955,956,957),(958,959,960),(961,962,963),(964,965,966),(967,968,969),(970,971,972),(973,974,975),(976,977,978),(979,980,981),(982,983,984),(985,986,987),(988,989,990),(991,992,993),(994,995,996),(997,998,999),(1000,1001,1002),(1003,1004,1005),(1006,1007,1008),(1009,1010,1011),(1012,1013,1014),(1015,1016,1017),(1018,1019,1020),(1021,1022,1023),(1024,1025,1026),(1027,1028,1029),(1030,1031,1032),(1033,1034,1035),(1036,1037,1038),(1039,1040,1041),(1042,1043,1044),(1045,1046,1047),(1048,1049,1050),(1051,1052,1053),(1054,1055,1056),(1057,1058,1059),(1060,1061,1062),(1063,1064,1065),(1066,1067,1068),(1069,1070,1071),(1072,1073,1074),(1075,1076,1077),(1078,1079,1080),(1081,1082,1083),(1084,1085,1086),(1087,1088,1089),(1090,1091,1092),(1093,1094,1095),(1096,1097,1098),(1099,1100,1101),(1102,1103,1104),(1105,1106,1107),(1108,1109,1110),(1111,1112,1113),(1114,1115,1116),(1117,1118,1119),(1120,1121,1122),(1123,1124,1125),(1126,1127,1128),(1129,1130,1131),(1132,1133,1134),(1135,1136,1137),(1138,1139,1140),(1141,1142,1143),(1144,1145,1146),(1147,1148,1149),(1150,1151,1152),(1153,1154,1155),(1156,1157,1158),(1159,1160,1161),(1162,1163,1164),(1165,1166,1167),(1168,1169,1170),(1171,1172,1173),(1174,1175,1176),(1177,1178,1179),(1180,1181,1182),(1183,1184,1185),(1186,1187,1188),(1189,1190,1191),(1192,1193,1194),(1195,1196,1197),(1198,1199,1200),(1201,1202,1203),(1204,1205,1206),(1207,1208,1209),(1210,1211,1212),(1213,1214,1215),(1216,1217,1218),(1219,1220,1221),(1222,1223,1224),(1225,1226,1227),(1228,1229,1230),(1231,1232,1233),(1234,1235,1236),(1237,1238,1239),(1240,1241,1242),(1243,1244,1245),(1246,1247,1248),(1249,1250,1251),(1252,1253,1254),(1255,1256,1257),(1258,1259,1260),(1261,1262,1263),(1264,1265,1266),(1267,1268,1269),(1270,1271,1272),(1273,1274,1275),(1276,1277,1278),(1279,1280,1281),(1282,1283,1284),(1285,1286,1287),(1288,1289,1290),(1291,1292,1293),(1294,1295,1296),(1297,1298,1299),(1300,1301,1302),(1303,1304,1305),(1306,1307,1308),(1309,1310,1311),(1312,1313,1314),(1315,1316,1317),(1318,1319,1320),(1321,1322,1323),(1324,1325,1326),(1327,1328,1329),(1330,1331,1332),(1333,1334,1335),(1336,1337,1338),(1339,1340,1341),(1342,1343,1344),(1345,1346,1347),(1348,1349,1350),(1351,1352,1353),(1354,1355,1356),(1357,1358,1359),(1360,1361,1362),(1363,1364,1365),(1366,1367,1368),(1369,1370,1371),(1372,1373,1374),(1375,1376,1377),(1378,1379,1380),(1381,1382,1383),(1384,1385,1386),(1387,1388,1389),(1390,1391,1392),(1393,1394,1395),(1396,1397,1398),(1399,1400,1401),(1402,1403,1404),(1405,1406,1407),(1408,1409,1410),(1411,1412,1413),(1414,1415,1416),(1417,1418,1419),(1420,1421,1422),(1423,1424,1425),(1426,1427,1428),(1429,1430,1431),(1432,1433,1434),(1435,1436,1437),(1438,1439,1440),(1441,1442,1443),(1444,1445,1446),(1447,1448,1449),(1450,1451,1452),(1453,1454,1455),(1456,1457,1458),(1459,1460,1461),(1462,1463,1464),(1465,1466,1467),(1468,1469,1470),(1471,1472,1473),(1474,1475,1476),(1477,1478,1479),(1480,1481,1482),(1483,1484,1485),(1486,1487,1488),(1489,1490,1491),(1492,1493,1494),(1495,1496,1497),(1498,1499,1500),(1501,1502,1503),(1504,1505,1506),(1507,1508,1509),(1510,1511,1512),(1513,1514,1515),(1516,1517,1518),(1519,1520,1521),(1522,1523,1524),(1525,1526,1527),(1528,1529,1530),(1531,1532,1533),(1534,1535,1536),(1537,1538,1539),(1540,1541,1542),(1543,1544,1545),(1546,1547,1548),(1549,1550,1551),(1552,1553,1554),(1555,1556,1557),(1558,1559,1560),(1561,1562,1563),(1564,1565,1566),(1567,1568,1569),(1570,1571,1572),(1573,1574,1575),(1576,1577,1578),(1579,1580,1581),(1582,1583,1584),(1585,1586,1587),(1588,1589,1590),(1591,1592,1593),(1594,1595,1596),(1597,1598,1599),(1600,1601,1602),(1603,1604,1605),(1606,1607,1608),(1609,1610,1611),(1612,1613,1614),(1615,1616,1617),(1618,1619,1620),(1621,1622,1623),(1624,1625,1626),(1627,1628,1629),(1630,1631,1632),(1633,1634,1635),(1636,1637,1638),(1639,1640,1641),(1642,1643,1644),(1645,1646,1647),(1648,1649,1650),(1651,1652,1653),(1654,1655,1656),(1657,1658,1659),(1660,1661,1662),(1663,1664,1665),(1666,1667,1668),(1669,1670,1671),(1672,1673,1674),(1675,1676,1677),(1678,1679,1680),(1681,1682,1683),(1684,1685,1686),(1687,1688,1689),(1690,1691,1692),(1693,1694,1695),(1696,1697,1698),(1699,1700,1701),(1702,1703,1704),(1705,1706,1707),(1708,1709,1710),(1711,1712,1713),(1714,1715,1716),(1717,1718,1719),(1720,1721,1722),(1723,1724,1725),(1726,1727,1728),(1729,1730,1731),(1732,1733,1734),(1735,1736,1737),(1738,1739,1740),(1741,1742,1743),(1744,1745,1746),(1747,1748,1749),(1750,1751,1752),(1753,1754,1755),(1756,1757,1758),(1759,1760,1761),(1762,1763,1764),(1765,1766,1767),(1768,1769,1770),(1771,1772,1773),(1774,1775,1776),(1777,1778,1779),(1780,1781,1782),(1783,1784,1785),(1786,1787,1788),(1789,1790,1791),(1792,1793,1794),(1795,1796,1797),(1798,1799,1800),(1801,1802,1803),(1804,1805,1806),(1807,1808,1809),(1810,1811,1812),(1813,1814,1815),(1816,1817,1818),(1819,1820,1821),(1822,1823,1824),(1825,1826,1827),(1828,1829,1830),(1831,1832,1833),(1834,1835,1836),(1837,1838,1839),(1840,1841,1842),(1843,1844,1845),(1846,1847,1848),(1849,1850,1851),(1852,1853,1854),(1855,1856,1857),(1858,1859,1860),(1861,1862,1863),(1864,1865,1866),(1867,1868,1869),(1870,1871,1872),(1873,1874,1875),(1876,1877,1878),(1879,1880,1881),(1882,1883,1884),(1885,1886,1887),(1888,1889,1890),(1891,1892,1893),(1894,1895,1896),(1897,1898,1899),(1900,1901,1902),(1903,1904,1905),(1906,1907,1908),(1909,1910,1911),(1912,1913,1914),(1915,1916,1917),(1918,1919,1920),(1921,1922,1923),(1924,1925,1926),(1927,1928,1929),(1930,1931,1932),(1933,1934,1935),(1936,1937,1938),(1939,1940,1941),(1942,1943,1944),(1945,1946,1947),(1948,1949,1950),(1951,1952,1953),(1954,1955,1956),(1957,1958,1959),(1960,1961,1962),(1963,1964,1965),(1966,1967,1968),(1969,1970,1971),(1972,1973,1974),(1975,1976,1977),(1978,1979,1980),(1981,1982,1983),(1984,1985,1986),(1987,1988,1989),(1990,1991,1992),(1993,1994,1995),(1996,1997,1998),(1999,2000,2001),(2002,2003,2004),(2005,2006,2007),(2008,2009,2010),(2011,2012,2013),(2014,2015,2016),(2017,2018,2019),(2020,2021,2022),(2023,2024,2025),(2026,2027,2028),(2029,2030,2031),(2032,2033,2034),(2035,2036,2037),(2038,2039,2040),(2041,2042,2043),(2044,2045,2046),(2047,2048,2049),(2050,2051,2052),(2053,2054,2055),(2056,2057,2058),(2059,2060,2061),(2062,2063,2064),(2065,2066,2067),(2068,2069,2070),(2071,2072,2073),(2074,2075,2076),(2077,2078,2079),(2080,2081,2082),(2083,2084,2085),(2086,2087,2088),(2089,2090,2091),(2092,2093,2094),(2095,2096,2097),(2098,2099,2100),(2101,2102,2103),(2104,2105,2106),(2107,2108,2109),(2110,2111,2112),(2113,2114,2115),(2116,2117,2118),(2119,2120,2121),(2122,2123,2124),(2125,2126,2127),(2128,2129,2130),(2131,2132,2133),(2134,2135,2136),(2137,2138,2139),(2140,2141,2142),(2143,2144,2145),(2146,2147,2148),(2149,2150,2151),(2152,2153,2154),(2155,2156,2157),(2158,2159,2160),(2161,2162,2163),(2164,2165,2166),(2167,2168,2169),(2170,2171,2172),(2173,2174,2175),(2176,2177,2178),(2179,2180,2181),(2182,2183,2184),(2185,2186,2187),(2188,2189,2190),(2191,2192,2193),(2194,2195,2196),(2197,2198,2199),(2200,2201,2202),(2203,2204,2205),(2206,2207,2208),(2209,2210,2211),(2212,2213,2214),(2215,2216,2217),(2218,2219,2220),(2221,2222,2223),(2224,2225,2226),(2227,2228,2229),(2230,2231,2232),(2233,2234,2235),(2236,2237,2238),(2239,2240,2241),(2242,2243,2244),(2245,2246,2247),(2248,2249,2250),(2251,2252,2253),(2254,2255,2256),(2257,2258,2259),(2260,2261,2262),(2263,2264,2265),(2266,2267,2268),(2269,2270,2271),(2272,2273,2274),(2275,2276,2277),(2278,2279,2280),(2281,2282,2283),(2284,2285,2286),(2287,2288,2289),(2290,2291,2292),(2293,2294,2295),(2296,2297,2298),(2299,2300,2301),(2302,2303,2304),(2305,2306,2307),(2308,2309,2310),(2311,2312,2313),(2314,2315,2316),(2317,2318,2319),(2320,2321,2322),(2323,2324,2325),(2326,2327,2328),(2329,2330,2331),(2332,2333,2334),(2335,2336,2337),(2338,2339,2340),(2341,2342,2343),(2344,2345,2346),(2347,2348,2349),(2350,2351,2352),(2353,2354,2355),(2356,2357,2358),(2359,2360,2361),(2362,2363,2364),(2365,2366,2367),(2368,2369,2370),(2371,2372,2373),(2374,2375,2376),(2377,2378,2379),(2380,2381,2382),(2383,2384,2385),(2386,2387,2388),(2389,2390,2391),(2392,2393,2394),(2395,2396,2397),(2398,2399,2400),(2401,2402,2403),(2404,2405,2406),(2407,2408,2409),(2410,2411,2412),(2413,2414,2415),(2416,2417,2418),(2419,2420,2421),(2422,2423,2424),(2425,2426,2427),(2428,2429,2430),(2431,2432,2433),(2434,2435,2436),(2437,2438,2439),(2440,2441,2442),(2443,2444,2445),(2446,2447,2448),(2449,2450,2451),(2452,2453,2454),(2455,2456,2457),(2458,2459,2460),(2461,2462,2463),(2464,2465,2466),(2467,2468,2469),(2470,2471,2472),(2473,2474,2475),(2476,2477,2478),(2479,2480,2481),(2482,2483,2484),(2485,2486,2487),(2488,2489,2490),(2491,2492,2493),(2494,2495,2496),(2497,2498,2499),(2500,2501,2502),(2503,2504,2505),(2506,2507,2508),(2509,2510,2511),(2512,2513,2514),(2515,2516,2517),(2518,2519,2520),(2521,2522,2523),(2524,2525,2526),(2527,2528,2529),(2530,2531,2532),(2533,2534,2535),(2536,2537,2538),(2539,2540,2541),(2542,2543,2544),(2545,2546,2547),(2548,2549,2550),(2551,2552,2553),(2554,2555,2556),(2557,2558,2559),(2560,2561,2562),(2563,2564,2565),(2566,2567,2568),(2569,2570,2571),(2572,2573,2574),(2575,2576,2577),(2578,2579,2580),(2581,2582,2583),(2584,2585,2586),(2587,2588,2589),(2590,2591,2592),(2593,2594,2595),(2596,2597,2598),(2599,2600,2601),(2602,2603,2604),(2605,2606,2607),(2608,2609,2610),(2611,2612,2613),(2614,2615,2616),(2617,2618,2619),(2620,2621,2622),(2623,2624,2625),(2626,2627,2628),(2629,2630,2631),(2632,2633,2634),(2635,2636,2637),(2638,2639,2640),(2641,2642,2643),(2644,2645,2646),(2647,2648,2649),(2650,2651,2652),(2653,2654,2655),(2656,2657,2658),(2659,2660,2661),(2662,2663,2664),(2665,2666,2667),(2668,2669,2670),(2671,2672,2673),(2674,2675,2676),(2677,2678,2679),(2680,2681,2682),(2683,2684,2685),(2686,2687,2688),(2689,2690,2691),(2692,2693,2694),(2695,2696,2697),(2698,2699,2700),(2701,2702,2703),(2704,2705,2706),(2707,2708,2709),(2710,2711,2712),(2713,2714,2715),(2716,2717,2718),(2719,2720,2721),(2722,2723,2724),(2725,2726,2727),(2728,2729,2730),(2731,2732,2733),(2734,2735,2736),(2737,2738,2739),(2740,2741,2742),(2743,2744,2745),(2746,2747,2748),(2749,2750,2751),(2752,2753,2754),(2755,2756,2757),(2758,2759,2760),(2761,2762,2763),(2764,2765,2766),(2767,2768,2769),(2770,2771,2772),(2773,2774,2775),(2776,2777,2778),(2779,2780,2781),(2782,2783,2784),(2785,2786,2787),(2788,2789,2790),(2791,2792,2793),(2794,2795,2796),(2797,2798,2799),(2800,2801,2802),(2803,2804,2805),(2806,2807,2808),(2809,2810,2811),(2812,2813,2814),(2815,2816,2817),(2818,2819,2820),(2821,2822,2823),(2824,2825,2826),(2827,2828,2829),(2830,2831,2832),(2833,2834,2835),(2836,2837,2838),(2839,2840,2841),(2842,2843,2844),(2845,2846,2847),(2848,2849,2850),(2851,2852,2853),(2854,2855,2856),(2857,2858,2859),(2860,2861,2862),(2863,2864,2865),(2866,2867,2868),(2869,2870,2871),(2872,2873,2874),(2875,2876,2877),(2878,2879,2880),(2881,2882,2883),(2884,2885,2886),(2887,2888,2889),(2890,2891,2892),(2893,2894,2895),(2896,2897,2898),(2899,2900,2901),(2902,2903,2904),(2905,2906,2907),(2908,2909,2910),(2911,2912,2913),(2914,2915,2916),(2917,2918,2919),(2920,2921,2922),(2923,2924,2925),(2926,2927,2928),(2929,2930,2931),(2932,2933,2934),(2935,2936,2937),(2938,2939,2940),(2941,2942,2943),(2944,2945,2946),(2947,2948,2949),(2950,2951,2952),(2953,2954,2955),(2956,2957,2958),(2959,2960,2961),(2962,2963,2964),(2965,2966,2967),(2968,2969,2970),(2971,2972,2973),(2974,2975,2976),(2977,2978,2979),(2980,2981,2982),(2983,2984,2985),(2986,2987,2988),(2989,2990,2991),(2992,2993,2994),(2995,2996,2997),(2998,2999,3000),(3001,3002,3003),(3004,3005,3006),(3007,3008,3009),(3010,3011,3012),(3013,3014,3015),(3016,3017,3018),(3019,3020,3021),(3022,3023,3024),(3025,3026,3027),(3028,3029,3030),(3031,3032,3033),(3034,3035,3036),(3037,3038,3039),(3040,3041,3042),(3043,3044,3045),(3046,3047,3048),(3049,3050,3051),(3052,3053,3054),(3055,3056,3057),(3058,3059,3060),(3061,3062,3063),(3064,3065,3066),(3067,3068,3069),(3070,3071,3072),(3073,3074,3075),(3076,3077,3078),(3079,3080,3081),(3082,3083,3084),(3085,3086,3087),(3088,3089,3090),(3091,3092,3093),(3094,3095,3096),(3097,3098,3099),(3100,3101,3102),(3103,3104,3105),(3106,3107,3108),(3109,3110,3111),(3112,3113,3114),(3115,3116,3117),(3118,3119,3120),(3121,3122,3123),(3124,3125,3126),(3127,3128,3129),(3130,3131,3132),(3133,3134,3135),(3136,3137,3138),(3139,3140,3141),(3142,3143,3144),(3145,3146,3147),(3148,3149,3150),(3151,3152,3153),(3154,3155,3156),(3157,3158,3159),(3160,3161,3162),(3163,3164,3165),(3166,3167,3168),(3169,3170,3171),(3172,3173,3174),(3175,3176,3177),(3178,3179,3180),(3181,3182,3183),(3184,3185,3186),(3187,3188,3189),(3190,3191,3192),(3193,3194,3195),(3196,3197,3198),(3199,3200,3201),(3202,3203,3204),(3205,3206,3207),(3208,3209,3210),(3211,3212,3213),(3214,3215,3216),(3217,3218,3219),(3220,3221,3222),(3223,3224,3225),(3226,3227,3228),(3229,3230,3231),(3232,3233,3234),(3235,3236,3237),(3238,3239,3240),(3241,3242,3243),(3244,3245,3246),(3247,3248,3249),(3250,3251,3252),(3253,3254,3255),(3256,3257,3258),(3259,3260,3261),(3262,3263,3264),(3265,3266,3267),(3268,3269,3270),(3271,3272,3273),(3274,3275,3276),(3277,3278,3279),(3280,3281,3282),(3283,3284,3285),(3286,3287,3288),(3289,3290,3291),(3292,3293,3294),(3295,3296,3297),(3298,3299,3300),(3301,3302,3303),(3304,3305,3306),(3307,3308,3309),(3310,3311,3312),(3313,3314,3315),(3316,3317,3318),(3319,3320,3321),(3322,3323,3324),(3325,3326,3327),(3328,3329,3330),(3331,3332,3333),(3334,3335,3336),(3337,3338,3339),(3340,3341,3342),(3343,3344,3345),(3346,3347,3348),(3349,3350,3351),(3352,3353,3354),(3355,3356,3357),(3358,3359,3360),(3361,3362,3363),(3364,3365,3366),(3367,3368,3369),(3370,3371,3372),(3373,3374,3375),(3376,3377,3378),(3379,3380,3381),(3382,3383,3384),(3385,3386,3387),(3388,3389,3390),(3391,3392,3393),(3394,3395,3396),(3397,3398,3399),(3400,3401,3402),(3403,3404,3405),(3406,3407,3408),(3409,3410,3411),(3412,3413,3414),(3415,3416,3417),(3418,3419,3420),(3421,3422,3423),(3424,3425,3426),(3427,3428,3429),(3430,3431,3432),(3433,3434,3435),(3436,3437,3438),(3439,3440,3441),(3442,3443,3444),(3445,3446,3447),(3448,3449,3450),(3451,3452,3453),(3454,3455,3456),(3457,3458,3459),(3460,3461,3462),(3463,3464,3465),(3466,3467,3468),(3469,3470,3471),(3472,3473,3474),(3475,3476,3477),(3478,3479,3480),(3481,3482,3483),(3484,3485,3486),(3487,3488,3489),(3490,3491,3492),(3493,3494,3495),(3496,3497,3498),(3499,3500,3501),(3502,3503,3504),(3505,3506,3507),(3508,3509,3510),(3511,3512,3513),(3514,3515,3516),(3517,3518,3519),(3520,3521,3522),(3523,3524,3525),(3526,3527,3528),(3529,3530,3531),(3532,3533,3534),(3535,3536,3537),(3538,3539,3540),(3541,3542,3543),(3544,3545,3546),(3547,3548,3549),(3550,3551,3552),(3553,3554,3555),(3556,3557,3558),(3559,3560,3561),(3562,3563,3564),(3565,3566,3567),(3568,3569,3570),(3571,3572,3573),(3574,3575,3576),(3577,3578,3579),(3580,3581,3582),(3583,3584,3585),(3586,3587,3588),(3589,3590,3591),(3592,3593,3594),(3595,3596,3597),(3598,3599,3600),(3601,3602,3603),(3604,3605,3606),(3607,3608,3609),(3610,3611,3612),(3613,3614,3615),(3616,3617,3618),(3619,3620,3621),(3622,3623,3624),(3625,3626,3627),(3628,3629,3630),(3631,3632,3633),(3634,3635,3636),(3637,3638,3639),(3640,3641,3642),(3643,3644,3645),(3646,3647,3648),(3649,3650,3651),(3652,3653,3654),(3655,3656,3657),(3658,3659,3660),(3661,3662,3663),(3664,3665,3666),(3667,3668,3669),(3670,3671,3672),(3673,3674,3675),(3676,3677,3678),(3679,3680,3681),(3682,3683,3684),(3685,3686,3687),(3688,3689,3690),(3691,3692,3693),(3694,3695,3696),(3697,3698,3699),(3700,3701,3702),(3703,3704,3705),(3706,3707,3708),(3709,3710,3711),(3712,3713,3714),(3715,3716,3717),(3718,3719,3720),(3721,3722,3723),(3724,3725,3726),(3727,3728,3729),(3730,3731,3732),(3733,3734,3735),(3736,3737,3738),(3739,3740,3741),(3742,3743,3744),(3745,3746,3747),(3748,3749,3750),(3751,3752,3753),(3754,3755,3756),(3757,3758,3759),(3760,3761,3762),(3763,3764,3765),(3766,3767,3768),(3769,3770,3771),(3772,3773,3774),(3775,3776,3777),(3778,3779,3780),(3781,3782,3783),(3784,3785,3786),(3787,3788,3789),(3790,3791,3792),(3793,3794,3795),(3796,3797,3798),(3799,3800,3801),(3802,3803,3804),(3805,3806,3807),(3808,3809,3810),(3811,3812,3813),(3814,3815,3816),(3817,3818,3819),(3820,3821,3822),(3823,3824,3825),(3826,3827,3828),(3829,3830,3831),(3832,3833,3834),(3835,3836,3837),(3838,3839,3840),(3841,3842,3843),(3844,3845,3846),(3847,3848,3849),(3850,3851,3852),(3853,3854,3855),(3856,3857,3858),(3859,3860,3861),(3862,3863,3864),(3865,3866,3867),(3868,3869,3870),(3871,3872,3873),(3874,3875,3876),(3877,3878,3879),(3880,3881,3882),(3883,3884,3885),(3886,3887,3888),(3889,3890,3891),(3892,3893,3894),(3895,3896,3897),(3898,3899,3900),(3901,3902,3903),(3904,3905,3906),(3907,3908,3909),(3910,3911,3912),(3913,3914,3915),(3916,3917,3918),(3919,3920,3921),(3922,3923,3924),(3925,3926,3927),(3928,3929,3930),(3931,3932,3933),(3934,3935,3936),(3937,3938,3939),(3940,3941,3942),(3943,3944,3945),(3946,3947,3948),(3949,3950,3951),(3952,3953,3954),(3955,3956,3957),(3958,3959,3960),(3961,3962,3963),(3964,3965,3966),(3967,3968,3969),(3970,3971,3972),(3973,3974,3975),(3976,3977,3978),(3979,3980,3981),(3982,3983,3984),(3985,3986,3987),(3988,3989,3990),(3991,3992,3993),(3994,3995,3996),(3997,3998,3999),(4000,4001,4002),(4003,4004,4005),(4006,4007,4008),(4009,4010,4011),(4012,4013,4014),(4015,4016,4017),(4018,4019,4020),(4021,4022,4023),(4024,4025,4026),(4027,4028,4029),(4030,4031,4032),(4033,4034,4035),(4036,4037,4038),(4039,4040,4041),(4042,4043,4044),(4045,4046,4047),(4048,4049,4050),(4051,4052,4053),(4054,4055,4056),(4057,4058,4059),(4060,4061,4062),(4063,4064,4065),(4066,4067,4068),(4069,4070,4071),(4072,4073,4074),(4075,4076,4077),(4078,4079,4080),(4081,4082,4083),(4084,4085,4086),(4087,4088,4089),(4090,4091,4092),(4093,4094,4095),(4096,4097,4098),(4099,4100,4101),(4102,4103,4104),(4105,4106,4107),(4108,4109,4110),(4111,4112,4113),(4114,4115,4116),(4117,4118,4119),(4120,4121,4122),(4123,4124,4125),(4126,4127,4128),(4129,4130,4131),(4132,4133,4134),(4135,4136,4137),(4138,4139,4140),(4141,4142,4143),(4144,4145,4146),(4147,4148,4149),(4150,4151,4152),(4153,4154,4155),(4156,4157,4158),(4159,4160,4161),(4162,4163,4164),(4165,4166,4167),(4168,4169,4170),(4171,4172,4173),(4174,4175,4176),(4177,4178,4179),(4180,4181,4182),(4183,4184,4185),(4186,4187,4188),(4189,4190,4191),(4192,4193,4194),(4195,4196,4197),(4198,4199,4200),(4201,4202,4203),(4204,4205,4206),(4207,4208,4209),(4210,4211,4212),(4213,4214,4215),(4216,4217,4218),(4219,4220,4221),(4222,4223,4224),(4225,4226,4227),(4228,4229,4230),(4231,4232,4233),(4234,4235,4236),(4237,4238,4239),(4240,4241,4242),(4243,4244,4245),(4246,4247,4248),(4249,4250,4251),(4252,4253,4254),(4255,4256,4257),(4258,4259,4260),(4261,4262,4263),(4264,4265,4266),(4267,4268,4269),(4270,4271,4272),(4273,4274,4275),(4276,4277,4278),(4279,4280,4281),(4282,4283,4284),(4285,4286,4287),(4288,4289,4290),(4291,4292,4293),(4294,4295,4296),(4297,4298,4299),(4300,4301,4302),(4303,4304,4305),(4306,4307,4308),(4309,4310,4311),(4312,4313,4314),(4315,4316,4317),(4318,4319,4320),(4321,4322,4323),(4324,4325,4326),(4327,4328,4329),(4330,4331,4332),(4333,4334,4335),(4336,4337,4338),(4339,4340,4341),(4342,4343,4344),(4345,4346,4347),(4348,4349,4350),(4351,4352,4353),(4354,4355,4356),(4357,4358,4359),(4360,4361,4362),(4363,4364,4365),(4366,4367,4368),(4369,4370,4371),(4372,4373,4374),(4375,4376,4377),(4378,4379,4380),(4381,4382,4383)));
#1328=TESSELLATED_GEOMETRIC_SET('hole callout',(#1327));
#1329=COORDINATES_LIST('coordinates',5,((-0.0235161,0.0270339,0.0140000),(0.0083595,0.0270339,0.0140000),(-0.0322661,0.0232839,0.0140000),(-0.0285161,0.0270339,0.0140000),(-0.0235161,0.0270339,0.0140000)));
#1330=TESSELLATED_CURVE_SET('curve set',#1329,((1,2),(3,4,5)));
#1331=TESSELLATED_GEOMETRIC_SET('hole callout',(#1330));
#1332=TESSELLATED_ANNOTATION_OCCURRENCE('hole callout',(#1325),#1328);
#1333=TESSELLATED_ANNOTATION_OCCURRENCE('hole callout',(#1325),#1331);
#1334=DRAUGHTING_CALLOUT('hole callout',(#1332,#1333));
#1335=DRAUGHTING_MODEL_ITEM_ASSOCIATION('','',#1293,#1321,#1334);
#1336=DRAUGHTING_MODEL_ITEM_ASSOCIATION('','',#1280,#1321,#1334);
ENDSEC;
END-ISO-10303-21;
